filename,path,label,class_dir,group,site,session,fold,role
B_001_001_20230819135434_001_001_000_002.jpg,./data/you_chalk_brood/abnormal/B_001_001_20230819135434_001_001_000_002.jpg,1,abnormal,B_001_001,B_001,B_001_001_20230819,0,val
B_001_001_20230819220209_001_004_000_002.jpg,./data/you_chalk_brood/abnormal/B_001_001_20230819220209_001_004_000_002.jpg,1,abnormal,B_001_001,B_001,B_001_001_20230819,0,test
B_001_001_20230819222305_001_003_000_002.jpg,./data/you_chalk_brood/abnormal/B_001_001_20230819222305_001_003_000_002.jpg,1,abnormal,B_001_001,B_001,B_001_001_20230819,0,train
B_001_001_20230820105422_001_001_000_002.jpg,./data/you_chalk_brood/abnormal/B_001_001_20230820105422_001_001_000_002.jpg,1,abnormal,B_001_001,B_001,B_001_001_20230820,0,test
B_001_001_20230820210525_001_004_000_002.jpg,./data/you_chalk_brood/abnormal/B_001_001_20230820210525_001_004_000_002.jpg,1,abnormal,B_001_001,B_001,B_001_001_20230820,0,test
B_001_001_20230820223303_001_002_000_002.jpg,./data/you_chalk_brood/abnormal/B_001_001_20230820223303_001_002_000_002.jpg,1,abnormal,B_001_001,B_001,B_001_001_20230820,0,train
B_001_001_20230820224144_001_003_000_002.jpg,./data/you_chalk_brood/abnormal/B_001_001_20230820224144_001_003_000_002.jpg,1,abnormal,B_001_001,B_001,B_001_001_20230820,0,train
B_001_001_20230821184448_001_002_000_002.jpg,./data/you_chalk_brood/abnormal/B_001_001_20230821184448_001_002_000_002.jpg,1,abnormal,B_001_001,B_001,B_001_001_20230821,0,test
B_001_001_20230821190939_001_002_000_002.jpg,./data/you_chalk_brood/abnormal/B_001_001_20230821190939_001_002_000_002.jpg,1,abnormal,B_001_001,B_001,B_001_001_20230821,0,test
B_001_001_20230821194936_001_002_000_002.jpg,./data/you_chalk_brood/abnormal/B_001_001_20230821194936_001_002_000_002.jpg,1,abnormal,B_001_001,B_001,B_001_001_20230821,0,val
B_001_001_20230822191706_001_004_000_002.jpg,./data/you_chalk_brood/abnormal/B_001_001_20230822191706_001_004_000_002.jpg,1,abnormal,B_001_001,B_001,B_001_001_20230822,0,test
B_001_001_20230822201430_001_003_000_002.jpg,./data/you_chalk_brood/abnormal/B_001_001_20230822201430_001_003_000_002.jpg,1,abnormal,B_001_001,B_001,B_001_001_20230822,0,train
B_001_001_20230822210437_001_003_000_002.jpg,./data/you_chalk_brood/abnormal/B_001_001_20230822210437_001_003_000_002.jpg,1,abnormal,B_001_001,B_001,B_001_001_20230822,0,train
B_001_001_20230830163519_001_004_000_002.jpg,./data/you_chalk_brood/abnormal/B_001_001_20230830163519_001_004_000_002.jpg,1,abnormal,B_001_001,B_001,B_001_001_20230830,0,test
B_001_002_20230819190801_001_001_000_002.jpg,./data/you_chalk_brood/abnormal/B_001_002_20230819190801_001_001_000_002.jpg,1,abnormal,B_001_002,B_001,B_001_002_20230819,0,train
B_001_002_20230819193114_001_002_000_002.jpg,./data/you_chalk_brood/abnormal/B_001_002_20230819193114_001_002_000_002.jpg,1,abnormal,B_001_002,B_001,B_001_002_20230819,0,train
B_001_002_20230819194252_001_004_000_002.jpg,./data/you_chalk_brood/abnormal/B_001_002_20230819194252_001_004_000_002.jpg,1,abnormal,B_001_002,B_001,B_001_002_20230819,0,train
B_001_002_20230819203632_001_004_000_002.jpg,./data/you_chalk_brood/abnormal/B_001_002_20230819203632_001_004_000_002.jpg,1,abnormal,B_001_002,B_001,B_001_002_20230819,0,test
B_001_002_20230819210113_001_002_000_002.jpg,./data/you_chalk_brood/abnormal/B_001_002_20230819210113_001_002_000_002.jpg,1,abnormal,B_001_002,B_001,B_001_002_20230819,0,train
B_001_002_20230820180415_001_001_000_002.jpg,./data/you_chalk_brood/abnormal/B_001_002_20230820180415_001_001_000_002.jpg,1,abnormal,B_001_002,B_001,B_001_002_20230820,0,train
B_001_002_20230820180415_001_004_000_002.jpg,./data/you_chalk_brood/abnormal/B_001_002_20230820180415_001_004_000_002.jpg,1,abnormal,B_001_002,B_001,B_001_002_20230820,0,val
B_001_002_20230820181932_001_002_000_002.jpg,./data/you_chalk_brood/abnormal/B_001_002_20230820181932_001_002_000_002.jpg,1,abnormal,B_001_002,B_001,B_001_002_20230820,0,train
B_001_002_20230820185339_001_002_000_002.jpg,./data/you_chalk_brood/abnormal/B_001_002_20230820185339_001_002_000_002.jpg,1,abnormal,B_001_002,B_001,B_001_002_20230820,0,train
B_001_002_20230820193759_001_002_000_002.jpg,./data/you_chalk_brood/abnormal/B_001_002_20230820193759_001_002_000_002.jpg,1,abnormal,B_001_002,B_001,B_001_002_20230820,0,train
B_001_002_20230820194437_001_001_000_002.jpg,./data/you_chalk_brood/abnormal/B_001_002_20230820194437_001_001_000_002.jpg,1,abnormal,B_001_002,B_001,B_001_002_20230820,0,test
B_001_002_20230820204728_001_004_000_002.jpg,./data/you_chalk_brood/abnormal/B_001_002_20230820204728_001_004_000_002.jpg,1,abnormal,B_001_002,B_001,B_001_002_20230820,0,train
B_001_002_20230820212210_001_002_000_002.jpg,./data/you_chalk_brood/abnormal/B_001_002_20230820212210_001_002_000_002.jpg,1,abnormal,B_001_002,B_001,B_001_002_20230820,0,train
B_001_002_20230820212926_001_001_000_002.jpg,./data/you_chalk_brood/abnormal/B_001_002_20230820212926_001_001_000_002.jpg,1,abnormal,B_001_002,B_001,B_001_002_20230820,0,train
B_001_002_20230820225111_001_002_000_002.jpg,./data/you_chalk_brood/abnormal/B_001_002_20230820225111_001_002_000_002.jpg,1,abnormal,B_001_002,B_001,B_001_002_20230820,0,test
B_001_002_20230821181638_001_004_000_002.jpg,./data/you_chalk_brood/abnormal/B_001_002_20230821181638_001_004_000_002.jpg,1,abnormal,B_001_002,B_001,B_001_002_20230821,0,val
B_001_002_20230821202452_001_002_000_002.jpg,./data/you_chalk_brood/abnormal/B_001_002_20230821202452_001_002_000_002.jpg,1,abnormal,B_001_002,B_001,B_001_002_20230821,0,train
B_001_002_20230821210430_001_001_000_002.jpg,./data/you_chalk_brood/abnormal/B_001_002_20230821210430_001_001_000_002.jpg,1,abnormal,B_001_002,B_001,B_001_002_20230821,0,train
B_001_002_20230821212535_001_004_000_002.jpg,./data/you_chalk_brood/abnormal/B_001_002_20230821212535_001_004_000_002.jpg,1,abnormal,B_001_002,B_001,B_001_002_20230821,0,train
B_001_002_20230821212747_001_003_000_002.jpg,./data/you_chalk_brood/abnormal/B_001_002_20230821212747_001_003_000_002.jpg,1,abnormal,B_001_002,B_001,B_001_002_20230821,0,train
B_001_002_20230821215934_001_002_000_002.jpg,./data/you_chalk_brood/abnormal/B_001_002_20230821215934_001_002_000_002.jpg,1,abnormal,B_001_002,B_001,B_001_002_20230821,0,test
B_001_002_20230821221916_001_001_000_002.jpg,./data/you_chalk_brood/abnormal/B_001_002_20230821221916_001_001_000_002.jpg,1,abnormal,B_001_002,B_001,B_001_002_20230821,0,train
B_001_002_20230821223720_001_001_000_002.jpg,./data/you_chalk_brood/abnormal/B_001_002_20230821223720_001_001_000_002.jpg,1,abnormal,B_001_002,B_001,B_001_002_20230821,0,val
B_001_002_20230821225652_001_003_000_002.jpg,./data/you_chalk_brood/abnormal/B_001_002_20230821225652_001_003_000_002.jpg,1,abnormal,B_001_002,B_001,B_001_002_20230821,0,test
B_001_002_20230822183710_001_003_000_002.jpg,./data/you_chalk_brood/abnormal/B_001_002_20230822183710_001_003_000_002.jpg,1,abnormal,B_001_002,B_001,B_001_002_20230822,0,train
B_001_002_20230822190022_001_001_000_002.jpg,./data/you_chalk_brood/abnormal/B_001_002_20230822190022_001_001_000_002.jpg,1,abnormal,B_001_002,B_001,B_001_002_20230822,0,test
B_001_002_20230822191026_001_001_000_002.jpg,./data/you_chalk_brood/abnormal/B_001_002_20230822191026_001_001_000_002.jpg,1,abnormal,B_001_002,B_001,B_001_002_20230822,0,train
B_001_002_20230822195031_001_002_000_002.jpg,./data/you_chalk_brood/abnormal/B_001_002_20230822195031_001_002_000_002.jpg,1,abnormal,B_001_002,B_001,B_001_002_20230822,0,test
B_001_002_20230822203450_001_001_000_002.jpg,./data/you_chalk_brood/abnormal/B_001_002_20230822203450_001_001_000_002.jpg,1,abnormal,B_001_002,B_001,B_001_002_20230822,0,val
B_001_002_20230824191156_001_003_000_002.jpg,./data/you_chalk_brood/abnormal/B_001_002_20230824191156_001_003_000_002.jpg,1,abnormal,B_001_002,B_001,B_001_002_20230824,0,train
B_001_002_20230824195644_001_001_000_002.jpg,./data/you_chalk_brood/abnormal/B_001_002_20230824195644_001_001_000_002.jpg,1,abnormal,B_001_002,B_001,B_001_002_20230824,0,test
B_001_002_20230824215538_001_001_000_002.jpg,./data/you_chalk_brood/abnormal/B_001_002_20230824215538_001_001_000_002.jpg,1,abnormal,B_001_002,B_001,B_001_002_20230824,0,test
B_001_002_20230824225802_001_003_000_002.jpg,./data/you_chalk_brood/abnormal/B_001_002_20230824225802_001_003_000_002.jpg,1,abnormal,B_001_002,B_001,B_001_002_20230824,0,test
B_001_002_20230825131128_001_004_000_002.jpg,./data/you_chalk_brood/abnormal/B_001_002_20230825131128_001_004_000_002.jpg,1,abnormal,B_001_002,B_001,B_001_002_20230825,0,test
B_001_002_20230825191739_001_003_000_002.jpg,./data/you_chalk_brood/abnormal/B_001_002_20230825191739_001_003_000_002.jpg,1,abnormal,B_001_002,B_001,B_001_002_20230825,0,train
B_001_002_20230828131606_001_003_000_002.jpg,./data/you_chalk_brood/abnormal/B_001_002_20230828131606_001_003_000_002.jpg,1,abnormal,B_001_002,B_001,B_001_002_20230828,0,test
B_001_003_20230819200357_001_002_000_002.jpg,./data/you_chalk_brood/abnormal/B_001_003_20230819200357_001_002_000_002.jpg,1,abnormal,B_001_003,B_001,B_001_003_20230819,0,test
B_001_003_20230819203047_001_003_000_002.jpg,./data/you_chalk_brood/abnormal/B_001_003_20230819203047_001_003_000_002.jpg,1,abnormal,B_001_003,B_001,B_001_003_20230819,0,train
B_001_003_20230819212512_001_004_000_002.jpg,./data/you_chalk_brood/abnormal/B_001_003_20230819212512_001_004_000_002.jpg,1,abnormal,B_001_003,B_001,B_001_003_20230819,0,test
B_001_003_20230820194814_001_002_000_002.jpg,./data/you_chalk_brood/abnormal/B_001_003_20230820194814_001_002_000_002.jpg,1,abnormal,B_001_003,B_001,B_001_003_20230820,0,train
B_001_003_20230820204854_001_004_000_002.jpg,./data/you_chalk_brood/abnormal/B_001_003_20230820204854_001_004_000_002.jpg,1,abnormal,B_001_003,B_001,B_001_003_20230820,0,train
B_001_003_20230820211458_001_003_000_002.jpg,./data/you_chalk_brood/abnormal/B_001_003_20230820211458_001_003_000_002.jpg,1,abnormal,B_001_003,B_001,B_001_003_20230820,0,test
B_001_003_20230821183911_001_002_000_002.jpg,./data/you_chalk_brood/abnormal/B_001_003_20230821183911_001_002_000_002.jpg,1,abnormal,B_001_003,B_001,B_001_003_20230821,0,test
B_001_003_20230821190521_001_003_000_002.jpg,./data/you_chalk_brood/abnormal/B_001_003_20230821190521_001_003_000_002.jpg,1,abnormal,B_001_003,B_001,B_001_003_20230821,0,test
B_001_003_20230821191912_001_004_000_002.jpg,./data/you_chalk_brood/abnormal/B_001_003_20230821191912_001_004_000_002.jpg,1,abnormal,B_001_003,B_001,B_001_003_20230821,0,train
B_001_003_20230821200315_001_001_000_002.jpg,./data/you_chalk_brood/abnormal/B_001_003_20230821200315_001_001_000_002.jpg,1,abnormal,B_001_003,B_001,B_001_003_20230821,0,test
B_001_003_20230821203000_001_002_000_002.jpg,./data/you_chalk_brood/abnormal/B_001_003_20230821203000_001_002_000_002.jpg,1,abnormal,B_001_003,B_001,B_001_003_20230821,0,val
B_001_003_20230821210058_001_001_000_002.jpg,./data/you_chalk_brood/abnormal/B_001_003_20230821210058_001_001_000_002.jpg,1,abnormal,B_001_003,B_001,B_001_003_20230821,0,train
B_001_003_20230821213256_001_001_000_002.jpg,./data/you_chalk_brood/abnormal/B_001_003_20230821213256_001_001_000_002.jpg,1,abnormal,B_001_003,B_001,B_001_003_20230821,0,train
B_001_003_20230821220019_001_003_000_002.jpg,./data/you_chalk_brood/abnormal/B_001_003_20230821220019_001_003_000_002.jpg,1,abnormal,B_001_003,B_001,B_001_003_20230821,0,val
B_001_003_20230821224603_001_001_000_002.jpg,./data/you_chalk_brood/abnormal/B_001_003_20230821224603_001_001_000_002.jpg,1,abnormal,B_001_003,B_001,B_001_003_20230821,0,test
B_001_003_20230822205805_001_003_000_002.jpg,./data/you_chalk_brood/abnormal/B_001_003_20230822205805_001_003_000_002.jpg,1,abnormal,B_001_003,B_001,B_001_003_20230822,0,test
B_001_003_20230824191116_001_002_000_002.jpg,./data/you_chalk_brood/abnormal/B_001_003_20230824191116_001_002_000_002.jpg,1,abnormal,B_001_003,B_001,B_001_003_20230824,0,train
B_001_003_20230825181544_001_003_000_002.jpg,./data/you_chalk_brood/abnormal/B_001_003_20230825181544_001_003_000_002.jpg,1,abnormal,B_001_003,B_001,B_001_003_20230825,0,test
B_001_003_20230825192330_001_002_000_002.jpg,./data/you_chalk_brood/abnormal/B_001_003_20230825192330_001_002_000_002.jpg,1,abnormal,B_001_003,B_001,B_001_003_20230825,0,train
B_001_003_20230830084249_001_001_000_002.jpg,./data/you_chalk_brood/abnormal/B_001_003_20230830084249_001_001_000_002.jpg,1,abnormal,B_001_003,B_001,B_001_003_20230830,0,train
B_001_004_20230819183744_001_002_000_002.jpg,./data/you_chalk_brood/abnormal/B_001_004_20230819183744_001_002_000_002.jpg,1,abnormal,B_001_004,B_001,B_001_004_20230819,0,train
B_001_004_20230819201753_001_001_000_002.jpg,./data/you_chalk_brood/abnormal/B_001_004_20230819201753_001_001_000_002.jpg,1,abnormal,B_001_004,B_001,B_001_004_20230819,0,train
B_001_004_20230819205444_001_004_000_002.jpg,./data/you_chalk_brood/abnormal/B_001_004_20230819205444_001_004_000_002.jpg,1,abnormal,B_001_004,B_001,B_001_004_20230819,0,train
B_001_004_20230819214701_001_003_000_002.jpg,./data/you_chalk_brood/abnormal/B_001_004_20230819214701_001_003_000_002.jpg,1,abnormal,B_001_004,B_001,B_001_004_20230819,0,train
B_001_004_20230820190013_001_004_000_002.jpg,./data/you_chalk_brood/abnormal/B_001_004_20230820190013_001_004_000_002.jpg,1,abnormal,B_001_004,B_001,B_001_004_20230820,0,val
B_001_004_20230820194605_001_001_000_002.jpg,./data/you_chalk_brood/abnormal/B_001_004_20230820194605_001_001_000_002.jpg,1,abnormal,B_001_004,B_001,B_001_004_20230820,0,val
B_001_004_20230820203350_001_001_000_002.jpg,./data/you_chalk_brood/abnormal/B_001_004_20230820203350_001_001_000_002.jpg,1,abnormal,B_001_004,B_001,B_001_004_20230820,0,train
B_001_004_20230820210614_001_002_000_002.jpg,./data/you_chalk_brood/abnormal/B_001_004_20230820210614_001_002_000_002.jpg,1,abnormal,B_001_004,B_001,B_001_004_20230820,0,test
B_001_004_20230820210824_001_001_000_002.jpg,./data/you_chalk_brood/abnormal/B_001_004_20230820210824_001_001_000_002.jpg,1,abnormal,B_001_004,B_001,B_001_004_20230820,0,train
B_001_004_20230820211331_001_004_000_002.jpg,./data/you_chalk_brood/abnormal/B_001_004_20230820211331_001_004_000_002.jpg,1,abnormal,B_001_004,B_001,B_001_004_20230820,0,val
B_001_004_20230821183827_001_002_000_002.jpg,./data/you_chalk_brood/abnormal/B_001_004_20230821183827_001_002_000_002.jpg,1,abnormal,B_001_004,B_001,B_001_004_20230821,0,test
B_001_004_20230821184409_001_004_000_002.jpg,./data/you_chalk_brood/abnormal/B_001_004_20230821184409_001_004_000_002.jpg,1,abnormal,B_001_004,B_001,B_001_004_20230821,0,test
B_001_004_20230821192711_001_004_000_002.jpg,./data/you_chalk_brood/abnormal/B_001_004_20230821192711_001_004_000_002.jpg,1,abnormal,B_001_004,B_001,B_001_004_20230821,0,train
B_001_004_20230821201321_001_001_000_002.jpg,./data/you_chalk_brood/abnormal/B_001_004_20230821201321_001_001_000_002.jpg,1,abnormal,B_001_004,B_001,B_001_004_20230821,0,val
B_001_004_20230822184804_001_004_000_002.jpg,./data/you_chalk_brood/abnormal/B_001_004_20230822184804_001_004_000_002.jpg,1,abnormal,B_001_004,B_001,B_001_004_20230822,0,val
B_001_004_20230822194322_001_004_000_002.jpg,./data/you_chalk_brood/abnormal/B_001_004_20230822194322_001_004_000_002.jpg,1,abnormal,B_001_004,B_001,B_001_004_20230822,0,test
B_001_004_20230823083550_001_003_000_002.jpg,./data/you_chalk_brood/abnormal/B_001_004_20230823083550_001_003_000_002.jpg,1,abnormal,B_001_004,B_001,B_001_004_20230823,0,train
B_001_004_20230824183204_001_003_000_002.jpg,./data/you_chalk_brood/abnormal/B_001_004_20230824183204_001_003_000_002.jpg,1,abnormal,B_001_004,B_001,B_001_004_20230824,0,train
B_001_004_20230824194517_001_002_000_002.jpg,./data/you_chalk_brood/abnormal/B_001_004_20230824194517_001_002_000_002.jpg,1,abnormal,B_001_004,B_001,B_001_004_20230824,0,train
B_001_004_20230824201450_001_002_000_002.jpg,./data/you_chalk_brood/abnormal/B_001_004_20230824201450_001_002_000_002.jpg,1,abnormal,B_001_004,B_001,B_001_004_20230824,0,val
B_001_004_20230825082727_001_002_000_002.jpg,./data/you_chalk_brood/abnormal/B_001_004_20230825082727_001_002_000_002.jpg,1,abnormal,B_001_004,B_001,B_001_004_20230825,0,train
B_001_004_20230826085242_001_003_000_002.jpg,./data/you_chalk_brood/abnormal/B_001_004_20230826085242_001_003_000_002.jpg,1,abnormal,B_001_004,B_001,B_001_004_20230826,0,val
B_001_004_20230903085740_001_001_000_002.jpg,./data/you_chalk_brood/abnormal/B_001_004_20230903085740_001_001_000_002.jpg,1,abnormal,B_001_004,B_001,B_001_004_20230903,0,train
B_001_005_20230819142214_001_003_000_002.jpg,./data/you_chalk_brood/abnormal/B_001_005_20230819142214_001_003_000_002.jpg,1,abnormal,B_001_005,B_001,B_001_005_20230819,0,train
B_001_005_20230819205023_001_001_000_002.jpg,./data/you_chalk_brood/abnormal/B_001_005_20230819205023_001_001_000_002.jpg,1,abnormal,B_001_005,B_001,B_001_005_20230819,0,val
B_001_005_20230819210919_001_004_000_002.jpg,./data/you_chalk_brood/abnormal/B_001_005_20230819210919_001_004_000_002.jpg,1,abnormal,B_001_005,B_001,B_001_005_20230819,0,train
B_001_005_20230820182104_001_004_000_002.jpg,./data/you_chalk_brood/abnormal/B_001_005_20230820182104_001_004_000_002.jpg,1,abnormal,B_001_005,B_001,B_001_005_20230820,0,test
B_001_005_20230820182358_001_004_000_002.jpg,./data/you_chalk_brood/abnormal/B_001_005_20230820182358_001_004_000_002.jpg,1,abnormal,B_001_005,B_001,B_001_005_20230820,0,test
B_001_005_20230820183614_001_002_000_002.jpg,./data/you_chalk_brood/abnormal/B_001_005_20230820183614_001_002_000_002.jpg,1,abnormal,B_001_005,B_001,B_001_005_20230820,0,train
B_001_005_20230820183827_001_002_000_002.jpg,./data/you_chalk_brood/abnormal/B_001_005_20230820183827_001_002_000_002.jpg,1,abnormal,B_001_005,B_001,B_001_005_20230820,0,test
B_001_005_20230820215659_001_002_000_002.jpg,./data/you_chalk_brood/abnormal/B_001_005_20230820215659_001_002_000_002.jpg,1,abnormal,B_001_005,B_001,B_001_005_20230820,0,train
B_001_005_20230820221626_001_003_000_002.jpg,./data/you_chalk_brood/abnormal/B_001_005_20230820221626_001_003_000_002.jpg,1,abnormal,B_001_005,B_001,B_001_005_20230820,0,train
B_001_005_20230820224736_001_004_000_002.jpg,./data/you_chalk_brood/abnormal/B_001_005_20230820224736_001_004_000_002.jpg,1,abnormal,B_001_005,B_001,B_001_005_20230820,0,test
B_001_005_20230821091044_001_003_000_002.jpg,./data/you_chalk_brood/abnormal/B_001_005_20230821091044_001_003_000_002.jpg,1,abnormal,B_001_005,B_001,B_001_005_20230821,0,train
B_001_005_20230821201700_001_003_000_002.jpg,./data/you_chalk_brood/abnormal/B_001_005_20230821201700_001_003_000_002.jpg,1,abnormal,B_001_005,B_001,B_001_005_20230821,0,val
B_001_005_20230821204253_001_001_000_002.jpg,./data/you_chalk_brood/abnormal/B_001_005_20230821204253_001_001_000_002.jpg,1,abnormal,B_001_005,B_001,B_001_005_20230821,0,test
B_001_005_20230821211607_001_002_000_002.jpg,./data/you_chalk_brood/abnormal/B_001_005_20230821211607_001_002_000_002.jpg,1,abnormal,B_001_005,B_001,B_001_005_20230821,0,train
B_001_005_20230821212411_001_004_000_002.jpg,./data/you_chalk_brood/abnormal/B_001_005_20230821212411_001_004_000_002.jpg,1,abnormal,B_001_005,B_001,B_001_005_20230821,0,train
B_001_005_20230821224437_001_002_000_002.jpg,./data/you_chalk_brood/abnormal/B_001_005_20230821224437_001_002_000_002.jpg,1,abnormal,B_001_005,B_001,B_001_005_20230821,0,train
B_001_005_20230824083025_001_004_000_002.jpg,./data/you_chalk_brood/abnormal/B_001_005_20230824083025_001_004_000_002.jpg,1,abnormal,B_001_005,B_001,B_001_005_20230824,0,test
B_001_005_20230824133128_001_003_000_002.jpg,./data/you_chalk_brood/abnormal/B_001_005_20230824133128_001_003_000_002.jpg,1,abnormal,B_001_005,B_001,B_001_005_20230824,0,test
B_001_005_20230824133548_001_002_000_002.jpg,./data/you_chalk_brood/abnormal/B_001_005_20230824133548_001_002_000_002.jpg,1,abnormal,B_001_005,B_001,B_001_005_20230824,0,train
B_001_005_20230824203942_001_001_000_002.jpg,./data/you_chalk_brood/abnormal/B_001_005_20230824203942_001_001_000_002.jpg,1,abnormal,B_001_005,B_001,B_001_005_20230824,0,train
B_001_005_20230824204403_001_002_000_002.jpg,./data/you_chalk_brood/abnormal/B_001_005_20230824204403_001_002_000_002.jpg,1,abnormal,B_001_005,B_001,B_001_005_20230824,0,test
B_001_005_20230825082953_001_003_000_002.jpg,./data/you_chalk_brood/abnormal/B_001_005_20230825082953_001_003_000_002.jpg,1,abnormal,B_001_005,B_001,B_001_005_20230825,0,train
B_001_005_20230825132944_001_004_000_002.jpg,./data/you_chalk_brood/abnormal/B_001_005_20230825132944_001_004_000_002.jpg,1,abnormal,B_001_005,B_001,B_001_005_20230825,0,val
B_001_005_20230827091426_001_002_000_002.jpg,./data/you_chalk_brood/abnormal/B_001_005_20230827091426_001_002_000_002.jpg,1,abnormal,B_001_005,B_001,B_001_005_20230827,0,train
B_001_005_20230828082027_001_003_000_002.jpg,./data/you_chalk_brood/abnormal/B_001_005_20230828082027_001_003_000_002.jpg,1,abnormal,B_001_005,B_001,B_001_005_20230828,0,train
B_001_005_20230829090834_001_003_000_002.jpg,./data/you_chalk_brood/abnormal/B_001_005_20230829090834_001_003_000_002.jpg,1,abnormal,B_001_005,B_001,B_001_005_20230829,0,test
B_001_005_20230829132502_001_003_000_002.jpg,./data/you_chalk_brood/abnormal/B_001_005_20230829132502_001_003_000_002.jpg,1,abnormal,B_001_005,B_001,B_001_005_20230829,0,test
B_001_005_20230829132726_001_002_000_002.jpg,./data/you_chalk_brood/abnormal/B_001_005_20230829132726_001_002_000_002.jpg,1,abnormal,B_001_005,B_001,B_001_005_20230829,0,train
B_001_006_20230819184551_001_003_000_002.jpg,./data/you_chalk_brood/abnormal/B_001_006_20230819184551_001_003_000_002.jpg,1,abnormal,B_001_006,B_001,B_001_006_20230819,0,train
B_001_006_20230819210541_001_003_000_002.jpg,./data/you_chalk_brood/abnormal/B_001_006_20230819210541_001_003_000_002.jpg,1,abnormal,B_001_006,B_001,B_001_006_20230819,0,train
B_001_006_20230819222522_001_001_000_002.jpg,./data/you_chalk_brood/abnormal/B_001_006_20230819222522_001_001_000_002.jpg,1,abnormal,B_001_006,B_001,B_001_006_20230819,0,test
B_001_006_20230819224749_001_001_000_002.jpg,./data/you_chalk_brood/abnormal/B_001_006_20230819224749_001_001_000_002.jpg,1,abnormal,B_001_006,B_001,B_001_006_20230819,0,train
B_001_006_20230819225922_001_004_000_002.jpg,./data/you_chalk_brood/abnormal/B_001_006_20230819225922_001_004_000_002.jpg,1,abnormal,B_001_006,B_001,B_001_006_20230819,0,train
B_001_006_20230820183914_001_003_000_002.jpg,./data/you_chalk_brood/abnormal/B_001_006_20230820183914_001_003_000_002.jpg,1,abnormal,B_001_006,B_001,B_001_006_20230820,0,train
B_001_006_20230820195325_001_002_000_002.jpg,./data/you_chalk_brood/abnormal/B_001_006_20230820195325_001_002_000_002.jpg,1,abnormal,B_001_006,B_001,B_001_006_20230820,0,train
B_001_006_20230820200756_001_001_000_002.jpg,./data/you_chalk_brood/abnormal/B_001_006_20230820200756_001_001_000_002.jpg,1,abnormal,B_001_006,B_001,B_001_006_20230820,0,test
B_001_006_20230820205231_001_003_000_002.jpg,./data/you_chalk_brood/abnormal/B_001_006_20230820205231_001_003_000_002.jpg,1,abnormal,B_001_006,B_001,B_001_006_20230820,0,val
B_001_006_20230820212720_001_004_000_002.jpg,./data/you_chalk_brood/abnormal/B_001_006_20230820212720_001_004_000_002.jpg,1,abnormal,B_001_006,B_001,B_001_006_20230820,0,test
B_001_006_20230821180840_001_003_000_002.jpg,./data/you_chalk_brood/abnormal/B_001_006_20230821180840_001_003_000_002.jpg,1,abnormal,B_001_006,B_001,B_001_006_20230821,0,test
B_001_006_20230821204547_001_001_000_002.jpg,./data/you_chalk_brood/abnormal/B_001_006_20230821204547_001_001_000_002.jpg,1,abnormal,B_001_006,B_001,B_001_006_20230821,0,train
B_001_006_20230821205727_001_003_000_002.jpg,./data/you_chalk_brood/abnormal/B_001_006_20230821205727_001_003_000_002.jpg,1,abnormal,B_001_006,B_001,B_001_006_20230821,0,train
B_001_006_20230821211020_001_004_000_002.jpg,./data/you_chalk_brood/abnormal/B_001_006_20230821211020_001_004_000_002.jpg,1,abnormal,B_001_006,B_001,B_001_006_20230821,0,test
B_001_006_20230821225740_001_002_000_002.jpg,./data/you_chalk_brood/abnormal/B_001_006_20230821225740_001_002_000_002.jpg,1,abnormal,B_001_006,B_001,B_001_006_20230821,0,test
B_001_006_20230822203540_001_003_000_002.jpg,./data/you_chalk_brood/abnormal/B_001_006_20230822203540_001_003_000_002.jpg,1,abnormal,B_001_006,B_001,B_001_006_20230822,0,val
B_001_006_20230824191202_001_002_000_002.jpg,./data/you_chalk_brood/abnormal/B_001_006_20230824191202_001_002_000_002.jpg,1,abnormal,B_001_006,B_001,B_001_006_20230824,0,test
B_001_006_20230824224630_001_002_000_002.jpg,./data/you_chalk_brood/abnormal/B_001_006_20230824224630_001_002_000_002.jpg,1,abnormal,B_001_006,B_001,B_001_006_20230824,0,test
B_001_007_20230819184342_001_002_000_002.jpg,./data/you_chalk_brood/abnormal/B_001_007_20230819184342_001_002_000_002.jpg,1,abnormal,B_001_007,B_001,B_001_007_20230819,0,train
B_001_007_20230819185222_001_004_000_002.jpg,./data/you_chalk_brood/abnormal/B_001_007_20230819185222_001_004_000_002.jpg,1,abnormal,B_001_007,B_001,B_001_007_20230819,0,test
B_001_007_20230819193922_001_001_000_002.jpg,./data/you_chalk_brood/abnormal/B_001_007_20230819193922_001_001_000_002.jpg,1,abnormal,B_001_007,B_001,B_001_007_20230819,0,train
B_001_007_20230819195100_001_004_000_002.jpg,./data/you_chalk_brood/abnormal/B_001_007_20230819195100_001_004_000_002.jpg,1,abnormal,B_001_007,B_001,B_001_007_20230819,0,val
B_001_007_20230819202844_001_003_000_002.jpg,./data/you_chalk_brood/abnormal/B_001_007_20230819202844_001_003_000_002.jpg,1,abnormal,B_001_007,B_001,B_001_007_20230819,0,test
B_001_007_20230819210330_001_002_000_002.jpg,./data/you_chalk_brood/abnormal/B_001_007_20230819210330_001_002_000_002.jpg,1,abnormal,B_001_007,B_001,B_001_007_20230819,0,train
B_001_007_20230819220640_001_004_000_002.jpg,./data/you_chalk_brood/abnormal/B_001_007_20230819220640_001_004_000_002.jpg,1,abnormal,B_001_007,B_001,B_001_007_20230819,0,train
B_001_007_20230820195746_001_003_000_002.jpg,./data/you_chalk_brood/abnormal/B_001_007_20230820195746_001_003_000_002.jpg,1,abnormal,B_001_007,B_001,B_001_007_20230820,0,test
B_001_007_20230820220458_001_001_000_002.jpg,./data/you_chalk_brood/abnormal/B_001_007_20230820220458_001_001_000_002.jpg,1,abnormal,B_001_007,B_001,B_001_007_20230820,0,train
B_001_007_20230821184624_001_001_000_002.jpg,./data/you_chalk_brood/abnormal/B_001_007_20230821184624_001_001_000_002.jpg,1,abnormal,B_001_007,B_001,B_001_007_20230821,0,val
B_001_007_20230821192634_001_001_000_002.jpg,./data/you_chalk_brood/abnormal/B_001_007_20230821192634_001_001_000_002.jpg,1,abnormal,B_001_007,B_001,B_001_007_20230821,0,train
B_001_007_20230821213131_001_003_000_002.jpg,./data/you_chalk_brood/abnormal/B_001_007_20230821213131_001_003_000_002.jpg,1,abnormal,B_001_007,B_001,B_001_007_20230821,0,test
B_001_007_20230821213344_001_001_000_002.jpg,./data/you_chalk_brood/abnormal/B_001_007_20230821213344_001_001_000_002.jpg,1,abnormal,B_001_007,B_001,B_001_007_20230821,0,test
B_001_007_20230821222507_001_001_000_002.jpg,./data/you_chalk_brood/abnormal/B_001_007_20230821222507_001_001_000_002.jpg,1,abnormal,B_001_007,B_001,B_001_007_20230821,0,test
B_001_007_20230821222930_001_001_000_002.jpg,./data/you_chalk_brood/abnormal/B_001_007_20230821222930_001_001_000_002.jpg,1,abnormal,B_001_007,B_001,B_001_007_20230821,0,test
B_001_007_20230822193359_001_003_000_002.jpg,./data/you_chalk_brood/abnormal/B_001_007_20230822193359_001_003_000_002.jpg,1,abnormal,B_001_007,B_001,B_001_007_20230822,0,train
B_001_007_20230822201948_001_002_000_002.jpg,./data/you_chalk_brood/abnormal/B_001_007_20230822201948_001_002_000_002.jpg,1,abnormal,B_001_007,B_001,B_001_007_20230822,0,train
B_001_007_20230824084118_001_002_000_002.jpg,./data/you_chalk_brood/abnormal/B_001_007_20230824084118_001_002_000_002.jpg,1,abnormal,B_001_007,B_001,B_001_007_20230824,0,test
B_001_008_20230819195945_001_004_000_002.jpg,./data/you_chalk_brood/abnormal/B_001_008_20230819195945_001_004_000_002.jpg,1,abnormal,B_001_008,B_001,B_001_008_20230819,0,train
B_001_008_20230819202053_001_003_000_002.jpg,./data/you_chalk_brood/abnormal/B_001_008_20230819202053_001_003_000_002.jpg,1,abnormal,B_001_008,B_001,B_001_008_20230819,0,val
B_001_008_20230819221607_001_004_000_002.jpg,./data/you_chalk_brood/abnormal/B_001_008_20230819221607_001_004_000_002.jpg,1,abnormal,B_001_008,B_001,B_001_008_20230819,0,test
B_001_008_20230819224040_001_002_000_002.jpg,./data/you_chalk_brood/abnormal/B_001_008_20230819224040_001_002_000_002.jpg,1,abnormal,B_001_008,B_001,B_001_008_20230819,0,test
B_001_008_20230820190020_001_001_000_002.jpg,./data/you_chalk_brood/abnormal/B_001_008_20230820190020_001_001_000_002.jpg,1,abnormal,B_001_008,B_001,B_001_008_20230820,0,train
B_001_008_20230820204320_001_001_000_002.jpg,./data/you_chalk_brood/abnormal/B_001_008_20230820204320_001_001_000_002.jpg,1,abnormal,B_001_008,B_001,B_001_008_20230820,0,val
B_001_008_20230820212806_001_001_000_002.jpg,./data/you_chalk_brood/abnormal/B_001_008_20230820212806_001_001_000_002.jpg,1,abnormal,B_001_008,B_001,B_001_008_20230820,0,test
B_001_008_20230821092519_001_002_000_002.jpg,./data/you_chalk_brood/abnormal/B_001_008_20230821092519_001_002_000_002.jpg,1,abnormal,B_001_008,B_001,B_001_008_20230821,0,val
B_001_008_20230821092522_001_004_000_002.jpg,./data/you_chalk_brood/abnormal/B_001_008_20230821092522_001_004_000_002.jpg,1,abnormal,B_001_008,B_001,B_001_008_20230821,0,train
B_001_008_20230821200741_001_002_000_002.jpg,./data/you_chalk_brood/abnormal/B_001_008_20230821200741_001_002_000_002.jpg,1,abnormal,B_001_008,B_001,B_001_008_20230821,0,test
B_001_008_20230821213219_001_002_000_002.jpg,./data/you_chalk_brood/abnormal/B_001_008_20230821213219_001_002_000_002.jpg,1,abnormal,B_001_008,B_001,B_001_008_20230821,0,test
B_001_008_20230821224314_001_001_000_002.jpg,./data/you_chalk_brood/abnormal/B_001_008_20230821224314_001_001_000_002.jpg,1,abnormal,B_001_008,B_001,B_001_008_20230821,0,val
B_001_008_20230822091817_001_003_000_002.jpg,./data/you_chalk_brood/abnormal/B_001_008_20230822091817_001_003_000_002.jpg,1,abnormal,B_001_008,B_001,B_001_008_20230822,0,test
B_001_008_20230822091915_001_003_000_002.jpg,./data/you_chalk_brood/abnormal/B_001_008_20230822091915_001_003_000_002.jpg,1,abnormal,B_001_008,B_001,B_001_008_20230822,0,test
B_001_008_20230822191036_001_001_000_002.jpg,./data/you_chalk_brood/abnormal/B_001_008_20230822191036_001_001_000_002.jpg,1,abnormal,B_001_008,B_001,B_001_008_20230822,0,test
B_001_008_20230822192350_001_002_000_002.jpg,./data/you_chalk_brood/abnormal/B_001_008_20230822192350_001_002_000_002.jpg,1,abnormal,B_001_008,B_001,B_001_008_20230822,0,train
B_001_008_20230822201823_001_004_000_002.jpg,./data/you_chalk_brood/abnormal/B_001_008_20230822201823_001_004_000_002.jpg,1,abnormal,B_001_008,B_001,B_001_008_20230822,0,test
B_001_008_20230827092507_001_004_000_002.jpg,./data/you_chalk_brood/abnormal/B_001_008_20230827092507_001_004_000_002.jpg,1,abnormal,B_001_008,B_001,B_001_008_20230827,0,test
B_001_008_20230827134617_001_003_000_002.jpg,./data/you_chalk_brood/abnormal/B_001_008_20230827134617_001_003_000_002.jpg,1,abnormal,B_001_008,B_001,B_001_008_20230827,0,val
B_001_009_20230819193629_001_001_000_002.jpg,./data/you_chalk_brood/abnormal/B_001_009_20230819193629_001_001_000_002.jpg,1,abnormal,B_001_009,B_001,B_001_009_20230819,0,train
B_001_009_20230819211555_001_002_000_002.jpg,./data/you_chalk_brood/abnormal/B_001_009_20230819211555_001_002_000_002.jpg,1,abnormal,B_001_009,B_001,B_001_009_20230819,0,train
B_001_009_20230820185013_001_001_000_002.jpg,./data/you_chalk_brood/abnormal/B_001_009_20230820185013_001_001_000_002.jpg,1,abnormal,B_001_009,B_001,B_001_009_20230820,0,test
B_001_009_20230820191318_001_003_000_002.jpg,./data/you_chalk_brood/abnormal/B_001_009_20230820191318_001_003_000_002.jpg,1,abnormal,B_001_009,B_001,B_001_009_20230820,0,train
B_001_009_20230820194950_001_003_000_002.jpg,./data/you_chalk_brood/abnormal/B_001_009_20230820194950_001_003_000_002.jpg,1,abnormal,B_001_009,B_001,B_001_009_20230820,0,train
B_001_009_20230820202147_001_002_000_002.jpg,./data/you_chalk_brood/abnormal/B_001_009_20230820202147_001_002_000_002.jpg,1,abnormal,B_001_009,B_001,B_001_009_20230820,0,train
B_001_009_20230820203524_001_001_000_002.jpg,./data/you_chalk_brood/abnormal/B_001_009_20230820203524_001_001_000_002.jpg,1,abnormal,B_001_009,B_001,B_001_009_20230820,0,train
B_001_009_20230821181347_001_002_000_002.jpg,./data/you_chalk_brood/abnormal/B_001_009_20230821181347_001_002_000_002.jpg,1,abnormal,B_001_009,B_001,B_001_009_20230821,0,train
B_001_009_20230821181733_001_001_000_002.jpg,./data/you_chalk_brood/abnormal/B_001_009_20230821181733_001_001_000_002.jpg,1,abnormal,B_001_009,B_001,B_001_009_20230821,0,train
B_001_009_20230821190317_001_003_000_002.jpg,./data/you_chalk_brood/abnormal/B_001_009_20230821190317_001_003_000_002.jpg,1,abnormal,B_001_009,B_001,B_001_009_20230821,0,test
B_001_009_20230821194949_001_001_000_002.jpg,./data/you_chalk_brood/abnormal/B_001_009_20230821194949_001_001_000_002.jpg,1,abnormal,B_001_009,B_001,B_001_009_20230821,0,val
B_001_009_20230821195405_001_004_000_002.jpg,./data/you_chalk_brood/abnormal/B_001_009_20230821195405_001_004_000_002.jpg,1,abnormal,B_001_009,B_001,B_001_009_20230821,0,test
B_001_009_20230821201457_001_001_000_002.jpg,./data/you_chalk_brood/abnormal/B_001_009_20230821201457_001_001_000_002.jpg,1,abnormal,B_001_009,B_001,B_001_009_20230821,0,val
B_001_009_20230821202251_001_002_000_002.jpg,./data/you_chalk_brood/abnormal/B_001_009_20230821202251_001_002_000_002.jpg,1,abnormal,B_001_009,B_001,B_001_009_20230821,0,train
B_001_009_20230821204214_001_003_000_002.jpg,./data/you_chalk_brood/abnormal/B_001_009_20230821204214_001_003_000_002.jpg,1,abnormal,B_001_009,B_001,B_001_009_20230821,0,val
B_001_009_20230821215819_001_001_000_002.jpg,./data/you_chalk_brood/abnormal/B_001_009_20230821215819_001_001_000_002.jpg,1,abnormal,B_001_009,B_001,B_001_009_20230821,0,train
B_001_009_20230822180823_001_004_000_002.jpg,./data/you_chalk_brood/abnormal/B_001_009_20230822180823_001_004_000_002.jpg,1,abnormal,B_001_009,B_001,B_001_009_20230822,0,val
B_001_009_20230822182715_001_002_000_002.jpg,./data/you_chalk_brood/abnormal/B_001_009_20230822182715_001_002_000_002.jpg,1,abnormal,B_001_009,B_001,B_001_009_20230822,0,train
B_001_009_20230822184354_001_001_000_002.jpg,./data/you_chalk_brood/abnormal/B_001_009_20230822184354_001_001_000_002.jpg,1,abnormal,B_001_009,B_001,B_001_009_20230822,0,test
B_001_009_20230822194328_001_001_000_002.jpg,./data/you_chalk_brood/abnormal/B_001_009_20230822194328_001_001_000_002.jpg,1,abnormal,B_001_009,B_001,B_001_009_20230822,0,val
B_001_009_20230822203917_001_001_000_002.jpg,./data/you_chalk_brood/abnormal/B_001_009_20230822203917_001_001_000_002.jpg,1,abnormal,B_001_009,B_001,B_001_009_20230822,0,test
B_001_009_20230822210406_001_002_000_002.jpg,./data/you_chalk_brood/abnormal/B_001_009_20230822210406_001_002_000_002.jpg,1,abnormal,B_001_009,B_001,B_001_009_20230822,0,test
B_001_010_20230819194600_001_001_000_002.jpg,./data/you_chalk_brood/abnormal/B_001_010_20230819194600_001_001_000_002.jpg,1,abnormal,B_001_010,B_001,B_001_010_20230819,0,test
B_001_010_20230819200032_001_003_000_002.jpg,./data/you_chalk_brood/abnormal/B_001_010_20230819200032_001_003_000_002.jpg,1,abnormal,B_001_010,B_001,B_001_010_20230819,0,val
B_001_010_20230819203645_001_003_000_002.jpg,./data/you_chalk_brood/abnormal/B_001_010_20230819203645_001_003_000_002.jpg,1,abnormal,B_001_010,B_001,B_001_010_20230819,0,val
B_001_010_20230819220517_001_004_000_002.jpg,./data/you_chalk_brood/abnormal/B_001_010_20230819220517_001_004_000_002.jpg,1,abnormal,B_001_010,B_001,B_001_010_20230819,0,test
B_001_010_20230819221146_001_004_000_002.jpg,./data/you_chalk_brood/abnormal/B_001_010_20230819221146_001_004_000_002.jpg,1,abnormal,B_001_010,B_001,B_001_010_20230819,0,val
B_001_010_20230820185811_001_001_000_002.jpg,./data/you_chalk_brood/abnormal/B_001_010_20230820185811_001_001_000_002.jpg,1,abnormal,B_001_010,B_001,B_001_010_20230820,0,test
B_001_010_20230820203735_001_003_000_002.jpg,./data/you_chalk_brood/abnormal/B_001_010_20230820203735_001_003_000_002.jpg,1,abnormal,B_001_010,B_001,B_001_010_20230820,0,test
B_001_010_20230820210412_001_004_000_002.jpg,./data/you_chalk_brood/abnormal/B_001_010_20230820210412_001_004_000_002.jpg,1,abnormal,B_001_010,B_001,B_001_010_20230820,0,train
B_001_010_20230821182236_001_004_000_002.jpg,./data/you_chalk_brood/abnormal/B_001_010_20230821182236_001_004_000_002.jpg,1,abnormal,B_001_010,B_001,B_001_010_20230821,0,val
B_001_010_20230821182827_001_003_000_002.jpg,./data/you_chalk_brood/abnormal/B_001_010_20230821182827_001_003_000_002.jpg,1,abnormal,B_001_010,B_001,B_001_010_20230821,0,test
B_001_010_20230821184007_001_002_000_002.jpg,./data/you_chalk_brood/abnormal/B_001_010_20230821184007_001_002_000_002.jpg,1,abnormal,B_001_010,B_001,B_001_010_20230821,0,train
B_001_010_20230821191248_001_002_000_002.jpg,./data/you_chalk_brood/abnormal/B_001_010_20230821191248_001_002_000_002.jpg,1,abnormal,B_001_010,B_001,B_001_010_20230821,0,train
B_001_010_20230821192638_001_003_000_002.jpg,./data/you_chalk_brood/abnormal/B_001_010_20230821192638_001_003_000_002.jpg,1,abnormal,B_001_010,B_001,B_001_010_20230821,0,train
B_001_010_20230821200535_001_003_000_002.jpg,./data/you_chalk_brood/abnormal/B_001_010_20230821200535_001_003_000_002.jpg,1,abnormal,B_001_010,B_001,B_001_010_20230821,0,test
B_001_010_20230821200952_001_003_000_002.jpg,./data/you_chalk_brood/abnormal/B_001_010_20230821200952_001_003_000_002.jpg,1,abnormal,B_001_010,B_001,B_001_010_20230821,0,train
B_001_010_20230821210733_001_003_000_002.jpg,./data/you_chalk_brood/abnormal/B_001_010_20230821210733_001_003_000_002.jpg,1,abnormal,B_001_010,B_001,B_001_010_20230821,0,train
B_001_010_20230821212759_001_004_000_002.jpg,./data/you_chalk_brood/abnormal/B_001_010_20230821212759_001_004_000_002.jpg,1,abnormal,B_001_010,B_001,B_001_010_20230821,0,train
B_001_010_20230821221844_001_004_000_002.jpg,./data/you_chalk_brood/abnormal/B_001_010_20230821221844_001_004_000_002.jpg,1,abnormal,B_001_010,B_001,B_001_010_20230821,0,train
B_001_010_20230822184647_001_003_000_002.jpg,./data/you_chalk_brood/abnormal/B_001_010_20230822184647_001_003_000_002.jpg,1,abnormal,B_001_010,B_001,B_001_010_20230822,0,train
B_001_010_20230822191849_001_004_000_002.jpg,./data/you_chalk_brood/abnormal/B_001_010_20230822191849_001_004_000_002.jpg,1,abnormal,B_001_010,B_001,B_001_010_20230822,0,train
B_001_010_20230822192732_001_002_000_002.jpg,./data/you_chalk_brood/abnormal/B_001_010_20230822192732_001_002_000_002.jpg,1,abnormal,B_001_010,B_001,B_001_010_20230822,0,train
B_001_010_20230822204720_001_001_000_002.jpg,./data/you_chalk_brood/abnormal/B_001_010_20230822204720_001_001_000_002.jpg,1,abnormal,B_001_010,B_001,B_001_010_20230822,0,train
B_001_010_20230822204933_001_002_000_002.jpg,./data/you_chalk_brood/abnormal/B_001_010_20230822204933_001_002_000_002.jpg,1,abnormal,B_001_010,B_001,B_001_010_20230822,0,train
B_001_011_20230819182747_001_001_000_002.jpg,./data/you_chalk_brood/abnormal/B_001_011_20230819182747_001_001_000_002.jpg,1,abnormal,B_001_011,B_001,B_001_011_20230819,0,val
B_001_011_20230819220142_001_004_000_002.jpg,./data/you_chalk_brood/abnormal/B_001_011_20230819220142_001_004_000_002.jpg,1,abnormal,B_001_011,B_001,B_001_011_20230819,0,test
B_001_011_20230820213024_001_004_000_002.jpg,./data/you_chalk_brood/abnormal/B_001_011_20230820213024_001_004_000_002.jpg,1,abnormal,B_001_011,B_001,B_001_011_20230820,0,val
B_001_011_20230820213105_001_002_000_002.jpg,./data/you_chalk_brood/abnormal/B_001_011_20230820213105_001_002_000_002.jpg,1,abnormal,B_001_011,B_001,B_001_011_20230820,0,test
B_001_011_20230820223149_001_001_000_002.jpg,./data/you_chalk_brood/abnormal/B_001_011_20230820223149_001_001_000_002.jpg,1,abnormal,B_001_011,B_001,B_001_011_20230820,0,val
B_001_011_20230821195950_001_002_000_002.jpg,./data/you_chalk_brood/abnormal/B_001_011_20230821195950_001_002_000_002.jpg,1,abnormal,B_001_011,B_001,B_001_011_20230821,0,val
B_001_011_20230821214404_001_004_000_002.jpg,./data/you_chalk_brood/abnormal/B_001_011_20230821214404_001_004_000_002.jpg,1,abnormal,B_001_011,B_001,B_001_011_20230821,0,train
B_001_011_20230822203123_001_003_000_002.jpg,./data/you_chalk_brood/abnormal/B_001_011_20230822203123_001_003_000_002.jpg,1,abnormal,B_001_011,B_001,B_001_011_20230822,0,val
B_001_012_20230819182413_001_004_000_002.jpg,./data/you_chalk_brood/abnormal/B_001_012_20230819182413_001_004_000_002.jpg,1,abnormal,B_001_012,B_001,B_001_012_20230819,0,test
B_001_012_20230819191953_001_001_000_002.jpg,./data/you_chalk_brood/abnormal/B_001_012_20230819191953_001_001_000_002.jpg,1,abnormal,B_001_012,B_001,B_001_012_20230819,0,test
B_001_012_20230819210845_001_004_000_002.jpg,./data/you_chalk_brood/abnormal/B_001_012_20230819210845_001_004_000_002.jpg,1,abnormal,B_001_012,B_001,B_001_012_20230819,0,test
B_001_012_20230819211809_001_003_000_002.jpg,./data/you_chalk_brood/abnormal/B_001_012_20230819211809_001_003_000_002.jpg,1,abnormal,B_001_012,B_001,B_001_012_20230819,0,train
B_001_012_20230819222616_001_002_000_002.jpg,./data/you_chalk_brood/abnormal/B_001_012_20230819222616_001_002_000_002.jpg,1,abnormal,B_001_012,B_001,B_001_012_20230819,0,test
B_001_012_20230820202603_001_001_000_002.jpg,./data/you_chalk_brood/abnormal/B_001_012_20230820202603_001_001_000_002.jpg,1,abnormal,B_001_012,B_001,B_001_012_20230820,0,train
B_001_012_20230820225925_001_004_000_002.jpg,./data/you_chalk_brood/abnormal/B_001_012_20230820225925_001_004_000_002.jpg,1,abnormal,B_001_012,B_001,B_001_012_20230820,0,val
B_001_012_20230821180634_001_003_000_002.jpg,./data/you_chalk_brood/abnormal/B_001_012_20230821180634_001_003_000_002.jpg,1,abnormal,B_001_012,B_001,B_001_012_20230821,0,train
B_001_012_20230821181020_001_003_000_002.jpg,./data/you_chalk_brood/abnormal/B_001_012_20230821181020_001_003_000_002.jpg,1,abnormal,B_001_012,B_001,B_001_012_20230821,0,test
B_001_012_20230821191800_001_004_000_002.jpg,./data/you_chalk_brood/abnormal/B_001_012_20230821191800_001_004_000_002.jpg,1,abnormal,B_001_012,B_001,B_001_012_20230821,0,test
B_001_012_20230821192302_001_002_000_002.jpg,./data/you_chalk_brood/abnormal/B_001_012_20230821192302_001_002_000_002.jpg,1,abnormal,B_001_012,B_001,B_001_012_20230821,0,train
B_001_012_20230821193647_001_003_000_002.jpg,./data/you_chalk_brood/abnormal/B_001_012_20230821193647_001_003_000_002.jpg,1,abnormal,B_001_012,B_001,B_001_012_20230821,0,val
B_001_012_20230821202802_001_003_000_002.jpg,./data/you_chalk_brood/abnormal/B_001_012_20230821202802_001_003_000_002.jpg,1,abnormal,B_001_012,B_001,B_001_012_20230821,0,val
B_001_012_20230822191936_001_004_000_002.jpg,./data/you_chalk_brood/abnormal/B_001_012_20230822191936_001_004_000_002.jpg,1,abnormal,B_001_012,B_001,B_001_012_20230822,0,train
B_001_012_20230822195509_001_002_000_002.jpg,./data/you_chalk_brood/abnormal/B_001_012_20230822195509_001_002_000_002.jpg,1,abnormal,B_001_012,B_001,B_001_012_20230822,0,test
B_001_013_20230819182457_001_001_000_002.jpg,./data/you_chalk_brood/abnormal/B_001_013_20230819182457_001_001_000_002.jpg,1,abnormal,B_001_013,B_001,B_001_013_20230819,0,train
B_001_013_20230819192921_001_001_000_002.jpg,./data/you_chalk_brood/abnormal/B_001_013_20230819192921_001_001_000_002.jpg,1,abnormal,B_001_013,B_001,B_001_013_20230819,0,test
B_001_013_20230819201004_001_004_000_002.jpg,./data/you_chalk_brood/abnormal/B_001_013_20230819201004_001_004_000_002.jpg,1,abnormal,B_001_013,B_001,B_001_013_20230819,0,test
B_001_013_20230819202937_001_002_000_002.jpg,./data/you_chalk_brood/abnormal/B_001_013_20230819202937_001_002_000_002.jpg,1,abnormal,B_001_013,B_001,B_001_013_20230819,0,test
B_001_013_20230819210008_001_001_000_002.jpg,./data/you_chalk_brood/abnormal/B_001_013_20230819210008_001_001_000_002.jpg,1,abnormal,B_001_013,B_001,B_001_013_20230819,0,train
B_001_013_20230820183541_001_001_000_002.jpg,./data/you_chalk_brood/abnormal/B_001_013_20230820183541_001_001_000_002.jpg,1,abnormal,B_001_013,B_001,B_001_013_20230820,0,val
B_001_013_20230820200847_001_004_000_002.jpg,./data/you_chalk_brood/abnormal/B_001_013_20230820200847_001_004_000_002.jpg,1,abnormal,B_001_013,B_001,B_001_013_20230820,0,train
B_001_013_20230820203109_001_003_000_002.jpg,./data/you_chalk_brood/abnormal/B_001_013_20230820203109_001_003_000_002.jpg,1,abnormal,B_001_013,B_001,B_001_013_20230820,0,train
B_001_013_20230820221556_001_004_000_002.jpg,./data/you_chalk_brood/abnormal/B_001_013_20230820221556_001_004_000_002.jpg,1,abnormal,B_001_013,B_001,B_001_013_20230820,0,train
B_001_013_20230821183548_001_004_000_002.jpg,./data/you_chalk_brood/abnormal/B_001_013_20230821183548_001_004_000_002.jpg,1,abnormal,B_001_013,B_001,B_001_013_20230821,0,train
B_001_013_20230821190957_001_003_000_002.jpg,./data/you_chalk_brood/abnormal/B_001_013_20230821190957_001_003_000_002.jpg,1,abnormal,B_001_013,B_001,B_001_013_20230821,0,train
B_001_013_20230821201335_001_001_000_002.jpg,./data/you_chalk_brood/abnormal/B_001_013_20230821201335_001_001_000_002.jpg,1,abnormal,B_001_013,B_001,B_001_013_20230821,0,train
B_001_013_20230821203014_001_004_000_002.jpg,./data/you_chalk_brood/abnormal/B_001_013_20230821203014_001_004_000_002.jpg,1,abnormal,B_001_013,B_001,B_001_013_20230821,0,test
B_001_013_20230821225542_001_004_000_002.jpg,./data/you_chalk_brood/abnormal/B_001_013_20230821225542_001_004_000_002.jpg,1,abnormal,B_001_013,B_001,B_001_013_20230821,0,train
B_001_013_20230822191809_001_002_000_002.jpg,./data/you_chalk_brood/abnormal/B_001_013_20230822191809_001_002_000_002.jpg,1,abnormal,B_001_013,B_001,B_001_013_20230822,0,test
B_001_013_20230822194837_001_002_000_002.jpg,./data/you_chalk_brood/abnormal/B_001_013_20230822194837_001_002_000_002.jpg,1,abnormal,B_001_013,B_001,B_001_013_20230822,0,train
B_001_013_20230822200727_001_001_000_002.jpg,./data/you_chalk_brood/abnormal/B_001_013_20230822200727_001_001_000_002.jpg,1,abnormal,B_001_013,B_001,B_001_013_20230822,0,train
B_001_013_20230902105652_001_004_000_002.jpg,./data/you_chalk_brood/abnormal/B_001_013_20230902105652_001_004_000_002.jpg,1,abnormal,B_001_013,B_001,B_001_013_20230902,0,test
B_001_014_20230819182752_001_002_000_002.jpg,./data/you_chalk_brood/abnormal/B_001_014_20230819182752_001_002_000_002.jpg,1,abnormal,B_001_014,B_001,B_001_014_20230819,0,train
B_001_014_20230819215936_001_002_000_002.jpg,./data/you_chalk_brood/abnormal/B_001_014_20230819215936_001_002_000_002.jpg,1,abnormal,B_001_014,B_001,B_001_014_20230819,0,test
B_001_014_20230819224426_001_003_000_002.jpg,./data/you_chalk_brood/abnormal/B_001_014_20230819224426_001_003_000_002.jpg,1,abnormal,B_001_014,B_001,B_001_014_20230819,0,test
B_001_014_20230820182326_001_002_000_002.jpg,./data/you_chalk_brood/abnormal/B_001_014_20230820182326_001_002_000_002.jpg,1,abnormal,B_001_014,B_001,B_001_014_20230820,0,train
B_001_014_20230820190611_001_003_000_002.jpg,./data/you_chalk_brood/abnormal/B_001_014_20230820190611_001_003_000_002.jpg,1,abnormal,B_001_014,B_001,B_001_014_20230820,0,val
B_001_014_20230820205456_001_001_000_002.jpg,./data/you_chalk_brood/abnormal/B_001_014_20230820205456_001_001_000_002.jpg,1,abnormal,B_001_014,B_001,B_001_014_20230820,0,test
B_001_014_20230820210840_001_003_000_002.jpg,./data/you_chalk_brood/abnormal/B_001_014_20230820210840_001_003_000_002.jpg,1,abnormal,B_001_014,B_001,B_001_014_20230820,0,train
B_001_014_20230820224248_001_001_000_002.jpg,./data/you_chalk_brood/abnormal/B_001_014_20230820224248_001_001_000_002.jpg,1,abnormal,B_001_014,B_001,B_001_014_20230820,0,test
B_001_014_20230821204140_001_002_000_002.jpg,./data/you_chalk_brood/abnormal/B_001_014_20230821204140_001_002_000_002.jpg,1,abnormal,B_001_014,B_001,B_001_014_20230821,0,train
B_001_014_20230821205609_001_001_000_002.jpg,./data/you_chalk_brood/abnormal/B_001_014_20230821205609_001_001_000_002.jpg,1,abnormal,B_001_014,B_001,B_001_014_20230821,0,val
B_001_014_20230821212637_001_004_000_002.jpg,./data/you_chalk_brood/abnormal/B_001_014_20230821212637_001_004_000_002.jpg,1,abnormal,B_001_014,B_001,B_001_014_20230821,0,train
B_001_014_20230821213946_001_002_000_002.jpg,./data/you_chalk_brood/abnormal/B_001_014_20230821213946_001_002_000_002.jpg,1,abnormal,B_001_014,B_001,B_001_014_20230821,0,train
B_001_014_20230821214409_001_002_000_002.jpg,./data/you_chalk_brood/abnormal/B_001_014_20230821214409_001_002_000_002.jpg,1,abnormal,B_001_014,B_001,B_001_014_20230821,0,val
B_001_014_20230821223233_001_004_000_002.jpg,./data/you_chalk_brood/abnormal/B_001_014_20230821223233_001_004_000_002.jpg,1,abnormal,B_001_014,B_001,B_001_014_20230821,0,train
B_001_015_20230819203609_001_004_000_002.jpg,./data/you_chalk_brood/abnormal/B_001_015_20230819203609_001_004_000_002.jpg,1,abnormal,B_001_015,B_001,B_001_015_20230819,0,train
B_001_015_20230819221618_001_003_000_002.jpg,./data/you_chalk_brood/abnormal/B_001_015_20230819221618_001_003_000_002.jpg,1,abnormal,B_001_015,B_001,B_001_015_20230819,0,train
B_001_015_20230820185901_001_003_000_002.jpg,./data/you_chalk_brood/abnormal/B_001_015_20230820185901_001_003_000_002.jpg,1,abnormal,B_001_015,B_001,B_001_015_20230820,0,val
B_001_015_20230820193358_001_001_000_002.jpg,./data/you_chalk_brood/abnormal/B_001_015_20230820193358_001_001_000_002.jpg,1,abnormal,B_001_015,B_001,B_001_015_20230820,0,test
B_001_015_20230820201818_001_001_000_002.jpg,./data/you_chalk_brood/abnormal/B_001_015_20230820201818_001_001_000_002.jpg,1,abnormal,B_001_015,B_001,B_001_015_20230820,0,train
B_001_015_20230820211348_001_004_000_002.jpg,./data/you_chalk_brood/abnormal/B_001_015_20230820211348_001_004_000_002.jpg,1,abnormal,B_001_015,B_001,B_001_015_20230820,0,train
B_001_015_20230820223238_001_004_000_002.jpg,./data/you_chalk_brood/abnormal/B_001_015_20230820223238_001_004_000_002.jpg,1,abnormal,B_001_015,B_001,B_001_015_20230820,0,train
B_001_015_20230821190027_001_004_000_002.jpg,./data/you_chalk_brood/abnormal/B_001_015_20230821190027_001_004_000_002.jpg,1,abnormal,B_001_015,B_001,B_001_015_20230821,0,train
B_001_015_20230821193148_001_003_000_002.jpg,./data/you_chalk_brood/abnormal/B_001_015_20230821193148_001_003_000_002.jpg,1,abnormal,B_001_015,B_001,B_001_015_20230821,0,test
B_001_015_20230821200209_001_001_000_002.jpg,./data/you_chalk_brood/abnormal/B_001_015_20230821200209_001_001_000_002.jpg,1,abnormal,B_001_015,B_001,B_001_015_20230821,0,val
B_001_015_20230821211117_001_003_000_002.jpg,./data/you_chalk_brood/abnormal/B_001_015_20230821211117_001_003_000_002.jpg,1,abnormal,B_001_015,B_001,B_001_015_20230821,0,val
B_001_015_20230821211835_001_001_000_002.jpg,./data/you_chalk_brood/abnormal/B_001_015_20230821211835_001_001_000_002.jpg,1,abnormal,B_001_015,B_001,B_001_015_20230821,0,train
B_001_015_20230821214910_001_003_000_002.jpg,./data/you_chalk_brood/abnormal/B_001_015_20230821214910_001_003_000_002.jpg,1,abnormal,B_001_015,B_001,B_001_015_20230821,0,train
B_001_015_20230821215243_001_003_000_002.jpg,./data/you_chalk_brood/abnormal/B_001_015_20230821215243_001_003_000_002.jpg,1,abnormal,B_001_015,B_001,B_001_015_20230821,0,val
B_001_015_20230821222142_001_003_000_002.jpg,./data/you_chalk_brood/abnormal/B_001_015_20230821222142_001_003_000_002.jpg,1,abnormal,B_001_015,B_001,B_001_015_20230821,0,val
B_001_015_20230821223823_001_001_000_002.jpg,./data/you_chalk_brood/abnormal/B_001_015_20230821223823_001_001_000_002.jpg,1,abnormal,B_001_015,B_001,B_001_015_20230821,0,train
B_001_015_20230822191001_001_004_000_002.jpg,./data/you_chalk_brood/abnormal/B_001_015_20230822191001_001_004_000_002.jpg,1,abnormal,B_001_015,B_001,B_001_015_20230822,0,val
B_001_015_20230822201915_001_002_000_002.jpg,./data/you_chalk_brood/abnormal/B_001_015_20230822201915_001_002_000_002.jpg,1,abnormal,B_001_015,B_001,B_001_015_20230822,0,train
B_001_015_20230822210122_001_003_000_002.jpg,./data/you_chalk_brood/abnormal/B_001_015_20230822210122_001_003_000_002.jpg,1,abnormal,B_001_015,B_001,B_001_015_20230822,0,test
B_001_015_20230822212054_001_003_000_002.jpg,./data/you_chalk_brood/abnormal/B_001_015_20230822212054_001_003_000_002.jpg,1,abnormal,B_001_015,B_001,B_001_015_20230822,0,train
B_001_016_20230819182755_001_001_000_002.jpg,./data/you_chalk_brood/abnormal/B_001_016_20230819182755_001_001_000_002.jpg,1,abnormal,B_001_016,B_001,B_001_016_20230819,0,train
B_001_016_20230819184059_001_003_000_002.jpg,./data/you_chalk_brood/abnormal/B_001_016_20230819184059_001_003_000_002.jpg,1,abnormal,B_001_016,B_001,B_001_016_20230819,0,val
B_001_016_20230819221746_001_002_000_002.jpg,./data/you_chalk_brood/abnormal/B_001_016_20230819221746_001_002_000_002.jpg,1,abnormal,B_001_016,B_001,B_001_016_20230819,0,train
B_001_016_20230820185738_001_002_000_002.jpg,./data/you_chalk_brood/abnormal/B_001_016_20230820185738_001_002_000_002.jpg,1,abnormal,B_001_016,B_001,B_001_016_20230820,0,train
B_001_016_20230820221223_001_001_000_002.jpg,./data/you_chalk_brood/abnormal/B_001_016_20230820221223_001_001_000_002.jpg,1,abnormal,B_001_016,B_001,B_001_016_20230820,0,train
B_001_016_20230821183716_001_002_000_002.jpg,./data/you_chalk_brood/abnormal/B_001_016_20230821183716_001_002_000_002.jpg,1,abnormal,B_001_016,B_001,B_001_016_20230821,0,train
B_001_016_20230821195332_001_002_000_002.jpg,./data/you_chalk_brood/abnormal/B_001_016_20230821195332_001_002_000_002.jpg,1,abnormal,B_001_016,B_001,B_001_016_20230821,0,train
B_001_016_20230821201844_001_001_000_002.jpg,./data/you_chalk_brood/abnormal/B_001_016_20230821201844_001_001_000_002.jpg,1,abnormal,B_001_016,B_001,B_001_016_20230821,0,test
B_001_016_20230821204311_001_001_000_002.jpg,./data/you_chalk_brood/abnormal/B_001_016_20230821204311_001_001_000_002.jpg,1,abnormal,B_001_016,B_001,B_001_016_20230821,0,test
B_001_016_20230822195009_001_002_000_002.jpg,./data/you_chalk_brood/abnormal/B_001_016_20230822195009_001_002_000_002.jpg,1,abnormal,B_001_016,B_001,B_001_016_20230822,0,train
B_001_016_20230822202047_001_003_000_002.jpg,./data/you_chalk_brood/abnormal/B_001_016_20230822202047_001_003_000_002.jpg,1,abnormal,B_001_016,B_001,B_001_016_20230822,0,train
B_001_016_20230822203512_001_003_000_002.jpg,./data/you_chalk_brood/abnormal/B_001_016_20230822203512_001_003_000_002.jpg,1,abnormal,B_001_016,B_001,B_001_016_20230822,0,train
B_001_016_20230822211719_001_004_000_002.jpg,./data/you_chalk_brood/abnormal/B_001_016_20230822211719_001_004_000_002.jpg,1,abnormal,B_001_016,B_001,B_001_016_20230822,0,test
B_001_016_20230906105325_001_003_000_002.jpg,./data/you_chalk_brood/abnormal/B_001_016_20230906105325_001_003_000_002.jpg,1,abnormal,B_001_016,B_001,B_001_016_20230906,0,test
B_001_017_20230819183259_001_002_000_002.jpg,./data/you_chalk_brood/abnormal/B_001_017_20230819183259_001_002_000_002.jpg,1,abnormal,B_001_017,B_001,B_001_017_20230819,0,train
B_001_017_20230819190112_001_001_000_002.jpg,./data/you_chalk_brood/abnormal/B_001_017_20230819190112_001_001_000_002.jpg,1,abnormal,B_001_017,B_001,B_001_017_20230819,0,val
B_001_017_20230819191120_001_004_000_002.jpg,./data/you_chalk_brood/abnormal/B_001_017_20230819191120_001_004_000_002.jpg,1,abnormal,B_001_017,B_001,B_001_017_20230819,0,train
B_001_017_20230819193516_001_004_000_002.jpg,./data/you_chalk_brood/abnormal/B_001_017_20230819193516_001_004_000_002.jpg,1,abnormal,B_001_017,B_001,B_001_017_20230819,0,train
B_001_017_20230819195032_001_001_000_002.jpg,./data/you_chalk_brood/abnormal/B_001_017_20230819195032_001_001_000_002.jpg,1,abnormal,B_001_017,B_001,B_001_017_20230819,0,test
B_001_017_20230820204540_001_004_000_002.jpg,./data/you_chalk_brood/abnormal/B_001_017_20230820204540_001_004_000_002.jpg,1,abnormal,B_001_017,B_001,B_001_017_20230820,0,train
B_001_017_20230820224627_001_003_000_002.jpg,./data/you_chalk_brood/abnormal/B_001_017_20230820224627_001_003_000_002.jpg,1,abnormal,B_001_017,B_001,B_001_017_20230820,0,train
B_001_017_20230821191807_001_003_000_002.jpg,./data/you_chalk_brood/abnormal/B_001_017_20230821191807_001_003_000_002.jpg,1,abnormal,B_001_017,B_001,B_001_017_20230821,0,test
B_001_017_20230822191218_001_004_000_002.jpg,./data/you_chalk_brood/abnormal/B_001_017_20230822191218_001_004_000_002.jpg,1,abnormal,B_001_017,B_001,B_001_017_20230822,0,train
B_001_018_20230819190532_001_004_000_002.jpg,./data/you_chalk_brood/abnormal/B_001_018_20230819190532_001_004_000_002.jpg,1,abnormal,B_001_018,B_001,B_001_018_20230819,0,train
B_001_018_20230819195833_001_001_000_002.jpg,./data/you_chalk_brood/abnormal/B_001_018_20230819195833_001_001_000_002.jpg,1,abnormal,B_001_018,B_001,B_001_018_20230819,0,test
B_001_018_20230819204913_001_003_000_002.jpg,./data/you_chalk_brood/abnormal/B_001_018_20230819204913_001_003_000_002.jpg,1,abnormal,B_001_018,B_001,B_001_018_20230819,0,train
B_001_018_20230819211902_001_004_000_002.jpg,./data/you_chalk_brood/abnormal/B_001_018_20230819211902_001_004_000_002.jpg,1,abnormal,B_001_018,B_001,B_001_018_20230819,0,test
B_001_018_20230819212534_001_002_000_002.jpg,./data/you_chalk_brood/abnormal/B_001_018_20230819212534_001_002_000_002.jpg,1,abnormal,B_001_018,B_001,B_001_018_20230819,0,train
B_001_018_20230819213547_001_001_000_002.jpg,./data/you_chalk_brood/abnormal/B_001_018_20230819213547_001_001_000_002.jpg,1,abnormal,B_001_018,B_001,B_001_018_20230819,0,test
B_001_018_20230819214217_001_004_000_002.jpg,./data/you_chalk_brood/abnormal/B_001_018_20230819214217_001_004_000_002.jpg,1,abnormal,B_001_018,B_001,B_001_018_20230819,0,val
B_001_018_20230820192428_001_001_000_002.jpg,./data/you_chalk_brood/abnormal/B_001_018_20230820192428_001_001_000_002.jpg,1,abnormal,B_001_018,B_001,B_001_018_20230820,0,test
B_001_018_20230820194543_001_003_000_002.jpg,./data/you_chalk_brood/abnormal/B_001_018_20230820194543_001_003_000_002.jpg,1,abnormal,B_001_018,B_001,B_001_018_20230820,0,train
B_001_018_20230820215338_001_002_000_002.jpg,./data/you_chalk_brood/abnormal/B_001_018_20230820215338_001_002_000_002.jpg,1,abnormal,B_001_018,B_001,B_001_018_20230820,0,train
B_001_018_20230820222608_001_003_000_002.jpg,./data/you_chalk_brood/abnormal/B_001_018_20230820222608_001_003_000_002.jpg,1,abnormal,B_001_018,B_001,B_001_018_20230820,0,train
B_001_018_20230821201342_001_003_000_002.jpg,./data/you_chalk_brood/abnormal/B_001_018_20230821201342_001_003_000_002.jpg,1,abnormal,B_001_018,B_001,B_001_018_20230821,0,test
B_001_018_20230821224203_001_004_000_002.jpg,./data/you_chalk_brood/abnormal/B_001_018_20230821224203_001_004_000_002.jpg,1,abnormal,B_001_018,B_001,B_001_018_20230821,0,test
B_001_019_20230819183009_001_001_000_002.jpg,./data/you_chalk_brood/abnormal/B_001_019_20230819183009_001_001_000_002.jpg,1,abnormal,B_001_019,B_001,B_001_019_20230819,0,test
B_001_019_20230819192255_001_004_000_002.jpg,./data/you_chalk_brood/abnormal/B_001_019_20230819192255_001_004_000_002.jpg,1,abnormal,B_001_019,B_001,B_001_019_20230819,0,test
B_001_019_20230819193644_001_003_000_002.jpg,./data/you_chalk_brood/abnormal/B_001_019_20230819193644_001_003_000_002.jpg,1,abnormal,B_001_019,B_001,B_001_019_20230819,0,train
B_001_019_20230819211150_001_003_000_002.jpg,./data/you_chalk_brood/abnormal/B_001_019_20230819211150_001_003_000_002.jpg,1,abnormal,B_001_019,B_001,B_001_019_20230819,0,test
B_001_019_20230819224056_001_001_000_002.jpg,./data/you_chalk_brood/abnormal/B_001_019_20230819224056_001_001_000_002.jpg,1,abnormal,B_001_019,B_001,B_001_019_20230819,0,val
B_001_019_20230820185321_001_004_000_002.jpg,./data/you_chalk_brood/abnormal/B_001_019_20230820185321_001_004_000_002.jpg,1,abnormal,B_001_019,B_001,B_001_019_20230820,0,train
B_001_019_20230820190451_001_003_000_002.jpg,./data/you_chalk_brood/abnormal/B_001_019_20230820190451_001_003_000_002.jpg,1,abnormal,B_001_019,B_001,B_001_019_20230820,0,train
B_001_019_20230820222400_001_004_000_002.jpg,./data/you_chalk_brood/abnormal/B_001_019_20230820222400_001_004_000_002.jpg,1,abnormal,B_001_019,B_001,B_001_019_20230820,0,test
B_001_019_20230821180352_001_003_000_002.jpg,./data/you_chalk_brood/abnormal/B_001_019_20230821180352_001_003_000_002.jpg,1,abnormal,B_001_019,B_001,B_001_019_20230821,0,test
B_001_019_20230821201259_001_003_000_002.jpg,./data/you_chalk_brood/abnormal/B_001_019_20230821201259_001_003_000_002.jpg,1,abnormal,B_001_019,B_001,B_001_019_20230821,0,train
B_001_019_20230821224247_001_003_000_002.jpg,./data/you_chalk_brood/abnormal/B_001_019_20230821224247_001_003_000_002.jpg,1,abnormal,B_001_019,B_001,B_001_019_20230821,0,train
B_001_019_20230822192828_001_001_000_002.jpg,./data/you_chalk_brood/abnormal/B_001_019_20230822192828_001_001_000_002.jpg,1,abnormal,B_001_019,B_001,B_001_019_20230822,0,train
B_001_019_20230822210338_001_003_000_002.jpg,./data/you_chalk_brood/abnormal/B_001_019_20230822210338_001_003_000_002.jpg,1,abnormal,B_001_019,B_001,B_001_019_20230822,0,train
B_001_020_20230820182126_001_003_000_002.jpg,./data/you_chalk_brood/abnormal/B_001_020_20230820182126_001_003_000_002.jpg,1,abnormal,B_001_020,B_001,B_001_020_20230820,0,test
B_001_020_20230820224340_001_002_000_002.jpg,./data/you_chalk_brood/abnormal/B_001_020_20230820224340_001_002_000_002.jpg,1,abnormal,B_001_020,B_001,B_001_020_20230820,0,train
B_001_020_20230821184601_001_003_000_002.jpg,./data/you_chalk_brood/abnormal/B_001_020_20230821184601_001_003_000_002.jpg,1,abnormal,B_001_020,B_001,B_001_020_20230821,0,train
B_001_020_20230821191855_001_002_000_002.jpg,./data/you_chalk_brood/abnormal/B_001_020_20230821191855_001_002_000_002.jpg,1,abnormal,B_001_020,B_001,B_001_020_20230821,0,val
B_001_020_20230821202731_001_004_000_002.jpg,./data/you_chalk_brood/abnormal/B_001_020_20230821202731_001_004_000_002.jpg,1,abnormal,B_001_020,B_001,B_001_020_20230821,0,train
B_001_020_20230821213743_001_001_000_002.jpg,./data/you_chalk_brood/abnormal/B_001_020_20230821213743_001_001_000_002.jpg,1,abnormal,B_001_020,B_001,B_001_020_20230821,0,train
B_001_020_20230821222150_001_004_000_002.jpg,./data/you_chalk_brood/abnormal/B_001_020_20230821222150_001_004_000_002.jpg,1,abnormal,B_001_020,B_001,B_001_020_20230821,0,train
B_001_020_20230822190214_001_002_000_002.jpg,./data/you_chalk_brood/abnormal/B_001_020_20230822190214_001_002_000_002.jpg,1,abnormal,B_001_020,B_001,B_001_020_20230822,0,test
B_001_021_20230819201142_001_003_000_002.jpg,./data/you_chalk_brood/abnormal/B_001_021_20230819201142_001_003_000_002.jpg,1,abnormal,B_001_021,B_001,B_001_021_20230819,0,train
B_001_021_20230819220238_001_002_000_002.jpg,./data/you_chalk_brood/abnormal/B_001_021_20230819220238_001_002_000_002.jpg,1,abnormal,B_001_021,B_001,B_001_021_20230819,0,train
B_001_021_20230820183724_001_004_000_002.jpg,./data/you_chalk_brood/abnormal/B_001_021_20230820183724_001_004_000_002.jpg,1,abnormal,B_001_021,B_001,B_001_021_20230820,0,test
B_001_021_20230820194548_001_004_000_002.jpg,./data/you_chalk_brood/abnormal/B_001_021_20230820194548_001_004_000_002.jpg,1,abnormal,B_001_021,B_001,B_001_021_20230820,0,train
B_001_021_20230820211651_001_003_000_002.jpg,./data/you_chalk_brood/abnormal/B_001_021_20230820211651_001_003_000_002.jpg,1,abnormal,B_001_021,B_001,B_001_021_20230820,0,train
B_001_021_20230820215427_001_001_000_002.jpg,./data/you_chalk_brood/abnormal/B_001_021_20230820215427_001_001_000_002.jpg,1,abnormal,B_001_021,B_001,B_001_021_20230820,0,val
B_001_021_20230820215427_001_003_000_002.jpg,./data/you_chalk_brood/abnormal/B_001_021_20230820215427_001_003_000_002.jpg,1,abnormal,B_001_021,B_001,B_001_021_20230820,0,train
B_001_021_20230821190206_001_002_000_002.jpg,./data/you_chalk_brood/abnormal/B_001_021_20230821190206_001_002_000_002.jpg,1,abnormal,B_001_021,B_001,B_001_021_20230821,0,test
B_001_021_20230821201303_001_002_000_002.jpg,./data/you_chalk_brood/abnormal/B_001_021_20230821201303_001_002_000_002.jpg,1,abnormal,B_001_021,B_001,B_001_021_20230821,0,val
B_001_021_20230822180924_001_001_000_002.jpg,./data/you_chalk_brood/abnormal/B_001_021_20230822180924_001_001_000_002.jpg,1,abnormal,B_001_021,B_001,B_001_021_20230822,0,train
B_001_021_20230822182857_001_004_000_002.jpg,./data/you_chalk_brood/abnormal/B_001_021_20230822182857_001_004_000_002.jpg,1,abnormal,B_001_021,B_001,B_001_021_20230822,0,test
B_001_021_20230822200236_001_004_000_002.jpg,./data/you_chalk_brood/abnormal/B_001_021_20230822200236_001_004_000_002.jpg,1,abnormal,B_001_021,B_001,B_001_021_20230822,0,test
B_001_021_20230822203224_001_002_000_002.jpg,./data/you_chalk_brood/abnormal/B_001_021_20230822203224_001_002_000_002.jpg,1,abnormal,B_001_021,B_001,B_001_021_20230822,0,test
B_001_021_20230822204820_001_001_000_002.jpg,./data/you_chalk_brood/abnormal/B_001_021_20230822204820_001_001_000_002.jpg,1,abnormal,B_001_021,B_001,B_001_021_20230822,0,train
B_001_022_20230819193815_001_002_000_002.jpg,./data/you_chalk_brood/abnormal/B_001_022_20230819193815_001_002_000_002.jpg,1,abnormal,B_001_022,B_001,B_001_022_20230819,0,train
B_001_022_20230819200258_001_002_000_002.jpg,./data/you_chalk_brood/abnormal/B_001_022_20230819200258_001_002_000_002.jpg,1,abnormal,B_001_022,B_001,B_001_022_20230819,0,train
B_001_022_20230820181917_001_001_000_002.jpg,./data/you_chalk_brood/abnormal/B_001_022_20230820181917_001_001_000_002.jpg,1,abnormal,B_001_022,B_001,B_001_022_20230820,0,train
B_001_022_20230820191846_001_002_000_002.jpg,./data/you_chalk_brood/abnormal/B_001_022_20230820191846_001_002_000_002.jpg,1,abnormal,B_001_022,B_001,B_001_022_20230820,0,test
B_001_022_20230820200529_001_003_000_002.jpg,./data/you_chalk_brood/abnormal/B_001_022_20230820200529_001_003_000_002.jpg,1,abnormal,B_001_022,B_001,B_001_022_20230820,0,train
B_001_022_20230820200736_001_002_000_002.jpg,./data/you_chalk_brood/abnormal/B_001_022_20230820200736_001_002_000_002.jpg,1,abnormal,B_001_022,B_001,B_001_022_20230820,0,val
B_001_022_20230821185910_001_004_000_002.jpg,./data/you_chalk_brood/abnormal/B_001_022_20230821185910_001_004_000_002.jpg,1,abnormal,B_001_022,B_001,B_001_022_20230821,0,val
B_001_022_20230821193242_001_003_000_002.jpg,./data/you_chalk_brood/abnormal/B_001_022_20230821193242_001_003_000_002.jpg,1,abnormal,B_001_022,B_001,B_001_022_20230821,0,train
B_001_022_20230821203444_001_003_000_002.jpg,./data/you_chalk_brood/abnormal/B_001_022_20230821203444_001_003_000_002.jpg,1,abnormal,B_001_022,B_001,B_001_022_20230821,0,test
B_001_022_20230821203734_001_002_000_002.jpg,./data/you_chalk_brood/abnormal/B_001_022_20230821203734_001_002_000_002.jpg,1,abnormal,B_001_022,B_001,B_001_022_20230821,0,train
B_001_022_20230821211926_001_002_000_002.jpg,./data/you_chalk_brood/abnormal/B_001_022_20230821211926_001_002_000_002.jpg,1,abnormal,B_001_022,B_001,B_001_022_20230821,0,test
B_001_022_20230822180717_001_004_000_002.jpg,./data/you_chalk_brood/abnormal/B_001_022_20230822180717_001_004_000_002.jpg,1,abnormal,B_001_022,B_001,B_001_022_20230822,0,test
B_001_022_20230822192917_001_003_000_002.jpg,./data/you_chalk_brood/abnormal/B_001_022_20230822192917_001_003_000_002.jpg,1,abnormal,B_001_022,B_001,B_001_022_20230822,0,test
B_001_022_20230822195648_001_001_000_002.jpg,./data/you_chalk_brood/abnormal/B_001_022_20230822195648_001_001_000_002.jpg,1,abnormal,B_001_022,B_001,B_001_022_20230822,0,test
B_001_022_20230822203520_001_003_000_002.jpg,./data/you_chalk_brood/abnormal/B_001_022_20230822203520_001_003_000_002.jpg,1,abnormal,B_001_022,B_001,B_001_022_20230822,0,train
B_001_023_20230819183645_001_002_000_002.jpg,./data/you_chalk_brood/abnormal/B_001_023_20230819183645_001_002_000_002.jpg,1,abnormal,B_001_023,B_001,B_001_023_20230819,0,test
B_001_023_20230819184110_001_004_000_002.jpg,./data/you_chalk_brood/abnormal/B_001_023_20230819184110_001_004_000_002.jpg,1,abnormal,B_001_023,B_001,B_001_023_20230819,0,train
B_001_023_20230819192810_001_001_000_002.jpg,./data/you_chalk_brood/abnormal/B_001_023_20230819192810_001_001_000_002.jpg,1,abnormal,B_001_023,B_001,B_001_023_20230819,0,train
B_001_023_20230820181455_001_002_000_002.jpg,./data/you_chalk_brood/abnormal/B_001_023_20230820181455_001_002_000_002.jpg,1,abnormal,B_001_023,B_001,B_001_023_20230820,0,test
B_001_023_20230820200148_001_002_000_002.jpg,./data/you_chalk_brood/abnormal/B_001_023_20230820200148_001_002_000_002.jpg,1,abnormal,B_001_023,B_001,B_001_023_20230820,0,train
B_001_023_20230820215512_001_002_000_002.jpg,./data/you_chalk_brood/abnormal/B_001_023_20230820215512_001_002_000_002.jpg,1,abnormal,B_001_023,B_001,B_001_023_20230820,0,test
B_001_023_20230821185401_001_003_000_002.jpg,./data/you_chalk_brood/abnormal/B_001_023_20230821185401_001_003_000_002.jpg,1,abnormal,B_001_023,B_001,B_001_023_20230821,0,test
B_001_023_20230821185657_001_002_000_002.jpg,./data/you_chalk_brood/abnormal/B_001_023_20230821185657_001_002_000_002.jpg,1,abnormal,B_001_023,B_001,B_001_023_20230821,0,test
B_001_023_20230821191604_001_003_000_002.jpg,./data/you_chalk_brood/abnormal/B_001_023_20230821191604_001_003_000_002.jpg,1,abnormal,B_001_023,B_001,B_001_023_20230821,0,train
B_001_023_20230821201810_001_001_000_002.jpg,./data/you_chalk_brood/abnormal/B_001_023_20230821201810_001_001_000_002.jpg,1,abnormal,B_001_023,B_001,B_001_023_20230821,0,train
B_001_023_20230821204321_001_003_000_002.jpg,./data/you_chalk_brood/abnormal/B_001_023_20230821204321_001_003_000_002.jpg,1,abnormal,B_001_023,B_001,B_001_023_20230821,0,train
B_001_023_20230821211637_001_001_000_002.jpg,./data/you_chalk_brood/abnormal/B_001_023_20230821211637_001_001_000_002.jpg,1,abnormal,B_001_023,B_001,B_001_023_20230821,0,train
B_001_023_20230821214758_001_001_000_002.jpg,./data/you_chalk_brood/abnormal/B_001_023_20230821214758_001_001_000_002.jpg,1,abnormal,B_001_023,B_001,B_001_023_20230821,0,train
B_001_023_20230822180801_001_002_000_002.jpg,./data/you_chalk_brood/abnormal/B_001_023_20230822180801_001_002_000_002.jpg,1,abnormal,B_001_023,B_001,B_001_023_20230822,0,train
B_001_023_20230822194809_001_003_000_002.jpg,./data/you_chalk_brood/abnormal/B_001_023_20230822194809_001_003_000_002.jpg,1,abnormal,B_001_023,B_001,B_001_023_20230822,0,train
B_001_023_20230822204612_001_002_000_002.jpg,./data/you_chalk_brood/abnormal/B_001_023_20230822204612_001_002_000_002.jpg,1,abnormal,B_001_023,B_001,B_001_023_20230822,0,train
B_001_023_20230822204908_001_001_000_002.jpg,./data/you_chalk_brood/abnormal/B_001_023_20230822204908_001_001_000_002.jpg,1,abnormal,B_001_023,B_001,B_001_023_20230822,0,val
B_001_023_20230822204908_001_003_000_002.jpg,./data/you_chalk_brood/abnormal/B_001_023_20230822204908_001_003_000_002.jpg,1,abnormal,B_001_023,B_001,B_001_023_20230822,0,train
B_001_023_20230901081926_001_004_000_002.jpg,./data/you_chalk_brood/abnormal/B_001_023_20230901081926_001_004_000_002.jpg,1,abnormal,B_001_023,B_001,B_001_023_20230901,0,val
B_001_024_20230819193316_001_002_000_002.jpg,./data/you_chalk_brood/abnormal/B_001_024_20230819193316_001_002_000_002.jpg,1,abnormal,B_001_024,B_001,B_001_024_20230819,0,train
B_001_024_20230819214942_001_004_000_002.jpg,./data/you_chalk_brood/abnormal/B_001_024_20230819214942_001_004_000_002.jpg,1,abnormal,B_001_024,B_001,B_001_024_20230819,0,train
B_001_024_20230819221207_001_004_000_002.jpg,./data/you_chalk_brood/abnormal/B_001_024_20230819221207_001_004_000_002.jpg,1,abnormal,B_001_024,B_001,B_001_024_20230819,0,train
B_001_024_20230820183009_001_004_000_002.jpg,./data/you_chalk_brood/abnormal/B_001_024_20230820183009_001_004_000_002.jpg,1,abnormal,B_001_024,B_001,B_001_024_20230820,0,train
B_001_024_20230820183138_001_002_000_002.jpg,./data/you_chalk_brood/abnormal/B_001_024_20230820183138_001_002_000_002.jpg,1,abnormal,B_001_024,B_001,B_001_024_20230820,0,val
B_001_024_20230820201033_001_001_000_002.jpg,./data/you_chalk_brood/abnormal/B_001_024_20230820201033_001_001_000_002.jpg,1,abnormal,B_001_024,B_001,B_001_024_20230820,0,train
B_001_024_20230821210628_001_003_000_002.jpg,./data/you_chalk_brood/abnormal/B_001_024_20230821210628_001_003_000_002.jpg,1,abnormal,B_001_024,B_001,B_001_024_20230821,0,val
B_001_024_20230822210557_001_002_000_002.jpg,./data/you_chalk_brood/abnormal/B_001_024_20230822210557_001_002_000_002.jpg,1,abnormal,B_001_024,B_001,B_001_024_20230822,0,train
B_001_024_20230901161707_001_001_000_002.jpg,./data/you_chalk_brood/abnormal/B_001_024_20230901161707_001_001_000_002.jpg,1,abnormal,B_001_024,B_001,B_001_024_20230901,0,val
B_001_025_20230819184744_001_001_000_002.jpg,./data/you_chalk_brood/abnormal/B_001_025_20230819184744_001_001_000_002.jpg,1,abnormal,B_001_025,B_001,B_001_025_20230819,0,test
B_001_025_20230819201612_001_002_000_002.jpg,./data/you_chalk_brood/abnormal/B_001_025_20230819201612_001_002_000_002.jpg,1,abnormal,B_001_025,B_001,B_001_025_20230819,0,test
B_001_025_20230819214733_001_001_000_002.jpg,./data/you_chalk_brood/abnormal/B_001_025_20230819214733_001_001_000_002.jpg,1,abnormal,B_001_025,B_001,B_001_025_20230819,0,train
B_001_025_20230820180322_001_003_000_002.jpg,./data/you_chalk_brood/abnormal/B_001_025_20230820180322_001_003_000_002.jpg,1,abnormal,B_001_025,B_001,B_001_025_20230820,0,val
B_001_025_20230820180742_001_001_000_002.jpg,./data/you_chalk_brood/abnormal/B_001_025_20230820180742_001_001_000_002.jpg,1,abnormal,B_001_025,B_001,B_001_025_20230820,0,train
B_001_025_20230820213042_001_002_000_002.jpg,./data/you_chalk_brood/abnormal/B_001_025_20230820213042_001_002_000_002.jpg,1,abnormal,B_001_025,B_001,B_001_025_20230820,0,train
B_001_025_20230820214925_001_001_000_002.jpg,./data/you_chalk_brood/abnormal/B_001_025_20230820214925_001_001_000_002.jpg,1,abnormal,B_001_025,B_001,B_001_025_20230820,0,train
B_001_025_20230821182341_001_003_000_002.jpg,./data/you_chalk_brood/abnormal/B_001_025_20230821182341_001_003_000_002.jpg,1,abnormal,B_001_025,B_001,B_001_025_20230821,0,test
B_001_025_20230821184441_001_004_000_002.jpg,./data/you_chalk_brood/abnormal/B_001_025_20230821184441_001_004_000_002.jpg,1,abnormal,B_001_025,B_001,B_001_025_20230821,0,test
B_001_025_20230821195514_001_003_000_002.jpg,./data/you_chalk_brood/abnormal/B_001_025_20230821195514_001_003_000_002.jpg,1,abnormal,B_001_025,B_001,B_001_025_20230821,0,val
B_001_025_20230822181642_001_001_000_002.jpg,./data/you_chalk_brood/abnormal/B_001_025_20230822181642_001_001_000_002.jpg,1,abnormal,B_001_025,B_001,B_001_025_20230822,0,test
B_001_025_20230822190640_001_002_000_002.jpg,./data/you_chalk_brood/abnormal/B_001_025_20230822190640_001_002_000_002.jpg,1,abnormal,B_001_025,B_001,B_001_025_20230822,0,train
B_001_025_20230822203442_001_001_000_002.jpg,./data/you_chalk_brood/abnormal/B_001_025_20230822203442_001_001_000_002.jpg,1,abnormal,B_001_025,B_001,B_001_025_20230822,0,train
B_001_025_20230822210136_001_001_000_002.jpg,./data/you_chalk_brood/abnormal/B_001_025_20230822210136_001_001_000_002.jpg,1,abnormal,B_001_025,B_001,B_001_025_20230822,0,test
B_001_025_20230825105412_001_001_000_002.jpg,./data/you_chalk_brood/abnormal/B_001_025_20230825105412_001_001_000_002.jpg,1,abnormal,B_001_025,B_001,B_001_025_20230825,0,train
B_001_025_20230825105505_001_004_000_002.jpg,./data/you_chalk_brood/abnormal/B_001_025_20230825105505_001_004_000_002.jpg,1,abnormal,B_001_025,B_001,B_001_025_20230825,0,test
B_001_025_20230908135705_001_002_000_002.jpg,./data/you_chalk_brood/abnormal/B_001_025_20230908135705_001_002_000_002.jpg,1,abnormal,B_001_025,B_001,B_001_025_20230908,0,train
B_001_026_20230819184409_001_002_000_002.jpg,./data/you_chalk_brood/abnormal/B_001_026_20230819184409_001_002_000_002.jpg,1,abnormal,B_001_026,B_001,B_001_026_20230819,0,test
B_001_026_20230819191048_001_002_000_002.jpg,./data/you_chalk_brood/abnormal/B_001_026_20230819191048_001_002_000_002.jpg,1,abnormal,B_001_026,B_001,B_001_026_20230819,0,train
B_001_026_20230819204339_001_003_000_002.jpg,./data/you_chalk_brood/abnormal/B_001_026_20230819204339_001_003_000_002.jpg,1,abnormal,B_001_026,B_001,B_001_026_20230819,0,train
B_001_026_20230819210443_001_004_000_002.jpg,./data/you_chalk_brood/abnormal/B_001_026_20230819210443_001_004_000_002.jpg,1,abnormal,B_001_026,B_001,B_001_026_20230819,0,train
B_001_026_20230819212206_001_003_000_002.jpg,./data/you_chalk_brood/abnormal/B_001_026_20230819212206_001_003_000_002.jpg,1,abnormal,B_001_026,B_001,B_001_026_20230819,0,test
B_001_026_20230819224400_001_002_000_002.jpg,./data/you_chalk_brood/abnormal/B_001_026_20230819224400_001_002_000_002.jpg,1,abnormal,B_001_026,B_001,B_001_026_20230819,0,train
B_001_026_20230819225030_001_004_000_002.jpg,./data/you_chalk_brood/abnormal/B_001_026_20230819225030_001_004_000_002.jpg,1,abnormal,B_001_026,B_001,B_001_026_20230819,0,val
B_001_026_20230820185707_001_002_000_002.jpg,./data/you_chalk_brood/abnormal/B_001_026_20230820185707_001_002_000_002.jpg,1,abnormal,B_001_026,B_001,B_001_026_20230820,0,test
B_001_026_20230820191219_001_003_000_002.jpg,./data/you_chalk_brood/abnormal/B_001_026_20230820191219_001_003_000_002.jpg,1,abnormal,B_001_026,B_001,B_001_026_20230820,0,val
B_001_026_20230820203340_001_003_000_002.jpg,./data/you_chalk_brood/abnormal/B_001_026_20230820203340_001_003_000_002.jpg,1,abnormal,B_001_026,B_001,B_001_026_20230820,0,val
B_001_026_20230820205723_001_004_000_002.jpg,./data/you_chalk_brood/abnormal/B_001_026_20230820205723_001_004_000_002.jpg,1,abnormal,B_001_026,B_001,B_001_026_20230820,0,val
B_001_026_20230820215433_001_004_000_002.jpg,./data/you_chalk_brood/abnormal/B_001_026_20230820215433_001_004_000_002.jpg,1,abnormal,B_001_026,B_001,B_001_026_20230820,0,test
B_001_026_20230820225230_001_004_000_002.jpg,./data/you_chalk_brood/abnormal/B_001_026_20230820225230_001_004_000_002.jpg,1,abnormal,B_001_026,B_001,B_001_026_20230820,0,train
B_001_026_20230820225525_001_002_000_002.jpg,./data/you_chalk_brood/abnormal/B_001_026_20230820225525_001_002_000_002.jpg,1,abnormal,B_001_026,B_001,B_001_026_20230820,0,test
B_001_026_20230821190129_001_003_000_002.jpg,./data/you_chalk_brood/abnormal/B_001_026_20230821190129_001_003_000_002.jpg,1,abnormal,B_001_026,B_001,B_001_026_20230821,0,train
B_001_026_20230821195432_001_004_000_002.jpg,./data/you_chalk_brood/abnormal/B_001_026_20230821195432_001_004_000_002.jpg,1,abnormal,B_001_026,B_001,B_001_026_20230821,0,train
B_001_026_20230821202445_001_004_000_002.jpg,./data/you_chalk_brood/abnormal/B_001_026_20230821202445_001_004_000_002.jpg,1,abnormal,B_001_026,B_001,B_001_026_20230821,0,test
B_001_026_20230821210006_001_003_000_002.jpg,./data/you_chalk_brood/abnormal/B_001_026_20230821210006_001_003_000_002.jpg,1,abnormal,B_001_026,B_001,B_001_026_20230821,0,train
B_001_026_20230821211134_001_004_000_002.jpg,./data/you_chalk_brood/abnormal/B_001_026_20230821211134_001_004_000_002.jpg,1,abnormal,B_001_026,B_001,B_001_026_20230821,0,train
B_001_027_20230819212758_001_004_000_002.jpg,./data/you_chalk_brood/abnormal/B_001_027_20230819212758_001_004_000_002.jpg,1,abnormal,B_001_027,B_001,B_001_027_20230819,0,test
B_001_027_20230819213727_001_002_000_002.jpg,./data/you_chalk_brood/abnormal/B_001_027_20230819213727_001_002_000_002.jpg,1,abnormal,B_001_027,B_001,B_001_027_20230819,0,train
B_001_027_20230819220712_001_003_000_002.jpg,./data/you_chalk_brood/abnormal/B_001_027_20230819220712_001_003_000_002.jpg,1,abnormal,B_001_027,B_001,B_001_027_20230819,0,train
B_001_027_20230819225239_001_004_000_002.jpg,./data/you_chalk_brood/abnormal/B_001_027_20230819225239_001_004_000_002.jpg,1,abnormal,B_001_027,B_001,B_001_027_20230819,0,val
B_001_027_20230820195816_001_003_000_002.jpg,./data/you_chalk_brood/abnormal/B_001_027_20230820195816_001_003_000_002.jpg,1,abnormal,B_001_027,B_001,B_001_027_20230820,0,train
B_001_027_20230820213211_001_003_000_002.jpg,./data/you_chalk_brood/abnormal/B_001_027_20230820213211_001_003_000_002.jpg,1,abnormal,B_001_027,B_001,B_001_027_20230820,0,test
B_001_027_20230821182853_001_003_000_002.jpg,./data/you_chalk_brood/abnormal/B_001_027_20230821182853_001_003_000_002.jpg,1,abnormal,B_001_027,B_001,B_001_027_20230821,0,train
B_001_027_20230821195434_001_001_000_002.jpg,./data/you_chalk_brood/abnormal/B_001_027_20230821195434_001_001_000_002.jpg,1,abnormal,B_001_027,B_001,B_001_027_20230821,0,test
B_001_027_20230821200726_001_004_000_002.jpg,./data/you_chalk_brood/abnormal/B_001_027_20230821200726_001_004_000_002.jpg,1,abnormal,B_001_027,B_001,B_001_027_20230821,0,train
B_001_027_20230822183330_001_004_000_002.jpg,./data/you_chalk_brood/abnormal/B_001_027_20230822183330_001_004_000_002.jpg,1,abnormal,B_001_027,B_001,B_001_027_20230822,0,train
B_001_027_20230822193429_001_002_000_002.jpg,./data/you_chalk_brood/abnormal/B_001_027_20230822193429_001_002_000_002.jpg,1,abnormal,B_001_027,B_001,B_001_027_20230822,0,val
B_001_027_20230822211147_001_003_000_002.jpg,./data/you_chalk_brood/abnormal/B_001_027_20230822211147_001_003_000_002.jpg,1,abnormal,B_001_027,B_001,B_001_027_20230822,0,train
B_001_028_20230819184917_001_004_000_002.jpg,./data/you_chalk_brood/abnormal/B_001_028_20230819184917_001_004_000_002.jpg,1,abnormal,B_001_028,B_001,B_001_028_20230819,0,val
B_001_028_20230819214151_001_004_000_002.jpg,./data/you_chalk_brood/abnormal/B_001_028_20230819214151_001_004_000_002.jpg,1,abnormal,B_001_028,B_001,B_001_028_20230819,0,train
B_001_028_20230819220919_001_002_000_002.jpg,./data/you_chalk_brood/abnormal/B_001_028_20230819220919_001_002_000_002.jpg,1,abnormal,B_001_028,B_001,B_001_028_20230819,0,train
B_001_028_20230820214512_001_002_000_002.jpg,./data/you_chalk_brood/abnormal/B_001_028_20230820214512_001_002_000_002.jpg,1,abnormal,B_001_028,B_001,B_001_028_20230820,0,test
B_001_028_20230820221033_001_003_000_002.jpg,./data/you_chalk_brood/abnormal/B_001_028_20230820221033_001_003_000_002.jpg,1,abnormal,B_001_028,B_001,B_001_028_20230820,0,test
B_001_028_20230820221913_001_003_000_002.jpg,./data/you_chalk_brood/abnormal/B_001_028_20230820221913_001_003_000_002.jpg,1,abnormal,B_001_028,B_001,B_001_028_20230820,0,train
B_001_028_20230820224058_001_001_000_002.jpg,./data/you_chalk_brood/abnormal/B_001_028_20230820224058_001_001_000_002.jpg,1,abnormal,B_001_028,B_001,B_001_028_20230820,0,train
B_001_028_20230821181251_001_003_000_002.jpg,./data/you_chalk_brood/abnormal/B_001_028_20230821181251_001_003_000_002.jpg,1,abnormal,B_001_028,B_001,B_001_028_20230821,0,train
B_001_028_20230821181929_001_002_000_002.jpg,./data/you_chalk_brood/abnormal/B_001_028_20230821181929_001_002_000_002.jpg,1,abnormal,B_001_028,B_001,B_001_028_20230821,0,test
B_001_028_20230821193543_001_002_000_002.jpg,./data/you_chalk_brood/abnormal/B_001_028_20230821193543_001_002_000_002.jpg,1,abnormal,B_001_028,B_001,B_001_028_20230821,0,train
B_001_028_20230821194215_001_003_000_002.jpg,./data/you_chalk_brood/abnormal/B_001_028_20230821194215_001_003_000_002.jpg,1,abnormal,B_001_028,B_001,B_001_028_20230821,0,val
B_001_028_20230821195807_001_004_000_002.jpg,./data/you_chalk_brood/abnormal/B_001_028_20230821195807_001_004_000_002.jpg,1,abnormal,B_001_028,B_001,B_001_028_20230821,0,test
B_001_028_20230821213249_001_003_000_002.jpg,./data/you_chalk_brood/abnormal/B_001_028_20230821213249_001_003_000_002.jpg,1,abnormal,B_001_028,B_001,B_001_028_20230821,0,val
B_001_028_20230821213417_001_004_000_002.jpg,./data/you_chalk_brood/abnormal/B_001_028_20230821213417_001_004_000_002.jpg,1,abnormal,B_001_028,B_001,B_001_028_20230821,0,train
B_001_028_20230821224558_001_004_000_002.jpg,./data/you_chalk_brood/abnormal/B_001_028_20230821224558_001_004_000_002.jpg,1,abnormal,B_001_028,B_001,B_001_028_20230821,0,val
B_001_028_20230822180724_001_001_000_002.jpg,./data/you_chalk_brood/abnormal/B_001_028_20230822180724_001_001_000_002.jpg,1,abnormal,B_001_028,B_001,B_001_028_20230822,0,val
B_001_028_20230822201002_001_001_000_002.jpg,./data/you_chalk_brood/abnormal/B_001_028_20230822201002_001_001_000_002.jpg,1,abnormal,B_001_028,B_001,B_001_028_20230822,0,train
B_001_028_20230822203404_001_004_000_002.jpg,./data/you_chalk_brood/abnormal/B_001_028_20230822203404_001_004_000_002.jpg,1,abnormal,B_001_028,B_001,B_001_028_20230822,0,train
B_001_028_20230827112304_001_003_000_002.jpg,./data/you_chalk_brood/abnormal/B_001_028_20230827112304_001_003_000_002.jpg,1,abnormal,B_001_028,B_001,B_001_028_20230827,0,train
B_001_028_20230828113508_001_002_000_002.jpg,./data/you_chalk_brood/abnormal/B_001_028_20230828113508_001_002_000_002.jpg,1,abnormal,B_001_028,B_001,B_001_028_20230828,0,train
B_001_028_20230905133633_001_002_000_002.jpg,./data/you_chalk_brood/abnormal/B_001_028_20230905133633_001_002_000_002.jpg,1,abnormal,B_001_028,B_001,B_001_028_20230905,0,train
B_001_029_20230819182731_001_001_000_002.jpg,./data/you_chalk_brood/abnormal/B_001_029_20230819182731_001_001_000_002.jpg,1,abnormal,B_001_029,B_001,B_001_029_20230819,0,test
B_001_029_20230819192605_001_004_000_002.jpg,./data/you_chalk_brood/abnormal/B_001_029_20230819192605_001_004_000_002.jpg,1,abnormal,B_001_029,B_001,B_001_029_20230819,0,test
B_001_029_20230819192902_001_003_000_002.jpg,./data/you_chalk_brood/abnormal/B_001_029_20230819192902_001_003_000_002.jpg,1,abnormal,B_001_029,B_001,B_001_029_20230819,0,test
B_001_029_20230819213225_001_002_000_002.jpg,./data/you_chalk_brood/abnormal/B_001_029_20230819213225_001_002_000_002.jpg,1,abnormal,B_001_029,B_001,B_001_029_20230819,0,train
B_001_029_20230819224952_001_004_000_002.jpg,./data/you_chalk_brood/abnormal/B_001_029_20230819224952_001_004_000_002.jpg,1,abnormal,B_001_029,B_001,B_001_029_20230819,0,test
B_001_029_20230820182434_001_003_000_002.jpg,./data/you_chalk_brood/abnormal/B_001_029_20230820182434_001_003_000_002.jpg,1,abnormal,B_001_029,B_001,B_001_029_20230820,0,train
B_001_029_20230820193630_001_003_000_002.jpg,./data/you_chalk_brood/abnormal/B_001_029_20230820193630_001_003_000_002.jpg,1,abnormal,B_001_029,B_001,B_001_029_20230820,0,test
B_001_029_20230820210355_001_003_000_002.jpg,./data/you_chalk_brood/abnormal/B_001_029_20230820210355_001_003_000_002.jpg,1,abnormal,B_001_029,B_001,B_001_029_20230820,0,train
B_001_029_20230821202956_001_004_000_002.jpg,./data/you_chalk_brood/abnormal/B_001_029_20230821202956_001_004_000_002.jpg,1,abnormal,B_001_029,B_001,B_001_029_20230821,0,val
B_001_029_20230821203412_001_004_000_002.jpg,./data/you_chalk_brood/abnormal/B_001_029_20230821203412_001_004_000_002.jpg,1,abnormal,B_001_029,B_001,B_001_029_20230821,0,val
B_001_029_20230821215429_001_004_000_002.jpg,./data/you_chalk_brood/abnormal/B_001_029_20230821215429_001_004_000_002.jpg,1,abnormal,B_001_029,B_001,B_001_029_20230821,0,train
B_001_029_20230821222038_001_003_000_002.jpg,./data/you_chalk_brood/abnormal/B_001_029_20230821222038_001_003_000_002.jpg,1,abnormal,B_001_029,B_001,B_001_029_20230821,0,test
B_001_029_20230822181353_001_001_000_002.jpg,./data/you_chalk_brood/abnormal/B_001_029_20230822181353_001_001_000_002.jpg,1,abnormal,B_001_029,B_001,B_001_029_20230822,0,train
B_001_029_20230822190814_001_003_000_002.jpg,./data/you_chalk_brood/abnormal/B_001_029_20230822190814_001_003_000_002.jpg,1,abnormal,B_001_029,B_001,B_001_029_20230822,0,test
B_001_029_20230822193854_001_003_000_002.jpg,./data/you_chalk_brood/abnormal/B_001_029_20230822193854_001_003_000_002.jpg,1,abnormal,B_001_029,B_001,B_001_029_20230822,0,train
B_001_029_20230822211738_001_004_000_002.jpg,./data/you_chalk_brood/abnormal/B_001_029_20230822211738_001_004_000_002.jpg,1,abnormal,B_001_029,B_001,B_001_029_20230822,0,test
B_001_029_20230907163334_001_004_000_002.jpg,./data/you_chalk_brood/abnormal/B_001_029_20230907163334_001_004_000_002.jpg,1,abnormal,B_001_029,B_001,B_001_029_20230907,0,test
B_001_030_20230819214319_001_001_000_002.jpg,./data/you_chalk_brood/abnormal/B_001_030_20230819214319_001_001_000_002.jpg,1,abnormal,B_001_030,B_001,B_001_030_20230819,0,train
B_001_030_20230819215031_001_001_000_002.jpg,./data/you_chalk_brood/abnormal/B_001_030_20230819215031_001_001_000_002.jpg,1,abnormal,B_001_030,B_001,B_001_030_20230819,0,train
B_001_030_20230821215640_001_001_000_002.jpg,./data/you_chalk_brood/abnormal/B_001_030_20230821215640_001_001_000_002.jpg,1,abnormal,B_001_030,B_001,B_001_030_20230821,0,train
B_001_030_20230908143537_001_002_000_002.jpg,./data/you_chalk_brood/abnormal/B_001_030_20230908143537_001_002_000_002.jpg,1,abnormal,B_001_030,B_001,B_001_030_20230908,0,test
B_001_001_20230905140435_001_002_000_000.jpg,./data/you_chalk_brood/normal/B_001_001_20230905140435_001_002_000_000.jpg,0,normal,B_001_001,B_001,B_001_001_20230905,0,train
B_001_001_20230907110744_001_003_000_000.jpg,./data/you_chalk_brood/normal/B_001_001_20230907110744_001_003_000_000.jpg,0,normal,B_001_001,B_001,B_001_001_20230907,0,val
B_001_001_20230907111158_001_004_000_000.jpg,./data/you_chalk_brood/normal/B_001_001_20230907111158_001_004_000_000.jpg,0,normal,B_001_001,B_001,B_001_001_20230907,0,test
B_001_001_20230909115725_001_003_000_000.jpg,./data/you_chalk_brood/normal/B_001_001_20230909115725_001_003_000_000.jpg,0,normal,B_001_001,B_001,B_001_001_20230909,0,train
B_001_001_20230910105435_001_003_000_000.jpg,./data/you_chalk_brood/normal/B_001_001_20230910105435_001_003_000_000.jpg,0,normal,B_001_001,B_001,B_001_001_20230910,0,test
B_001_002_20230819140159_001_003_000_000.jpg,./data/you_chalk_brood/normal/B_001_002_20230819140159_001_003_000_000.jpg,0,normal,B_001_002,B_001,B_001_002_20230819,0,train
B_001_002_20230825081614_001_001_000_000.jpg,./data/you_chalk_brood/normal/B_001_002_20230825081614_001_001_000_000.jpg,0,normal,B_001_002,B_001,B_001_002_20230825,0,train
B_001_002_20230904140309_001_003_000_000.jpg,./data/you_chalk_brood/normal/B_001_002_20230904140309_001_003_000_000.jpg,0,normal,B_001_002,B_001,B_001_002_20230904,0,train
B_001_002_20230904140356_001_004_000_000.jpg,./data/you_chalk_brood/normal/B_001_002_20230904140356_001_004_000_000.jpg,0,normal,B_001_002,B_001,B_001_002_20230904,0,train
B_001_002_20230908145202_001_001_000_000.jpg,./data/you_chalk_brood/normal/B_001_002_20230908145202_001_001_000_000.jpg,0,normal,B_001_002,B_001,B_001_002_20230908,0,train
B_001_003_20230823082835_001_004_000_000.jpg,./data/you_chalk_brood/normal/B_001_003_20230823082835_001_004_000_000.jpg,0,normal,B_001_003,B_001,B_001_003_20230823,0,val
B_001_003_20230823082924_001_002_000_000.jpg,./data/you_chalk_brood/normal/B_001_003_20230823082924_001_002_000_000.jpg,0,normal,B_001_003,B_001,B_001_003_20230823,0,test
B_001_003_20230823134318_001_002_000_000.jpg,./data/you_chalk_brood/normal/B_001_003_20230823134318_001_002_000_000.jpg,0,normal,B_001_003,B_001,B_001_003_20230823,0,train
B_001_003_20230825082123_001_004_000_000.jpg,./data/you_chalk_brood/normal/B_001_003_20230825082123_001_004_000_000.jpg,0,normal,B_001_003,B_001,B_001_003_20230825,0,train
B_001_003_20230825131745_001_003_000_000.jpg,./data/you_chalk_brood/normal/B_001_003_20230825131745_001_003_000_000.jpg,0,normal,B_001_003,B_001,B_001_003_20230825,0,train
B_001_003_20230829090024_001_001_000_000.jpg,./data/you_chalk_brood/normal/B_001_003_20230829090024_001_001_000_000.jpg,0,normal,B_001_003,B_001,B_001_003_20230829,0,train
B_001_003_20230829131553_001_003_000_000.jpg,./data/you_chalk_brood/normal/B_001_003_20230829131553_001_003_000_000.jpg,0,normal,B_001_003,B_001,B_001_003_20230829,0,test
B_001_004_20230904142118_001_002_000_000.jpg,./data/you_chalk_brood/normal/B_001_004_20230904142118_001_002_000_000.jpg,0,normal,B_001_004,B_001,B_001_004_20230904,0,val
B_001_004_20230910113658_001_004_000_000.jpg,./data/you_chalk_brood/normal/B_001_004_20230910113658_001_004_000_000.jpg,0,normal,B_001_004,B_001,B_001_004_20230910,0,val
B_001_004_20230910113855_001_004_000_000.jpg,./data/you_chalk_brood/normal/B_001_004_20230910113855_001_004_000_000.jpg,0,normal,B_001_004,B_001,B_001_004_20230910,0,train
B_001_005_20230820200754_001_004_000_000.jpg,./data/you_chalk_brood/normal/B_001_005_20230820200754_001_004_000_000.jpg,0,normal,B_001_005,B_001,B_001_005_20230820,0,test
B_001_005_20230821090757_001_003_000_000.jpg,./data/you_chalk_brood/normal/B_001_005_20230821090757_001_003_000_000.jpg,0,normal,B_001_005,B_001,B_001_005_20230821,0,train
B_001_005_20230825083223_001_003_000_000.jpg,./data/you_chalk_brood/normal/B_001_005_20230825083223_001_003_000_000.jpg,0,normal,B_001_005,B_001,B_001_005_20230825,0,test
B_001_005_20230827132449_001_003_000_000.jpg,./data/you_chalk_brood/normal/B_001_005_20230827132449_001_003_000_000.jpg,0,normal,B_001_005,B_001,B_001_005_20230827,0,test
B_001_005_20230907120004_001_002_000_000.jpg,./data/you_chalk_brood/normal/B_001_005_20230907120004_001_002_000_000.jpg,0,normal,B_001_005,B_001,B_001_005_20230907,0,train
B_001_005_20230908090123_001_003_000_000.jpg,./data/you_chalk_brood/normal/B_001_005_20230908090123_001_003_000_000.jpg,0,normal,B_001_005,B_001,B_001_005_20230908,0,train
B_001_005_20230910114953_001_004_000_000.jpg,./data/you_chalk_brood/normal/B_001_005_20230910114953_001_004_000_000.jpg,0,normal,B_001_005,B_001,B_001_005_20230910,0,train
B_001_006_20230823135709_001_002_000_000.jpg,./data/you_chalk_brood/normal/B_001_006_20230823135709_001_002_000_000.jpg,0,normal,B_001_006,B_001,B_001_006_20230823,0,val
B_001_006_20230824083226_001_002_000_000.jpg,./data/you_chalk_brood/normal/B_001_006_20230824083226_001_002_000_000.jpg,0,normal,B_001_006,B_001,B_001_006_20230824,0,val
B_001_006_20230825133313_001_002_000_000.jpg,./data/you_chalk_brood/normal/B_001_006_20230825133313_001_002_000_000.jpg,0,normal,B_001_006,B_001,B_001_006_20230825,0,train
B_001_006_20230825133534_001_004_000_000.jpg,./data/you_chalk_brood/normal/B_001_006_20230825133534_001_004_000_000.jpg,0,normal,B_001_006,B_001,B_001_006_20230825,0,test
B_001_006_20230828082609_001_002_000_000.jpg,./data/you_chalk_brood/normal/B_001_006_20230828082609_001_002_000_000.jpg,0,normal,B_001_006,B_001,B_001_006_20230828,0,test
B_001_006_20230904143736_001_004_000_000.jpg,./data/you_chalk_brood/normal/B_001_006_20230904143736_001_004_000_000.jpg,0,normal,B_001_006,B_001,B_001_006_20230904,0,train
B_001_006_20230904143746_001_004_000_000.jpg,./data/you_chalk_brood/normal/B_001_006_20230904143746_001_004_000_000.jpg,0,normal,B_001_006,B_001,B_001_006_20230904,0,train
B_001_006_20230909133859_001_002_000_000.jpg,./data/you_chalk_brood/normal/B_001_006_20230909133859_001_002_000_000.jpg,0,normal,B_001_006,B_001,B_001_006_20230909,0,train
B_001_006_20230910115820_001_004_000_000.jpg,./data/you_chalk_brood/normal/B_001_006_20230910115820_001_004_000_000.jpg,0,normal,B_001_006,B_001,B_001_006_20230910,0,train
B_001_007_20230826090335_001_001_000_000.jpg,./data/you_chalk_brood/normal/B_001_007_20230826090335_001_001_000_000.jpg,0,normal,B_001_007,B_001,B_001_007_20230826,0,test
B_001_007_20230906083655_001_003_000_000.jpg,./data/you_chalk_brood/normal/B_001_007_20230906083655_001_003_000_000.jpg,0,normal,B_001_007,B_001,B_001_007_20230906,0,train
B_001_007_20230906151913_001_001_000_000.jpg,./data/you_chalk_brood/normal/B_001_007_20230906151913_001_001_000_000.jpg,0,normal,B_001_007,B_001,B_001_007_20230906,0,test
B_001_007_20230906152056_001_004_000_000.jpg,./data/you_chalk_brood/normal/B_001_007_20230906152056_001_004_000_000.jpg,0,normal,B_001_007,B_001,B_001_007_20230906,0,train
B_001_008_20230908093637_001_001_000_000.jpg,./data/you_chalk_brood/normal/B_001_008_20230908093637_001_001_000_000.jpg,0,normal,B_001_008,B_001,B_001_008_20230908,0,train
B_001_008_20230910135329_001_001_000_000.jpg,./data/you_chalk_brood/normal/B_001_008_20230910135329_001_001_000_000.jpg,0,normal,B_001_008,B_001,B_001_008_20230910,0,train
B_001_008_20230910135407_001_003_000_000.jpg,./data/you_chalk_brood/normal/B_001_008_20230910135407_001_003_000_000.jpg,0,normal,B_001_008,B_001,B_001_008_20230910,0,test
B_001_009_20230825135357_001_002_000_000.jpg,./data/you_chalk_brood/normal/B_001_009_20230825135357_001_002_000_000.jpg,0,normal,B_001_009,B_001,B_001_009_20230825,0,train
B_001_009_20230909140014_001_003_000_000.jpg,./data/you_chalk_brood/normal/B_001_009_20230909140014_001_003_000_000.jpg,0,normal,B_001_009,B_001,B_001_009_20230909,0,train
B_001_010_20230826135654_001_003_000_000.jpg,./data/you_chalk_brood/normal/B_001_010_20230826135654_001_003_000_000.jpg,0,normal,B_001_010,B_001,B_001_010_20230826,0,train
B_001_010_20230829140515_001_004_000_000.jpg,./data/you_chalk_brood/normal/B_001_010_20230829140515_001_004_000_000.jpg,0,normal,B_001_010,B_001,B_001_010_20230829,0,val
B_001_010_20230906091357_001_003_000_000.jpg,./data/you_chalk_brood/normal/B_001_010_20230906091357_001_003_000_000.jpg,0,normal,B_001_010,B_001,B_001_010_20230906,0,test
B_001_010_20230910140224_001_003_000_000.jpg,./data/you_chalk_brood/normal/B_001_010_20230910140224_001_003_000_000.jpg,0,normal,B_001_010,B_001,B_001_010_20230910,0,train
B_001_011_20230819151024_001_002_000_000.jpg,./data/you_chalk_brood/normal/B_001_011_20230819151024_001_002_000_000.jpg,0,normal,B_001_011,B_001,B_001_011_20230819,0,train
B_001_011_20230904153336_001_001_000_000.jpg,./data/you_chalk_brood/normal/B_001_011_20230904153336_001_001_000_000.jpg,0,normal,B_001_011,B_001,B_001_011_20230904,0,test
B_001_011_20230908163546_001_002_000_000.jpg,./data/you_chalk_brood/normal/B_001_011_20230908163546_001_002_000_000.jpg,0,normal,B_001_011,B_001,B_001_011_20230908,0,train
B_001_011_20230909142653_001_003_000_000.jpg,./data/you_chalk_brood/normal/B_001_011_20230909142653_001_003_000_000.jpg,0,normal,B_001_011,B_001,B_001_011_20230909,0,test
B_001_011_20230910141026_001_001_000_000.jpg,./data/you_chalk_brood/normal/B_001_011_20230910141026_001_001_000_000.jpg,0,normal,B_001_011,B_001,B_001_011_20230910,0,train
B_001_012_20230819151849_001_001_000_000.jpg,./data/you_chalk_brood/normal/B_001_012_20230819151849_001_001_000_000.jpg,0,normal,B_001_012,B_001,B_001_012_20230819,0,train
B_001_012_20230820115323_001_002_000_000.jpg,./data/you_chalk_brood/normal/B_001_012_20230820115323_001_002_000_000.jpg,0,normal,B_001_012,B_001,B_001_012_20230820,0,test
B_001_012_20230824141239_001_002_000_000.jpg,./data/you_chalk_brood/normal/B_001_012_20230824141239_001_002_000_000.jpg,0,normal,B_001_012,B_001,B_001_012_20230824,0,val
B_001_012_20230826143225_001_002_000_000.jpg,./data/you_chalk_brood/normal/B_001_012_20230826143225_001_002_000_000.jpg,0,normal,B_001_012,B_001,B_001_012_20230826,0,test
B_001_012_20230826143225_001_003_000_000.jpg,./data/you_chalk_brood/normal/B_001_012_20230826143225_001_003_000_000.jpg,0,normal,B_001_012,B_001,B_001_012_20230826,0,train
B_001_012_20230901132221_001_003_000_000.jpg,./data/you_chalk_brood/normal/B_001_012_20230901132221_001_003_000_000.jpg,0,normal,B_001_012,B_001,B_001_012_20230901,0,test
B_001_012_20230904153959_001_003_000_000.jpg,./data/you_chalk_brood/normal/B_001_012_20230904153959_001_003_000_000.jpg,0,normal,B_001_012,B_001,B_001_012_20230904,0,test
B_001_012_20230907142616_001_001_000_000.jpg,./data/you_chalk_brood/normal/B_001_012_20230907142616_001_001_000_000.jpg,0,normal,B_001_012,B_001,B_001_012_20230907,0,test
B_001_012_20230907142834_001_004_000_000.jpg,./data/you_chalk_brood/normal/B_001_012_20230907142834_001_004_000_000.jpg,0,normal,B_001_012,B_001,B_001_012_20230907,0,train
B_001_012_20230907142940_001_001_000_000.jpg,./data/you_chalk_brood/normal/B_001_012_20230907142940_001_001_000_000.jpg,0,normal,B_001_012,B_001,B_001_012_20230907,0,val
B_001_012_20230908105653_001_002_000_000.jpg,./data/you_chalk_brood/normal/B_001_012_20230908105653_001_002_000_000.jpg,0,normal,B_001_012,B_001,B_001_012_20230908,0,train
B_001_012_20230908163635_001_001_000_000.jpg,./data/you_chalk_brood/normal/B_001_012_20230908163635_001_001_000_000.jpg,0,normal,B_001_012,B_001,B_001_012_20230908,0,train
B_001_012_20230909142748_001_004_000_000.jpg,./data/you_chalk_brood/normal/B_001_012_20230909142748_001_004_000_000.jpg,0,normal,B_001_012,B_001,B_001_012_20230909,0,train
B_001_013_20230901133944_001_003_000_000.jpg,./data/you_chalk_brood/normal/B_001_013_20230901133944_001_003_000_000.jpg,0,normal,B_001_013,B_001,B_001_013_20230901,0,test
B_001_013_20230910142250_001_004_000_000.jpg,./data/you_chalk_brood/normal/B_001_013_20230910142250_001_004_000_000.jpg,0,normal,B_001_013,B_001,B_001_013_20230910,0,test
B_001_014_20230831095145_001_001_000_000.jpg,./data/you_chalk_brood/normal/B_001_014_20230831095145_001_001_000_000.jpg,0,normal,B_001_014,B_001,B_001_014_20230831,0,train
B_001_014_20230908111304_001_003_000_000.jpg,./data/you_chalk_brood/normal/B_001_014_20230908111304_001_003_000_000.jpg,0,normal,B_001_014,B_001,B_001_014_20230908,0,val
B_001_014_20230908111924_001_001_000_000.jpg,./data/you_chalk_brood/normal/B_001_014_20230908111924_001_001_000_000.jpg,0,normal,B_001_014,B_001,B_001_014_20230908,0,val
B_001_014_20230909144845_001_001_000_000.jpg,./data/you_chalk_brood/normal/B_001_014_20230909144845_001_001_000_000.jpg,0,normal,B_001_014,B_001,B_001_014_20230909,0,val
B_001_015_20230831152816_001_004_000_000.jpg,./data/you_chalk_brood/normal/B_001_015_20230831152816_001_004_000_000.jpg,0,normal,B_001_015,B_001,B_001_015_20230831,0,test
B_001_015_20230902112524_001_003_000_000.jpg,./data/you_chalk_brood/normal/B_001_015_20230902112524_001_003_000_000.jpg,0,normal,B_001_015,B_001,B_001_015_20230902,0,train
B_001_015_20230909082731_001_004_000_000.jpg,./data/you_chalk_brood/normal/B_001_015_20230909082731_001_004_000_000.jpg,0,normal,B_001_015,B_001,B_001_015_20230909,0,test
B_001_015_20230909145357_001_002_000_000.jpg,./data/you_chalk_brood/normal/B_001_015_20230909145357_001_002_000_000.jpg,0,normal,B_001_015,B_001,B_001_015_20230909,0,test
B_001_016_20230906163226_001_002_000_000.jpg,./data/you_chalk_brood/normal/B_001_016_20230906163226_001_002_000_000.jpg,0,normal,B_001_016,B_001,B_001_016_20230906,0,val
B_001_018_20230826103249_001_003_000_000.jpg,./data/you_chalk_brood/normal/B_001_018_20230826103249_001_003_000_000.jpg,0,normal,B_001_018,B_001,B_001_018_20230826,0,test
B_001_018_20230826152230_001_001_000_000.jpg,./data/you_chalk_brood/normal/B_001_018_20230826152230_001_001_000_000.jpg,0,normal,B_001_018,B_001,B_001_018_20230826,0,val
B_001_018_20230827100708_001_003_000_000.jpg,./data/you_chalk_brood/normal/B_001_018_20230827100708_001_003_000_000.jpg,0,normal,B_001_018,B_001,B_001_018_20230827,0,val
B_001_018_20230827151426_001_001_000_000.jpg,./data/you_chalk_brood/normal/B_001_018_20230827151426_001_001_000_000.jpg,0,normal,B_001_018,B_001,B_001_018_20230827,0,train
B_001_018_20230827151808_001_004_000_000.jpg,./data/you_chalk_brood/normal/B_001_018_20230827151808_001_004_000_000.jpg,0,normal,B_001_018,B_001,B_001_018_20230827,0,test
B_001_018_20230830131904_001_004_000_000.jpg,./data/you_chalk_brood/normal/B_001_018_20230830131904_001_004_000_000.jpg,0,normal,B_001_018,B_001,B_001_018_20230830,0,train
B_001_018_20230909085843_001_004_000_000.jpg,./data/you_chalk_brood/normal/B_001_018_20230909085843_001_004_000_000.jpg,0,normal,B_001_018,B_001,B_001_018_20230909,0,test
B_001_019_20230823160925_001_003_000_000.jpg,./data/you_chalk_brood/normal/B_001_019_20230823160925_001_003_000_000.jpg,0,normal,B_001_019,B_001,B_001_019_20230823,0,train
B_001_019_20230824101340_001_001_000_000.jpg,./data/you_chalk_brood/normal/B_001_019_20230824101340_001_001_000_000.jpg,0,normal,B_001_019,B_001,B_001_019_20230824,0,test
B_001_019_20230824101352_001_003_000_000.jpg,./data/you_chalk_brood/normal/B_001_019_20230824101352_001_003_000_000.jpg,0,normal,B_001_019,B_001,B_001_019_20230824,0,test
B_001_019_20230824151340_001_004_000_000.jpg,./data/you_chalk_brood/normal/B_001_019_20230824151340_001_004_000_000.jpg,0,normal,B_001_019,B_001,B_001_019_20230824,0,val
B_001_019_20230825102333_001_002_000_000.jpg,./data/you_chalk_brood/normal/B_001_019_20230825102333_001_002_000_000.jpg,0,normal,B_001_019,B_001,B_001_019_20230825,0,test
B_001_019_20230828153457_001_004_000_000.jpg,./data/you_chalk_brood/normal/B_001_019_20230828153457_001_004_000_000.jpg,0,normal,B_001_019,B_001,B_001_019_20230828,0,train
B_001_019_20230904163710_001_002_000_000.jpg,./data/you_chalk_brood/normal/B_001_019_20230904163710_001_002_000_000.jpg,0,normal,B_001_019,B_001,B_001_019_20230904,0,train
B_001_019_20230906113636_001_002_000_000.jpg,./data/you_chalk_brood/normal/B_001_019_20230906113636_001_002_000_000.jpg,0,normal,B_001_019,B_001,B_001_019_20230906,0,train
B_001_019_20230906165336_001_001_000_000.jpg,./data/you_chalk_brood/normal/B_001_019_20230906165336_001_001_000_000.jpg,0,normal,B_001_019,B_001,B_001_019_20230906,0,val
B_001_020_20230907082431_001_004_000_000.jpg,./data/you_chalk_brood/normal/B_001_020_20230907082431_001_004_000_000.jpg,0,normal,B_001_020,B_001,B_001_020_20230907,0,train
B_001_020_20230907082614_001_003_000_000.jpg,./data/you_chalk_brood/normal/B_001_020_20230907082614_001_003_000_000.jpg,0,normal,B_001_020,B_001,B_001_020_20230907,0,val
B_001_021_20230910084354_001_001_000_000.jpg,./data/you_chalk_brood/normal/B_001_021_20230910084354_001_001_000_000.jpg,0,normal,B_001_021,B_001,B_001_021_20230910,0,train
B_001_021_20230910153211_001_001_000_000.jpg,./data/you_chalk_brood/normal/B_001_021_20230910153211_001_001_000_000.jpg,0,normal,B_001_021,B_001,B_001_021_20230910,0,train
B_001_021_20230910153249_001_002_000_000.jpg,./data/you_chalk_brood/normal/B_001_021_20230910153249_001_002_000_000.jpg,0,normal,B_001_021,B_001,B_001_021_20230910,0,train
B_001_021_20230910153637_001_004_000_000.jpg,./data/you_chalk_brood/normal/B_001_021_20230910153637_001_004_000_000.jpg,0,normal,B_001_021,B_001,B_001_021_20230910,0,train
B_001_022_20230824102655_001_004_000_000.jpg,./data/you_chalk_brood/normal/B_001_022_20230824102655_001_004_000_000.jpg,0,normal,B_001_022,B_001,B_001_022_20230824,0,test
B_001_022_20230824103008_001_001_000_000.jpg,./data/you_chalk_brood/normal/B_001_022_20230824103008_001_001_000_000.jpg,0,normal,B_001_022,B_001,B_001_022_20230824,0,train
B_001_022_20230826154804_001_003_000_000.jpg,./data/you_chalk_brood/normal/B_001_022_20230826154804_001_003_000_000.jpg,0,normal,B_001_022,B_001,B_001_022_20230826,0,train
B_001_022_20230905081518_001_001_000_000.jpg,./data/you_chalk_brood/normal/B_001_022_20230905081518_001_001_000_000.jpg,0,normal,B_001_022,B_001,B_001_022_20230905,0,val
B_001_022_20230908133419_001_002_000_000.jpg,./data/you_chalk_brood/normal/B_001_022_20230908133419_001_002_000_000.jpg,0,normal,B_001_022,B_001,B_001_022_20230908,0,test
B_001_022_20230908134025_001_001_000_000.jpg,./data/you_chalk_brood/normal/B_001_022_20230908134025_001_001_000_000.jpg,0,normal,B_001_022,B_001,B_001_022_20230908,0,test
B_001_022_20230910084719_001_001_000_000.jpg,./data/you_chalk_brood/normal/B_001_022_20230910084719_001_001_000_000.jpg,0,normal,B_001_022,B_001,B_001_022_20230910,0,train
B_001_023_20230820090148_001_001_000_000.jpg,./data/you_chalk_brood/normal/B_001_023_20230820090148_001_001_000_000.jpg,0,normal,B_001_023,B_001,B_001_023_20230820,0,test
B_001_023_20230821111634_001_002_000_000.jpg,./data/you_chalk_brood/normal/B_001_023_20230821111634_001_002_000_000.jpg,0,normal,B_001_023,B_001,B_001_023_20230821,0,test
B_001_023_20230907155815_001_003_000_000.jpg,./data/you_chalk_brood/normal/B_001_023_20230907155815_001_003_000_000.jpg,0,normal,B_001_023,B_001,B_001_023_20230907,0,test
B_001_023_20230910090617_001_003_000_000.jpg,./data/you_chalk_brood/normal/B_001_023_20230910090617_001_003_000_000.jpg,0,normal,B_001_023,B_001,B_001_023_20230910,0,train
B_001_023_20230910154640_001_004_000_000.jpg,./data/you_chalk_brood/normal/B_001_023_20230910154640_001_004_000_000.jpg,0,normal,B_001_023,B_001,B_001_023_20230910,0,train
B_001_023_20230910154714_001_002_000_000.jpg,./data/you_chalk_brood/normal/B_001_023_20230910154714_001_002_000_000.jpg,0,normal,B_001_023,B_001,B_001_023_20230910,0,train
B_001_023_20230910155035_001_001_000_000.jpg,./data/you_chalk_brood/normal/B_001_023_20230910155035_001_001_000_000.jpg,0,normal,B_001_023,B_001,B_001_023_20230910,0,test
B_001_024_20230909102810_001_003_000_000.jpg,./data/you_chalk_brood/normal/B_001_024_20230909102810_001_003_000_000.jpg,0,normal,B_001_024,B_001,B_001_024_20230909,0,train
B_001_024_20230909162709_001_003_000_000.jpg,./data/you_chalk_brood/normal/B_001_024_20230909162709_001_003_000_000.jpg,0,normal,B_001_024,B_001,B_001_024_20230909,0,test
B_001_024_20230910155651_001_002_000_000.jpg,./data/you_chalk_brood/normal/B_001_024_20230910155651_001_002_000_000.jpg,0,normal,B_001_024,B_001,B_001_024_20230910,0,test
B_001_025_20230907161202_001_001_000_000.jpg,./data/you_chalk_brood/normal/B_001_025_20230907161202_001_001_000_000.jpg,0,normal,B_001_025,B_001,B_001_025_20230907,0,train
B_001_025_20230907161231_001_001_000_000.jpg,./data/you_chalk_brood/normal/B_001_025_20230907161231_001_001_000_000.jpg,0,normal,B_001_025,B_001,B_001_025_20230907,0,test
B_001_025_20230909104609_001_003_000_000.jpg,./data/you_chalk_brood/normal/B_001_025_20230909104609_001_003_000_000.jpg,0,normal,B_001_025,B_001,B_001_025_20230909,0,test
B_001_025_20230910092131_001_001_000_000.jpg,./data/you_chalk_brood/normal/B_001_025_20230910092131_001_001_000_000.jpg,0,normal,B_001_025,B_001,B_001_025_20230910,0,train
B_001_025_20230910092353_001_004_000_000.jpg,./data/you_chalk_brood/normal/B_001_025_20230910092353_001_004_000_000.jpg,0,normal,B_001_025,B_001,B_001_025_20230910,0,train
B_001_026_20230904131603_001_002_000_000.jpg,./data/you_chalk_brood/normal/B_001_026_20230904131603_001_002_000_000.jpg,0,normal,B_001_026,B_001,B_001_026_20230904,0,val
B_001_026_20230905103502_001_004_000_000.jpg,./data/you_chalk_brood/normal/B_001_026_20230905103502_001_004_000_000.jpg,0,normal,B_001_026,B_001,B_001_026_20230905,0,train
B_001_026_20230905103507_001_002_000_000.jpg,./data/you_chalk_brood/normal/B_001_026_20230905103507_001_002_000_000.jpg,0,normal,B_001_026,B_001,B_001_026_20230905,0,test
B_001_026_20230905103704_001_004_000_000.jpg,./data/you_chalk_brood/normal/B_001_026_20230905103704_001_004_000_000.jpg,0,normal,B_001_026,B_001,B_001_026_20230905,0,train
B_001_026_20230905103906_001_004_000_000.jpg,./data/you_chalk_brood/normal/B_001_026_20230905103906_001_004_000_000.jpg,0,normal,B_001_026,B_001,B_001_026_20230905,0,train
B_001_027_20230825112011_001_002_000_000.jpg,./data/you_chalk_brood/normal/B_001_027_20230825112011_001_002_000_000.jpg,0,normal,B_001_027,B_001,B_001_027_20230825,0,train
B_001_027_20230829112851_001_002_000_000.jpg,./data/you_chalk_brood/normal/B_001_027_20230829112851_001_002_000_000.jpg,0,normal,B_001_027,B_001,B_001_027_20230829,0,test
B_001_027_20230909110210_001_002_000_000.jpg,./data/you_chalk_brood/normal/B_001_027_20230909110210_001_002_000_000.jpg,0,normal,B_001_027,B_001,B_001_027_20230909,0,train
B_001_028_20230824110025_001_003_000_000.jpg,./data/you_chalk_brood/normal/B_001_028_20230824110025_001_003_000_000.jpg,0,normal,B_001_028,B_001,B_001_028_20230824,0,train
B_001_028_20230825164058_001_003_000_000.jpg,./data/you_chalk_brood/normal/B_001_028_20230825164058_001_003_000_000.jpg,0,normal,B_001_028,B_001,B_001_028_20230825,0,val
B_001_028_20230826164149_001_004_000_000.jpg,./data/you_chalk_brood/normal/B_001_028_20230826164149_001_004_000_000.jpg,0,normal,B_001_028,B_001,B_001_028_20230826,0,test
B_001_028_20230827163459_001_001_000_000.jpg,./data/you_chalk_brood/normal/B_001_028_20230827163459_001_001_000_000.jpg,0,normal,B_001_028,B_001,B_001_028_20230827,0,val
B_001_028_20230831130614_001_004_000_000.jpg,./data/you_chalk_brood/normal/B_001_028_20230831130614_001_004_000_000.jpg,0,normal,B_001_028,B_001,B_001_028_20230831,0,train
B_001_028_20230907162943_001_003_000_000.jpg,./data/you_chalk_brood/normal/B_001_028_20230907162943_001_003_000_000.jpg,0,normal,B_001_028,B_001,B_001_028_20230907,0,test
B_001_029_20230822113144_001_001_000_000.jpg,./data/you_chalk_brood/normal/B_001_029_20230822113144_001_001_000_000.jpg,0,normal,B_001_029,B_001,B_001_029_20230822,0,train
B_001_029_20230907102218_001_004_000_000.jpg,./data/you_chalk_brood/normal/B_001_029_20230907102218_001_004_000_000.jpg,0,normal,B_001_029,B_001,B_001_029_20230907,0,val
B_001_029_20230907103847_001_002_000_000.jpg,./data/you_chalk_brood/normal/B_001_029_20230907103847_001_002_000_000.jpg,0,normal,B_001_029,B_001,B_001_029_20230907,0,train
B_001_029_20230907163310_001_002_000_000.jpg,./data/you_chalk_brood/normal/B_001_029_20230907163310_001_002_000_000.jpg,0,normal,B_001_029,B_001,B_001_029_20230907,0,train
B_001_029_20230907163319_001_001_000_000.jpg,./data/you_chalk_brood/normal/B_001_029_20230907163319_001_001_000_000.jpg,0,normal,B_001_029,B_001,B_001_029_20230907,0,test
B_001_029_20230909113306_001_001_000_000.jpg,./data/you_chalk_brood/normal/B_001_029_20230909113306_001_001_000_000.jpg,0,normal,B_001_029,B_001,B_001_029_20230909,0,train
B_001_030_20230905135551_001_001_000_000.jpg,./data/you_chalk_brood/normal/B_001_030_20230905135551_001_001_000_000.jpg,0,normal,B_001_030,B_001,B_001_030_20230905,0,train
B_001_030_20230906141225_001_004_000_000.jpg,./data/you_chalk_brood/normal/B_001_030_20230906141225_001_004_000_000.jpg,0,normal,B_001_030,B_001,B_001_030_20230906,0,train
B_001_030_20230910104623_001_001_000_000.jpg,./data/you_chalk_brood/normal/B_001_030_20230910104623_001_001_000_000.jpg,0,normal,B_001_030,B_001,B_001_030_20230910,0,train
C_001_001_20230831140409_001_001_000_000.jpg,./data/you_chalk_brood/normal/C_001_001_20230831140409_001_001_000_000.jpg,0,normal,C_001_001,C_001,C_001_001_20230831,0,train
C_001_002_20230829145715_001_001_000_000.jpg,./data/you_chalk_brood/normal/C_001_002_20230829145715_001_001_000_000.jpg,0,normal,C_001_002,C_001,C_001_002_20230829,0,test
C_001_002_20230829145737_001_001_000_000.jpg,./data/you_chalk_brood/normal/C_001_002_20230829145737_001_001_000_000.jpg,0,normal,C_001_002,C_001,C_001_002_20230829,0,val
C_001_005_20230821171650_001_001_000_000.jpg,./data/you_chalk_brood/normal/C_001_005_20230821171650_001_001_000_000.jpg,0,normal,C_001_005,C_001,C_001_005_20230821,0,train
C_001_005_20230821171952_001_001_000_000.jpg,./data/you_chalk_brood/normal/C_001_005_20230821171952_001_001_000_000.jpg,0,normal,C_001_005,C_001,C_001_005_20230821,0,train
C_001_005_20230821172456_001_001_000_000.jpg,./data/you_chalk_brood/normal/C_001_005_20230821172456_001_001_000_000.jpg,0,normal,C_001_005,C_001,C_001_005_20230821,0,val
C_001_005_20230821172540_001_001_000_000.jpg,./data/you_chalk_brood/normal/C_001_005_20230821172540_001_001_000_000.jpg,0,normal,C_001_005,C_001,C_001_005_20230821,0,train
C_001_005_20230821175515_001_001_000_000.jpg,./data/you_chalk_brood/normal/C_001_005_20230821175515_001_001_000_000.jpg,0,normal,C_001_005,C_001,C_001_005_20230821,0,train
C_001_005_20230821181255_001_001_000_000.jpg,./data/you_chalk_brood/normal/C_001_005_20230821181255_001_001_000_000.jpg,0,normal,C_001_005,C_001,C_001_005_20230821,0,val
C_001_006_20230822163518_001_001_000_000.jpg,./data/you_chalk_brood/normal/C_001_006_20230822163518_001_001_000_000.jpg,0,normal,C_001_006,C_001,C_001_006_20230822,0,val
C_001_013_20230822164044_001_001_000_000.jpg,./data/you_chalk_brood/normal/C_001_013_20230822164044_001_001_000_000.jpg,0,normal,C_001_013,C_001,C_001_013_20230822,0,test
C_001_013_20230822164124_001_001_000_000.jpg,./data/you_chalk_brood/normal/C_001_013_20230822164124_001_001_000_000.jpg,0,normal,C_001_013,C_001,C_001_013_20230822,0,train
C_001_015_20230828145032_001_001_000_000.jpg,./data/you_chalk_brood/normal/C_001_015_20230828145032_001_001_000_000.jpg,0,normal,C_001_015,C_001,C_001_015_20230828,0,train
C_001_017_20231011133646_001_001_000_000.jpg,./data/you_chalk_brood/normal/C_001_017_20231011133646_001_001_000_000.jpg,0,normal,C_001_017,C_001,C_001_017_20231011,0,test
C_001_017_20231011140334_001_001_000_000.jpg,./data/you_chalk_brood/normal/C_001_017_20231011140334_001_001_000_000.jpg,0,normal,C_001_017,C_001,C_001_017_20231011,0,train
C_001_017_20231011142748_001_001_000_000.jpg,./data/you_chalk_brood/normal/C_001_017_20231011142748_001_001_000_000.jpg,0,normal,C_001_017,C_001,C_001_017_20231011,0,train
C_001_017_20231011143806_001_001_000_000.jpg,./data/you_chalk_brood/normal/C_001_017_20231011143806_001_001_000_000.jpg,0,normal,C_001_017,C_001,C_001_017_20231011,0,train
C_001_018_20230826160933_001_001_000_000.jpg,./data/you_chalk_brood/normal/C_001_018_20230826160933_001_001_000_000.jpg,0,normal,C_001_018,C_001,C_001_018_20230826,0,test
C_001_018_20230826161023_001_001_000_000.jpg,./data/you_chalk_brood/normal/C_001_018_20230826161023_001_001_000_000.jpg,0,normal,C_001_018,C_001,C_001_018_20230826,0,train
C_001_018_20230826162125_001_001_000_000.jpg,./data/you_chalk_brood/normal/C_001_018_20230826162125_001_001_000_000.jpg,0,normal,C_001_018,C_001,C_001_018_20230826,0,test
C_001_018_20230826162655_001_001_000_000.jpg,./data/you_chalk_brood/normal/C_001_018_20230826162655_001_001_000_000.jpg,0,normal,C_001_018,C_001,C_001_018_20230826,0,train
C_001_018_20230826162705_001_001_000_000.jpg,./data/you_chalk_brood/normal/C_001_018_20230826162705_001_001_000_000.jpg,0,normal,C_001_018,C_001,C_001_018_20230826,0,train
C_001_018_20230826164937_001_001_000_000.jpg,./data/you_chalk_brood/normal/C_001_018_20230826164937_001_001_000_000.jpg,0,normal,C_001_018,C_001,C_001_018_20230826,0,train
C_001_018_20231012104840_001_001_000_000.jpg,./data/you_chalk_brood/normal/C_001_018_20231012104840_001_001_000_000.jpg,0,normal,C_001_018,C_001,C_001_018_20231012,0,train
C_001_018_20231012110234_001_001_000_000.jpg,./data/you_chalk_brood/normal/C_001_018_20231012110234_001_001_000_000.jpg,0,normal,C_001_018,C_001,C_001_018_20231012,0,train
C_001_018_20231012111524_001_001_000_000.jpg,./data/you_chalk_brood/normal/C_001_018_20231012111524_001_001_000_000.jpg,0,normal,C_001_018,C_001,C_001_018_20231012,0,test
C_001_018_20231012114428_001_001_000_000.jpg,./data/you_chalk_brood/normal/C_001_018_20231012114428_001_001_000_000.jpg,0,normal,C_001_018,C_001,C_001_018_20231012,0,test
C_001_018_20231012132436_001_001_000_000.jpg,./data/you_chalk_brood/normal/C_001_018_20231012132436_001_001_000_000.jpg,0,normal,C_001_018,C_001,C_001_018_20231012,0,train
C_001_018_20231012134814_001_001_000_000.jpg,./data/you_chalk_brood/normal/C_001_018_20231012134814_001_001_000_000.jpg,0,normal,C_001_018,C_001,C_001_018_20231012,0,train
C_001_018_20231012142320_001_001_000_000.jpg,./data/you_chalk_brood/normal/C_001_018_20231012142320_001_001_000_000.jpg,0,normal,C_001_018,C_001,C_001_018_20231012,0,train
C_001_018_20231012143714_001_001_000_000.jpg,./data/you_chalk_brood/normal/C_001_018_20231012143714_001_001_000_000.jpg,0,normal,C_001_018,C_001,C_001_018_20231012,0,test
C_001_018_20231012150622_001_001_000_000.jpg,./data/you_chalk_brood/normal/C_001_018_20231012150622_001_001_000_000.jpg,0,normal,C_001_018,C_001,C_001_018_20231012,0,test
C_001_018_20231012153632_001_001_000_000.jpg,./data/you_chalk_brood/normal/C_001_018_20231012153632_001_001_000_000.jpg,0,normal,C_001_018,C_001,C_001_018_20231012,0,test
C_001_018_20231012160316_001_001_000_000.jpg,./data/you_chalk_brood/normal/C_001_018_20231012160316_001_001_000_000.jpg,0,normal,C_001_018,C_001,C_001_018_20231012,0,val
C_001_018_20231012161804_001_001_000_000.jpg,./data/you_chalk_brood/normal/C_001_018_20231012161804_001_001_000_000.jpg,0,normal,C_001_018,C_001,C_001_018_20231012,0,test
C_001_018_20231012162240_001_001_000_000.jpg,./data/you_chalk_brood/normal/C_001_018_20231012162240_001_001_000_000.jpg,0,normal,C_001_018,C_001,C_001_018_20231012,0,test
C_001_018_20231012164100_001_001_000_000.jpg,./data/you_chalk_brood/normal/C_001_018_20231012164100_001_001_000_000.jpg,0,normal,C_001_018,C_001,C_001_018_20231012,0,train
C_001_018_20231012164852_001_001_000_000.jpg,./data/you_chalk_brood/normal/C_001_018_20231012164852_001_001_000_000.jpg,0,normal,C_001_018,C_001,C_001_018_20231012,0,train
C_001_019_20230909155531_001_001_000_000.jpg,./data/you_chalk_brood/normal/C_001_019_20230909155531_001_001_000_000.jpg,0,normal,C_001_019,C_001,C_001_019_20230909,0,train
C_001_019_20231013104650_001_001_000_000.jpg,./data/you_chalk_brood/normal/C_001_019_20231013104650_001_001_000_000.jpg,0,normal,C_001_019,C_001,C_001_019_20231013,0,test
C_001_019_20231013104752_001_001_000_000.jpg,./data/you_chalk_brood/normal/C_001_019_20231013104752_001_001_000_000.jpg,0,normal,C_001_019,C_001,C_001_019_20231013,0,train
C_001_019_20231013112220_001_001_000_000.jpg,./data/you_chalk_brood/normal/C_001_019_20231013112220_001_001_000_000.jpg,0,normal,C_001_019,C_001,C_001_019_20231013,0,train
C_001_019_20231013113554_001_001_000_000.jpg,./data/you_chalk_brood/normal/C_001_019_20231013113554_001_001_000_000.jpg,0,normal,C_001_019,C_001,C_001_019_20231013,0,train
C_001_019_20231013114920_001_001_000_000.jpg,./data/you_chalk_brood/normal/C_001_019_20231013114920_001_001_000_000.jpg,0,normal,C_001_019,C_001,C_001_019_20231013,0,val
C_001_019_20231013132952_001_001_000_000.jpg,./data/you_chalk_brood/normal/C_001_019_20231013132952_001_001_000_000.jpg,0,normal,C_001_019,C_001,C_001_019_20231013,0,train
C_001_019_20231013134852_001_001_000_000.jpg,./data/you_chalk_brood/normal/C_001_019_20231013134852_001_001_000_000.jpg,0,normal,C_001_019,C_001,C_001_019_20231013,0,test
C_001_019_20231013135444_001_001_000_000.jpg,./data/you_chalk_brood/normal/C_001_019_20231013135444_001_001_000_000.jpg,0,normal,C_001_019,C_001,C_001_019_20231013,0,test
C_001_019_20231013141058_001_001_000_000.jpg,./data/you_chalk_brood/normal/C_001_019_20231013141058_001_001_000_000.jpg,0,normal,C_001_019,C_001,C_001_019_20231013,0,val
C_001_019_20231013142750_001_001_000_000.jpg,./data/you_chalk_brood/normal/C_001_019_20231013142750_001_001_000_000.jpg,0,normal,C_001_019,C_001,C_001_019_20231013,0,train
C_001_019_20231013142908_001_001_000_000.jpg,./data/you_chalk_brood/normal/C_001_019_20231013142908_001_001_000_000.jpg,0,normal,C_001_019,C_001,C_001_019_20231013,0,train
C_001_019_20231013144757_001_001_000_000.jpg,./data/you_chalk_brood/normal/C_001_019_20231013144757_001_001_000_000.jpg,0,normal,C_001_019,C_001,C_001_019_20231013,0,test
C_001_019_20231013145309_001_001_000_000.jpg,./data/you_chalk_brood/normal/C_001_019_20231013145309_001_001_000_000.jpg,0,normal,C_001_019,C_001,C_001_019_20231013,0,test
C_001_019_20231013145841_001_001_000_000.jpg,./data/you_chalk_brood/normal/C_001_019_20231013145841_001_001_000_000.jpg,0,normal,C_001_019,C_001,C_001_019_20231013,0,train
C_001_019_20231013152347_001_001_000_000.jpg,./data/you_chalk_brood/normal/C_001_019_20231013152347_001_001_000_000.jpg,0,normal,C_001_019,C_001,C_001_019_20231013,0,test
C_001_019_20231013160357_001_001_000_000.jpg,./data/you_chalk_brood/normal/C_001_019_20231013160357_001_001_000_000.jpg,0,normal,C_001_019,C_001,C_001_019_20231013,0,val
C_001_019_20231013161221_001_001_000_000.jpg,./data/you_chalk_brood/normal/C_001_019_20231013161221_001_001_000_000.jpg,0,normal,C_001_019,C_001,C_001_019_20231013,0,test
C_001_019_20231013163521_001_001_000_000.jpg,./data/you_chalk_brood/normal/C_001_019_20231013163521_001_001_000_000.jpg,0,normal,C_001_019,C_001,C_001_019_20231013,0,test
C_001_019_20231013164317_001_001_000_000.jpg,./data/you_chalk_brood/normal/C_001_019_20231013164317_001_001_000_000.jpg,0,normal,C_001_019,C_001,C_001_019_20231013,0,test
C_002_001_20230909110033_001_001_000_000.jpg,./data/you_chalk_brood/normal/C_002_001_20230909110033_001_001_000_000.jpg,0,normal,C_002_001,C_002,C_002_001_20230909,0,test
C_002_001_20230909112703_001_001_000_000.jpg,./data/you_chalk_brood/normal/C_002_001_20230909112703_001_001_000_000.jpg,0,normal,C_002_001,C_002,C_002_001_20230909,0,val
C_002_001_20231011090903_001_002_000_000.jpg,./data/you_chalk_brood/normal/C_002_001_20231011090903_001_002_000_000.jpg,0,normal,C_002_001,C_002,C_002_001_20231011,0,train
C_002_001_20231011093915_001_002_000_000.jpg,./data/you_chalk_brood/normal/C_002_001_20231011093915_001_002_000_000.jpg,0,normal,C_002_001,C_002,C_002_001_20231011,0,train
C_002_001_20231011094650_001_002_000_000.jpg,./data/you_chalk_brood/normal/C_002_001_20231011094650_001_002_000_000.jpg,0,normal,C_002_001,C_002,C_002_001_20231011,0,val
C_002_001_20231011102223_001_002_000_000.jpg,./data/you_chalk_brood/normal/C_002_001_20231011102223_001_002_000_000.jpg,0,normal,C_002_001,C_002,C_002_001_20231011,0,train
C_002_001_20231011102307_001_002_000_000.jpg,./data/you_chalk_brood/normal/C_002_001_20231011102307_001_002_000_000.jpg,0,normal,C_002_001,C_002,C_002_001_20231011,0,test
C_002_001_20231011110646_001_002_000_000.jpg,./data/you_chalk_brood/normal/C_002_001_20231011110646_001_002_000_000.jpg,0,normal,C_002_001,C_002,C_002_001_20231011,0,train
C_002_001_20231011112308_001_002_000_000.jpg,./data/you_chalk_brood/normal/C_002_001_20231011112308_001_002_000_000.jpg,0,normal,C_002_001,C_002,C_002_001_20231011,0,test
C_002_001_20231011130834_001_002_000_000.jpg,./data/you_chalk_brood/normal/C_002_001_20231011130834_001_002_000_000.jpg,0,normal,C_002_001,C_002,C_002_001_20231011,0,train
C_002_001_20231011131133_001_002_000_000.jpg,./data/you_chalk_brood/normal/C_002_001_20231011131133_001_002_000_000.jpg,0,normal,C_002_001,C_002,C_002_001_20231011,0,test
C_002_001_20231011132119_001_002_000_000.jpg,./data/you_chalk_brood/normal/C_002_001_20231011132119_001_002_000_000.jpg,0,normal,C_002_001,C_002,C_002_001_20231011,0,train
C_002_001_20231011132512_001_002_000_000.jpg,./data/you_chalk_brood/normal/C_002_001_20231011132512_001_002_000_000.jpg,0,normal,C_002_001,C_002,C_002_001_20231011,0,train
C_002_001_20231011132754_001_002_000_000.jpg,./data/you_chalk_brood/normal/C_002_001_20231011132754_001_002_000_000.jpg,0,normal,C_002_001,C_002,C_002_001_20231011,0,test
C_002_001_20231011135715_001_002_000_000.jpg,./data/you_chalk_brood/normal/C_002_001_20231011135715_001_002_000_000.jpg,0,normal,C_002_001,C_002,C_002_001_20231011,0,train
C_002_001_20231011142308_001_002_000_000.jpg,./data/you_chalk_brood/normal/C_002_001_20231011142308_001_002_000_000.jpg,0,normal,C_002_001,C_002,C_002_001_20231011,0,train
C_002_001_20231011150909_001_002_000_000.jpg,./data/you_chalk_brood/normal/C_002_001_20231011150909_001_002_000_000.jpg,0,normal,C_002_001,C_002,C_002_001_20231011,0,train
C_002_001_20231011152913_001_002_000_000.jpg,./data/you_chalk_brood/normal/C_002_001_20231011152913_001_002_000_000.jpg,0,normal,C_002_001,C_002,C_002_001_20231011,0,train
C_002_001_20231011153645_001_002_000_000.jpg,./data/you_chalk_brood/normal/C_002_001_20231011153645_001_002_000_000.jpg,0,normal,C_002_001,C_002,C_002_001_20231011,0,test
C_002_001_20231011163944_001_002_000_000.jpg,./data/you_chalk_brood/normal/C_002_001_20231011163944_001_002_000_000.jpg,0,normal,C_002_001,C_002,C_002_001_20231011,0,train
C_002_002_20230909154257_001_001_000_000.jpg,./data/you_chalk_brood/normal/C_002_002_20230909154257_001_001_000_000.jpg,0,normal,C_002_002,C_002,C_002_002_20230909,0,test
C_002_002_20231012092226_001_002_000_000.jpg,./data/you_chalk_brood/normal/C_002_002_20231012092226_001_002_000_000.jpg,0,normal,C_002_002,C_002,C_002_002_20231012,0,test
C_002_002_20231012093047_001_002_000_000.jpg,./data/you_chalk_brood/normal/C_002_002_20231012093047_001_002_000_000.jpg,0,normal,C_002_002,C_002,C_002_002_20231012,0,val
C_002_002_20231012095434_001_002_000_000.jpg,./data/you_chalk_brood/normal/C_002_002_20231012095434_001_002_000_000.jpg,0,normal,C_002_002,C_002,C_002_002_20231012,0,train
C_002_002_20231012111907_001_002_000_000.jpg,./data/you_chalk_brood/normal/C_002_002_20231012111907_001_002_000_000.jpg,0,normal,C_002_002,C_002,C_002_002_20231012,0,val
C_002_002_20231012133834_001_002_000_000.jpg,./data/you_chalk_brood/normal/C_002_002_20231012133834_001_002_000_000.jpg,0,normal,C_002_002,C_002,C_002_002_20231012,0,train
C_002_002_20231012142600_001_002_000_000.jpg,./data/you_chalk_brood/normal/C_002_002_20231012142600_001_002_000_000.jpg,0,normal,C_002_002,C_002,C_002_002_20231012,0,train
C_002_002_20231012143034_001_002_000_000.jpg,./data/you_chalk_brood/normal/C_002_002_20231012143034_001_002_000_000.jpg,0,normal,C_002_002,C_002,C_002_002_20231012,0,test
C_002_002_20231012143424_001_002_000_000.jpg,./data/you_chalk_brood/normal/C_002_002_20231012143424_001_002_000_000.jpg,0,normal,C_002_002,C_002,C_002_002_20231012,0,test
C_002_002_20231012154244_001_002_000_000.jpg,./data/you_chalk_brood/normal/C_002_002_20231012154244_001_002_000_000.jpg,0,normal,C_002_002,C_002,C_002_002_20231012,0,train
C_002_002_20231012161523_001_002_000_000.jpg,./data/you_chalk_brood/normal/C_002_002_20231012161523_001_002_000_000.jpg,0,normal,C_002_002,C_002,C_002_002_20231012,0,test
C_002_002_20231012161738_001_002_000_000.jpg,./data/you_chalk_brood/normal/C_002_002_20231012161738_001_002_000_000.jpg,0,normal,C_002_002,C_002,C_002_002_20231012,0,train
C_002_002_20231012161941_001_002_000_000.jpg,./data/you_chalk_brood/normal/C_002_002_20231012161941_001_002_000_000.jpg,0,normal,C_002_002,C_002,C_002_002_20231012,0,val
C_002_003_20231013081500_001_002_000_000.jpg,./data/you_chalk_brood/normal/C_002_003_20231013081500_001_002_000_000.jpg,0,normal,C_002_003,C_002,C_002_003_20231013,0,test
C_002_003_20231013103401_001_002_000_000.jpg,./data/you_chalk_brood/normal/C_002_003_20231013103401_001_002_000_000.jpg,0,normal,C_002_003,C_002,C_002_003_20231013,0,test
C_002_003_20231013110701_001_002_000_000.jpg,./data/you_chalk_brood/normal/C_002_003_20231013110701_001_002_000_000.jpg,0,normal,C_002_003,C_002,C_002_003_20231013,0,train
C_002_003_20231013112430_001_002_000_000.jpg,./data/you_chalk_brood/normal/C_002_003_20231013112430_001_002_000_000.jpg,0,normal,C_002_003,C_002,C_002_003_20231013,0,train
C_002_003_20231013132759_001_002_000_000.jpg,./data/you_chalk_brood/normal/C_002_003_20231013132759_001_002_000_000.jpg,0,normal,C_002_003,C_002,C_002_003_20231013,0,test
C_002_003_20231013145014_001_002_000_000.jpg,./data/you_chalk_brood/normal/C_002_003_20231013145014_001_002_000_000.jpg,0,normal,C_002_003,C_002,C_002_003_20231013,0,test
C_002_003_20231013163343_001_002_000_000.jpg,./data/you_chalk_brood/normal/C_002_003_20231013163343_001_002_000_000.jpg,0,normal,C_002_003,C_002,C_002_003_20231013,0,test
C_002_004_20230821191947_001_001_000_000.jpg,./data/you_chalk_brood/normal/C_002_004_20230821191947_001_001_000_000.jpg,0,normal,C_002_004,C_002,C_002_004_20230821,0,train
C_002_007_20230820094742_001_001_000_000.jpg,./data/you_chalk_brood/normal/C_002_007_20230820094742_001_001_000_000.jpg,0,normal,C_002_007,C_002,C_002_007_20230820,0,test
C_002_012_20230828141638_001_001_000_000.jpg,./data/you_chalk_brood/normal/C_002_012_20230828141638_001_001_000_000.jpg,0,normal,C_002_012,C_002,C_002_012_20230828,0,test
C_002_012_20230828143809_001_001_000_000.jpg,./data/you_chalk_brood/normal/C_002_012_20230828143809_001_001_000_000.jpg,0,normal,C_002_012,C_002,C_002_012_20230828,0,test
C_002_012_20230828151757_001_001_000_000.jpg,./data/you_chalk_brood/normal/C_002_012_20230828151757_001_001_000_000.jpg,0,normal,C_002_012,C_002,C_002_012_20230828,0,test
C_002_025_20230826151602_001_001_000_000.jpg,./data/you_chalk_brood/normal/C_002_025_20230826151602_001_001_000_000.jpg,0,normal,C_002_025,C_002,C_002_025_20230826,0,val
C_002_025_20230826153446_001_001_000_000.jpg,./data/you_chalk_brood/normal/C_002_025_20230826153446_001_001_000_000.jpg,0,normal,C_002_025,C_002,C_002_025_20230826,0,val
C_002_025_20230826155212_001_001_000_000.jpg,./data/you_chalk_brood/normal/C_002_025_20230826155212_001_001_000_000.jpg,0,normal,C_002_025,C_002,C_002_025_20230826,0,val
C_002_026_20230826160733_001_001_000_000.jpg,./data/you_chalk_brood/normal/C_002_026_20230826160733_001_001_000_000.jpg,0,normal,C_002_026,C_002,C_002_026_20230826,0,train
C_002_026_20230826164907_001_001_000_000.jpg,./data/you_chalk_brood/normal/C_002_026_20230826164907_001_001_000_000.jpg,0,normal,C_002_026,C_002,C_002_026_20230826,0,train
C_002_027_20230826172400_001_001_000_000.jpg,./data/you_chalk_brood/normal/C_002_027_20230826172400_001_001_000_000.jpg,0,normal,C_002_027,C_002,C_002_027_20230826,0,test
C_002_027_20230826172608_001_001_000_000.jpg,./data/you_chalk_brood/normal/C_002_027_20230826172608_001_001_000_000.jpg,0,normal,C_002_027,C_002,C_002_027_20230826,0,train
C_003_001_20230831152203_001_003_000_000.jpg,./data/you_chalk_brood/normal/C_003_001_20230831152203_001_003_000_000.jpg,0,normal,C_003_001,C_003,C_003_001_20230831,0,val
C_003_001_20230904151906_001_003_000_000.jpg,./data/you_chalk_brood/normal/C_003_001_20230904151906_001_003_000_000.jpg,0,normal,C_003_001,C_003,C_003_001_20230904,0,test
C_003_001_20230904161612_001_003_000_000.jpg,./data/you_chalk_brood/normal/C_003_001_20230904161612_001_003_000_000.jpg,0,normal,C_003_001,C_003,C_003_001_20230904,0,train
C_003_001_20230908172303_001_003_000_000.jpg,./data/you_chalk_brood/normal/C_003_001_20230908172303_001_003_000_000.jpg,0,normal,C_003_001,C_003,C_003_001_20230908,0,train
C_003_001_20230908173155_001_003_000_000.jpg,./data/you_chalk_brood/normal/C_003_001_20230908173155_001_003_000_000.jpg,0,normal,C_003_001,C_003,C_003_001_20230908,0,val
C_003_001_20230910160130_001_003_000_000.jpg,./data/you_chalk_brood/normal/C_003_001_20230910160130_001_003_000_000.jpg,0,normal,C_003_001,C_003,C_003_001_20230910,0,test
C_003_001_20230912143836_001_003_000_000.jpg,./data/you_chalk_brood/normal/C_003_001_20230912143836_001_003_000_000.jpg,0,normal,C_003_001,C_003,C_003_001_20230912,0,train
C_003_001_20230912151133_001_003_000_000.jpg,./data/you_chalk_brood/normal/C_003_001_20230912151133_001_003_000_000.jpg,0,normal,C_003_001,C_003,C_003_001_20230912,0,train
C_003_001_20230912152046_001_003_000_000.jpg,./data/you_chalk_brood/normal/C_003_001_20230912152046_001_003_000_000.jpg,0,normal,C_003_001,C_003,C_003_001_20230912,0,test
C_003_002_20230831152300_001_003_000_000.jpg,./data/you_chalk_brood/normal/C_003_002_20230831152300_001_003_000_000.jpg,0,normal,C_003_002,C_003,C_003_002_20230831,0,train
C_003_002_20230905070240_001_003_000_000.jpg,./data/you_chalk_brood/normal/C_003_002_20230905070240_001_003_000_000.jpg,0,normal,C_003_002,C_003,C_003_002_20230905,0,train
C_003_002_20230905080423_001_003_000_000.jpg,./data/you_chalk_brood/normal/C_003_002_20230905080423_001_003_000_000.jpg,0,normal,C_003_002,C_003,C_003_002_20230905,0,test
C_003_002_20230906153902_001_003_000_000.jpg,./data/you_chalk_brood/normal/C_003_002_20230906153902_001_003_000_000.jpg,0,normal,C_003_002,C_003,C_003_002_20230906,0,val
C_003_002_20230908154544_001_003_000_000.jpg,./data/you_chalk_brood/normal/C_003_002_20230908154544_001_003_000_000.jpg,0,normal,C_003_002,C_003,C_003_002_20230908,0,train
C_003_002_20230912133250_001_003_000_000.jpg,./data/you_chalk_brood/normal/C_003_002_20230912133250_001_003_000_000.jpg,0,normal,C_003_002,C_003,C_003_002_20230912,0,train
C_003_003_20230827152345_001_003_000_000.jpg,./data/you_chalk_brood/normal/C_003_003_20230827152345_001_003_000_000.jpg,0,normal,C_003_003,C_003,C_003_003_20230827,0,train
C_003_003_20230827152628_001_003_000_000.jpg,./data/you_chalk_brood/normal/C_003_003_20230827152628_001_003_000_000.jpg,0,normal,C_003_003,C_003,C_003_003_20230827,0,train
C_003_003_20230829161404_001_003_000_000.jpg,./data/you_chalk_brood/normal/C_003_003_20230829161404_001_003_000_000.jpg,0,normal,C_003_003,C_003,C_003_003_20230829,0,train
C_003_003_20230904152616_001_003_000_000.jpg,./data/you_chalk_brood/normal/C_003_003_20230904152616_001_003_000_000.jpg,0,normal,C_003_003,C_003,C_003_003_20230904,0,train
C_003_003_20230904155518_001_003_000_000.jpg,./data/you_chalk_brood/normal/C_003_003_20230904155518_001_003_000_000.jpg,0,normal,C_003_003,C_003,C_003_003_20230904,0,test
C_003_003_20230904160809_001_003_000_000.jpg,./data/you_chalk_brood/normal/C_003_003_20230904160809_001_003_000_000.jpg,0,normal,C_003_003,C_003,C_003_003_20230904,0,train
C_003_003_20230904171936_001_003_000_000.jpg,./data/you_chalk_brood/normal/C_003_003_20230904171936_001_003_000_000.jpg,0,normal,C_003_003,C_003,C_003_003_20230904,0,test
C_003_003_20230912135900_001_003_000_000.jpg,./data/you_chalk_brood/normal/C_003_003_20230912135900_001_003_000_000.jpg,0,normal,C_003_003,C_003,C_003_003_20230912,0,train
C_003_003_20230912140142_001_003_000_000.jpg,./data/you_chalk_brood/normal/C_003_003_20230912140142_001_003_000_000.jpg,0,normal,C_003_003,C_003,C_003_003_20230912,0,train
C_003_003_20230912150829_001_003_000_000.jpg,./data/you_chalk_brood/normal/C_003_003_20230912150829_001_003_000_000.jpg,0,normal,C_003_003,C_003,C_003_003_20230912,0,train
C_004_003_20230831145035_001_004_000_000.jpg,./data/you_chalk_brood/normal/C_004_003_20230831145035_001_004_000_000.jpg,0,normal,C_004_003,C_004,C_004_003_20230831,0,train
C_004_004_20230826161427_001_004_000_000.jpg,./data/you_chalk_brood/normal/C_004_004_20230826161427_001_004_000_000.jpg,0,normal,C_004_004,C_004,C_004_004_20230826,0,train
C_004_004_20230827154914_001_004_000_000.jpg,./data/you_chalk_brood/normal/C_004_004_20230827154914_001_004_000_000.jpg,0,normal,C_004_004,C_004,C_004_004_20230827,0,val
C_004_004_20230827173124_001_004_000_000.jpg,./data/you_chalk_brood/normal/C_004_004_20230827173124_001_004_000_000.jpg,0,normal,C_004_004,C_004,C_004_004_20230827,0,test
C_004_004_20230831170002_001_004_000_000.jpg,./data/you_chalk_brood/normal/C_004_004_20230831170002_001_004_000_000.jpg,0,normal,C_004_004,C_004,C_004_004_20230831,0,test
C_004_004_20230902145722_001_004_000_000.jpg,./data/you_chalk_brood/normal/C_004_004_20230902145722_001_004_000_000.jpg,0,normal,C_004_004,C_004,C_004_004_20230902,0,val
C_004_004_20230903064536_001_004_000_000.jpg,./data/you_chalk_brood/normal/C_004_004_20230903064536_001_004_000_000.jpg,0,normal,C_004_004,C_004,C_004_004_20230903,0,val
C_004_004_20230906151016_001_004_000_000.jpg,./data/you_chalk_brood/normal/C_004_004_20230906151016_001_004_000_000.jpg,0,normal,C_004_004,C_004,C_004_004_20230906,0,val
C_004_004_20230906180407_001_004_000_000.jpg,./data/you_chalk_brood/normal/C_004_004_20230906180407_001_004_000_000.jpg,0,normal,C_004_004,C_004,C_004_004_20230906,0,val
C_004_004_20230907074853_001_004_000_000.jpg,./data/you_chalk_brood/normal/C_004_004_20230907074853_001_004_000_000.jpg,0,normal,C_004_004,C_004,C_004_004_20230907,0,train
C_004_004_20230910162535_001_004_000_000.jpg,./data/you_chalk_brood/normal/C_004_004_20230910162535_001_004_000_000.jpg,0,normal,C_004_004,C_004,C_004_004_20230910,0,test
C_004_004_20230912141507_001_004_000_000.jpg,./data/you_chalk_brood/normal/C_004_004_20230912141507_001_004_000_000.jpg,0,normal,C_004_004,C_004,C_004_004_20230912,0,train
C_004_005_20230824095844_001_004_000_000.jpg,./data/you_chalk_brood/normal/C_004_005_20230824095844_001_004_000_000.jpg,0,normal,C_004_005,C_004,C_004_005_20230824,0,test
C_004_005_20230829142824_001_004_000_000.jpg,./data/you_chalk_brood/normal/C_004_005_20230829142824_001_004_000_000.jpg,0,normal,C_004_005,C_004,C_004_005_20230829,0,test
C_004_005_20230829145027_001_004_000_000.jpg,./data/you_chalk_brood/normal/C_004_005_20230829145027_001_004_000_000.jpg,0,normal,C_004_005,C_004,C_004_005_20230829,0,train
C_004_005_20230906154436_001_004_000_000.jpg,./data/you_chalk_brood/normal/C_004_005_20230906154436_001_004_000_000.jpg,0,normal,C_004_005,C_004,C_004_005_20230906,0,test
C_004_005_20230907082057_001_004_000_000.jpg,./data/you_chalk_brood/normal/C_004_005_20230907082057_001_004_000_000.jpg,0,normal,C_004_005,C_004,C_004_005_20230907,0,test
C_004_005_20230907090319_001_004_000_000.jpg,./data/you_chalk_brood/normal/C_004_005_20230907090319_001_004_000_000.jpg,0,normal,C_004_005,C_004,C_004_005_20230907,0,train
C_004_005_20230910165009_001_004_000_000.jpg,./data/you_chalk_brood/normal/C_004_005_20230910165009_001_004_000_000.jpg,0,normal,C_004_005,C_004,C_004_005_20230910,0,train
C_004_005_20230910165631_001_004_000_000.jpg,./data/you_chalk_brood/normal/C_004_005_20230910165631_001_004_000_000.jpg,0,normal,C_004_005,C_004,C_004_005_20230910,0,train
C_004_005_20230911071727_001_004_000_000.jpg,./data/you_chalk_brood/normal/C_004_005_20230911071727_001_004_000_000.jpg,0,normal,C_004_005,C_004,C_004_005_20230911,0,train
C_004_005_20230912155811_001_004_000_000.jpg,./data/you_chalk_brood/normal/C_004_005_20230912155811_001_004_000_000.jpg,0,normal,C_004_005,C_004,C_004_005_20230912,0,train
C_004_006_20230824075645_001_004_000_000.jpg,./data/you_chalk_brood/normal/C_004_006_20230824075645_001_004_000_000.jpg,0,normal,C_004_006,C_004,C_004_006_20230824,0,train
C_004_006_20230825181727_001_004_000_000.jpg,./data/you_chalk_brood/normal/C_004_006_20230825181727_001_004_000_000.jpg,0,normal,C_004_006,C_004,C_004_006_20230825,0,val
C_004_006_20230828085128_001_004_000_000.jpg,./data/you_chalk_brood/normal/C_004_006_20230828085128_001_004_000_000.jpg,0,normal,C_004_006,C_004,C_004_006_20230828,0,test
C_004_006_20230904174029_001_004_000_000.jpg,./data/you_chalk_brood/normal/C_004_006_20230904174029_001_004_000_000.jpg,0,normal,C_004_006,C_004,C_004_006_20230904,0,test
C_004_006_20230906162831_001_004_000_000.jpg,./data/you_chalk_brood/normal/C_004_006_20230906162831_001_004_000_000.jpg,0,normal,C_004_006,C_004,C_004_006_20230906,0,train
C_004_006_20230908160411_001_004_000_000.jpg,./data/you_chalk_brood/normal/C_004_006_20230908160411_001_004_000_000.jpg,0,normal,C_004_006,C_004,C_004_006_20230908,0,train
C_004_006_20230908170408_001_004_000_000.jpg,./data/you_chalk_brood/normal/C_004_006_20230908170408_001_004_000_000.jpg,0,normal,C_004_006,C_004,C_004_006_20230908,0,train
C_004_006_20230910153213_001_004_000_000.jpg,./data/you_chalk_brood/normal/C_004_006_20230910153213_001_004_000_000.jpg,0,normal,C_004_006,C_004,C_004_006_20230910,0,val
C_004_006_20230912155425_001_004_000_000.jpg,./data/you_chalk_brood/normal/C_004_006_20230912155425_001_004_000_000.jpg,0,normal,C_004_006,C_004,C_004_006_20230912,0,train
C_005_006_20230904174635_001_005_000_000.jpg,./data/you_chalk_brood/normal/C_005_006_20230904174635_001_005_000_000.jpg,0,normal,C_005_006,C_005,C_005_006_20230904,0,val
C_005_006_20230905082116_001_005_000_000.jpg,./data/you_chalk_brood/normal/C_005_006_20230905082116_001_005_000_000.jpg,0,normal,C_005_006,C_005,C_005_006_20230905,0,test
C_005_006_20230910165454_001_005_000_000.jpg,./data/you_chalk_brood/normal/C_005_006_20230910165454_001_005_000_000.jpg,0,normal,C_005_006,C_005,C_005_006_20230910,0,test
C_005_007_20230825180004_001_005_000_000.jpg,./data/you_chalk_brood/normal/C_005_007_20230825180004_001_005_000_000.jpg,0,normal,C_005_007,C_005,C_005_007_20230825,0,train
C_005_007_20230828152845_001_005_000_000.jpg,./data/you_chalk_brood/normal/C_005_007_20230828152845_001_005_000_000.jpg,0,normal,C_005_007,C_005,C_005_007_20230828,0,train
C_005_007_20230829141407_001_005_000_000.jpg,./data/you_chalk_brood/normal/C_005_007_20230829141407_001_005_000_000.jpg,0,normal,C_005_007,C_005,C_005_007_20230829,0,train
C_005_007_20230831153100_001_005_000_000.jpg,./data/you_chalk_brood/normal/C_005_007_20230831153100_001_005_000_000.jpg,0,normal,C_005_007,C_005,C_005_007_20230831,0,test
C_005_007_20230902173015_001_005_000_000.jpg,./data/you_chalk_brood/normal/C_005_007_20230902173015_001_005_000_000.jpg,0,normal,C_005_007,C_005,C_005_007_20230902,0,train
C_005_007_20230904155644_001_005_000_000.jpg,./data/you_chalk_brood/normal/C_005_007_20230904155644_001_005_000_000.jpg,0,normal,C_005_007,C_005,C_005_007_20230904,0,test
C_005_007_20230904163451_001_005_000_000.jpg,./data/you_chalk_brood/normal/C_005_007_20230904163451_001_005_000_000.jpg,0,normal,C_005_007,C_005,C_005_007_20230904,0,test
C_005_007_20230910160846_001_005_000_000.jpg,./data/you_chalk_brood/normal/C_005_007_20230910160846_001_005_000_000.jpg,0,normal,C_005_007,C_005,C_005_007_20230910,0,val
C_005_008_20230825172041_001_005_000_000.jpg,./data/you_chalk_brood/normal/C_005_008_20230825172041_001_005_000_000.jpg,0,normal,C_005_008,C_005,C_005_008_20230825,0,train
C_005_008_20230826100415_001_005_000_000.jpg,./data/you_chalk_brood/normal/C_005_008_20230826100415_001_005_000_000.jpg,0,normal,C_005_008,C_005,C_005_008_20230826,0,val
C_005_008_20230827175703_001_005_000_000.jpg,./data/you_chalk_brood/normal/C_005_008_20230827175703_001_005_000_000.jpg,0,normal,C_005_008,C_005,C_005_008_20230827,0,val
C_005_008_20230829154347_001_005_000_000.jpg,./data/you_chalk_brood/normal/C_005_008_20230829154347_001_005_000_000.jpg,0,normal,C_005_008,C_005,C_005_008_20230829,0,val
C_005_008_20230831152245_001_005_000_000.jpg,./data/you_chalk_brood/normal/C_005_008_20230831152245_001_005_000_000.jpg,0,normal,C_005_008,C_005,C_005_008_20230831,0,test
C_005_008_20230902163704_001_005_000_000.jpg,./data/you_chalk_brood/normal/C_005_008_20230902163704_001_005_000_000.jpg,0,normal,C_005_008,C_005,C_005_008_20230902,0,val
C_005_008_20230903074840_001_005_000_000.jpg,./data/you_chalk_brood/normal/C_005_008_20230903074840_001_005_000_000.jpg,0,normal,C_005_008,C_005,C_005_008_20230903,0,train
C_005_008_20230904161438_001_005_000_000.jpg,./data/you_chalk_brood/normal/C_005_008_20230904161438_001_005_000_000.jpg,0,normal,C_005_008,C_005,C_005_008_20230904,0,train
C_005_008_20230907085106_001_005_000_000.jpg,./data/you_chalk_brood/normal/C_005_008_20230907085106_001_005_000_000.jpg,0,normal,C_005_008,C_005,C_005_008_20230907,0,test
C_005_008_20230908174319_001_005_000_000.jpg,./data/you_chalk_brood/normal/C_005_008_20230908174319_001_005_000_000.jpg,0,normal,C_005_008,C_005,C_005_008_20230908,0,test
C_005_009_20230831162826_001_005_000_000.jpg,./data/you_chalk_brood/normal/C_005_009_20230831162826_001_005_000_000.jpg,0,normal,C_005_009,C_005,C_005_009_20230831,0,train
C_005_009_20230908164206_001_005_000_000.jpg,./data/you_chalk_brood/normal/C_005_009_20230908164206_001_005_000_000.jpg,0,normal,C_005_009,C_005,C_005_009_20230908,0,train
C_005_009_20230908174822_001_005_000_000.jpg,./data/you_chalk_brood/normal/C_005_009_20230908174822_001_005_000_000.jpg,0,normal,C_005_009,C_005,C_005_009_20230908,0,train
C_005_009_20230911081343_001_005_000_000.jpg,./data/you_chalk_brood/normal/C_005_009_20230911081343_001_005_000_000.jpg,0,normal,C_005_009,C_005,C_005_009_20230911,0,test
C_005_009_20230912133734_001_005_000_000.jpg,./data/you_chalk_brood/normal/C_005_009_20230912133734_001_005_000_000.jpg,0,normal,C_005_009,C_005,C_005_009_20230912,0,train
C_006_009_20230827185042_001_006_000_000.jpg,./data/you_chalk_brood/normal/C_006_009_20230827185042_001_006_000_000.jpg,0,normal,C_006_009,C_006,C_006_009_20230827,0,test
C_006_009_20230827190556_001_006_000_000.jpg,./data/you_chalk_brood/normal/C_006_009_20230827190556_001_006_000_000.jpg,0,normal,C_006_009,C_006,C_006_009_20230827,0,train
C_006_009_20230831160908_001_006_000_000.jpg,./data/you_chalk_brood/normal/C_006_009_20230831160908_001_006_000_000.jpg,0,normal,C_006_009,C_006,C_006_009_20230831,0,train
C_006_010_20230825164628_001_006_000_000.jpg,./data/you_chalk_brood/normal/C_006_010_20230825164628_001_006_000_000.jpg,0,normal,C_006_010,C_006,C_006_010_20230825,0,train
C_006_010_20230825165936_001_006_000_000.jpg,./data/you_chalk_brood/normal/C_006_010_20230825165936_001_006_000_000.jpg,0,normal,C_006_010,C_006,C_006_010_20230825,0,test
C_006_010_20230827163818_001_006_000_000.jpg,./data/you_chalk_brood/normal/C_006_010_20230827163818_001_006_000_000.jpg,0,normal,C_006_010,C_006,C_006_010_20230827,0,train
C_006_010_20230829163456_001_006_000_000.jpg,./data/you_chalk_brood/normal/C_006_010_20230829163456_001_006_000_000.jpg,0,normal,C_006_010,C_006,C_006_010_20230829,0,train
C_006_010_20230831144344_001_006_000_000.jpg,./data/you_chalk_brood/normal/C_006_010_20230831144344_001_006_000_000.jpg,0,normal,C_006_010,C_006,C_006_010_20230831,0,test
C_006_010_20230902144918_001_006_000_000.jpg,./data/you_chalk_brood/normal/C_006_010_20230902144918_001_006_000_000.jpg,0,normal,C_006_010,C_006,C_006_010_20230902,0,train
C_006_010_20230902190737_001_006_000_000.jpg,./data/you_chalk_brood/normal/C_006_010_20230902190737_001_006_000_000.jpg,0,normal,C_006_010,C_006,C_006_010_20230902,0,test
C_006_010_20230904160625_001_006_000_000.jpg,./data/you_chalk_brood/normal/C_006_010_20230904160625_001_006_000_000.jpg,0,normal,C_006_010,C_006,C_006_010_20230904,0,test
C_006_010_20230905072554_001_006_000_000.jpg,./data/you_chalk_brood/normal/C_006_010_20230905072554_001_006_000_000.jpg,0,normal,C_006_010,C_006,C_006_010_20230905,0,test
C_006_010_20230908155225_001_006_000_000.jpg,./data/you_chalk_brood/normal/C_006_010_20230908155225_001_006_000_000.jpg,0,normal,C_006_010,C_006,C_006_010_20230908,0,train
C_006_011_20230827172315_001_006_000_000.jpg,./data/you_chalk_brood/normal/C_006_011_20230827172315_001_006_000_000.jpg,0,normal,C_006_011,C_006,C_006_011_20230827,0,train
C_006_011_20230830065228_001_006_000_000.jpg,./data/you_chalk_brood/normal/C_006_011_20230830065228_001_006_000_000.jpg,0,normal,C_006_011,C_006,C_006_011_20230830,0,train
C_006_011_20230831145112_001_006_000_000.jpg,./data/you_chalk_brood/normal/C_006_011_20230831145112_001_006_000_000.jpg,0,normal,C_006_011,C_006,C_006_011_20230831,0,train
C_006_011_20230902164018_001_006_000_000.jpg,./data/you_chalk_brood/normal/C_006_011_20230902164018_001_006_000_000.jpg,0,normal,C_006_011,C_006,C_006_011_20230902,0,train
C_006_011_20230903074114_001_006_000_000.jpg,./data/you_chalk_brood/normal/C_006_011_20230903074114_001_006_000_000.jpg,0,normal,C_006_011,C_006,C_006_011_20230903,0,test
C_006_011_20230904154859_001_006_000_000.jpg,./data/you_chalk_brood/normal/C_006_011_20230904154859_001_006_000_000.jpg,0,normal,C_006_011,C_006,C_006_011_20230904,0,val
C_006_011_20230904161119_001_006_000_000.jpg,./data/you_chalk_brood/normal/C_006_011_20230904161119_001_006_000_000.jpg,0,normal,C_006_011,C_006,C_006_011_20230904,0,test
C_006_012_20230829140159_001_006_000_000.jpg,./data/you_chalk_brood/normal/C_006_012_20230829140159_001_006_000_000.jpg,0,normal,C_006_012,C_006,C_006_012_20230829,0,val
C_006_012_20230830062603_001_006_000_000.jpg,./data/you_chalk_brood/normal/C_006_012_20230830062603_001_006_000_000.jpg,0,normal,C_006_012,C_006,C_006_012_20230830,0,train
C_006_012_20230906155811_001_006_000_000.jpg,./data/you_chalk_brood/normal/C_006_012_20230906155811_001_006_000_000.jpg,0,normal,C_006_012,C_006,C_006_012_20230906,0,test
C_006_012_20230906163353_001_006_000_000.jpg,./data/you_chalk_brood/normal/C_006_012_20230906163353_001_006_000_000.jpg,0,normal,C_006_012,C_006,C_006_012_20230906,0,test
C_006_012_20230906170152_001_006_000_000.jpg,./data/you_chalk_brood/normal/C_006_012_20230906170152_001_006_000_000.jpg,0,normal,C_006_012,C_006,C_006_012_20230906,0,train
C_006_012_20230906175043_001_006_000_000.jpg,./data/you_chalk_brood/normal/C_006_012_20230906175043_001_006_000_000.jpg,0,normal,C_006_012,C_006,C_006_012_20230906,0,train
C_006_012_20230907064844_001_006_000_000.jpg,./data/you_chalk_brood/normal/C_006_012_20230907064844_001_006_000_000.jpg,0,normal,C_006_012,C_006,C_006_012_20230907,0,test
C_006_012_20230912135645_001_006_000_000.jpg,./data/you_chalk_brood/normal/C_006_012_20230912135645_001_006_000_000.jpg,0,normal,C_006_012,C_006,C_006_012_20230912,0,train
C_006_012_20230912145754_001_006_000_000.jpg,./data/you_chalk_brood/normal/C_006_012_20230912145754_001_006_000_000.jpg,0,normal,C_006_012,C_006,C_006_012_20230912,0,val
C_007_012_20230829150411_001_007_000_000.jpg,./data/you_chalk_brood/normal/C_007_012_20230829150411_001_007_000_000.jpg,0,normal,C_007_012,C_007,C_007_012_20230829,0,val
C_007_012_20230912143808_001_007_000_000.jpg,./data/you_chalk_brood/normal/C_007_012_20230912143808_001_007_000_000.jpg,0,normal,C_007_012,C_007,C_007_012_20230912,0,val
C_007_013_20230826122523_001_007_000_000.jpg,./data/you_chalk_brood/normal/C_007_013_20230826122523_001_007_000_000.jpg,0,normal,C_007_013,C_007,C_007_013_20230826,0,train
C_007_013_20230904152327_001_007_000_000.jpg,./data/you_chalk_brood/normal/C_007_013_20230904152327_001_007_000_000.jpg,0,normal,C_007_013,C_007,C_007_013_20230904,0,test
C_007_013_20230904171926_001_007_000_000.jpg,./data/you_chalk_brood/normal/C_007_013_20230904171926_001_007_000_000.jpg,0,normal,C_007_013,C_007,C_007_013_20230904,0,test
C_007_013_20230904173847_001_007_000_000.jpg,./data/you_chalk_brood/normal/C_007_013_20230904173847_001_007_000_000.jpg,0,normal,C_007_013,C_007,C_007_013_20230904,0,train
C_007_013_20230908163934_001_007_000_000.jpg,./data/you_chalk_brood/normal/C_007_013_20230908163934_001_007_000_000.jpg,0,normal,C_007_013,C_007,C_007_013_20230908,0,train
C_007_013_20230912155731_001_007_000_000.jpg,./data/you_chalk_brood/normal/C_007_013_20230912155731_001_007_000_000.jpg,0,normal,C_007_013,C_007,C_007_013_20230912,0,test
C_007_014_20230827173525_001_007_000_000.jpg,./data/you_chalk_brood/normal/C_007_014_20230827173525_001_007_000_000.jpg,0,normal,C_007_014,C_007,C_007_014_20230827,0,train
C_007_014_20230828084412_001_007_000_000.jpg,./data/you_chalk_brood/normal/C_007_014_20230828084412_001_007_000_000.jpg,0,normal,C_007_014,C_007,C_007_014_20230828,0,test
C_007_014_20230829171109_001_007_000_000.jpg,./data/you_chalk_brood/normal/C_007_014_20230829171109_001_007_000_000.jpg,0,normal,C_007_014,C_007,C_007_014_20230829,0,test
C_007_014_20230903111405_001_007_000_000.jpg,./data/you_chalk_brood/normal/C_007_014_20230903111405_001_007_000_000.jpg,0,normal,C_007_014,C_007,C_007_014_20230903,0,test
C_007_014_20230906153028_001_007_000_000.jpg,./data/you_chalk_brood/normal/C_007_014_20230906153028_001_007_000_000.jpg,0,normal,C_007_014,C_007,C_007_014_20230906,0,train
C_007_014_20230906170251_001_007_000_000.jpg,./data/you_chalk_brood/normal/C_007_014_20230906170251_001_007_000_000.jpg,0,normal,C_007_014,C_007,C_007_014_20230906,0,train
C_007_014_20230910170136_001_007_000_000.jpg,./data/you_chalk_brood/normal/C_007_014_20230910170136_001_007_000_000.jpg,0,normal,C_007_014,C_007,C_007_014_20230910,0,test
C_007_014_20230912154409_001_007_000_000.jpg,./data/you_chalk_brood/normal/C_007_014_20230912154409_001_007_000_000.jpg,0,normal,C_007_014,C_007,C_007_014_20230912,0,train
C_008_015_20230830072850_001_008_000_000.jpg,./data/you_chalk_brood/normal/C_008_015_20230830072850_001_008_000_000.jpg,0,normal,C_008_015,C_008,C_008_015_20230830,0,test
C_008_015_20230831143330_001_008_000_000.jpg,./data/you_chalk_brood/normal/C_008_015_20230831143330_001_008_000_000.jpg,0,normal,C_008_015,C_008,C_008_015_20230831,0,val
C_008_015_20230903075201_001_008_000_000.jpg,./data/you_chalk_brood/normal/C_008_015_20230903075201_001_008_000_000.jpg,0,normal,C_008_015,C_008,C_008_015_20230903,0,test
C_008_015_20230907122602_001_008_000_000.jpg,./data/you_chalk_brood/normal/C_008_015_20230907122602_001_008_000_000.jpg,0,normal,C_008_015,C_008,C_008_015_20230907,0,val
C_008_016_20230825180830_001_008_000_000.jpg,./data/you_chalk_brood/normal/C_008_016_20230825180830_001_008_000_000.jpg,0,normal,C_008_016,C_008,C_008_016_20230825,0,test
C_008_016_20230904144733_001_008_000_000.jpg,./data/you_chalk_brood/normal/C_008_016_20230904144733_001_008_000_000.jpg,0,normal,C_008_016,C_008,C_008_016_20230904,0,train
C_008_016_20230908160809_001_008_000_000.jpg,./data/you_chalk_brood/normal/C_008_016_20230908160809_001_008_000_000.jpg,0,normal,C_008_016,C_008,C_008_016_20230908,0,train
C_008_016_20230908194332_001_008_000_000.jpg,./data/you_chalk_brood/normal/C_008_016_20230908194332_001_008_000_000.jpg,0,normal,C_008_016,C_008,C_008_016_20230908,0,test
C_008_016_20230910164031_001_008_000_000.jpg,./data/you_chalk_brood/normal/C_008_016_20230910164031_001_008_000_000.jpg,0,normal,C_008_016,C_008,C_008_016_20230910,0,train
C_008_017_20230825181031_001_008_000_000.jpg,./data/you_chalk_brood/normal/C_008_017_20230825181031_001_008_000_000.jpg,0,normal,C_008_017,C_008,C_008_017_20230825,0,val
C_008_017_20230827165600_001_008_000_000.jpg,./data/you_chalk_brood/normal/C_008_017_20230827165600_001_008_000_000.jpg,0,normal,C_008_017,C_008,C_008_017_20230827,0,val
C_008_017_20230904153838_001_008_000_000.jpg,./data/you_chalk_brood/normal/C_008_017_20230904153838_001_008_000_000.jpg,0,normal,C_008_017,C_008,C_008_017_20230904,0,train
C_008_017_20230904162244_001_008_000_000.jpg,./data/you_chalk_brood/normal/C_008_017_20230904162244_001_008_000_000.jpg,0,normal,C_008_017,C_008,C_008_017_20230904,0,val
C_008_017_20230905075623_001_008_000_000.jpg,./data/you_chalk_brood/normal/C_008_017_20230905075623_001_008_000_000.jpg,0,normal,C_008_017,C_008,C_008_017_20230905,0,test
C_008_017_20230910153826_001_008_000_000.jpg,./data/you_chalk_brood/normal/C_008_017_20230910153826_001_008_000_000.jpg,0,normal,C_008_017,C_008,C_008_017_20230910,0,train
C_008_017_20230912133133_001_008_000_000.jpg,./data/you_chalk_brood/normal/C_008_017_20230912133133_001_008_000_000.jpg,0,normal,C_008_017,C_008,C_008_017_20230912,0,train
C_008_018_20230829165345_001_008_000_000.jpg,./data/you_chalk_brood/normal/C_008_018_20230829165345_001_008_000_000.jpg,0,normal,C_008_018,C_008,C_008_018_20230829,0,test
C_008_018_20230831141907_001_008_000_000.jpg,./data/you_chalk_brood/normal/C_008_018_20230831141907_001_008_000_000.jpg,0,normal,C_008_018,C_008,C_008_018_20230831,0,train
C_008_018_20230902144433_001_008_000_000.jpg,./data/you_chalk_brood/normal/C_008_018_20230902144433_001_008_000_000.jpg,0,normal,C_008_018,C_008,C_008_018_20230902,0,test
C_009_018_20230827161240_001_009_000_000.jpg,./data/you_chalk_brood/normal/C_009_018_20230827161240_001_009_000_000.jpg,0,normal,C_009_018,C_009,C_009_018_20230827,0,val
C_009_018_20230902151804_001_009_000_000.jpg,./data/you_chalk_brood/normal/C_009_018_20230902151804_001_009_000_000.jpg,0,normal,C_009_018,C_009,C_009_018_20230902,0,val
C_009_018_20230907080358_001_009_000_000.jpg,./data/you_chalk_brood/normal/C_009_018_20230907080358_001_009_000_000.jpg,0,normal,C_009_018,C_009,C_009_018_20230907,0,train
C_009_018_20230908172734_001_009_000_000.jpg,./data/you_chalk_brood/normal/C_009_018_20230908172734_001_009_000_000.jpg,0,normal,C_009_018,C_009,C_009_018_20230908,0,train
C_009_018_20230912142048_001_009_000_000.jpg,./data/you_chalk_brood/normal/C_009_018_20230912142048_001_009_000_000.jpg,0,normal,C_009_018,C_009,C_009_018_20230912,0,train
C_009_018_20230912160822_001_009_000_000.jpg,./data/you_chalk_brood/normal/C_009_018_20230912160822_001_009_000_000.jpg,0,normal,C_009_018,C_009,C_009_018_20230912,0,test
C_009_019_20230825183547_001_009_000_000.jpg,./data/you_chalk_brood/normal/C_009_019_20230825183547_001_009_000_000.jpg,0,normal,C_009_019,C_009,C_009_019_20230825,0,test
C_009_019_20230827181905_001_009_000_000.jpg,./data/you_chalk_brood/normal/C_009_019_20230827181905_001_009_000_000.jpg,0,normal,C_009_019,C_009,C_009_019_20230827,0,train
C_009_019_20230829155551_001_009_000_000.jpg,./data/you_chalk_brood/normal/C_009_019_20230829155551_001_009_000_000.jpg,0,normal,C_009_019,C_009,C_009_019_20230829,0,val
C_009_019_20230829160507_001_009_000_000.jpg,./data/you_chalk_brood/normal/C_009_019_20230829160507_001_009_000_000.jpg,0,normal,C_009_019,C_009,C_009_019_20230829,0,val
C_009_019_20230829164306_001_009_000_000.jpg,./data/you_chalk_brood/normal/C_009_019_20230829164306_001_009_000_000.jpg,0,normal,C_009_019,C_009,C_009_019_20230829,0,val
C_009_019_20230830063113_001_009_000_000.jpg,./data/you_chalk_brood/normal/C_009_019_20230830063113_001_009_000_000.jpg,0,normal,C_009_019,C_009,C_009_019_20230830,0,train
C_009_019_20230831143213_001_009_000_000.jpg,./data/you_chalk_brood/normal/C_009_019_20230831143213_001_009_000_000.jpg,0,normal,C_009_019,C_009,C_009_019_20230831,0,val
C_009_019_20230831144113_001_009_000_000.jpg,./data/you_chalk_brood/normal/C_009_019_20230831144113_001_009_000_000.jpg,0,normal,C_009_019,C_009,C_009_019_20230831,0,train
C_009_019_20230831161950_001_009_000_000.jpg,./data/you_chalk_brood/normal/C_009_019_20230831161950_001_009_000_000.jpg,0,normal,C_009_019,C_009,C_009_019_20230831,0,test
C_009_019_20230831164757_001_009_000_000.jpg,./data/you_chalk_brood/normal/C_009_019_20230831164757_001_009_000_000.jpg,0,normal,C_009_019,C_009,C_009_019_20230831,0,train
C_009_019_20230904151913_001_009_000_000.jpg,./data/you_chalk_brood/normal/C_009_019_20230904151913_001_009_000_000.jpg,0,normal,C_009_019,C_009,C_009_019_20230904,0,val
C_009_019_20230910155219_001_009_000_000.jpg,./data/you_chalk_brood/normal/C_009_019_20230910155219_001_009_000_000.jpg,0,normal,C_009_019,C_009,C_009_019_20230910,0,train
C_009_019_20230910162410_001_009_000_000.jpg,./data/you_chalk_brood/normal/C_009_019_20230910162410_001_009_000_000.jpg,0,normal,C_009_019,C_009,C_009_019_20230910,0,test
C_009_019_20230911104240_001_009_000_000.jpg,./data/you_chalk_brood/normal/C_009_019_20230911104240_001_009_000_000.jpg,0,normal,C_009_019,C_009,C_009_019_20230911,0,train
C_009_019_20230912153450_001_009_000_000.jpg,./data/you_chalk_brood/normal/C_009_019_20230912153450_001_009_000_000.jpg,0,normal,C_009_019,C_009,C_009_019_20230912,0,train
C_009_020_20230827151913_001_009_000_000.jpg,./data/you_chalk_brood/normal/C_009_020_20230827151913_001_009_000_000.jpg,0,normal,C_009_020,C_009,C_009_020_20230827,0,test
C_009_020_20230827175922_001_009_000_000.jpg,./data/you_chalk_brood/normal/C_009_020_20230827175922_001_009_000_000.jpg,0,normal,C_009_020,C_009,C_009_020_20230827,0,train
C_009_020_20230829134758_001_009_000_000.jpg,./data/you_chalk_brood/normal/C_009_020_20230829134758_001_009_000_000.jpg,0,normal,C_009_020,C_009,C_009_020_20230829,0,train
C_009_020_20230829155422_001_009_000_000.jpg,./data/you_chalk_brood/normal/C_009_020_20230829155422_001_009_000_000.jpg,0,normal,C_009_020,C_009,C_009_020_20230829,0,test
C_009_020_20230831141322_001_009_000_000.jpg,./data/you_chalk_brood/normal/C_009_020_20230831141322_001_009_000_000.jpg,0,normal,C_009_020,C_009,C_009_020_20230831,0,test
C_009_020_20230902155721_001_009_000_000.jpg,./data/you_chalk_brood/normal/C_009_020_20230902155721_001_009_000_000.jpg,0,normal,C_009_020,C_009,C_009_020_20230902,0,train
C_009_020_20230906173439_001_009_000_000.jpg,./data/you_chalk_brood/normal/C_009_020_20230906173439_001_009_000_000.jpg,0,normal,C_009_020,C_009,C_009_020_20230906,0,train
C_009_020_20230912143844_001_009_000_000.jpg,./data/you_chalk_brood/normal/C_009_020_20230912143844_001_009_000_000.jpg,0,normal,C_009_020,C_009,C_009_020_20230912,0,train
C_009_021_20230904170650_001_009_000_000.jpg,./data/you_chalk_brood/normal/C_009_021_20230904170650_001_009_000_000.jpg,0,normal,C_009_021,C_009,C_009_021_20230904,0,val
C_009_021_20230905063227_001_009_000_000.jpg,./data/you_chalk_brood/normal/C_009_021_20230905063227_001_009_000_000.jpg,0,normal,C_009_021,C_009,C_009_021_20230905,0,train
C_010_021_20230824094131_001_010_000_000.jpg,./data/you_chalk_brood/normal/C_010_021_20230824094131_001_010_000_000.jpg,0,normal,C_010_021,C_010,C_010_021_20230824,0,train
C_010_021_20230825183624_001_010_000_000.jpg,./data/you_chalk_brood/normal/C_010_021_20230825183624_001_010_000_000.jpg,0,normal,C_010_021,C_010,C_010_021_20230825,0,test
C_010_021_20230825184019_001_010_000_000.jpg,./data/you_chalk_brood/normal/C_010_021_20230825184019_001_010_000_000.jpg,0,normal,C_010_021,C_010,C_010_021_20230825,0,train
C_010_021_20230829160808_001_010_000_000.jpg,./data/you_chalk_brood/normal/C_010_021_20230829160808_001_010_000_000.jpg,0,normal,C_010_021,C_010,C_010_021_20230829,0,train
C_010_021_20230830073117_001_010_000_000.jpg,./data/you_chalk_brood/normal/C_010_021_20230830073117_001_010_000_000.jpg,0,normal,C_010_021,C_010,C_010_021_20230830,0,val
C_010_021_20230902174734_001_010_000_000.jpg,./data/you_chalk_brood/normal/C_010_021_20230902174734_001_010_000_000.jpg,0,normal,C_010_021,C_010,C_010_021_20230902,0,train
C_010_021_20230903062150_001_010_000_000.jpg,./data/you_chalk_brood/normal/C_010_021_20230903062150_001_010_000_000.jpg,0,normal,C_010_021,C_010,C_010_021_20230903,0,train
C_010_021_20230906174809_001_010_000_000.jpg,./data/you_chalk_brood/normal/C_010_021_20230906174809_001_010_000_000.jpg,0,normal,C_010_021,C_010,C_010_021_20230906,0,val
C_010_021_20230910141750_001_010_000_000.jpg,./data/you_chalk_brood/normal/C_010_021_20230910141750_001_010_000_000.jpg,0,normal,C_010_021,C_010,C_010_021_20230910,0,test
C_010_021_20230912160454_001_010_000_000.jpg,./data/you_chalk_brood/normal/C_010_021_20230912160454_001_010_000_000.jpg,0,normal,C_010_021,C_010,C_010_021_20230912,0,test
C_010_022_20230825174158_001_010_000_000.jpg,./data/you_chalk_brood/normal/C_010_022_20230825174158_001_010_000_000.jpg,0,normal,C_010_022,C_010,C_010_022_20230825,0,train
C_010_022_20230825174839_001_010_000_000.jpg,./data/you_chalk_brood/normal/C_010_022_20230825174839_001_010_000_000.jpg,0,normal,C_010_022,C_010,C_010_022_20230825,0,train
C_010_022_20230825181700_001_010_000_000.jpg,./data/you_chalk_brood/normal/C_010_022_20230825181700_001_010_000_000.jpg,0,normal,C_010_022,C_010,C_010_022_20230825,0,train
C_010_022_20230827174722_001_010_000_000.jpg,./data/you_chalk_brood/normal/C_010_022_20230827174722_001_010_000_000.jpg,0,normal,C_010_022,C_010,C_010_022_20230827,0,test
C_010_022_20230830065155_001_010_000_000.jpg,./data/you_chalk_brood/normal/C_010_022_20230830065155_001_010_000_000.jpg,0,normal,C_010_022,C_010,C_010_022_20230830,0,test
C_010_022_20230831160954_001_010_000_000.jpg,./data/you_chalk_brood/normal/C_010_022_20230831160954_001_010_000_000.jpg,0,normal,C_010_022,C_010,C_010_022_20230831,0,train
C_010_022_20230904155115_001_010_000_000.jpg,./data/you_chalk_brood/normal/C_010_022_20230904155115_001_010_000_000.jpg,0,normal,C_010_022,C_010,C_010_022_20230904,0,train
C_010_022_20230908165427_001_010_000_000.jpg,./data/you_chalk_brood/normal/C_010_022_20230908165427_001_010_000_000.jpg,0,normal,C_010_022,C_010,C_010_022_20230908,0,train
C_010_023_20230827161003_001_010_000_000.jpg,./data/you_chalk_brood/normal/C_010_023_20230827161003_001_010_000_000.jpg,0,normal,C_010_023,C_010,C_010_023_20230827,0,test
C_010_023_20230827170100_001_010_000_000.jpg,./data/you_chalk_brood/normal/C_010_023_20230827170100_001_010_000_000.jpg,0,normal,C_010_023,C_010,C_010_023_20230827,0,train
C_010_023_20230827174700_001_010_000_000.jpg,./data/you_chalk_brood/normal/C_010_023_20230827174700_001_010_000_000.jpg,0,normal,C_010_023,C_010,C_010_023_20230827,0,test
C_010_023_20230829143457_001_010_000_000.jpg,./data/you_chalk_brood/normal/C_010_023_20230829143457_001_010_000_000.jpg,0,normal,C_010_023,C_010,C_010_023_20230829,0,train
C_010_023_20230831154905_001_010_000_000.jpg,./data/you_chalk_brood/normal/C_010_023_20230831154905_001_010_000_000.jpg,0,normal,C_010_023,C_010,C_010_023_20230831,0,train
C_010_023_20230904150743_001_010_000_000.jpg,./data/you_chalk_brood/normal/C_010_023_20230904150743_001_010_000_000.jpg,0,normal,C_010_023,C_010,C_010_023_20230904,0,test
C_010_023_20230904162229_001_010_000_000.jpg,./data/you_chalk_brood/normal/C_010_023_20230904162229_001_010_000_000.jpg,0,normal,C_010_023,C_010,C_010_023_20230904,0,train
C_010_023_20230910153647_001_010_000_000.jpg,./data/you_chalk_brood/normal/C_010_023_20230910153647_001_010_000_000.jpg,0,normal,C_010_023,C_010,C_010_023_20230910,0,val
C_010_023_20230912132715_001_010_000_000.jpg,./data/you_chalk_brood/normal/C_010_023_20230912132715_001_010_000_000.jpg,0,normal,C_010_023,C_010,C_010_023_20230912,0,val
C_010_023_20230912142226_001_010_000_000.jpg,./data/you_chalk_brood/normal/C_010_023_20230912142226_001_010_000_000.jpg,0,normal,C_010_023,C_010,C_010_023_20230912,0,val
C_010_024_20230906180935_001_010_000_000.jpg,./data/you_chalk_brood/normal/C_010_024_20230906180935_001_010_000_000.jpg,0,normal,C_010_024,C_010,C_010_024_20230906,0,test
C_010_024_20230910145410_001_010_000_000.jpg,./data/you_chalk_brood/normal/C_010_024_20230910145410_001_010_000_000.jpg,0,normal,C_010_024,C_010,C_010_024_20230910,0,test
C_011_024_20230829142705_001_011_000_000.jpg,./data/you_chalk_brood/normal/C_011_024_20230829142705_001_011_000_000.jpg,0,normal,C_011_024,C_011,C_011_024_20230829,0,train
C_011_024_20230829161109_001_011_000_000.jpg,./data/you_chalk_brood/normal/C_011_024_20230829161109_001_011_000_000.jpg,0,normal,C_011_024,C_011,C_011_024_20230829,0,val
C_011_024_20230831141736_001_011_000_000.jpg,./data/you_chalk_brood/normal/C_011_024_20230831141736_001_011_000_000.jpg,0,normal,C_011_024,C_011,C_011_024_20230831,0,test
C_011_024_20230831143224_001_011_000_000.jpg,./data/you_chalk_brood/normal/C_011_024_20230831143224_001_011_000_000.jpg,0,normal,C_011_024,C_011,C_011_024_20230831,0,test
C_011_024_20230902171213_001_011_000_000.jpg,./data/you_chalk_brood/normal/C_011_024_20230902171213_001_011_000_000.jpg,0,normal,C_011_024,C_011,C_011_024_20230902,0,train
C_011_024_20230904171915_001_011_000_000.jpg,./data/you_chalk_brood/normal/C_011_024_20230904171915_001_011_000_000.jpg,0,normal,C_011_024,C_011,C_011_024_20230904,0,train
C_011_024_20230906180227_001_011_000_000.jpg,./data/you_chalk_brood/normal/C_011_024_20230906180227_001_011_000_000.jpg,0,normal,C_011_024,C_011,C_011_024_20230906,0,train
C_011_024_20230908154218_001_011_000_000.jpg,./data/you_chalk_brood/normal/C_011_024_20230908154218_001_011_000_000.jpg,0,normal,C_011_024,C_011,C_011_024_20230908,0,test
C_011_024_20230910155736_001_011_000_000.jpg,./data/you_chalk_brood/normal/C_011_024_20230910155736_001_011_000_000.jpg,0,normal,C_011_024,C_011,C_011_024_20230910,0,train
C_011_024_20230912134519_001_011_000_000.jpg,./data/you_chalk_brood/normal/C_011_024_20230912134519_001_011_000_000.jpg,0,normal,C_011_024,C_011,C_011_024_20230912,0,val
C_011_025_20230831142801_001_011_000_000.jpg,./data/you_chalk_brood/normal/C_011_025_20230831142801_001_011_000_000.jpg,0,normal,C_011_025,C_011,C_011_025_20230831,0,test
C_011_025_20230831145352_001_011_000_000.jpg,./data/you_chalk_brood/normal/C_011_025_20230831145352_001_011_000_000.jpg,0,normal,C_011_025,C_011,C_011_025_20230831,0,train
C_011_025_20230831163725_001_011_000_000.jpg,./data/you_chalk_brood/normal/C_011_025_20230831163725_001_011_000_000.jpg,0,normal,C_011_025,C_011,C_011_025_20230831,0,train
C_011_025_20230831164736_001_011_000_000.jpg,./data/you_chalk_brood/normal/C_011_025_20230831164736_001_011_000_000.jpg,0,normal,C_011_025,C_011,C_011_025_20230831,0,train
C_011_025_20230902151844_001_011_000_000.jpg,./data/you_chalk_brood/normal/C_011_025_20230902151844_001_011_000_000.jpg,0,normal,C_011_025,C_011,C_011_025_20230902,0,train
C_011_025_20230904144624_001_011_000_000.jpg,./data/you_chalk_brood/normal/C_011_025_20230904144624_001_011_000_000.jpg,0,normal,C_011_025,C_011,C_011_025_20230904,0,test
C_011_025_20230906173826_001_011_000_000.jpg,./data/you_chalk_brood/normal/C_011_025_20230906173826_001_011_000_000.jpg,0,normal,C_011_025,C_011,C_011_025_20230906,0,train
C_011_025_20230908153435_001_011_000_000.jpg,./data/you_chalk_brood/normal/C_011_025_20230908153435_001_011_000_000.jpg,0,normal,C_011_025,C_011,C_011_025_20230908,0,test
C_011_026_20230903072244_001_011_000_000.jpg,./data/you_chalk_brood/normal/C_011_026_20230903072244_001_011_000_000.jpg,0,normal,C_011_026,C_011,C_011_026_20230903,0,train
C_011_026_20230905084127_001_011_000_000.jpg,./data/you_chalk_brood/normal/C_011_026_20230905084127_001_011_000_000.jpg,0,normal,C_011_026,C_011,C_011_026_20230905,0,train
C_011_026_20230907075409_001_011_000_000.jpg,./data/you_chalk_brood/normal/C_011_026_20230907075409_001_011_000_000.jpg,0,normal,C_011_026,C_011,C_011_026_20230907,0,test
C_011_026_20230911082855_001_011_000_000.jpg,./data/you_chalk_brood/normal/C_011_026_20230911082855_001_011_000_000.jpg,0,normal,C_011_026,C_011,C_011_026_20230911,0,val
C_012_027_20230831145944_001_012_000_000.jpg,./data/you_chalk_brood/normal/C_012_027_20230831145944_001_012_000_000.jpg,0,normal,C_012_027,C_012,C_012_027_20230831,0,train
C_012_027_20230831192908_001_012_000_000.jpg,./data/you_chalk_brood/normal/C_012_027_20230831192908_001_012_000_000.jpg,0,normal,C_012_027,C_012,C_012_027_20230831,0,test
C_012_027_20230901071858_001_012_000_000.jpg,./data/you_chalk_brood/normal/C_012_027_20230901071858_001_012_000_000.jpg,0,normal,C_012_027,C_012,C_012_027_20230901,0,train
C_012_027_20230902154458_001_012_000_000.jpg,./data/you_chalk_brood/normal/C_012_027_20230902154458_001_012_000_000.jpg,0,normal,C_012_027,C_012,C_012_027_20230902,0,train
C_012_028_20230826083905_001_012_000_000.jpg,./data/you_chalk_brood/normal/C_012_028_20230826083905_001_012_000_000.jpg,0,normal,C_012_028,C_012,C_012_028_20230826,0,val
C_012_028_20230829151953_001_012_000_000.jpg,./data/you_chalk_brood/normal/C_012_028_20230829151953_001_012_000_000.jpg,0,normal,C_012_028,C_012,C_012_028_20230829,0,train
C_012_028_20230904165149_001_012_000_000.jpg,./data/you_chalk_brood/normal/C_012_028_20230904165149_001_012_000_000.jpg,0,normal,C_012_028,C_012,C_012_028_20230904,0,train
C_012_028_20230906181336_001_012_000_000.jpg,./data/you_chalk_brood/normal/C_012_028_20230906181336_001_012_000_000.jpg,0,normal,C_012_028,C_012,C_012_028_20230906,0,val
C_012_029_20230827164055_001_012_000_000.jpg,./data/you_chalk_brood/normal/C_012_029_20230827164055_001_012_000_000.jpg,0,normal,C_012_029,C_012,C_012_029_20230827,0,test
C_012_029_20230828132942_001_012_000_000.jpg,./data/you_chalk_brood/normal/C_012_029_20230828132942_001_012_000_000.jpg,0,normal,C_012_029,C_012,C_012_029_20230828,0,test
C_012_029_20230829152726_001_012_000_000.jpg,./data/you_chalk_brood/normal/C_012_029_20230829152726_001_012_000_000.jpg,0,normal,C_012_029,C_012,C_012_029_20230829,0,train
C_012_029_20230831142949_001_012_000_000.jpg,./data/you_chalk_brood/normal/C_012_029_20230831142949_001_012_000_000.jpg,0,normal,C_012_029,C_012,C_012_029_20230831,0,train
C_012_029_20230906161554_001_012_000_000.jpg,./data/you_chalk_brood/normal/C_012_029_20230906161554_001_012_000_000.jpg,0,normal,C_012_029,C_012,C_012_029_20230906,0,train
C_012_029_20230906165126_001_012_000_000.jpg,./data/you_chalk_brood/normal/C_012_029_20230906165126_001_012_000_000.jpg,0,normal,C_012_029,C_012,C_012_029_20230906,0,test
C_012_029_20230907065031_001_012_000_000.jpg,./data/you_chalk_brood/normal/C_012_029_20230907065031_001_012_000_000.jpg,0,normal,C_012_029,C_012,C_012_029_20230907,0,val
C_012_029_20230908181102_001_012_000_000.jpg,./data/you_chalk_brood/normal/C_012_029_20230908181102_001_012_000_000.jpg,0,normal,C_012_029,C_012,C_012_029_20230908,0,test
B_001_001_20230819135434_001_001_000_002.jpg,./data/you_chalk_brood/abnormal/B_001_001_20230819135434_001_001_000_002.jpg,1,abnormal,B_001_001,B_001,B_001_001_20230819,1,val
B_001_001_20230819220209_001_004_000_002.jpg,./data/you_chalk_brood/abnormal/B_001_001_20230819220209_001_004_000_002.jpg,1,abnormal,B_001_001,B_001,B_001_001_20230819,1,train
B_001_001_20230819222305_001_003_000_002.jpg,./data/you_chalk_brood/abnormal/B_001_001_20230819222305_001_003_000_002.jpg,1,abnormal,B_001_001,B_001,B_001_001_20230819,1,train
B_001_001_20230820105422_001_001_000_002.jpg,./data/you_chalk_brood/abnormal/B_001_001_20230820105422_001_001_000_002.jpg,1,abnormal,B_001_001,B_001,B_001_001_20230820,1,train
B_001_001_20230820210525_001_004_000_002.jpg,./data/you_chalk_brood/abnormal/B_001_001_20230820210525_001_004_000_002.jpg,1,abnormal,B_001_001,B_001,B_001_001_20230820,1,val
B_001_001_20230820223303_001_002_000_002.jpg,./data/you_chalk_brood/abnormal/B_001_001_20230820223303_001_002_000_002.jpg,1,abnormal,B_001_001,B_001,B_001_001_20230820,1,train
B_001_001_20230820224144_001_003_000_002.jpg,./data/you_chalk_brood/abnormal/B_001_001_20230820224144_001_003_000_002.jpg,1,abnormal,B_001_001,B_001,B_001_001_20230820,1,train
B_001_001_20230821184448_001_002_000_002.jpg,./data/you_chalk_brood/abnormal/B_001_001_20230821184448_001_002_000_002.jpg,1,abnormal,B_001_001,B_001,B_001_001_20230821,1,train
B_001_001_20230821190939_001_002_000_002.jpg,./data/you_chalk_brood/abnormal/B_001_001_20230821190939_001_002_000_002.jpg,1,abnormal,B_001_001,B_001,B_001_001_20230821,1,train
B_001_001_20230821194936_001_002_000_002.jpg,./data/you_chalk_brood/abnormal/B_001_001_20230821194936_001_002_000_002.jpg,1,abnormal,B_001_001,B_001,B_001_001_20230821,1,train
B_001_001_20230822191706_001_004_000_002.jpg,./data/you_chalk_brood/abnormal/B_001_001_20230822191706_001_004_000_002.jpg,1,abnormal,B_001_001,B_001,B_001_001_20230822,1,train
B_001_001_20230822201430_001_003_000_002.jpg,./data/you_chalk_brood/abnormal/B_001_001_20230822201430_001_003_000_002.jpg,1,abnormal,B_001_001,B_001,B_001_001_20230822,1,test
B_001_001_20230822210437_001_003_000_002.jpg,./data/you_chalk_brood/abnormal/B_001_001_20230822210437_001_003_000_002.jpg,1,abnormal,B_001_001,B_001,B_001_001_20230822,1,train
B_001_001_20230830163519_001_004_000_002.jpg,./data/you_chalk_brood/abnormal/B_001_001_20230830163519_001_004_000_002.jpg,1,abnormal,B_001_001,B_001,B_001_001_20230830,1,val
B_001_002_20230819190801_001_001_000_002.jpg,./data/you_chalk_brood/abnormal/B_001_002_20230819190801_001_001_000_002.jpg,1,abnormal,B_001_002,B_001,B_001_002_20230819,1,train
B_001_002_20230819193114_001_002_000_002.jpg,./data/you_chalk_brood/abnormal/B_001_002_20230819193114_001_002_000_002.jpg,1,abnormal,B_001_002,B_001,B_001_002_20230819,1,train
B_001_002_20230819194252_001_004_000_002.jpg,./data/you_chalk_brood/abnormal/B_001_002_20230819194252_001_004_000_002.jpg,1,abnormal,B_001_002,B_001,B_001_002_20230819,1,train
B_001_002_20230819203632_001_004_000_002.jpg,./data/you_chalk_brood/abnormal/B_001_002_20230819203632_001_004_000_002.jpg,1,abnormal,B_001_002,B_001,B_001_002_20230819,1,train
B_001_002_20230819210113_001_002_000_002.jpg,./data/you_chalk_brood/abnormal/B_001_002_20230819210113_001_002_000_002.jpg,1,abnormal,B_001_002,B_001,B_001_002_20230819,1,test
B_001_002_20230820180415_001_001_000_002.jpg,./data/you_chalk_brood/abnormal/B_001_002_20230820180415_001_001_000_002.jpg,1,abnormal,B_001_002,B_001,B_001_002_20230820,1,train
B_001_002_20230820180415_001_004_000_002.jpg,./data/you_chalk_brood/abnormal/B_001_002_20230820180415_001_004_000_002.jpg,1,abnormal,B_001_002,B_001,B_001_002_20230820,1,train
B_001_002_20230820181932_001_002_000_002.jpg,./data/you_chalk_brood/abnormal/B_001_002_20230820181932_001_002_000_002.jpg,1,abnormal,B_001_002,B_001,B_001_002_20230820,1,val
B_001_002_20230820185339_001_002_000_002.jpg,./data/you_chalk_brood/abnormal/B_001_002_20230820185339_001_002_000_002.jpg,1,abnormal,B_001_002,B_001,B_001_002_20230820,1,test
B_001_002_20230820193759_001_002_000_002.jpg,./data/you_chalk_brood/abnormal/B_001_002_20230820193759_001_002_000_002.jpg,1,abnormal,B_001_002,B_001,B_001_002_20230820,1,train
B_001_002_20230820194437_001_001_000_002.jpg,./data/you_chalk_brood/abnormal/B_001_002_20230820194437_001_001_000_002.jpg,1,abnormal,B_001_002,B_001,B_001_002_20230820,1,train
B_001_002_20230820204728_001_004_000_002.jpg,./data/you_chalk_brood/abnormal/B_001_002_20230820204728_001_004_000_002.jpg,1,abnormal,B_001_002,B_001,B_001_002_20230820,1,train
B_001_002_20230820212210_001_002_000_002.jpg,./data/you_chalk_brood/abnormal/B_001_002_20230820212210_001_002_000_002.jpg,1,abnormal,B_001_002,B_001,B_001_002_20230820,1,train
B_001_002_20230820212926_001_001_000_002.jpg,./data/you_chalk_brood/abnormal/B_001_002_20230820212926_001_001_000_002.jpg,1,abnormal,B_001_002,B_001,B_001_002_20230820,1,test
B_001_002_20230820225111_001_002_000_002.jpg,./data/you_chalk_brood/abnormal/B_001_002_20230820225111_001_002_000_002.jpg,1,abnormal,B_001_002,B_001,B_001_002_20230820,1,train
B_001_002_20230821181638_001_004_000_002.jpg,./data/you_chalk_brood/abnormal/B_001_002_20230821181638_001_004_000_002.jpg,1,abnormal,B_001_002,B_001,B_001_002_20230821,1,val
B_001_002_20230821202452_001_002_000_002.jpg,./data/you_chalk_brood/abnormal/B_001_002_20230821202452_001_002_000_002.jpg,1,abnormal,B_001_002,B_001,B_001_002_20230821,1,train
B_001_002_20230821210430_001_001_000_002.jpg,./data/you_chalk_brood/abnormal/B_001_002_20230821210430_001_001_000_002.jpg,1,abnormal,B_001_002,B_001,B_001_002_20230821,1,train
B_001_002_20230821212535_001_004_000_002.jpg,./data/you_chalk_brood/abnormal/B_001_002_20230821212535_001_004_000_002.jpg,1,abnormal,B_001_002,B_001,B_001_002_20230821,1,val
B_001_002_20230821212747_001_003_000_002.jpg,./data/you_chalk_brood/abnormal/B_001_002_20230821212747_001_003_000_002.jpg,1,abnormal,B_001_002,B_001,B_001_002_20230821,1,test
B_001_002_20230821215934_001_002_000_002.jpg,./data/you_chalk_brood/abnormal/B_001_002_20230821215934_001_002_000_002.jpg,1,abnormal,B_001_002,B_001,B_001_002_20230821,1,train
B_001_002_20230821221916_001_001_000_002.jpg,./data/you_chalk_brood/abnormal/B_001_002_20230821221916_001_001_000_002.jpg,1,abnormal,B_001_002,B_001,B_001_002_20230821,1,test
B_001_002_20230821223720_001_001_000_002.jpg,./data/you_chalk_brood/abnormal/B_001_002_20230821223720_001_001_000_002.jpg,1,abnormal,B_001_002,B_001,B_001_002_20230821,1,train
B_001_002_20230821225652_001_003_000_002.jpg,./data/you_chalk_brood/abnormal/B_001_002_20230821225652_001_003_000_002.jpg,1,abnormal,B_001_002,B_001,B_001_002_20230821,1,train
B_001_002_20230822183710_001_003_000_002.jpg,./data/you_chalk_brood/abnormal/B_001_002_20230822183710_001_003_000_002.jpg,1,abnormal,B_001_002,B_001,B_001_002_20230822,1,test
B_001_002_20230822190022_001_001_000_002.jpg,./data/you_chalk_brood/abnormal/B_001_002_20230822190022_001_001_000_002.jpg,1,abnormal,B_001_002,B_001,B_001_002_20230822,1,train
B_001_002_20230822191026_001_001_000_002.jpg,./data/you_chalk_brood/abnormal/B_001_002_20230822191026_001_001_000_002.jpg,1,abnormal,B_001_002,B_001,B_001_002_20230822,1,train
B_001_002_20230822195031_001_002_000_002.jpg,./data/you_chalk_brood/abnormal/B_001_002_20230822195031_001_002_000_002.jpg,1,abnormal,B_001_002,B_001,B_001_002_20230822,1,train
B_001_002_20230822203450_001_001_000_002.jpg,./data/you_chalk_brood/abnormal/B_001_002_20230822203450_001_001_000_002.jpg,1,abnormal,B_001_002,B_001,B_001_002_20230822,1,val
B_001_002_20230824191156_001_003_000_002.jpg,./data/you_chalk_brood/abnormal/B_001_002_20230824191156_001_003_000_002.jpg,1,abnormal,B_001_002,B_001,B_001_002_20230824,1,test
B_001_002_20230824195644_001_001_000_002.jpg,./data/you_chalk_brood/abnormal/B_001_002_20230824195644_001_001_000_002.jpg,1,abnormal,B_001_002,B_001,B_001_002_20230824,1,train
B_001_002_20230824215538_001_001_000_002.jpg,./data/you_chalk_brood/abnormal/B_001_002_20230824215538_001_001_000_002.jpg,1,abnormal,B_001_002,B_001,B_001_002_20230824,1,train
B_001_002_20230824225802_001_003_000_002.jpg,./data/you_chalk_brood/abnormal/B_001_002_20230824225802_001_003_000_002.jpg,1,abnormal,B_001_002,B_001,B_001_002_20230824,1,val
B_001_002_20230825131128_001_004_000_002.jpg,./data/you_chalk_brood/abnormal/B_001_002_20230825131128_001_004_000_002.jpg,1,abnormal,B_001_002,B_001,B_001_002_20230825,1,train
B_001_002_20230825191739_001_003_000_002.jpg,./data/you_chalk_brood/abnormal/B_001_002_20230825191739_001_003_000_002.jpg,1,abnormal,B_001_002,B_001,B_001_002_20230825,1,train
B_001_002_20230828131606_001_003_000_002.jpg,./data/you_chalk_brood/abnormal/B_001_002_20230828131606_001_003_000_002.jpg,1,abnormal,B_001_002,B_001,B_001_002_20230828,1,train
B_001_003_20230819200357_001_002_000_002.jpg,./data/you_chalk_brood/abnormal/B_001_003_20230819200357_001_002_000_002.jpg,1,abnormal,B_001_003,B_001,B_001_003_20230819,1,train
B_001_003_20230819203047_001_003_000_002.jpg,./data/you_chalk_brood/abnormal/B_001_003_20230819203047_001_003_000_002.jpg,1,abnormal,B_001_003,B_001,B_001_003_20230819,1,test
B_001_003_20230819212512_001_004_000_002.jpg,./data/you_chalk_brood/abnormal/B_001_003_20230819212512_001_004_000_002.jpg,1,abnormal,B_001_003,B_001,B_001_003_20230819,1,train
B_001_003_20230820194814_001_002_000_002.jpg,./data/you_chalk_brood/abnormal/B_001_003_20230820194814_001_002_000_002.jpg,1,abnormal,B_001_003,B_001,B_001_003_20230820,1,train
B_001_003_20230820204854_001_004_000_002.jpg,./data/you_chalk_brood/abnormal/B_001_003_20230820204854_001_004_000_002.jpg,1,abnormal,B_001_003,B_001,B_001_003_20230820,1,test
B_001_003_20230820211458_001_003_000_002.jpg,./data/you_chalk_brood/abnormal/B_001_003_20230820211458_001_003_000_002.jpg,1,abnormal,B_001_003,B_001,B_001_003_20230820,1,train
B_001_003_20230821183911_001_002_000_002.jpg,./data/you_chalk_brood/abnormal/B_001_003_20230821183911_001_002_000_002.jpg,1,abnormal,B_001_003,B_001,B_001_003_20230821,1,val
B_001_003_20230821190521_001_003_000_002.jpg,./data/you_chalk_brood/abnormal/B_001_003_20230821190521_001_003_000_002.jpg,1,abnormal,B_001_003,B_001,B_001_003_20230821,1,val
B_001_003_20230821191912_001_004_000_002.jpg,./data/you_chalk_brood/abnormal/B_001_003_20230821191912_001_004_000_002.jpg,1,abnormal,B_001_003,B_001,B_001_003_20230821,1,test
B_001_003_20230821200315_001_001_000_002.jpg,./data/you_chalk_brood/abnormal/B_001_003_20230821200315_001_001_000_002.jpg,1,abnormal,B_001_003,B_001,B_001_003_20230821,1,train
B_001_003_20230821203000_001_002_000_002.jpg,./data/you_chalk_brood/abnormal/B_001_003_20230821203000_001_002_000_002.jpg,1,abnormal,B_001_003,B_001,B_001_003_20230821,1,train
B_001_003_20230821210058_001_001_000_002.jpg,./data/you_chalk_brood/abnormal/B_001_003_20230821210058_001_001_000_002.jpg,1,abnormal,B_001_003,B_001,B_001_003_20230821,1,test
B_001_003_20230821213256_001_001_000_002.jpg,./data/you_chalk_brood/abnormal/B_001_003_20230821213256_001_001_000_002.jpg,1,abnormal,B_001_003,B_001,B_001_003_20230821,1,test
B_001_003_20230821220019_001_003_000_002.jpg,./data/you_chalk_brood/abnormal/B_001_003_20230821220019_001_003_000_002.jpg,1,abnormal,B_001_003,B_001,B_001_003_20230821,1,val
B_001_003_20230821224603_001_001_000_002.jpg,./data/you_chalk_brood/abnormal/B_001_003_20230821224603_001_001_000_002.jpg,1,abnormal,B_001_003,B_001,B_001_003_20230821,1,train
B_001_003_20230822205805_001_003_000_002.jpg,./data/you_chalk_brood/abnormal/B_001_003_20230822205805_001_003_000_002.jpg,1,abnormal,B_001_003,B_001,B_001_003_20230822,1,val
B_001_003_20230824191116_001_002_000_002.jpg,./data/you_chalk_brood/abnormal/B_001_003_20230824191116_001_002_000_002.jpg,1,abnormal,B_001_003,B_001,B_001_003_20230824,1,val
B_001_003_20230825181544_001_003_000_002.jpg,./data/you_chalk_brood/abnormal/B_001_003_20230825181544_001_003_000_002.jpg,1,abnormal,B_001_003,B_001,B_001_003_20230825,1,train
B_001_003_20230825192330_001_002_000_002.jpg,./data/you_chalk_brood/abnormal/B_001_003_20230825192330_001_002_000_002.jpg,1,abnormal,B_001_003,B_001,B_001_003_20230825,1,test
B_001_003_20230830084249_001_001_000_002.jpg,./data/you_chalk_brood/abnormal/B_001_003_20230830084249_001_001_000_002.jpg,1,abnormal,B_001_003,B_001,B_001_003_20230830,1,train
B_001_004_20230819183744_001_002_000_002.jpg,./data/you_chalk_brood/abnormal/B_001_004_20230819183744_001_002_000_002.jpg,1,abnormal,B_001_004,B_001,B_001_004_20230819,1,train
B_001_004_20230819201753_001_001_000_002.jpg,./data/you_chalk_brood/abnormal/B_001_004_20230819201753_001_001_000_002.jpg,1,abnormal,B_001_004,B_001,B_001_004_20230819,1,val
B_001_004_20230819205444_001_004_000_002.jpg,./data/you_chalk_brood/abnormal/B_001_004_20230819205444_001_004_000_002.jpg,1,abnormal,B_001_004,B_001,B_001_004_20230819,1,test
B_001_004_20230819214701_001_003_000_002.jpg,./data/you_chalk_brood/abnormal/B_001_004_20230819214701_001_003_000_002.jpg,1,abnormal,B_001_004,B_001,B_001_004_20230819,1,test
B_001_004_20230820190013_001_004_000_002.jpg,./data/you_chalk_brood/abnormal/B_001_004_20230820190013_001_004_000_002.jpg,1,abnormal,B_001_004,B_001,B_001_004_20230820,1,test
B_001_004_20230820194605_001_001_000_002.jpg,./data/you_chalk_brood/abnormal/B_001_004_20230820194605_001_001_000_002.jpg,1,abnormal,B_001_004,B_001,B_001_004_20230820,1,test
B_001_004_20230820203350_001_001_000_002.jpg,./data/you_chalk_brood/abnormal/B_001_004_20230820203350_001_001_000_002.jpg,1,abnormal,B_001_004,B_001,B_001_004_20230820,1,test
B_001_004_20230820210614_001_002_000_002.jpg,./data/you_chalk_brood/abnormal/B_001_004_20230820210614_001_002_000_002.jpg,1,abnormal,B_001_004,B_001,B_001_004_20230820,1,train
B_001_004_20230820210824_001_001_000_002.jpg,./data/you_chalk_brood/abnormal/B_001_004_20230820210824_001_001_000_002.jpg,1,abnormal,B_001_004,B_001,B_001_004_20230820,1,val
B_001_004_20230820211331_001_004_000_002.jpg,./data/you_chalk_brood/abnormal/B_001_004_20230820211331_001_004_000_002.jpg,1,abnormal,B_001_004,B_001,B_001_004_20230820,1,train
B_001_004_20230821183827_001_002_000_002.jpg,./data/you_chalk_brood/abnormal/B_001_004_20230821183827_001_002_000_002.jpg,1,abnormal,B_001_004,B_001,B_001_004_20230821,1,train
B_001_004_20230821184409_001_004_000_002.jpg,./data/you_chalk_brood/abnormal/B_001_004_20230821184409_001_004_000_002.jpg,1,abnormal,B_001_004,B_001,B_001_004_20230821,1,val
B_001_004_20230821192711_001_004_000_002.jpg,./data/you_chalk_brood/abnormal/B_001_004_20230821192711_001_004_000_002.jpg,1,abnormal,B_001_004,B_001,B_001_004_20230821,1,train
B_001_004_20230821201321_001_001_000_002.jpg,./data/you_chalk_brood/abnormal/B_001_004_20230821201321_001_001_000_002.jpg,1,abnormal,B_001_004,B_001,B_001_004_20230821,1,test
B_001_004_20230822184804_001_004_000_002.jpg,./data/you_chalk_brood/abnormal/B_001_004_20230822184804_001_004_000_002.jpg,1,abnormal,B_001_004,B_001,B_001_004_20230822,1,test
B_001_004_20230822194322_001_004_000_002.jpg,./data/you_chalk_brood/abnormal/B_001_004_20230822194322_001_004_000_002.jpg,1,abnormal,B_001_004,B_001,B_001_004_20230822,1,train
B_001_004_20230823083550_001_003_000_002.jpg,./data/you_chalk_brood/abnormal/B_001_004_20230823083550_001_003_000_002.jpg,1,abnormal,B_001_004,B_001,B_001_004_20230823,1,test
B_001_004_20230824183204_001_003_000_002.jpg,./data/you_chalk_brood/abnormal/B_001_004_20230824183204_001_003_000_002.jpg,1,abnormal,B_001_004,B_001,B_001_004_20230824,1,train
B_001_004_20230824194517_001_002_000_002.jpg,./data/you_chalk_brood/abnormal/B_001_004_20230824194517_001_002_000_002.jpg,1,abnormal,B_001_004,B_001,B_001_004_20230824,1,test
B_001_004_20230824201450_001_002_000_002.jpg,./data/you_chalk_brood/abnormal/B_001_004_20230824201450_001_002_000_002.jpg,1,abnormal,B_001_004,B_001,B_001_004_20230824,1,test
B_001_004_20230825082727_001_002_000_002.jpg,./data/you_chalk_brood/abnormal/B_001_004_20230825082727_001_002_000_002.jpg,1,abnormal,B_001_004,B_001,B_001_004_20230825,1,train
B_001_004_20230826085242_001_003_000_002.jpg,./data/you_chalk_brood/abnormal/B_001_004_20230826085242_001_003_000_002.jpg,1,abnormal,B_001_004,B_001,B_001_004_20230826,1,train
B_001_004_20230903085740_001_001_000_002.jpg,./data/you_chalk_brood/abnormal/B_001_004_20230903085740_001_001_000_002.jpg,1,abnormal,B_001_004,B_001,B_001_004_20230903,1,val
B_001_005_20230819142214_001_003_000_002.jpg,./data/you_chalk_brood/abnormal/B_001_005_20230819142214_001_003_000_002.jpg,1,abnormal,B_001_005,B_001,B_001_005_20230819,1,test
B_001_005_20230819205023_001_001_000_002.jpg,./data/you_chalk_brood/abnormal/B_001_005_20230819205023_001_001_000_002.jpg,1,abnormal,B_001_005,B_001,B_001_005_20230819,1,train
B_001_005_20230819210919_001_004_000_002.jpg,./data/you_chalk_brood/abnormal/B_001_005_20230819210919_001_004_000_002.jpg,1,abnormal,B_001_005,B_001,B_001_005_20230819,1,train
B_001_005_20230820182104_001_004_000_002.jpg,./data/you_chalk_brood/abnormal/B_001_005_20230820182104_001_004_000_002.jpg,1,abnormal,B_001_005,B_001,B_001_005_20230820,1,train
B_001_005_20230820182358_001_004_000_002.jpg,./data/you_chalk_brood/abnormal/B_001_005_20230820182358_001_004_000_002.jpg,1,abnormal,B_001_005,B_001,B_001_005_20230820,1,train
B_001_005_20230820183614_001_002_000_002.jpg,./data/you_chalk_brood/abnormal/B_001_005_20230820183614_001_002_000_002.jpg,1,abnormal,B_001_005,B_001,B_001_005_20230820,1,train
B_001_005_20230820183827_001_002_000_002.jpg,./data/you_chalk_brood/abnormal/B_001_005_20230820183827_001_002_000_002.jpg,1,abnormal,B_001_005,B_001,B_001_005_20230820,1,train
B_001_005_20230820215659_001_002_000_002.jpg,./data/you_chalk_brood/abnormal/B_001_005_20230820215659_001_002_000_002.jpg,1,abnormal,B_001_005,B_001,B_001_005_20230820,1,test
B_001_005_20230820221626_001_003_000_002.jpg,./data/you_chalk_brood/abnormal/B_001_005_20230820221626_001_003_000_002.jpg,1,abnormal,B_001_005,B_001,B_001_005_20230820,1,val
B_001_005_20230820224736_001_004_000_002.jpg,./data/you_chalk_brood/abnormal/B_001_005_20230820224736_001_004_000_002.jpg,1,abnormal,B_001_005,B_001,B_001_005_20230820,1,train
B_001_005_20230821091044_001_003_000_002.jpg,./data/you_chalk_brood/abnormal/B_001_005_20230821091044_001_003_000_002.jpg,1,abnormal,B_001_005,B_001,B_001_005_20230821,1,test
B_001_005_20230821201700_001_003_000_002.jpg,./data/you_chalk_brood/abnormal/B_001_005_20230821201700_001_003_000_002.jpg,1,abnormal,B_001_005,B_001,B_001_005_20230821,1,test
B_001_005_20230821204253_001_001_000_002.jpg,./data/you_chalk_brood/abnormal/B_001_005_20230821204253_001_001_000_002.jpg,1,abnormal,B_001_005,B_001,B_001_005_20230821,1,train
B_001_005_20230821211607_001_002_000_002.jpg,./data/you_chalk_brood/abnormal/B_001_005_20230821211607_001_002_000_002.jpg,1,abnormal,B_001_005,B_001,B_001_005_20230821,1,test
B_001_005_20230821212411_001_004_000_002.jpg,./data/you_chalk_brood/abnormal/B_001_005_20230821212411_001_004_000_002.jpg,1,abnormal,B_001_005,B_001,B_001_005_20230821,1,test
B_001_005_20230821224437_001_002_000_002.jpg,./data/you_chalk_brood/abnormal/B_001_005_20230821224437_001_002_000_002.jpg,1,abnormal,B_001_005,B_001,B_001_005_20230821,1,test
B_001_005_20230824083025_001_004_000_002.jpg,./data/you_chalk_brood/abnormal/B_001_005_20230824083025_001_004_000_002.jpg,1,abnormal,B_001_005,B_001,B_001_005_20230824,1,train
B_001_005_20230824133128_001_003_000_002.jpg,./data/you_chalk_brood/abnormal/B_001_005_20230824133128_001_003_000_002.jpg,1,abnormal,B_001_005,B_001,B_001_005_20230824,1,train
B_001_005_20230824133548_001_002_000_002.jpg,./data/you_chalk_brood/abnormal/B_001_005_20230824133548_001_002_000_002.jpg,1,abnormal,B_001_005,B_001,B_001_005_20230824,1,train
B_001_005_20230824203942_001_001_000_002.jpg,./data/you_chalk_brood/abnormal/B_001_005_20230824203942_001_001_000_002.jpg,1,abnormal,B_001_005,B_001,B_001_005_20230824,1,train
B_001_005_20230824204403_001_002_000_002.jpg,./data/you_chalk_brood/abnormal/B_001_005_20230824204403_001_002_000_002.jpg,1,abnormal,B_001_005,B_001,B_001_005_20230824,1,train
B_001_005_20230825082953_001_003_000_002.jpg,./data/you_chalk_brood/abnormal/B_001_005_20230825082953_001_003_000_002.jpg,1,abnormal,B_001_005,B_001,B_001_005_20230825,1,train
B_001_005_20230825132944_001_004_000_002.jpg,./data/you_chalk_brood/abnormal/B_001_005_20230825132944_001_004_000_002.jpg,1,abnormal,B_001_005,B_001,B_001_005_20230825,1,test
B_001_005_20230827091426_001_002_000_002.jpg,./data/you_chalk_brood/abnormal/B_001_005_20230827091426_001_002_000_002.jpg,1,abnormal,B_001_005,B_001,B_001_005_20230827,1,test
B_001_005_20230828082027_001_003_000_002.jpg,./data/you_chalk_brood/abnormal/B_001_005_20230828082027_001_003_000_002.jpg,1,abnormal,B_001_005,B_001,B_001_005_20230828,1,test
B_001_005_20230829090834_001_003_000_002.jpg,./data/you_chalk_brood/abnormal/B_001_005_20230829090834_001_003_000_002.jpg,1,abnormal,B_001_005,B_001,B_001_005_20230829,1,train
B_001_005_20230829132502_001_003_000_002.jpg,./data/you_chalk_brood/abnormal/B_001_005_20230829132502_001_003_000_002.jpg,1,abnormal,B_001_005,B_001,B_001_005_20230829,1,val
B_001_005_20230829132726_001_002_000_002.jpg,./data/you_chalk_brood/abnormal/B_001_005_20230829132726_001_002_000_002.jpg,1,abnormal,B_001_005,B_001,B_001_005_20230829,1,test
B_001_006_20230819184551_001_003_000_002.jpg,./data/you_chalk_brood/abnormal/B_001_006_20230819184551_001_003_000_002.jpg,1,abnormal,B_001_006,B_001,B_001_006_20230819,1,test
B_001_006_20230819210541_001_003_000_002.jpg,./data/you_chalk_brood/abnormal/B_001_006_20230819210541_001_003_000_002.jpg,1,abnormal,B_001_006,B_001,B_001_006_20230819,1,test
B_001_006_20230819222522_001_001_000_002.jpg,./data/you_chalk_brood/abnormal/B_001_006_20230819222522_001_001_000_002.jpg,1,abnormal,B_001_006,B_001,B_001_006_20230819,1,train
B_001_006_20230819224749_001_001_000_002.jpg,./data/you_chalk_brood/abnormal/B_001_006_20230819224749_001_001_000_002.jpg,1,abnormal,B_001_006,B_001,B_001_006_20230819,1,test
B_001_006_20230819225922_001_004_000_002.jpg,./data/you_chalk_brood/abnormal/B_001_006_20230819225922_001_004_000_002.jpg,1,abnormal,B_001_006,B_001,B_001_006_20230819,1,test
B_001_006_20230820183914_001_003_000_002.jpg,./data/you_chalk_brood/abnormal/B_001_006_20230820183914_001_003_000_002.jpg,1,abnormal,B_001_006,B_001,B_001_006_20230820,1,train
B_001_006_20230820195325_001_002_000_002.jpg,./data/you_chalk_brood/abnormal/B_001_006_20230820195325_001_002_000_002.jpg,1,abnormal,B_001_006,B_001,B_001_006_20230820,1,test
B_001_006_20230820200756_001_001_000_002.jpg,./data/you_chalk_brood/abnormal/B_001_006_20230820200756_001_001_000_002.jpg,1,abnormal,B_001_006,B_001,B_001_006_20230820,1,val
B_001_006_20230820205231_001_003_000_002.jpg,./data/you_chalk_brood/abnormal/B_001_006_20230820205231_001_003_000_002.jpg,1,abnormal,B_001_006,B_001,B_001_006_20230820,1,test
B_001_006_20230820212720_001_004_000_002.jpg,./data/you_chalk_brood/abnormal/B_001_006_20230820212720_001_004_000_002.jpg,1,abnormal,B_001_006,B_001,B_001_006_20230820,1,train
B_001_006_20230821180840_001_003_000_002.jpg,./data/you_chalk_brood/abnormal/B_001_006_20230821180840_001_003_000_002.jpg,1,abnormal,B_001_006,B_001,B_001_006_20230821,1,train
B_001_006_20230821204547_001_001_000_002.jpg,./data/you_chalk_brood/abnormal/B_001_006_20230821204547_001_001_000_002.jpg,1,abnormal,B_001_006,B_001,B_001_006_20230821,1,val
B_001_006_20230821205727_001_003_000_002.jpg,./data/you_chalk_brood/abnormal/B_001_006_20230821205727_001_003_000_002.jpg,1,abnormal,B_001_006,B_001,B_001_006_20230821,1,test
B_001_006_20230821211020_001_004_000_002.jpg,./data/you_chalk_brood/abnormal/B_001_006_20230821211020_001_004_000_002.jpg,1,abnormal,B_001_006,B_001,B_001_006_20230821,1,train
B_001_006_20230821225740_001_002_000_002.jpg,./data/you_chalk_brood/abnormal/B_001_006_20230821225740_001_002_000_002.jpg,1,abnormal,B_001_006,B_001,B_001_006_20230821,1,train
B_001_006_20230822203540_001_003_000_002.jpg,./data/you_chalk_brood/abnormal/B_001_006_20230822203540_001_003_000_002.jpg,1,abnormal,B_001_006,B_001,B_001_006_20230822,1,test
B_001_006_20230824191202_001_002_000_002.jpg,./data/you_chalk_brood/abnormal/B_001_006_20230824191202_001_002_000_002.jpg,1,abnormal,B_001_006,B_001,B_001_006_20230824,1,train
B_001_006_20230824224630_001_002_000_002.jpg,./data/you_chalk_brood/abnormal/B_001_006_20230824224630_001_002_000_002.jpg,1,abnormal,B_001_006,B_001,B_001_006_20230824,1,val
B_001_007_20230819184342_001_002_000_002.jpg,./data/you_chalk_brood/abnormal/B_001_007_20230819184342_001_002_000_002.jpg,1,abnormal,B_001_007,B_001,B_001_007_20230819,1,test
B_001_007_20230819185222_001_004_000_002.jpg,./data/you_chalk_brood/abnormal/B_001_007_20230819185222_001_004_000_002.jpg,1,abnormal,B_001_007,B_001,B_001_007_20230819,1,train
B_001_007_20230819193922_001_001_000_002.jpg,./data/you_chalk_brood/abnormal/B_001_007_20230819193922_001_001_000_002.jpg,1,abnormal,B_001_007,B_001,B_001_007_20230819,1,test
B_001_007_20230819195100_001_004_000_002.jpg,./data/you_chalk_brood/abnormal/B_001_007_20230819195100_001_004_000_002.jpg,1,abnormal,B_001_007,B_001,B_001_007_20230819,1,train
B_001_007_20230819202844_001_003_000_002.jpg,./data/you_chalk_brood/abnormal/B_001_007_20230819202844_001_003_000_002.jpg,1,abnormal,B_001_007,B_001,B_001_007_20230819,1,train
B_001_007_20230819210330_001_002_000_002.jpg,./data/you_chalk_brood/abnormal/B_001_007_20230819210330_001_002_000_002.jpg,1,abnormal,B_001_007,B_001,B_001_007_20230819,1,test
B_001_007_20230819220640_001_004_000_002.jpg,./data/you_chalk_brood/abnormal/B_001_007_20230819220640_001_004_000_002.jpg,1,abnormal,B_001_007,B_001,B_001_007_20230819,1,test
B_001_007_20230820195746_001_003_000_002.jpg,./data/you_chalk_brood/abnormal/B_001_007_20230820195746_001_003_000_002.jpg,1,abnormal,B_001_007,B_001,B_001_007_20230820,1,train
B_001_007_20230820220458_001_001_000_002.jpg,./data/you_chalk_brood/abnormal/B_001_007_20230820220458_001_001_000_002.jpg,1,abnormal,B_001_007,B_001,B_001_007_20230820,1,test
B_001_007_20230821184624_001_001_000_002.jpg,./data/you_chalk_brood/abnormal/B_001_007_20230821184624_001_001_000_002.jpg,1,abnormal,B_001_007,B_001,B_001_007_20230821,1,test
B_001_007_20230821192634_001_001_000_002.jpg,./data/you_chalk_brood/abnormal/B_001_007_20230821192634_001_001_000_002.jpg,1,abnormal,B_001_007,B_001,B_001_007_20230821,1,val
B_001_007_20230821213131_001_003_000_002.jpg,./data/you_chalk_brood/abnormal/B_001_007_20230821213131_001_003_000_002.jpg,1,abnormal,B_001_007,B_001,B_001_007_20230821,1,train
B_001_007_20230821213344_001_001_000_002.jpg,./data/you_chalk_brood/abnormal/B_001_007_20230821213344_001_001_000_002.jpg,1,abnormal,B_001_007,B_001,B_001_007_20230821,1,val
B_001_007_20230821222507_001_001_000_002.jpg,./data/you_chalk_brood/abnormal/B_001_007_20230821222507_001_001_000_002.jpg,1,abnormal,B_001_007,B_001,B_001_007_20230821,1,val
B_001_007_20230821222930_001_001_000_002.jpg,./data/you_chalk_brood/abnormal/B_001_007_20230821222930_001_001_000_002.jpg,1,abnormal,B_001_007,B_001,B_001_007_20230821,1,train
B_001_007_20230822193359_001_003_000_002.jpg,./data/you_chalk_brood/abnormal/B_001_007_20230822193359_001_003_000_002.jpg,1,abnormal,B_001_007,B_001,B_001_007_20230822,1,val
B_001_007_20230822201948_001_002_000_002.jpg,./data/you_chalk_brood/abnormal/B_001_007_20230822201948_001_002_000_002.jpg,1,abnormal,B_001_007,B_001,B_001_007_20230822,1,train
B_001_007_20230824084118_001_002_000_002.jpg,./data/you_chalk_brood/abnormal/B_001_007_20230824084118_001_002_000_002.jpg,1,abnormal,B_001_007,B_001,B_001_007_20230824,1,val
B_001_008_20230819195945_001_004_000_002.jpg,./data/you_chalk_brood/abnormal/B_001_008_20230819195945_001_004_000_002.jpg,1,abnormal,B_001_008,B_001,B_001_008_20230819,1,test
B_001_008_20230819202053_001_003_000_002.jpg,./data/you_chalk_brood/abnormal/B_001_008_20230819202053_001_003_000_002.jpg,1,abnormal,B_001_008,B_001,B_001_008_20230819,1,train
B_001_008_20230819221607_001_004_000_002.jpg,./data/you_chalk_brood/abnormal/B_001_008_20230819221607_001_004_000_002.jpg,1,abnormal,B_001_008,B_001,B_001_008_20230819,1,train
B_001_008_20230819224040_001_002_000_002.jpg,./data/you_chalk_brood/abnormal/B_001_008_20230819224040_001_002_000_002.jpg,1,abnormal,B_001_008,B_001,B_001_008_20230819,1,train
B_001_008_20230820190020_001_001_000_002.jpg,./data/you_chalk_brood/abnormal/B_001_008_20230820190020_001_001_000_002.jpg,1,abnormal,B_001_008,B_001,B_001_008_20230820,1,test
B_001_008_20230820204320_001_001_000_002.jpg,./data/you_chalk_brood/abnormal/B_001_008_20230820204320_001_001_000_002.jpg,1,abnormal,B_001_008,B_001,B_001_008_20230820,1,train
B_001_008_20230820212806_001_001_000_002.jpg,./data/you_chalk_brood/abnormal/B_001_008_20230820212806_001_001_000_002.jpg,1,abnormal,B_001_008,B_001,B_001_008_20230820,1,train
B_001_008_20230821092519_001_002_000_002.jpg,./data/you_chalk_brood/abnormal/B_001_008_20230821092519_001_002_000_002.jpg,1,abnormal,B_001_008,B_001,B_001_008_20230821,1,train
B_001_008_20230821092522_001_004_000_002.jpg,./data/you_chalk_brood/abnormal/B_001_008_20230821092522_001_004_000_002.jpg,1,abnormal,B_001_008,B_001,B_001_008_20230821,1,train
B_001_008_20230821200741_001_002_000_002.jpg,./data/you_chalk_brood/abnormal/B_001_008_20230821200741_001_002_000_002.jpg,1,abnormal,B_001_008,B_001,B_001_008_20230821,1,train
B_001_008_20230821213219_001_002_000_002.jpg,./data/you_chalk_brood/abnormal/B_001_008_20230821213219_001_002_000_002.jpg,1,abnormal,B_001_008,B_001,B_001_008_20230821,1,val
B_001_008_20230821224314_001_001_000_002.jpg,./data/you_chalk_brood/abnormal/B_001_008_20230821224314_001_001_000_002.jpg,1,abnormal,B_001_008,B_001,B_001_008_20230821,1,val
B_001_008_20230822091817_001_003_000_002.jpg,./data/you_chalk_brood/abnormal/B_001_008_20230822091817_001_003_000_002.jpg,1,abnormal,B_001_008,B_001,B_001_008_20230822,1,train
B_001_008_20230822091915_001_003_000_002.jpg,./data/you_chalk_brood/abnormal/B_001_008_20230822091915_001_003_000_002.jpg,1,abnormal,B_001_008,B_001,B_001_008_20230822,1,val
B_001_008_20230822191036_001_001_000_002.jpg,./data/you_chalk_brood/abnormal/B_001_008_20230822191036_001_001_000_002.jpg,1,abnormal,B_001_008,B_001,B_001_008_20230822,1,train
B_001_008_20230822192350_001_002_000_002.jpg,./data/you_chalk_brood/abnormal/B_001_008_20230822192350_001_002_000_002.jpg,1,abnormal,B_001_008,B_001,B_001_008_20230822,1,val
B_001_008_20230822201823_001_004_000_002.jpg,./data/you_chalk_brood/abnormal/B_001_008_20230822201823_001_004_000_002.jpg,1,abnormal,B_001_008,B_001,B_001_008_20230822,1,train
B_001_008_20230827092507_001_004_000_002.jpg,./data/you_chalk_brood/abnormal/B_001_008_20230827092507_001_004_000_002.jpg,1,abnormal,B_001_008,B_001,B_001_008_20230827,1,val
B_001_008_20230827134617_001_003_000_002.jpg,./data/you_chalk_brood/abnormal/B_001_008_20230827134617_001_003_000_002.jpg,1,abnormal,B_001_008,B_001,B_001_008_20230827,1,test
B_001_009_20230819193629_001_001_000_002.jpg,./data/you_chalk_brood/abnormal/B_001_009_20230819193629_001_001_000_002.jpg,1,abnormal,B_001_009,B_001,B_001_009_20230819,1,val
B_001_009_20230819211555_001_002_000_002.jpg,./data/you_chalk_brood/abnormal/B_001_009_20230819211555_001_002_000_002.jpg,1,abnormal,B_001_009,B_001,B_001_009_20230819,1,test
B_001_009_20230820185013_001_001_000_002.jpg,./data/you_chalk_brood/abnormal/B_001_009_20230820185013_001_001_000_002.jpg,1,abnormal,B_001_009,B_001,B_001_009_20230820,1,val
B_001_009_20230820191318_001_003_000_002.jpg,./data/you_chalk_brood/abnormal/B_001_009_20230820191318_001_003_000_002.jpg,1,abnormal,B_001_009,B_001,B_001_009_20230820,1,val
B_001_009_20230820194950_001_003_000_002.jpg,./data/you_chalk_brood/abnormal/B_001_009_20230820194950_001_003_000_002.jpg,1,abnormal,B_001_009,B_001,B_001_009_20230820,1,train
B_001_009_20230820202147_001_002_000_002.jpg,./data/you_chalk_brood/abnormal/B_001_009_20230820202147_001_002_000_002.jpg,1,abnormal,B_001_009,B_001,B_001_009_20230820,1,test
B_001_009_20230820203524_001_001_000_002.jpg,./data/you_chalk_brood/abnormal/B_001_009_20230820203524_001_001_000_002.jpg,1,abnormal,B_001_009,B_001,B_001_009_20230820,1,val
B_001_009_20230821181347_001_002_000_002.jpg,./data/you_chalk_brood/abnormal/B_001_009_20230821181347_001_002_000_002.jpg,1,abnormal,B_001_009,B_001,B_001_009_20230821,1,test
B_001_009_20230821181733_001_001_000_002.jpg,./data/you_chalk_brood/abnormal/B_001_009_20230821181733_001_001_000_002.jpg,1,abnormal,B_001_009,B_001,B_001_009_20230821,1,train
B_001_009_20230821190317_001_003_000_002.jpg,./data/you_chalk_brood/abnormal/B_001_009_20230821190317_001_003_000_002.jpg,1,abnormal,B_001_009,B_001,B_001_009_20230821,1,train
B_001_009_20230821194949_001_001_000_002.jpg,./data/you_chalk_brood/abnormal/B_001_009_20230821194949_001_001_000_002.jpg,1,abnormal,B_001_009,B_001,B_001_009_20230821,1,train
B_001_009_20230821195405_001_004_000_002.jpg,./data/you_chalk_brood/abnormal/B_001_009_20230821195405_001_004_000_002.jpg,1,abnormal,B_001_009,B_001,B_001_009_20230821,1,train
B_001_009_20230821201457_001_001_000_002.jpg,./data/you_chalk_brood/abnormal/B_001_009_20230821201457_001_001_000_002.jpg,1,abnormal,B_001_009,B_001,B_001_009_20230821,1,test
B_001_009_20230821202251_001_002_000_002.jpg,./data/you_chalk_brood/abnormal/B_001_009_20230821202251_001_002_000_002.jpg,1,abnormal,B_001_009,B_001,B_001_009_20230821,1,test
B_001_009_20230821204214_001_003_000_002.jpg,./data/you_chalk_brood/abnormal/B_001_009_20230821204214_001_003_000_002.jpg,1,abnormal,B_001_009,B_001,B_001_009_20230821,1,train
B_001_009_20230821215819_001_001_000_002.jpg,./data/you_chalk_brood/abnormal/B_001_009_20230821215819_001_001_000_002.jpg,1,abnormal,B_001_009,B_001,B_001_009_20230821,1,train
B_001_009_20230822180823_001_004_000_002.jpg,./data/you_chalk_brood/abnormal/B_001_009_20230822180823_001_004_000_002.jpg,1,abnormal,B_001_009,B_001,B_001_009_20230822,1,train
B_001_009_20230822182715_001_002_000_002.jpg,./data/you_chalk_brood/abnormal/B_001_009_20230822182715_001_002_000_002.jpg,1,abnormal,B_001_009,B_001,B_001_009_20230822,1,test
B_001_009_20230822184354_001_001_000_002.jpg,./data/you_chalk_brood/abnormal/B_001_009_20230822184354_001_001_000_002.jpg,1,abnormal,B_001_009,B_001,B_001_009_20230822,1,train
B_001_009_20230822194328_001_001_000_002.jpg,./data/you_chalk_brood/abnormal/B_001_009_20230822194328_001_001_000_002.jpg,1,abnormal,B_001_009,B_001,B_001_009_20230822,1,test
B_001_009_20230822203917_001_001_000_002.jpg,./data/you_chalk_brood/abnormal/B_001_009_20230822203917_001_001_000_002.jpg,1,abnormal,B_001_009,B_001,B_001_009_20230822,1,train
B_001_009_20230822210406_001_002_000_002.jpg,./data/you_chalk_brood/abnormal/B_001_009_20230822210406_001_002_000_002.jpg,1,abnormal,B_001_009,B_001,B_001_009_20230822,1,train
B_001_010_20230819194600_001_001_000_002.jpg,./data/you_chalk_brood/abnormal/B_001_010_20230819194600_001_001_000_002.jpg,1,abnormal,B_001_010,B_001,B_001_010_20230819,1,train
B_001_010_20230819200032_001_003_000_002.jpg,./data/you_chalk_brood/abnormal/B_001_010_20230819200032_001_003_000_002.jpg,1,abnormal,B_001_010,B_001,B_001_010_20230819,1,train
B_001_010_20230819203645_001_003_000_002.jpg,./data/you_chalk_brood/abnormal/B_001_010_20230819203645_001_003_000_002.jpg,1,abnormal,B_001_010,B_001,B_001_010_20230819,1,val
B_001_010_20230819220517_001_004_000_002.jpg,./data/you_chalk_brood/abnormal/B_001_010_20230819220517_001_004_000_002.jpg,1,abnormal,B_001_010,B_001,B_001_010_20230819,1,val
B_001_010_20230819221146_001_004_000_002.jpg,./data/you_chalk_brood/abnormal/B_001_010_20230819221146_001_004_000_002.jpg,1,abnormal,B_001_010,B_001,B_001_010_20230819,1,test
B_001_010_20230820185811_001_001_000_002.jpg,./data/you_chalk_brood/abnormal/B_001_010_20230820185811_001_001_000_002.jpg,1,abnormal,B_001_010,B_001,B_001_010_20230820,1,val
B_001_010_20230820203735_001_003_000_002.jpg,./data/you_chalk_brood/abnormal/B_001_010_20230820203735_001_003_000_002.jpg,1,abnormal,B_001_010,B_001,B_001_010_20230820,1,val
B_001_010_20230820210412_001_004_000_002.jpg,./data/you_chalk_brood/abnormal/B_001_010_20230820210412_001_004_000_002.jpg,1,abnormal,B_001_010,B_001,B_001_010_20230820,1,test
B_001_010_20230821182236_001_004_000_002.jpg,./data/you_chalk_brood/abnormal/B_001_010_20230821182236_001_004_000_002.jpg,1,abnormal,B_001_010,B_001,B_001_010_20230821,1,test
B_001_010_20230821182827_001_003_000_002.jpg,./data/you_chalk_brood/abnormal/B_001_010_20230821182827_001_003_000_002.jpg,1,abnormal,B_001_010,B_001,B_001_010_20230821,1,train
B_001_010_20230821184007_001_002_000_002.jpg,./data/you_chalk_brood/abnormal/B_001_010_20230821184007_001_002_000_002.jpg,1,abnormal,B_001_010,B_001,B_001_010_20230821,1,val
B_001_010_20230821191248_001_002_000_002.jpg,./data/you_chalk_brood/abnormal/B_001_010_20230821191248_001_002_000_002.jpg,1,abnormal,B_001_010,B_001,B_001_010_20230821,1,train
B_001_010_20230821192638_001_003_000_002.jpg,./data/you_chalk_brood/abnormal/B_001_010_20230821192638_001_003_000_002.jpg,1,abnormal,B_001_010,B_001,B_001_010_20230821,1,test
B_001_010_20230821200535_001_003_000_002.jpg,./data/you_chalk_brood/abnormal/B_001_010_20230821200535_001_003_000_002.jpg,1,abnormal,B_001_010,B_001,B_001_010_20230821,1,train
B_001_010_20230821200952_001_003_000_002.jpg,./data/you_chalk_brood/abnormal/B_001_010_20230821200952_001_003_000_002.jpg,1,abnormal,B_001_010,B_001,B_001_010_20230821,1,test
B_001_010_20230821210733_001_003_000_002.jpg,./data/you_chalk_brood/abnormal/B_001_010_20230821210733_001_003_000_002.jpg,1,abnormal,B_001_010,B_001,B_001_010_20230821,1,test
B_001_010_20230821212759_001_004_000_002.jpg,./data/you_chalk_brood/abnormal/B_001_010_20230821212759_001_004_000_002.jpg,1,abnormal,B_001_010,B_001,B_001_010_20230821,1,test
B_001_010_20230821221844_001_004_000_002.jpg,./data/you_chalk_brood/abnormal/B_001_010_20230821221844_001_004_000_002.jpg,1,abnormal,B_001_010,B_001,B_001_010_20230821,1,val
B_001_010_20230822184647_001_003_000_002.jpg,./data/you_chalk_brood/abnormal/B_001_010_20230822184647_001_003_000_002.jpg,1,abnormal,B_001_010,B_001,B_001_010_20230822,1,train
B_001_010_20230822191849_001_004_000_002.jpg,./data/you_chalk_brood/abnormal/B_001_010_20230822191849_001_004_000_002.jpg,1,abnormal,B_001_010,B_001,B_001_010_20230822,1,test
B_001_010_20230822192732_001_002_000_002.jpg,./data/you_chalk_brood/abnormal/B_001_010_20230822192732_001_002_000_002.jpg,1,abnormal,B_001_010,B_001,B_001_010_20230822,1,train
B_001_010_20230822204720_001_001_000_002.jpg,./data/you_chalk_brood/abnormal/B_001_010_20230822204720_001_001_000_002.jpg,1,abnormal,B_001_010,B_001,B_001_010_20230822,1,test
B_001_010_20230822204933_001_002_000_002.jpg,./data/you_chalk_brood/abnormal/B_001_010_20230822204933_001_002_000_002.jpg,1,abnormal,B_001_010,B_001,B_001_010_20230822,1,val
B_001_011_20230819182747_001_001_000_002.jpg,./data/you_chalk_brood/abnormal/B_001_011_20230819182747_001_001_000_002.jpg,1,abnormal,B_001_011,B_001,B_001_011_20230819,1,test
B_001_011_20230819220142_001_004_000_002.jpg,./data/you_chalk_brood/abnormal/B_001_011_20230819220142_001_004_000_002.jpg,1,abnormal,B_001_011,B_001,B_001_011_20230819,1,val
B_001_011_20230820213024_001_004_000_002.jpg,./data/you_chalk_brood/abnormal/B_001_011_20230820213024_001_004_000_002.jpg,1,abnormal,B_001_011,B_001,B_001_011_20230820,1,test
B_001_011_20230820213105_001_002_000_002.jpg,./data/you_chalk_brood/abnormal/B_001_011_20230820213105_001_002_000_002.jpg,1,abnormal,B_001_011,B_001,B_001_011_20230820,1,train
B_001_011_20230820223149_001_001_000_002.jpg,./data/you_chalk_brood/abnormal/B_001_011_20230820223149_001_001_000_002.jpg,1,abnormal,B_001_011,B_001,B_001_011_20230820,1,train
B_001_011_20230821195950_001_002_000_002.jpg,./data/you_chalk_brood/abnormal/B_001_011_20230821195950_001_002_000_002.jpg,1,abnormal,B_001_011,B_001,B_001_011_20230821,1,test
B_001_011_20230821214404_001_004_000_002.jpg,./data/you_chalk_brood/abnormal/B_001_011_20230821214404_001_004_000_002.jpg,1,abnormal,B_001_011,B_001,B_001_011_20230821,1,train
B_001_011_20230822203123_001_003_000_002.jpg,./data/you_chalk_brood/abnormal/B_001_011_20230822203123_001_003_000_002.jpg,1,abnormal,B_001_011,B_001,B_001_011_20230822,1,test
B_001_012_20230819182413_001_004_000_002.jpg,./data/you_chalk_brood/abnormal/B_001_012_20230819182413_001_004_000_002.jpg,1,abnormal,B_001_012,B_001,B_001_012_20230819,1,val
B_001_012_20230819191953_001_001_000_002.jpg,./data/you_chalk_brood/abnormal/B_001_012_20230819191953_001_001_000_002.jpg,1,abnormal,B_001_012,B_001,B_001_012_20230819,1,train
B_001_012_20230819210845_001_004_000_002.jpg,./data/you_chalk_brood/abnormal/B_001_012_20230819210845_001_004_000_002.jpg,1,abnormal,B_001_012,B_001,B_001_012_20230819,1,train
B_001_012_20230819211809_001_003_000_002.jpg,./data/you_chalk_brood/abnormal/B_001_012_20230819211809_001_003_000_002.jpg,1,abnormal,B_001_012,B_001,B_001_012_20230819,1,train
B_001_012_20230819222616_001_002_000_002.jpg,./data/you_chalk_brood/abnormal/B_001_012_20230819222616_001_002_000_002.jpg,1,abnormal,B_001_012,B_001,B_001_012_20230819,1,train
B_001_012_20230820202603_001_001_000_002.jpg,./data/you_chalk_brood/abnormal/B_001_012_20230820202603_001_001_000_002.jpg,1,abnormal,B_001_012,B_001,B_001_012_20230820,1,train
B_001_012_20230820225925_001_004_000_002.jpg,./data/you_chalk_brood/abnormal/B_001_012_20230820225925_001_004_000_002.jpg,1,abnormal,B_001_012,B_001,B_001_012_20230820,1,train
B_001_012_20230821180634_001_003_000_002.jpg,./data/you_chalk_brood/abnormal/B_001_012_20230821180634_001_003_000_002.jpg,1,abnormal,B_001_012,B_001,B_001_012_20230821,1,train
B_001_012_20230821181020_001_003_000_002.jpg,./data/you_chalk_brood/abnormal/B_001_012_20230821181020_001_003_000_002.jpg,1,abnormal,B_001_012,B_001,B_001_012_20230821,1,train
B_001_012_20230821191800_001_004_000_002.jpg,./data/you_chalk_brood/abnormal/B_001_012_20230821191800_001_004_000_002.jpg,1,abnormal,B_001_012,B_001,B_001_012_20230821,1,train
B_001_012_20230821192302_001_002_000_002.jpg,./data/you_chalk_brood/abnormal/B_001_012_20230821192302_001_002_000_002.jpg,1,abnormal,B_001_012,B_001,B_001_012_20230821,1,test
B_001_012_20230821193647_001_003_000_002.jpg,./data/you_chalk_brood/abnormal/B_001_012_20230821193647_001_003_000_002.jpg,1,abnormal,B_001_012,B_001,B_001_012_20230821,1,train
B_001_012_20230821202802_001_003_000_002.jpg,./data/you_chalk_brood/abnormal/B_001_012_20230821202802_001_003_000_002.jpg,1,abnormal,B_001_012,B_001,B_001_012_20230821,1,test
B_001_012_20230822191936_001_004_000_002.jpg,./data/you_chalk_brood/abnormal/B_001_012_20230822191936_001_004_000_002.jpg,1,abnormal,B_001_012,B_001,B_001_012_20230822,1,train
B_001_012_20230822195509_001_002_000_002.jpg,./data/you_chalk_brood/abnormal/B_001_012_20230822195509_001_002_000_002.jpg,1,abnormal,B_001_012,B_001,B_001_012_20230822,1,val
B_001_013_20230819182457_001_001_000_002.jpg,./data/you_chalk_brood/abnormal/B_001_013_20230819182457_001_001_000_002.jpg,1,abnormal,B_001_013,B_001,B_001_013_20230819,1,train
B_001_013_20230819192921_001_001_000_002.jpg,./data/you_chalk_brood/abnormal/B_001_013_20230819192921_001_001_000_002.jpg,1,abnormal,B_001_013,B_001,B_001_013_20230819,1,train
B_001_013_20230819201004_001_004_000_002.jpg,./data/you_chalk_brood/abnormal/B_001_013_20230819201004_001_004_000_002.jpg,1,abnormal,B_001_013,B_001,B_001_013_20230819,1,val
B_001_013_20230819202937_001_002_000_002.jpg,./data/you_chalk_brood/abnormal/B_001_013_20230819202937_001_002_000_002.jpg,1,abnormal,B_001_013,B_001,B_001_013_20230819,1,train
B_001_013_20230819210008_001_001_000_002.jpg,./data/you_chalk_brood/abnormal/B_001_013_20230819210008_001_001_000_002.jpg,1,abnormal,B_001_013,B_001,B_001_013_20230819,1,test
B_001_013_20230820183541_001_001_000_002.jpg,./data/you_chalk_brood/abnormal/B_001_013_20230820183541_001_001_000_002.jpg,1,abnormal,B_001_013,B_001,B_001_013_20230820,1,test
B_001_013_20230820200847_001_004_000_002.jpg,./data/you_chalk_brood/abnormal/B_001_013_20230820200847_001_004_000_002.jpg,1,abnormal,B_001_013,B_001,B_001_013_20230820,1,train
B_001_013_20230820203109_001_003_000_002.jpg,./data/you_chalk_brood/abnormal/B_001_013_20230820203109_001_003_000_002.jpg,1,abnormal,B_001_013,B_001,B_001_013_20230820,1,test
B_001_013_20230820221556_001_004_000_002.jpg,./data/you_chalk_brood/abnormal/B_001_013_20230820221556_001_004_000_002.jpg,1,abnormal,B_001_013,B_001,B_001_013_20230820,1,val
B_001_013_20230821183548_001_004_000_002.jpg,./data/you_chalk_brood/abnormal/B_001_013_20230821183548_001_004_000_002.jpg,1,abnormal,B_001_013,B_001,B_001_013_20230821,1,test
B_001_013_20230821190957_001_003_000_002.jpg,./data/you_chalk_brood/abnormal/B_001_013_20230821190957_001_003_000_002.jpg,1,abnormal,B_001_013,B_001,B_001_013_20230821,1,test
B_001_013_20230821201335_001_001_000_002.jpg,./data/you_chalk_brood/abnormal/B_001_013_20230821201335_001_001_000_002.jpg,1,abnormal,B_001_013,B_001,B_001_013_20230821,1,train
B_001_013_20230821203014_001_004_000_002.jpg,./data/you_chalk_brood/abnormal/B_001_013_20230821203014_001_004_000_002.jpg,1,abnormal,B_001_013,B_001,B_001_013_20230821,1,train
B_001_013_20230821225542_001_004_000_002.jpg,./data/you_chalk_brood/abnormal/B_001_013_20230821225542_001_004_000_002.jpg,1,abnormal,B_001_013,B_001,B_001_013_20230821,1,train
B_001_013_20230822191809_001_002_000_002.jpg,./data/you_chalk_brood/abnormal/B_001_013_20230822191809_001_002_000_002.jpg,1,abnormal,B_001_013,B_001,B_001_013_20230822,1,val
B_001_013_20230822194837_001_002_000_002.jpg,./data/you_chalk_brood/abnormal/B_001_013_20230822194837_001_002_000_002.jpg,1,abnormal,B_001_013,B_001,B_001_013_20230822,1,train
B_001_013_20230822200727_001_001_000_002.jpg,./data/you_chalk_brood/abnormal/B_001_013_20230822200727_001_001_000_002.jpg,1,abnormal,B_001_013,B_001,B_001_013_20230822,1,test
B_001_013_20230902105652_001_004_000_002.jpg,./data/you_chalk_brood/abnormal/B_001_013_20230902105652_001_004_000_002.jpg,1,abnormal,B_001_013,B_001,B_001_013_20230902,1,train
B_001_014_20230819182752_001_002_000_002.jpg,./data/you_chalk_brood/abnormal/B_001_014_20230819182752_001_002_000_002.jpg,1,abnormal,B_001_014,B_001,B_001_014_20230819,1,train
B_001_014_20230819215936_001_002_000_002.jpg,./data/you_chalk_brood/abnormal/B_001_014_20230819215936_001_002_000_002.jpg,1,abnormal,B_001_014,B_001,B_001_014_20230819,1,train
B_001_014_20230819224426_001_003_000_002.jpg,./data/you_chalk_brood/abnormal/B_001_014_20230819224426_001_003_000_002.jpg,1,abnormal,B_001_014,B_001,B_001_014_20230819,1,val
B_001_014_20230820182326_001_002_000_002.jpg,./data/you_chalk_brood/abnormal/B_001_014_20230820182326_001_002_000_002.jpg,1,abnormal,B_001_014,B_001,B_001_014_20230820,1,test
B_001_014_20230820190611_001_003_000_002.jpg,./data/you_chalk_brood/abnormal/B_001_014_20230820190611_001_003_000_002.jpg,1,abnormal,B_001_014,B_001,B_001_014_20230820,1,val
B_001_014_20230820205456_001_001_000_002.jpg,./data/you_chalk_brood/abnormal/B_001_014_20230820205456_001_001_000_002.jpg,1,abnormal,B_001_014,B_001,B_001_014_20230820,1,train
B_001_014_20230820210840_001_003_000_002.jpg,./data/you_chalk_brood/abnormal/B_001_014_20230820210840_001_003_000_002.jpg,1,abnormal,B_001_014,B_001,B_001_014_20230820,1,train
B_001_014_20230820224248_001_001_000_002.jpg,./data/you_chalk_brood/abnormal/B_001_014_20230820224248_001_001_000_002.jpg,1,abnormal,B_001_014,B_001,B_001_014_20230820,1,val
B_001_014_20230821204140_001_002_000_002.jpg,./data/you_chalk_brood/abnormal/B_001_014_20230821204140_001_002_000_002.jpg,1,abnormal,B_001_014,B_001,B_001_014_20230821,1,test
B_001_014_20230821205609_001_001_000_002.jpg,./data/you_chalk_brood/abnormal/B_001_014_20230821205609_001_001_000_002.jpg,1,abnormal,B_001_014,B_001,B_001_014_20230821,1,test
B_001_014_20230821212637_001_004_000_002.jpg,./data/you_chalk_brood/abnormal/B_001_014_20230821212637_001_004_000_002.jpg,1,abnormal,B_001_014,B_001,B_001_014_20230821,1,test
B_001_014_20230821213946_001_002_000_002.jpg,./data/you_chalk_brood/abnormal/B_001_014_20230821213946_001_002_000_002.jpg,1,abnormal,B_001_014,B_001,B_001_014_20230821,1,test
B_001_014_20230821214409_001_002_000_002.jpg,./data/you_chalk_brood/abnormal/B_001_014_20230821214409_001_002_000_002.jpg,1,abnormal,B_001_014,B_001,B_001_014_20230821,1,test
B_001_014_20230821223233_001_004_000_002.jpg,./data/you_chalk_brood/abnormal/B_001_014_20230821223233_001_004_000_002.jpg,1,abnormal,B_001_014,B_001,B_001_014_20230821,1,val
B_001_015_20230819203609_001_004_000_002.jpg,./data/you_chalk_brood/abnormal/B_001_015_20230819203609_001_004_000_002.jpg,1,abnormal,B_001_015,B_001,B_001_015_20230819,1,train
B_001_015_20230819221618_001_003_000_002.jpg,./data/you_chalk_brood/abnormal/B_001_015_20230819221618_001_003_000_002.jpg,1,abnormal,B_001_015,B_001,B_001_015_20230819,1,val
B_001_015_20230820185901_001_003_000_002.jpg,./data/you_chalk_brood/abnormal/B_001_015_20230820185901_001_003_000_002.jpg,1,abnormal,B_001_015,B_001,B_001_015_20230820,1,test
B_001_015_20230820193358_001_001_000_002.jpg,./data/you_chalk_brood/abnormal/B_001_015_20230820193358_001_001_000_002.jpg,1,abnormal,B_001_015,B_001,B_001_015_20230820,1,train
B_001_015_20230820201818_001_001_000_002.jpg,./data/you_chalk_brood/abnormal/B_001_015_20230820201818_001_001_000_002.jpg,1,abnormal,B_001_015,B_001,B_001_015_20230820,1,test
B_001_015_20230820211348_001_004_000_002.jpg,./data/you_chalk_brood/abnormal/B_001_015_20230820211348_001_004_000_002.jpg,1,abnormal,B_001_015,B_001,B_001_015_20230820,1,test
B_001_015_20230820223238_001_004_000_002.jpg,./data/you_chalk_brood/abnormal/B_001_015_20230820223238_001_004_000_002.jpg,1,abnormal,B_001_015,B_001,B_001_015_20230820,1,train
B_001_015_20230821190027_001_004_000_002.jpg,./data/you_chalk_brood/abnormal/B_001_015_20230821190027_001_004_000_002.jpg,1,abnormal,B_001_015,B_001,B_001_015_20230821,1,test
B_001_015_20230821193148_001_003_000_002.jpg,./data/you_chalk_brood/abnormal/B_001_015_20230821193148_001_003_000_002.jpg,1,abnormal,B_001_015,B_001,B_001_015_20230821,1,train
B_001_015_20230821200209_001_001_000_002.jpg,./data/you_chalk_brood/abnormal/B_001_015_20230821200209_001_001_000_002.jpg,1,abnormal,B_001_015,B_001,B_001_015_20230821,1,val
B_001_015_20230821211117_001_003_000_002.jpg,./data/you_chalk_brood/abnormal/B_001_015_20230821211117_001_003_000_002.jpg,1,abnormal,B_001_015,B_001,B_001_015_20230821,1,test
B_001_015_20230821211835_001_001_000_002.jpg,./data/you_chalk_brood/abnormal/B_001_015_20230821211835_001_001_000_002.jpg,1,abnormal,B_001_015,B_001,B_001_015_20230821,1,train
B_001_015_20230821214910_001_003_000_002.jpg,./data/you_chalk_brood/abnormal/B_001_015_20230821214910_001_003_000_002.jpg,1,abnormal,B_001_015,B_001,B_001_015_20230821,1,train
B_001_015_20230821215243_001_003_000_002.jpg,./data/you_chalk_brood/abnormal/B_001_015_20230821215243_001_003_000_002.jpg,1,abnormal,B_001_015,B_001,B_001_015_20230821,1,test
B_001_015_20230821222142_001_003_000_002.jpg,./data/you_chalk_brood/abnormal/B_001_015_20230821222142_001_003_000_002.jpg,1,abnormal,B_001_015,B_001,B_001_015_20230821,1,train
B_001_015_20230821223823_001_001_000_002.jpg,./data/you_chalk_brood/abnormal/B_001_015_20230821223823_001_001_000_002.jpg,1,abnormal,B_001_015,B_001,B_001_015_20230821,1,test
B_001_015_20230822191001_001_004_000_002.jpg,./data/you_chalk_brood/abnormal/B_001_015_20230822191001_001_004_000_002.jpg,1,abnormal,B_001_015,B_001,B_001_015_20230822,1,train
B_001_015_20230822201915_001_002_000_002.jpg,./data/you_chalk_brood/abnormal/B_001_015_20230822201915_001_002_000_002.jpg,1,abnormal,B_001_015,B_001,B_001_015_20230822,1,train
B_001_015_20230822210122_001_003_000_002.jpg,./data/you_chalk_brood/abnormal/B_001_015_20230822210122_001_003_000_002.jpg,1,abnormal,B_001_015,B_001,B_001_015_20230822,1,train
B_001_015_20230822212054_001_003_000_002.jpg,./data/you_chalk_brood/abnormal/B_001_015_20230822212054_001_003_000_002.jpg,1,abnormal,B_001_015,B_001,B_001_015_20230822,1,test
B_001_016_20230819182755_001_001_000_002.jpg,./data/you_chalk_brood/abnormal/B_001_016_20230819182755_001_001_000_002.jpg,1,abnormal,B_001_016,B_001,B_001_016_20230819,1,test
B_001_016_20230819184059_001_003_000_002.jpg,./data/you_chalk_brood/abnormal/B_001_016_20230819184059_001_003_000_002.jpg,1,abnormal,B_001_016,B_001,B_001_016_20230819,1,train
B_001_016_20230819221746_001_002_000_002.jpg,./data/you_chalk_brood/abnormal/B_001_016_20230819221746_001_002_000_002.jpg,1,abnormal,B_001_016,B_001,B_001_016_20230819,1,train
B_001_016_20230820185738_001_002_000_002.jpg,./data/you_chalk_brood/abnormal/B_001_016_20230820185738_001_002_000_002.jpg,1,abnormal,B_001_016,B_001,B_001_016_20230820,1,train
B_001_016_20230820221223_001_001_000_002.jpg,./data/you_chalk_brood/abnormal/B_001_016_20230820221223_001_001_000_002.jpg,1,abnormal,B_001_016,B_001,B_001_016_20230820,1,val
B_001_016_20230821183716_001_002_000_002.jpg,./data/you_chalk_brood/abnormal/B_001_016_20230821183716_001_002_000_002.jpg,1,abnormal,B_001_016,B_001,B_001_016_20230821,1,test
B_001_016_20230821195332_001_002_000_002.jpg,./data/you_chalk_brood/abnormal/B_001_016_20230821195332_001_002_000_002.jpg,1,abnormal,B_001_016,B_001,B_001_016_20230821,1,test
B_001_016_20230821201844_001_001_000_002.jpg,./data/you_chalk_brood/abnormal/B_001_016_20230821201844_001_001_000_002.jpg,1,abnormal,B_001_016,B_001,B_001_016_20230821,1,train
B_001_016_20230821204311_001_001_000_002.jpg,./data/you_chalk_brood/abnormal/B_001_016_20230821204311_001_001_000_002.jpg,1,abnormal,B_001_016,B_001,B_001_016_20230821,1,train
B_001_016_20230822195009_001_002_000_002.jpg,./data/you_chalk_brood/abnormal/B_001_016_20230822195009_001_002_000_002.jpg,1,abnormal,B_001_016,B_001,B_001_016_20230822,1,test
B_001_016_20230822202047_001_003_000_002.jpg,./data/you_chalk_brood/abnormal/B_001_016_20230822202047_001_003_000_002.jpg,1,abnormal,B_001_016,B_001,B_001_016_20230822,1,test
B_001_016_20230822203512_001_003_000_002.jpg,./data/you_chalk_brood/abnormal/B_001_016_20230822203512_001_003_000_002.jpg,1,abnormal,B_001_016,B_001,B_001_016_20230822,1,test
B_001_016_20230822211719_001_004_000_002.jpg,./data/you_chalk_brood/abnormal/B_001_016_20230822211719_001_004_000_002.jpg,1,abnormal,B_001_016,B_001,B_001_016_20230822,1,train
B_001_016_20230906105325_001_003_000_002.jpg,./data/you_chalk_brood/abnormal/B_001_016_20230906105325_001_003_000_002.jpg,1,abnormal,B_001_016,B_001,B_001_016_20230906,1,train
B_001_017_20230819183259_001_002_000_002.jpg,./data/you_chalk_brood/abnormal/B_001_017_20230819183259_001_002_000_002.jpg,1,abnormal,B_001_017,B_001,B_001_017_20230819,1,train
B_001_017_20230819190112_001_001_000_002.jpg,./data/you_chalk_brood/abnormal/B_001_017_20230819190112_001_001_000_002.jpg,1,abnormal,B_001_017,B_001,B_001_017_20230819,1,test
B_001_017_20230819191120_001_004_000_002.jpg,./data/you_chalk_brood/abnormal/B_001_017_20230819191120_001_004_000_002.jpg,1,abnormal,B_001_017,B_001,B_001_017_20230819,1,train
B_001_017_20230819193516_001_004_000_002.jpg,./data/you_chalk_brood/abnormal/B_001_017_20230819193516_001_004_000_002.jpg,1,abnormal,B_001_017,B_001,B_001_017_20230819,1,train
B_001_017_20230819195032_001_001_000_002.jpg,./data/you_chalk_brood/abnormal/B_001_017_20230819195032_001_001_000_002.jpg,1,abnormal,B_001_017,B_001,B_001_017_20230819,1,train
B_001_017_20230820204540_001_004_000_002.jpg,./data/you_chalk_brood/abnormal/B_001_017_20230820204540_001_004_000_002.jpg,1,abnormal,B_001_017,B_001,B_001_017_20230820,1,test
B_001_017_20230820224627_001_003_000_002.jpg,./data/you_chalk_brood/abnormal/B_001_017_20230820224627_001_003_000_002.jpg,1,abnormal,B_001_017,B_001,B_001_017_20230820,1,val
B_001_017_20230821191807_001_003_000_002.jpg,./data/you_chalk_brood/abnormal/B_001_017_20230821191807_001_003_000_002.jpg,1,abnormal,B_001_017,B_001,B_001_017_20230821,1,train
B_001_017_20230822191218_001_004_000_002.jpg,./data/you_chalk_brood/abnormal/B_001_017_20230822191218_001_004_000_002.jpg,1,abnormal,B_001_017,B_001,B_001_017_20230822,1,train
B_001_018_20230819190532_001_004_000_002.jpg,./data/you_chalk_brood/abnormal/B_001_018_20230819190532_001_004_000_002.jpg,1,abnormal,B_001_018,B_001,B_001_018_20230819,1,test
B_001_018_20230819195833_001_001_000_002.jpg,./data/you_chalk_brood/abnormal/B_001_018_20230819195833_001_001_000_002.jpg,1,abnormal,B_001_018,B_001,B_001_018_20230819,1,train
B_001_018_20230819204913_001_003_000_002.jpg,./data/you_chalk_brood/abnormal/B_001_018_20230819204913_001_003_000_002.jpg,1,abnormal,B_001_018,B_001,B_001_018_20230819,1,train
B_001_018_20230819211902_001_004_000_002.jpg,./data/you_chalk_brood/abnormal/B_001_018_20230819211902_001_004_000_002.jpg,1,abnormal,B_001_018,B_001,B_001_018_20230819,1,val
B_001_018_20230819212534_001_002_000_002.jpg,./data/you_chalk_brood/abnormal/B_001_018_20230819212534_001_002_000_002.jpg,1,abnormal,B_001_018,B_001,B_001_018_20230819,1,train
B_001_018_20230819213547_001_001_000_002.jpg,./data/you_chalk_brood/abnormal/B_001_018_20230819213547_001_001_000_002.jpg,1,abnormal,B_001_018,B_001,B_001_018_20230819,1,train
B_001_018_20230819214217_001_004_000_002.jpg,./data/you_chalk_brood/abnormal/B_001_018_20230819214217_001_004_000_002.jpg,1,abnormal,B_001_018,B_001,B_001_018_20230819,1,test
B_001_018_20230820192428_001_001_000_002.jpg,./data/you_chalk_brood/abnormal/B_001_018_20230820192428_001_001_000_002.jpg,1,abnormal,B_001_018,B_001,B_001_018_20230820,1,train
B_001_018_20230820194543_001_003_000_002.jpg,./data/you_chalk_brood/abnormal/B_001_018_20230820194543_001_003_000_002.jpg,1,abnormal,B_001_018,B_001,B_001_018_20230820,1,test
B_001_018_20230820215338_001_002_000_002.jpg,./data/you_chalk_brood/abnormal/B_001_018_20230820215338_001_002_000_002.jpg,1,abnormal,B_001_018,B_001,B_001_018_20230820,1,test
B_001_018_20230820222608_001_003_000_002.jpg,./data/you_chalk_brood/abnormal/B_001_018_20230820222608_001_003_000_002.jpg,1,abnormal,B_001_018,B_001,B_001_018_20230820,1,train
B_001_018_20230821201342_001_003_000_002.jpg,./data/you_chalk_brood/abnormal/B_001_018_20230821201342_001_003_000_002.jpg,1,abnormal,B_001_018,B_001,B_001_018_20230821,1,train
B_001_018_20230821224203_001_004_000_002.jpg,./data/you_chalk_brood/abnormal/B_001_018_20230821224203_001_004_000_002.jpg,1,abnormal,B_001_018,B_001,B_001_018_20230821,1,train
B_001_019_20230819183009_001_001_000_002.jpg,./data/you_chalk_brood/abnormal/B_001_019_20230819183009_001_001_000_002.jpg,1,abnormal,B_001_019,B_001,B_001_019_20230819,1,train
B_001_019_20230819192255_001_004_000_002.jpg,./data/you_chalk_brood/abnormal/B_001_019_20230819192255_001_004_000_002.jpg,1,abnormal,B_001_019,B_001,B_001_019_20230819,1,train
B_001_019_20230819193644_001_003_000_002.jpg,./data/you_chalk_brood/abnormal/B_001_019_20230819193644_001_003_000_002.jpg,1,abnormal,B_001_019,B_001,B_001_019_20230819,1,test
B_001_019_20230819211150_001_003_000_002.jpg,./data/you_chalk_brood/abnormal/B_001_019_20230819211150_001_003_000_002.jpg,1,abnormal,B_001_019,B_001,B_001_019_20230819,1,val
B_001_019_20230819224056_001_001_000_002.jpg,./data/you_chalk_brood/abnormal/B_001_019_20230819224056_001_001_000_002.jpg,1,abnormal,B_001_019,B_001,B_001_019_20230819,1,train
B_001_019_20230820185321_001_004_000_002.jpg,./data/you_chalk_brood/abnormal/B_001_019_20230820185321_001_004_000_002.jpg,1,abnormal,B_001_019,B_001,B_001_019_20230820,1,train
B_001_019_20230820190451_001_003_000_002.jpg,./data/you_chalk_brood/abnormal/B_001_019_20230820190451_001_003_000_002.jpg,1,abnormal,B_001_019,B_001,B_001_019_20230820,1,test
B_001_019_20230820222400_001_004_000_002.jpg,./data/you_chalk_brood/abnormal/B_001_019_20230820222400_001_004_000_002.jpg,1,abnormal,B_001_019,B_001,B_001_019_20230820,1,train
B_001_019_20230821180352_001_003_000_002.jpg,./data/you_chalk_brood/abnormal/B_001_019_20230821180352_001_003_000_002.jpg,1,abnormal,B_001_019,B_001,B_001_019_20230821,1,train
B_001_019_20230821201259_001_003_000_002.jpg,./data/you_chalk_brood/abnormal/B_001_019_20230821201259_001_003_000_002.jpg,1,abnormal,B_001_019,B_001,B_001_019_20230821,1,test
B_001_019_20230821224247_001_003_000_002.jpg,./data/you_chalk_brood/abnormal/B_001_019_20230821224247_001_003_000_002.jpg,1,abnormal,B_001_019,B_001,B_001_019_20230821,1,train
B_001_019_20230822192828_001_001_000_002.jpg,./data/you_chalk_brood/abnormal/B_001_019_20230822192828_001_001_000_002.jpg,1,abnormal,B_001_019,B_001,B_001_019_20230822,1,train
B_001_019_20230822210338_001_003_000_002.jpg,./data/you_chalk_brood/abnormal/B_001_019_20230822210338_001_003_000_002.jpg,1,abnormal,B_001_019,B_001,B_001_019_20230822,1,test
B_001_020_20230820182126_001_003_000_002.jpg,./data/you_chalk_brood/abnormal/B_001_020_20230820182126_001_003_000_002.jpg,1,abnormal,B_001_020,B_001,B_001_020_20230820,1,train
B_001_020_20230820224340_001_002_000_002.jpg,./data/you_chalk_brood/abnormal/B_001_020_20230820224340_001_002_000_002.jpg,1,abnormal,B_001_020,B_001,B_001_020_20230820,1,val
B_001_020_20230821184601_001_003_000_002.jpg,./data/you_chalk_brood/abnormal/B_001_020_20230821184601_001_003_000_002.jpg,1,abnormal,B_001_020,B_001,B_001_020_20230821,1,train
B_001_020_20230821191855_001_002_000_002.jpg,./data/you_chalk_brood/abnormal/B_001_020_20230821191855_001_002_000_002.jpg,1,abnormal,B_001_020,B_001,B_001_020_20230821,1,test
B_001_020_20230821202731_001_004_000_002.jpg,./data/you_chalk_brood/abnormal/B_001_020_20230821202731_001_004_000_002.jpg,1,abnormal,B_001_020,B_001,B_001_020_20230821,1,test
B_001_020_20230821213743_001_001_000_002.jpg,./data/you_chalk_brood/abnormal/B_001_020_20230821213743_001_001_000_002.jpg,1,abnormal,B_001_020,B_001,B_001_020_20230821,1,test
B_001_020_20230821222150_001_004_000_002.jpg,./data/you_chalk_brood/abnormal/B_001_020_20230821222150_001_004_000_002.jpg,1,abnormal,B_001_020,B_001,B_001_020_20230821,1,val
B_001_020_20230822190214_001_002_000_002.jpg,./data/you_chalk_brood/abnormal/B_001_020_20230822190214_001_002_000_002.jpg,1,abnormal,B_001_020,B_001,B_001_020_20230822,1,train
B_001_021_20230819201142_001_003_000_002.jpg,./data/you_chalk_brood/abnormal/B_001_021_20230819201142_001_003_000_002.jpg,1,abnormal,B_001_021,B_001,B_001_021_20230819,1,test
B_001_021_20230819220238_001_002_000_002.jpg,./data/you_chalk_brood/abnormal/B_001_021_20230819220238_001_002_000_002.jpg,1,abnormal,B_001_021,B_001,B_001_021_20230819,1,train
B_001_021_20230820183724_001_004_000_002.jpg,./data/you_chalk_brood/abnormal/B_001_021_20230820183724_001_004_000_002.jpg,1,abnormal,B_001_021,B_001,B_001_021_20230820,1,train
B_001_021_20230820194548_001_004_000_002.jpg,./data/you_chalk_brood/abnormal/B_001_021_20230820194548_001_004_000_002.jpg,1,abnormal,B_001_021,B_001,B_001_021_20230820,1,test
B_001_021_20230820211651_001_003_000_002.jpg,./data/you_chalk_brood/abnormal/B_001_021_20230820211651_001_003_000_002.jpg,1,abnormal,B_001_021,B_001,B_001_021_20230820,1,train
B_001_021_20230820215427_001_001_000_002.jpg,./data/you_chalk_brood/abnormal/B_001_021_20230820215427_001_001_000_002.jpg,1,abnormal,B_001_021,B_001,B_001_021_20230820,1,test
B_001_021_20230820215427_001_003_000_002.jpg,./data/you_chalk_brood/abnormal/B_001_021_20230820215427_001_003_000_002.jpg,1,abnormal,B_001_021,B_001,B_001_021_20230820,1,test
B_001_021_20230821190206_001_002_000_002.jpg,./data/you_chalk_brood/abnormal/B_001_021_20230821190206_001_002_000_002.jpg,1,abnormal,B_001_021,B_001,B_001_021_20230821,1,train
B_001_021_20230821201303_001_002_000_002.jpg,./data/you_chalk_brood/abnormal/B_001_021_20230821201303_001_002_000_002.jpg,1,abnormal,B_001_021,B_001,B_001_021_20230821,1,test
B_001_021_20230822180924_001_001_000_002.jpg,./data/you_chalk_brood/abnormal/B_001_021_20230822180924_001_001_000_002.jpg,1,abnormal,B_001_021,B_001,B_001_021_20230822,1,test
B_001_021_20230822182857_001_004_000_002.jpg,./data/you_chalk_brood/abnormal/B_001_021_20230822182857_001_004_000_002.jpg,1,abnormal,B_001_021,B_001,B_001_021_20230822,1,train
B_001_021_20230822200236_001_004_000_002.jpg,./data/you_chalk_brood/abnormal/B_001_021_20230822200236_001_004_000_002.jpg,1,abnormal,B_001_021,B_001,B_001_021_20230822,1,val
B_001_021_20230822203224_001_002_000_002.jpg,./data/you_chalk_brood/abnormal/B_001_021_20230822203224_001_002_000_002.jpg,1,abnormal,B_001_021,B_001,B_001_021_20230822,1,val
B_001_021_20230822204820_001_001_000_002.jpg,./data/you_chalk_brood/abnormal/B_001_021_20230822204820_001_001_000_002.jpg,1,abnormal,B_001_021,B_001,B_001_021_20230822,1,test
B_001_022_20230819193815_001_002_000_002.jpg,./data/you_chalk_brood/abnormal/B_001_022_20230819193815_001_002_000_002.jpg,1,abnormal,B_001_022,B_001,B_001_022_20230819,1,test
B_001_022_20230819200258_001_002_000_002.jpg,./data/you_chalk_brood/abnormal/B_001_022_20230819200258_001_002_000_002.jpg,1,abnormal,B_001_022,B_001,B_001_022_20230819,1,test
B_001_022_20230820181917_001_001_000_002.jpg,./data/you_chalk_brood/abnormal/B_001_022_20230820181917_001_001_000_002.jpg,1,abnormal,B_001_022,B_001,B_001_022_20230820,1,train
B_001_022_20230820191846_001_002_000_002.jpg,./data/you_chalk_brood/abnormal/B_001_022_20230820191846_001_002_000_002.jpg,1,abnormal,B_001_022,B_001,B_001_022_20230820,1,train
B_001_022_20230820200529_001_003_000_002.jpg,./data/you_chalk_brood/abnormal/B_001_022_20230820200529_001_003_000_002.jpg,1,abnormal,B_001_022,B_001,B_001_022_20230820,1,train
B_001_022_20230820200736_001_002_000_002.jpg,./data/you_chalk_brood/abnormal/B_001_022_20230820200736_001_002_000_002.jpg,1,abnormal,B_001_022,B_001,B_001_022_20230820,1,test
B_001_022_20230821185910_001_004_000_002.jpg,./data/you_chalk_brood/abnormal/B_001_022_20230821185910_001_004_000_002.jpg,1,abnormal,B_001_022,B_001,B_001_022_20230821,1,test
B_001_022_20230821193242_001_003_000_002.jpg,./data/you_chalk_brood/abnormal/B_001_022_20230821193242_001_003_000_002.jpg,1,abnormal,B_001_022,B_001,B_001_022_20230821,1,test
B_001_022_20230821203444_001_003_000_002.jpg,./data/you_chalk_brood/abnormal/B_001_022_20230821203444_001_003_000_002.jpg,1,abnormal,B_001_022,B_001,B_001_022_20230821,1,train
B_001_022_20230821203734_001_002_000_002.jpg,./data/you_chalk_brood/abnormal/B_001_022_20230821203734_001_002_000_002.jpg,1,abnormal,B_001_022,B_001,B_001_022_20230821,1,train
B_001_022_20230821211926_001_002_000_002.jpg,./data/you_chalk_brood/abnormal/B_001_022_20230821211926_001_002_000_002.jpg,1,abnormal,B_001_022,B_001,B_001_022_20230821,1,train
B_001_022_20230822180717_001_004_000_002.jpg,./data/you_chalk_brood/abnormal/B_001_022_20230822180717_001_004_000_002.jpg,1,abnormal,B_001_022,B_001,B_001_022_20230822,1,train
B_001_022_20230822192917_001_003_000_002.jpg,./data/you_chalk_brood/abnormal/B_001_022_20230822192917_001_003_000_002.jpg,1,abnormal,B_001_022,B_001,B_001_022_20230822,1,train
B_001_022_20230822195648_001_001_000_002.jpg,./data/you_chalk_brood/abnormal/B_001_022_20230822195648_001_001_000_002.jpg,1,abnormal,B_001_022,B_001,B_001_022_20230822,1,train
B_001_022_20230822203520_001_003_000_002.jpg,./data/you_chalk_brood/abnormal/B_001_022_20230822203520_001_003_000_002.jpg,1,abnormal,B_001_022,B_001,B_001_022_20230822,1,train
B_001_023_20230819183645_001_002_000_002.jpg,./data/you_chalk_brood/abnormal/B_001_023_20230819183645_001_002_000_002.jpg,1,abnormal,B_001_023,B_001,B_001_023_20230819,1,train
B_001_023_20230819184110_001_004_000_002.jpg,./data/you_chalk_brood/abnormal/B_001_023_20230819184110_001_004_000_002.jpg,1,abnormal,B_001_023,B_001,B_001_023_20230819,1,test
B_001_023_20230819192810_001_001_000_002.jpg,./data/you_chalk_brood/abnormal/B_001_023_20230819192810_001_001_000_002.jpg,1,abnormal,B_001_023,B_001,B_001_023_20230819,1,train
B_001_023_20230820181455_001_002_000_002.jpg,./data/you_chalk_brood/abnormal/B_001_023_20230820181455_001_002_000_002.jpg,1,abnormal,B_001_023,B_001,B_001_023_20230820,1,train
B_001_023_20230820200148_001_002_000_002.jpg,./data/you_chalk_brood/abnormal/B_001_023_20230820200148_001_002_000_002.jpg,1,abnormal,B_001_023,B_001,B_001_023_20230820,1,test
B_001_023_20230820215512_001_002_000_002.jpg,./data/you_chalk_brood/abnormal/B_001_023_20230820215512_001_002_000_002.jpg,1,abnormal,B_001_023,B_001,B_001_023_20230820,1,train
B_001_023_20230821185401_001_003_000_002.jpg,./data/you_chalk_brood/abnormal/B_001_023_20230821185401_001_003_000_002.jpg,1,abnormal,B_001_023,B_001,B_001_023_20230821,1,val
B_001_023_20230821185657_001_002_000_002.jpg,./data/you_chalk_brood/abnormal/B_001_023_20230821185657_001_002_000_002.jpg,1,abnormal,B_001_023,B_001,B_001_023_20230821,1,train
B_001_023_20230821191604_001_003_000_002.jpg,./data/you_chalk_brood/abnormal/B_001_023_20230821191604_001_003_000_002.jpg,1,abnormal,B_001_023,B_001,B_001_023_20230821,1,val
B_001_023_20230821201810_001_001_000_002.jpg,./data/you_chalk_brood/abnormal/B_001_023_20230821201810_001_001_000_002.jpg,1,abnormal,B_001_023,B_001,B_001_023_20230821,1,train
B_001_023_20230821204321_001_003_000_002.jpg,./data/you_chalk_brood/abnormal/B_001_023_20230821204321_001_003_000_002.jpg,1,abnormal,B_001_023,B_001,B_001_023_20230821,1,train
B_001_023_20230821211637_001_001_000_002.jpg,./data/you_chalk_brood/abnormal/B_001_023_20230821211637_001_001_000_002.jpg,1,abnormal,B_001_023,B_001,B_001_023_20230821,1,test
B_001_023_20230821214758_001_001_000_002.jpg,./data/you_chalk_brood/abnormal/B_001_023_20230821214758_001_001_000_002.jpg,1,abnormal,B_001_023,B_001,B_001_023_20230821,1,test
B_001_023_20230822180801_001_002_000_002.jpg,./data/you_chalk_brood/abnormal/B_001_023_20230822180801_001_002_000_002.jpg,1,abnormal,B_001_023,B_001,B_001_023_20230822,1,train
B_001_023_20230822194809_001_003_000_002.jpg,./data/you_chalk_brood/abnormal/B_001_023_20230822194809_001_003_000_002.jpg,1,abnormal,B_001_023,B_001,B_001_023_20230822,1,train
B_001_023_20230822204612_001_002_000_002.jpg,./data/you_chalk_brood/abnormal/B_001_023_20230822204612_001_002_000_002.jpg,1,abnormal,B_001_023,B_001,B_001_023_20230822,1,val
B_001_023_20230822204908_001_001_000_002.jpg,./data/you_chalk_brood/abnormal/B_001_023_20230822204908_001_001_000_002.jpg,1,abnormal,B_001_023,B_001,B_001_023_20230822,1,test
B_001_023_20230822204908_001_003_000_002.jpg,./data/you_chalk_brood/abnormal/B_001_023_20230822204908_001_003_000_002.jpg,1,abnormal,B_001_023,B_001,B_001_023_20230822,1,test
B_001_023_20230901081926_001_004_000_002.jpg,./data/you_chalk_brood/abnormal/B_001_023_20230901081926_001_004_000_002.jpg,1,abnormal,B_001_023,B_001,B_001_023_20230901,1,test
B_001_024_20230819193316_001_002_000_002.jpg,./data/you_chalk_brood/abnormal/B_001_024_20230819193316_001_002_000_002.jpg,1,abnormal,B_001_024,B_001,B_001_024_20230819,1,test
B_001_024_20230819214942_001_004_000_002.jpg,./data/you_chalk_brood/abnormal/B_001_024_20230819214942_001_004_000_002.jpg,1,abnormal,B_001_024,B_001,B_001_024_20230819,1,train
B_001_024_20230819221207_001_004_000_002.jpg,./data/you_chalk_brood/abnormal/B_001_024_20230819221207_001_004_000_002.jpg,1,abnormal,B_001_024,B_001,B_001_024_20230819,1,test
B_001_024_20230820183009_001_004_000_002.jpg,./data/you_chalk_brood/abnormal/B_001_024_20230820183009_001_004_000_002.jpg,1,abnormal,B_001_024,B_001,B_001_024_20230820,1,val
B_001_024_20230820183138_001_002_000_002.jpg,./data/you_chalk_brood/abnormal/B_001_024_20230820183138_001_002_000_002.jpg,1,abnormal,B_001_024,B_001,B_001_024_20230820,1,train
B_001_024_20230820201033_001_001_000_002.jpg,./data/you_chalk_brood/abnormal/B_001_024_20230820201033_001_001_000_002.jpg,1,abnormal,B_001_024,B_001,B_001_024_20230820,1,test
B_001_024_20230821210628_001_003_000_002.jpg,./data/you_chalk_brood/abnormal/B_001_024_20230821210628_001_003_000_002.jpg,1,abnormal,B_001_024,B_001,B_001_024_20230821,1,val
B_001_024_20230822210557_001_002_000_002.jpg,./data/you_chalk_brood/abnormal/B_001_024_20230822210557_001_002_000_002.jpg,1,abnormal,B_001_024,B_001,B_001_024_20230822,1,test
B_001_024_20230901161707_001_001_000_002.jpg,./data/you_chalk_brood/abnormal/B_001_024_20230901161707_001_001_000_002.jpg,1,abnormal,B_001_024,B_001,B_001_024_20230901,1,test
B_001_025_20230819184744_001_001_000_002.jpg,./data/you_chalk_brood/abnormal/B_001_025_20230819184744_001_001_000_002.jpg,1,abnormal,B_001_025,B_001,B_001_025_20230819,1,train
B_001_025_20230819201612_001_002_000_002.jpg,./data/you_chalk_brood/abnormal/B_001_025_20230819201612_001_002_000_002.jpg,1,abnormal,B_001_025,B_001,B_001_025_20230819,1,val
B_001_025_20230819214733_001_001_000_002.jpg,./data/you_chalk_brood/abnormal/B_001_025_20230819214733_001_001_000_002.jpg,1,abnormal,B_001_025,B_001,B_001_025_20230819,1,test
B_001_025_20230820180322_001_003_000_002.jpg,./data/you_chalk_brood/abnormal/B_001_025_20230820180322_001_003_000_002.jpg,1,abnormal,B_001_025,B_001,B_001_025_20230820,1,train
B_001_025_20230820180742_001_001_000_002.jpg,./data/you_chalk_brood/abnormal/B_001_025_20230820180742_001_001_000_002.jpg,1,abnormal,B_001_025,B_001,B_001_025_20230820,1,test
B_001_025_20230820213042_001_002_000_002.jpg,./data/you_chalk_brood/abnormal/B_001_025_20230820213042_001_002_000_002.jpg,1,abnormal,B_001_025,B_001,B_001_025_20230820,1,test
B_001_025_20230820214925_001_001_000_002.jpg,./data/you_chalk_brood/abnormal/B_001_025_20230820214925_001_001_000_002.jpg,1,abnormal,B_001_025,B_001,B_001_025_20230820,1,test
B_001_025_20230821182341_001_003_000_002.jpg,./data/you_chalk_brood/abnormal/B_001_025_20230821182341_001_003_000_002.jpg,1,abnormal,B_001_025,B_001,B_001_025_20230821,1,train
B_001_025_20230821184441_001_004_000_002.jpg,./data/you_chalk_brood/abnormal/B_001_025_20230821184441_001_004_000_002.jpg,1,abnormal,B_001_025,B_001,B_001_025_20230821,1,train
B_001_025_20230821195514_001_003_000_002.jpg,./data/you_chalk_brood/abnormal/B_001_025_20230821195514_001_003_000_002.jpg,1,abnormal,B_001_025,B_001,B_001_025_20230821,1,val
B_001_025_20230822181642_001_001_000_002.jpg,./data/you_chalk_brood/abnormal/B_001_025_20230822181642_001_001_000_002.jpg,1,abnormal,B_001_025,B_001,B_001_025_20230822,1,train
B_001_025_20230822190640_001_002_000_002.jpg,./data/you_chalk_brood/abnormal/B_001_025_20230822190640_001_002_000_002.jpg,1,abnormal,B_001_025,B_001,B_001_025_20230822,1,train
B_001_025_20230822203442_001_001_000_002.jpg,./data/you_chalk_brood/abnormal/B_001_025_20230822203442_001_001_000_002.jpg,1,abnormal,B_001_025,B_001,B_001_025_20230822,1,train
B_001_025_20230822210136_001_001_000_002.jpg,./data/you_chalk_brood/abnormal/B_001_025_20230822210136_001_001_000_002.jpg,1,abnormal,B_001_025,B_001,B_001_025_20230822,1,train
B_001_025_20230825105412_001_001_000_002.jpg,./data/you_chalk_brood/abnormal/B_001_025_20230825105412_001_001_000_002.jpg,1,abnormal,B_001_025,B_001,B_001_025_20230825,1,train
B_001_025_20230825105505_001_004_000_002.jpg,./data/you_chalk_brood/abnormal/B_001_025_20230825105505_001_004_000_002.jpg,1,abnormal,B_001_025,B_001,B_001_025_20230825,1,train
B_001_025_20230908135705_001_002_000_002.jpg,./data/you_chalk_brood/abnormal/B_001_025_20230908135705_001_002_000_002.jpg,1,abnormal,B_001_025,B_001,B_001_025_20230908,1,test
B_001_026_20230819184409_001_002_000_002.jpg,./data/you_chalk_brood/abnormal/B_001_026_20230819184409_001_002_000_002.jpg,1,abnormal,B_001_026,B_001,B_001_026_20230819,1,train
B_001_026_20230819191048_001_002_000_002.jpg,./data/you_chalk_brood/abnormal/B_001_026_20230819191048_001_002_000_002.jpg,1,abnormal,B_001_026,B_001,B_001_026_20230819,1,test
B_001_026_20230819204339_001_003_000_002.jpg,./data/you_chalk_brood/abnormal/B_001_026_20230819204339_001_003_000_002.jpg,1,abnormal,B_001_026,B_001,B_001_026_20230819,1,train
B_001_026_20230819210443_001_004_000_002.jpg,./data/you_chalk_brood/abnormal/B_001_026_20230819210443_001_004_000_002.jpg,1,abnormal,B_001_026,B_001,B_001_026_20230819,1,val
B_001_026_20230819212206_001_003_000_002.jpg,./data/you_chalk_brood/abnormal/B_001_026_20230819212206_001_003_000_002.jpg,1,abnormal,B_001_026,B_001,B_001_026_20230819,1,val
B_001_026_20230819224400_001_002_000_002.jpg,./data/you_chalk_brood/abnormal/B_001_026_20230819224400_001_002_000_002.jpg,1,abnormal,B_001_026,B_001,B_001_026_20230819,1,val
B_001_026_20230819225030_001_004_000_002.jpg,./data/you_chalk_brood/abnormal/B_001_026_20230819225030_001_004_000_002.jpg,1,abnormal,B_001_026,B_001,B_001_026_20230819,1,val
B_001_026_20230820185707_001_002_000_002.jpg,./data/you_chalk_brood/abnormal/B_001_026_20230820185707_001_002_000_002.jpg,1,abnormal,B_001_026,B_001,B_001_026_20230820,1,train
B_001_026_20230820191219_001_003_000_002.jpg,./data/you_chalk_brood/abnormal/B_001_026_20230820191219_001_003_000_002.jpg,1,abnormal,B_001_026,B_001,B_001_026_20230820,1,train
B_001_026_20230820203340_001_003_000_002.jpg,./data/you_chalk_brood/abnormal/B_001_026_20230820203340_001_003_000_002.jpg,1,abnormal,B_001_026,B_001,B_001_026_20230820,1,test
B_001_026_20230820205723_001_004_000_002.jpg,./data/you_chalk_brood/abnormal/B_001_026_20230820205723_001_004_000_002.jpg,1,abnormal,B_001_026,B_001,B_001_026_20230820,1,test
B_001_026_20230820215433_001_004_000_002.jpg,./data/you_chalk_brood/abnormal/B_001_026_20230820215433_001_004_000_002.jpg,1,abnormal,B_001_026,B_001,B_001_026_20230820,1,train
B_001_026_20230820225230_001_004_000_002.jpg,./data/you_chalk_brood/abnormal/B_001_026_20230820225230_001_004_000_002.jpg,1,abnormal,B_001_026,B_001,B_001_026_20230820,1,test
B_001_026_20230820225525_001_002_000_002.jpg,./data/you_chalk_brood/abnormal/B_001_026_20230820225525_001_002_000_002.jpg,1,abnormal,B_001_026,B_001,B_001_026_20230820,1,train
B_001_026_20230821190129_001_003_000_002.jpg,./data/you_chalk_brood/abnormal/B_001_026_20230821190129_001_003_000_002.jpg,1,abnormal,B_001_026,B_001,B_001_026_20230821,1,train
B_001_026_20230821195432_001_004_000_002.jpg,./data/you_chalk_brood/abnormal/B_001_026_20230821195432_001_004_000_002.jpg,1,abnormal,B_001_026,B_001,B_001_026_20230821,1,test
B_001_026_20230821202445_001_004_000_002.jpg,./data/you_chalk_brood/abnormal/B_001_026_20230821202445_001_004_000_002.jpg,1,abnormal,B_001_026,B_001,B_001_026_20230821,1,train
B_001_026_20230821210006_001_003_000_002.jpg,./data/you_chalk_brood/abnormal/B_001_026_20230821210006_001_003_000_002.jpg,1,abnormal,B_001_026,B_001,B_001_026_20230821,1,test
B_001_026_20230821211134_001_004_000_002.jpg,./data/you_chalk_brood/abnormal/B_001_026_20230821211134_001_004_000_002.jpg,1,abnormal,B_001_026,B_001,B_001_026_20230821,1,train
B_001_027_20230819212758_001_004_000_002.jpg,./data/you_chalk_brood/abnormal/B_001_027_20230819212758_001_004_000_002.jpg,1,abnormal,B_001_027,B_001,B_001_027_20230819,1,val
B_001_027_20230819213727_001_002_000_002.jpg,./data/you_chalk_brood/abnormal/B_001_027_20230819213727_001_002_000_002.jpg,1,abnormal,B_001_027,B_001,B_001_027_20230819,1,test
B_001_027_20230819220712_001_003_000_002.jpg,./data/you_chalk_brood/abnormal/B_001_027_20230819220712_001_003_000_002.jpg,1,abnormal,B_001_027,B_001,B_001_027_20230819,1,train
B_001_027_20230819225239_001_004_000_002.jpg,./data/you_chalk_brood/abnormal/B_001_027_20230819225239_001_004_000_002.jpg,1,abnormal,B_001_027,B_001,B_001_027_20230819,1,test
B_001_027_20230820195816_001_003_000_002.jpg,./data/you_chalk_brood/abnormal/B_001_027_20230820195816_001_003_000_002.jpg,1,abnormal,B_001_027,B_001,B_001_027_20230820,1,test
B_001_027_20230820213211_001_003_000_002.jpg,./data/you_chalk_brood/abnormal/B_001_027_20230820213211_001_003_000_002.jpg,1,abnormal,B_001_027,B_001,B_001_027_20230820,1,train
B_001_027_20230821182853_001_003_000_002.jpg,./data/you_chalk_brood/abnormal/B_001_027_20230821182853_001_003_000_002.jpg,1,abnormal,B_001_027,B_001,B_001_027_20230821,1,train
B_001_027_20230821195434_001_001_000_002.jpg,./data/you_chalk_brood/abnormal/B_001_027_20230821195434_001_001_000_002.jpg,1,abnormal,B_001_027,B_001,B_001_027_20230821,1,train
B_001_027_20230821200726_001_004_000_002.jpg,./data/you_chalk_brood/abnormal/B_001_027_20230821200726_001_004_000_002.jpg,1,abnormal,B_001_027,B_001,B_001_027_20230821,1,val
B_001_027_20230822183330_001_004_000_002.jpg,./data/you_chalk_brood/abnormal/B_001_027_20230822183330_001_004_000_002.jpg,1,abnormal,B_001_027,B_001,B_001_027_20230822,1,test
B_001_027_20230822193429_001_002_000_002.jpg,./data/you_chalk_brood/abnormal/B_001_027_20230822193429_001_002_000_002.jpg,1,abnormal,B_001_027,B_001,B_001_027_20230822,1,train
B_001_027_20230822211147_001_003_000_002.jpg,./data/you_chalk_brood/abnormal/B_001_027_20230822211147_001_003_000_002.jpg,1,abnormal,B_001_027,B_001,B_001_027_20230822,1,test
B_001_028_20230819184917_001_004_000_002.jpg,./data/you_chalk_brood/abnormal/B_001_028_20230819184917_001_004_000_002.jpg,1,abnormal,B_001_028,B_001,B_001_028_20230819,1,val
B_001_028_20230819214151_001_004_000_002.jpg,./data/you_chalk_brood/abnormal/B_001_028_20230819214151_001_004_000_002.jpg,1,abnormal,B_001_028,B_001,B_001_028_20230819,1,test
B_001_028_20230819220919_001_002_000_002.jpg,./data/you_chalk_brood/abnormal/B_001_028_20230819220919_001_002_000_002.jpg,1,abnormal,B_001_028,B_001,B_001_028_20230819,1,test
B_001_028_20230820214512_001_002_000_002.jpg,./data/you_chalk_brood/abnormal/B_001_028_20230820214512_001_002_000_002.jpg,1,abnormal,B_001_028,B_001,B_001_028_20230820,1,train
B_001_028_20230820221033_001_003_000_002.jpg,./data/you_chalk_brood/abnormal/B_001_028_20230820221033_001_003_000_002.jpg,1,abnormal,B_001_028,B_001,B_001_028_20230820,1,train
B_001_028_20230820221913_001_003_000_002.jpg,./data/you_chalk_brood/abnormal/B_001_028_20230820221913_001_003_000_002.jpg,1,abnormal,B_001_028,B_001,B_001_028_20230820,1,train
B_001_028_20230820224058_001_001_000_002.jpg,./data/you_chalk_brood/abnormal/B_001_028_20230820224058_001_001_000_002.jpg,1,abnormal,B_001_028,B_001,B_001_028_20230820,1,test
B_001_028_20230821181251_001_003_000_002.jpg,./data/you_chalk_brood/abnormal/B_001_028_20230821181251_001_003_000_002.jpg,1,abnormal,B_001_028,B_001,B_001_028_20230821,1,test
B_001_028_20230821181929_001_002_000_002.jpg,./data/you_chalk_brood/abnormal/B_001_028_20230821181929_001_002_000_002.jpg,1,abnormal,B_001_028,B_001,B_001_028_20230821,1,train
B_001_028_20230821193543_001_002_000_002.jpg,./data/you_chalk_brood/abnormal/B_001_028_20230821193543_001_002_000_002.jpg,1,abnormal,B_001_028,B_001,B_001_028_20230821,1,test
B_001_028_20230821194215_001_003_000_002.jpg,./data/you_chalk_brood/abnormal/B_001_028_20230821194215_001_003_000_002.jpg,1,abnormal,B_001_028,B_001,B_001_028_20230821,1,train
B_001_028_20230821195807_001_004_000_002.jpg,./data/you_chalk_brood/abnormal/B_001_028_20230821195807_001_004_000_002.jpg,1,abnormal,B_001_028,B_001,B_001_028_20230821,1,train
B_001_028_20230821213249_001_003_000_002.jpg,./data/you_chalk_brood/abnormal/B_001_028_20230821213249_001_003_000_002.jpg,1,abnormal,B_001_028,B_001,B_001_028_20230821,1,test
B_001_028_20230821213417_001_004_000_002.jpg,./data/you_chalk_brood/abnormal/B_001_028_20230821213417_001_004_000_002.jpg,1,abnormal,B_001_028,B_001,B_001_028_20230821,1,val
B_001_028_20230821224558_001_004_000_002.jpg,./data/you_chalk_brood/abnormal/B_001_028_20230821224558_001_004_000_002.jpg,1,abnormal,B_001_028,B_001,B_001_028_20230821,1,test
B_001_028_20230822180724_001_001_000_002.jpg,./data/you_chalk_brood/abnormal/B_001_028_20230822180724_001_001_000_002.jpg,1,abnormal,B_001_028,B_001,B_001_028_20230822,1,val
B_001_028_20230822201002_001_001_000_002.jpg,./data/you_chalk_brood/abnormal/B_001_028_20230822201002_001_001_000_002.jpg,1,abnormal,B_001_028,B_001,B_001_028_20230822,1,test
B_001_028_20230822203404_001_004_000_002.jpg,./data/you_chalk_brood/abnormal/B_001_028_20230822203404_001_004_000_002.jpg,1,abnormal,B_001_028,B_001,B_001_028_20230822,1,train
B_001_028_20230827112304_001_003_000_002.jpg,./data/you_chalk_brood/abnormal/B_001_028_20230827112304_001_003_000_002.jpg,1,abnormal,B_001_028,B_001,B_001_028_20230827,1,val
B_001_028_20230828113508_001_002_000_002.jpg,./data/you_chalk_brood/abnormal/B_001_028_20230828113508_001_002_000_002.jpg,1,abnormal,B_001_028,B_001,B_001_028_20230828,1,test
B_001_028_20230905133633_001_002_000_002.jpg,./data/you_chalk_brood/abnormal/B_001_028_20230905133633_001_002_000_002.jpg,1,abnormal,B_001_028,B_001,B_001_028_20230905,1,test
B_001_029_20230819182731_001_001_000_002.jpg,./data/you_chalk_brood/abnormal/B_001_029_20230819182731_001_001_000_002.jpg,1,abnormal,B_001_029,B_001,B_001_029_20230819,1,val
B_001_029_20230819192605_001_004_000_002.jpg,./data/you_chalk_brood/abnormal/B_001_029_20230819192605_001_004_000_002.jpg,1,abnormal,B_001_029,B_001,B_001_029_20230819,1,train
B_001_029_20230819192902_001_003_000_002.jpg,./data/you_chalk_brood/abnormal/B_001_029_20230819192902_001_003_000_002.jpg,1,abnormal,B_001_029,B_001,B_001_029_20230819,1,train
B_001_029_20230819213225_001_002_000_002.jpg,./data/you_chalk_brood/abnormal/B_001_029_20230819213225_001_002_000_002.jpg,1,abnormal,B_001_029,B_001,B_001_029_20230819,1,train
B_001_029_20230819224952_001_004_000_002.jpg,./data/you_chalk_brood/abnormal/B_001_029_20230819224952_001_004_000_002.jpg,1,abnormal,B_001_029,B_001,B_001_029_20230819,1,train
B_001_029_20230820182434_001_003_000_002.jpg,./data/you_chalk_brood/abnormal/B_001_029_20230820182434_001_003_000_002.jpg,1,abnormal,B_001_029,B_001,B_001_029_20230820,1,train
B_001_029_20230820193630_001_003_000_002.jpg,./data/you_chalk_brood/abnormal/B_001_029_20230820193630_001_003_000_002.jpg,1,abnormal,B_001_029,B_001,B_001_029_20230820,1,train
B_001_029_20230820210355_001_003_000_002.jpg,./data/you_chalk_brood/abnormal/B_001_029_20230820210355_001_003_000_002.jpg,1,abnormal,B_001_029,B_001,B_001_029_20230820,1,train
B_001_029_20230821202956_001_004_000_002.jpg,./data/you_chalk_brood/abnormal/B_001_029_20230821202956_001_004_000_002.jpg,1,abnormal,B_001_029,B_001,B_001_029_20230821,1,test
B_001_029_20230821203412_001_004_000_002.jpg,./data/you_chalk_brood/abnormal/B_001_029_20230821203412_001_004_000_002.jpg,1,abnormal,B_001_029,B_001,B_001_029_20230821,1,test
B_001_029_20230821215429_001_004_000_002.jpg,./data/you_chalk_brood/abnormal/B_001_029_20230821215429_001_004_000_002.jpg,1,abnormal,B_001_029,B_001,B_001_029_20230821,1,train
B_001_029_20230821222038_001_003_000_002.jpg,./data/you_chalk_brood/abnormal/B_001_029_20230821222038_001_003_000_002.jpg,1,abnormal,B_001_029,B_001,B_001_029_20230821,1,val
B_001_029_20230822181353_001_001_000_002.jpg,./data/you_chalk_brood/abnormal/B_001_029_20230822181353_001_001_000_002.jpg,1,abnormal,B_001_029,B_001,B_001_029_20230822,1,val
B_001_029_20230822190814_001_003_000_002.jpg,./data/you_chalk_brood/abnormal/B_001_029_20230822190814_001_003_000_002.jpg,1,abnormal,B_001_029,B_001,B_001_029_20230822,1,train
B_001_029_20230822193854_001_003_000_002.jpg,./data/you_chalk_brood/abnormal/B_001_029_20230822193854_001_003_000_002.jpg,1,abnormal,B_001_029,B_001,B_001_029_20230822,1,test
B_001_029_20230822211738_001_004_000_002.jpg,./data/you_chalk_brood/abnormal/B_001_029_20230822211738_001_004_000_002.jpg,1,abnormal,B_001_029,B_001,B_001_029_20230822,1,train
B_001_029_20230907163334_001_004_000_002.jpg,./data/you_chalk_brood/abnormal/B_001_029_20230907163334_001_004_000_002.jpg,1,abnormal,B_001_029,B_001,B_001_029_20230907,1,train
B_001_030_20230819214319_001_001_000_002.jpg,./data/you_chalk_brood/abnormal/B_001_030_20230819214319_001_001_000_002.jpg,1,abnormal,B_001_030,B_001,B_001_030_20230819,1,test
B_001_030_20230819215031_001_001_000_002.jpg,./data/you_chalk_brood/abnormal/B_001_030_20230819215031_001_001_000_002.jpg,1,abnormal,B_001_030,B_001,B_001_030_20230819,1,train
B_001_030_20230821215640_001_001_000_002.jpg,./data/you_chalk_brood/abnormal/B_001_030_20230821215640_001_001_000_002.jpg,1,abnormal,B_001_030,B_001,B_001_030_20230821,1,train
B_001_030_20230908143537_001_002_000_002.jpg,./data/you_chalk_brood/abnormal/B_001_030_20230908143537_001_002_000_002.jpg,1,abnormal,B_001_030,B_001,B_001_030_20230908,1,train
B_001_001_20230905140435_001_002_000_000.jpg,./data/you_chalk_brood/normal/B_001_001_20230905140435_001_002_000_000.jpg,0,normal,B_001_001,B_001,B_001_001_20230905,1,test
B_001_001_20230907110744_001_003_000_000.jpg,./data/you_chalk_brood/normal/B_001_001_20230907110744_001_003_000_000.jpg,0,normal,B_001_001,B_001,B_001_001_20230907,1,train
B_001_001_20230907111158_001_004_000_000.jpg,./data/you_chalk_brood/normal/B_001_001_20230907111158_001_004_000_000.jpg,0,normal,B_001_001,B_001,B_001_001_20230907,1,val
B_001_001_20230909115725_001_003_000_000.jpg,./data/you_chalk_brood/normal/B_001_001_20230909115725_001_003_000_000.jpg,0,normal,B_001_001,B_001,B_001_001_20230909,1,test
B_001_001_20230910105435_001_003_000_000.jpg,./data/you_chalk_brood/normal/B_001_001_20230910105435_001_003_000_000.jpg,0,normal,B_001_001,B_001,B_001_001_20230910,1,train
B_001_002_20230819140159_001_003_000_000.jpg,./data/you_chalk_brood/normal/B_001_002_20230819140159_001_003_000_000.jpg,0,normal,B_001_002,B_001,B_001_002_20230819,1,train
B_001_002_20230825081614_001_001_000_000.jpg,./data/you_chalk_brood/normal/B_001_002_20230825081614_001_001_000_000.jpg,0,normal,B_001_002,B_001,B_001_002_20230825,1,train
B_001_002_20230904140309_001_003_000_000.jpg,./data/you_chalk_brood/normal/B_001_002_20230904140309_001_003_000_000.jpg,0,normal,B_001_002,B_001,B_001_002_20230904,1,train
B_001_002_20230904140356_001_004_000_000.jpg,./data/you_chalk_brood/normal/B_001_002_20230904140356_001_004_000_000.jpg,0,normal,B_001_002,B_001,B_001_002_20230904,1,train
B_001_002_20230908145202_001_001_000_000.jpg,./data/you_chalk_brood/normal/B_001_002_20230908145202_001_001_000_000.jpg,0,normal,B_001_002,B_001,B_001_002_20230908,1,test
B_001_003_20230823082835_001_004_000_000.jpg,./data/you_chalk_brood/normal/B_001_003_20230823082835_001_004_000_000.jpg,0,normal,B_001_003,B_001,B_001_003_20230823,1,test
B_001_003_20230823082924_001_002_000_000.jpg,./data/you_chalk_brood/normal/B_001_003_20230823082924_001_002_000_000.jpg,0,normal,B_001_003,B_001,B_001_003_20230823,1,train
B_001_003_20230823134318_001_002_000_000.jpg,./data/you_chalk_brood/normal/B_001_003_20230823134318_001_002_000_000.jpg,0,normal,B_001_003,B_001,B_001_003_20230823,1,test
B_001_003_20230825082123_001_004_000_000.jpg,./data/you_chalk_brood/normal/B_001_003_20230825082123_001_004_000_000.jpg,0,normal,B_001_003,B_001,B_001_003_20230825,1,val
B_001_003_20230825131745_001_003_000_000.jpg,./data/you_chalk_brood/normal/B_001_003_20230825131745_001_003_000_000.jpg,0,normal,B_001_003,B_001,B_001_003_20230825,1,train
B_001_003_20230829090024_001_001_000_000.jpg,./data/you_chalk_brood/normal/B_001_003_20230829090024_001_001_000_000.jpg,0,normal,B_001_003,B_001,B_001_003_20230829,1,train
B_001_003_20230829131553_001_003_000_000.jpg,./data/you_chalk_brood/normal/B_001_003_20230829131553_001_003_000_000.jpg,0,normal,B_001_003,B_001,B_001_003_20230829,1,train
B_001_004_20230904142118_001_002_000_000.jpg,./data/you_chalk_brood/normal/B_001_004_20230904142118_001_002_000_000.jpg,0,normal,B_001_004,B_001,B_001_004_20230904,1,train
B_001_004_20230910113658_001_004_000_000.jpg,./data/you_chalk_brood/normal/B_001_004_20230910113658_001_004_000_000.jpg,0,normal,B_001_004,B_001,B_001_004_20230910,1,test
B_001_004_20230910113855_001_004_000_000.jpg,./data/you_chalk_brood/normal/B_001_004_20230910113855_001_004_000_000.jpg,0,normal,B_001_004,B_001,B_001_004_20230910,1,test
B_001_005_20230820200754_001_004_000_000.jpg,./data/you_chalk_brood/normal/B_001_005_20230820200754_001_004_000_000.jpg,0,normal,B_001_005,B_001,B_001_005_20230820,1,val
B_001_005_20230821090757_001_003_000_000.jpg,./data/you_chalk_brood/normal/B_001_005_20230821090757_001_003_000_000.jpg,0,normal,B_001_005,B_001,B_001_005_20230821,1,val
B_001_005_20230825083223_001_003_000_000.jpg,./data/you_chalk_brood/normal/B_001_005_20230825083223_001_003_000_000.jpg,0,normal,B_001_005,B_001,B_001_005_20230825,1,train
B_001_005_20230827132449_001_003_000_000.jpg,./data/you_chalk_brood/normal/B_001_005_20230827132449_001_003_000_000.jpg,0,normal,B_001_005,B_001,B_001_005_20230827,1,train
B_001_005_20230907120004_001_002_000_000.jpg,./data/you_chalk_brood/normal/B_001_005_20230907120004_001_002_000_000.jpg,0,normal,B_001_005,B_001,B_001_005_20230907,1,test
B_001_005_20230908090123_001_003_000_000.jpg,./data/you_chalk_brood/normal/B_001_005_20230908090123_001_003_000_000.jpg,0,normal,B_001_005,B_001,B_001_005_20230908,1,test
B_001_005_20230910114953_001_004_000_000.jpg,./data/you_chalk_brood/normal/B_001_005_20230910114953_001_004_000_000.jpg,0,normal,B_001_005,B_001,B_001_005_20230910,1,train
B_001_006_20230823135709_001_002_000_000.jpg,./data/you_chalk_brood/normal/B_001_006_20230823135709_001_002_000_000.jpg,0,normal,B_001_006,B_001,B_001_006_20230823,1,train
B_001_006_20230824083226_001_002_000_000.jpg,./data/you_chalk_brood/normal/B_001_006_20230824083226_001_002_000_000.jpg,0,normal,B_001_006,B_001,B_001_006_20230824,1,train
B_001_006_20230825133313_001_002_000_000.jpg,./data/you_chalk_brood/normal/B_001_006_20230825133313_001_002_000_000.jpg,0,normal,B_001_006,B_001,B_001_006_20230825,1,val
B_001_006_20230825133534_001_004_000_000.jpg,./data/you_chalk_brood/normal/B_001_006_20230825133534_001_004_000_000.jpg,0,normal,B_001_006,B_001,B_001_006_20230825,1,val
B_001_006_20230828082609_001_002_000_000.jpg,./data/you_chalk_brood/normal/B_001_006_20230828082609_001_002_000_000.jpg,0,normal,B_001_006,B_001,B_001_006_20230828,1,train
B_001_006_20230904143736_001_004_000_000.jpg,./data/you_chalk_brood/normal/B_001_006_20230904143736_001_004_000_000.jpg,0,normal,B_001_006,B_001,B_001_006_20230904,1,test
B_001_006_20230904143746_001_004_000_000.jpg,./data/you_chalk_brood/normal/B_001_006_20230904143746_001_004_000_000.jpg,0,normal,B_001_006,B_001,B_001_006_20230904,1,test
B_001_006_20230909133859_001_002_000_000.jpg,./data/you_chalk_brood/normal/B_001_006_20230909133859_001_002_000_000.jpg,0,normal,B_001_006,B_001,B_001_006_20230909,1,train
B_001_006_20230910115820_001_004_000_000.jpg,./data/you_chalk_brood/normal/B_001_006_20230910115820_001_004_000_000.jpg,0,normal,B_001_006,B_001,B_001_006_20230910,1,test
B_001_007_20230826090335_001_001_000_000.jpg,./data/you_chalk_brood/normal/B_001_007_20230826090335_001_001_000_000.jpg,0,normal,B_001_007,B_001,B_001_007_20230826,1,train
B_001_007_20230906083655_001_003_000_000.jpg,./data/you_chalk_brood/normal/B_001_007_20230906083655_001_003_000_000.jpg,0,normal,B_001_007,B_001,B_001_007_20230906,1,test
B_001_007_20230906151913_001_001_000_000.jpg,./data/you_chalk_brood/normal/B_001_007_20230906151913_001_001_000_000.jpg,0,normal,B_001_007,B_001,B_001_007_20230906,1,train
B_001_007_20230906152056_001_004_000_000.jpg,./data/you_chalk_brood/normal/B_001_007_20230906152056_001_004_000_000.jpg,0,normal,B_001_007,B_001,B_001_007_20230906,1,test
B_001_008_20230908093637_001_001_000_000.jpg,./data/you_chalk_brood/normal/B_001_008_20230908093637_001_001_000_000.jpg,0,normal,B_001_008,B_001,B_001_008_20230908,1,test
B_001_008_20230910135329_001_001_000_000.jpg,./data/you_chalk_brood/normal/B_001_008_20230910135329_001_001_000_000.jpg,0,normal,B_001_008,B_001,B_001_008_20230910,1,test
B_001_008_20230910135407_001_003_000_000.jpg,./data/you_chalk_brood/normal/B_001_008_20230910135407_001_003_000_000.jpg,0,normal,B_001_008,B_001,B_001_008_20230910,1,train
B_001_009_20230825135357_001_002_000_000.jpg,./data/you_chalk_brood/normal/B_001_009_20230825135357_001_002_000_000.jpg,0,normal,B_001_009,B_001,B_001_009_20230825,1,test
B_001_009_20230909140014_001_003_000_000.jpg,./data/you_chalk_brood/normal/B_001_009_20230909140014_001_003_000_000.jpg,0,normal,B_001_009,B_001,B_001_009_20230909,1,train
B_001_010_20230826135654_001_003_000_000.jpg,./data/you_chalk_brood/normal/B_001_010_20230826135654_001_003_000_000.jpg,0,normal,B_001_010,B_001,B_001_010_20230826,1,train
B_001_010_20230829140515_001_004_000_000.jpg,./data/you_chalk_brood/normal/B_001_010_20230829140515_001_004_000_000.jpg,0,normal,B_001_010,B_001,B_001_010_20230829,1,train
B_001_010_20230906091357_001_003_000_000.jpg,./data/you_chalk_brood/normal/B_001_010_20230906091357_001_003_000_000.jpg,0,normal,B_001_010,B_001,B_001_010_20230906,1,train
B_001_010_20230910140224_001_003_000_000.jpg,./data/you_chalk_brood/normal/B_001_010_20230910140224_001_003_000_000.jpg,0,normal,B_001_010,B_001,B_001_010_20230910,1,train
B_001_011_20230819151024_001_002_000_000.jpg,./data/you_chalk_brood/normal/B_001_011_20230819151024_001_002_000_000.jpg,0,normal,B_001_011,B_001,B_001_011_20230819,1,test
B_001_011_20230904153336_001_001_000_000.jpg,./data/you_chalk_brood/normal/B_001_011_20230904153336_001_001_000_000.jpg,0,normal,B_001_011,B_001,B_001_011_20230904,1,train
B_001_011_20230908163546_001_002_000_000.jpg,./data/you_chalk_brood/normal/B_001_011_20230908163546_001_002_000_000.jpg,0,normal,B_001_011,B_001,B_001_011_20230908,1,train
B_001_011_20230909142653_001_003_000_000.jpg,./data/you_chalk_brood/normal/B_001_011_20230909142653_001_003_000_000.jpg,0,normal,B_001_011,B_001,B_001_011_20230909,1,val
B_001_011_20230910141026_001_001_000_000.jpg,./data/you_chalk_brood/normal/B_001_011_20230910141026_001_001_000_000.jpg,0,normal,B_001_011,B_001,B_001_011_20230910,1,train
B_001_012_20230819151849_001_001_000_000.jpg,./data/you_chalk_brood/normal/B_001_012_20230819151849_001_001_000_000.jpg,0,normal,B_001_012,B_001,B_001_012_20230819,1,test
B_001_012_20230820115323_001_002_000_000.jpg,./data/you_chalk_brood/normal/B_001_012_20230820115323_001_002_000_000.jpg,0,normal,B_001_012,B_001,B_001_012_20230820,1,train
B_001_012_20230824141239_001_002_000_000.jpg,./data/you_chalk_brood/normal/B_001_012_20230824141239_001_002_000_000.jpg,0,normal,B_001_012,B_001,B_001_012_20230824,1,test
B_001_012_20230826143225_001_002_000_000.jpg,./data/you_chalk_brood/normal/B_001_012_20230826143225_001_002_000_000.jpg,0,normal,B_001_012,B_001,B_001_012_20230826,1,train
B_001_012_20230826143225_001_003_000_000.jpg,./data/you_chalk_brood/normal/B_001_012_20230826143225_001_003_000_000.jpg,0,normal,B_001_012,B_001,B_001_012_20230826,1,test
B_001_012_20230901132221_001_003_000_000.jpg,./data/you_chalk_brood/normal/B_001_012_20230901132221_001_003_000_000.jpg,0,normal,B_001_012,B_001,B_001_012_20230901,1,train
B_001_012_20230904153959_001_003_000_000.jpg,./data/you_chalk_brood/normal/B_001_012_20230904153959_001_003_000_000.jpg,0,normal,B_001_012,B_001,B_001_012_20230904,1,train
B_001_012_20230907142616_001_001_000_000.jpg,./data/you_chalk_brood/normal/B_001_012_20230907142616_001_001_000_000.jpg,0,normal,B_001_012,B_001,B_001_012_20230907,1,val
B_001_012_20230907142834_001_004_000_000.jpg,./data/you_chalk_brood/normal/B_001_012_20230907142834_001_004_000_000.jpg,0,normal,B_001_012,B_001,B_001_012_20230907,1,train
B_001_012_20230907142940_001_001_000_000.jpg,./data/you_chalk_brood/normal/B_001_012_20230907142940_001_001_000_000.jpg,0,normal,B_001_012,B_001,B_001_012_20230907,1,train
B_001_012_20230908105653_001_002_000_000.jpg,./data/you_chalk_brood/normal/B_001_012_20230908105653_001_002_000_000.jpg,0,normal,B_001_012,B_001,B_001_012_20230908,1,test
B_001_012_20230908163635_001_001_000_000.jpg,./data/you_chalk_brood/normal/B_001_012_20230908163635_001_001_000_000.jpg,0,normal,B_001_012,B_001,B_001_012_20230908,1,test
B_001_012_20230909142748_001_004_000_000.jpg,./data/you_chalk_brood/normal/B_001_012_20230909142748_001_004_000_000.jpg,0,normal,B_001_012,B_001,B_001_012_20230909,1,val
B_001_013_20230901133944_001_003_000_000.jpg,./data/you_chalk_brood/normal/B_001_013_20230901133944_001_003_000_000.jpg,0,normal,B_001_013,B_001,B_001_013_20230901,1,train
B_001_013_20230910142250_001_004_000_000.jpg,./data/you_chalk_brood/normal/B_001_013_20230910142250_001_004_000_000.jpg,0,normal,B_001_013,B_001,B_001_013_20230910,1,train
B_001_014_20230831095145_001_001_000_000.jpg,./data/you_chalk_brood/normal/B_001_014_20230831095145_001_001_000_000.jpg,0,normal,B_001_014,B_001,B_001_014_20230831,1,test
B_001_014_20230908111304_001_003_000_000.jpg,./data/you_chalk_brood/normal/B_001_014_20230908111304_001_003_000_000.jpg,0,normal,B_001_014,B_001,B_001_014_20230908,1,train
B_001_014_20230908111924_001_001_000_000.jpg,./data/you_chalk_brood/normal/B_001_014_20230908111924_001_001_000_000.jpg,0,normal,B_001_014,B_001,B_001_014_20230908,1,train
B_001_014_20230909144845_001_001_000_000.jpg,./data/you_chalk_brood/normal/B_001_014_20230909144845_001_001_000_000.jpg,0,normal,B_001_014,B_001,B_001_014_20230909,1,test
B_001_015_20230831152816_001_004_000_000.jpg,./data/you_chalk_brood/normal/B_001_015_20230831152816_001_004_000_000.jpg,0,normal,B_001_015,B_001,B_001_015_20230831,1,val
B_001_015_20230902112524_001_003_000_000.jpg,./data/you_chalk_brood/normal/B_001_015_20230902112524_001_003_000_000.jpg,0,normal,B_001_015,B_001,B_001_015_20230902,1,val
B_001_015_20230909082731_001_004_000_000.jpg,./data/you_chalk_brood/normal/B_001_015_20230909082731_001_004_000_000.jpg,0,normal,B_001_015,B_001,B_001_015_20230909,1,val
B_001_015_20230909145357_001_002_000_000.jpg,./data/you_chalk_brood/normal/B_001_015_20230909145357_001_002_000_000.jpg,0,normal,B_001_015,B_001,B_001_015_20230909,1,train
B_001_016_20230906163226_001_002_000_000.jpg,./data/you_chalk_brood/normal/B_001_016_20230906163226_001_002_000_000.jpg,0,normal,B_001_016,B_001,B_001_016_20230906,1,test
B_001_018_20230826103249_001_003_000_000.jpg,./data/you_chalk_brood/normal/B_001_018_20230826103249_001_003_000_000.jpg,0,normal,B_001_018,B_001,B_001_018_20230826,1,val
B_001_018_20230826152230_001_001_000_000.jpg,./data/you_chalk_brood/normal/B_001_018_20230826152230_001_001_000_000.jpg,0,normal,B_001_018,B_001,B_001_018_20230826,1,test
B_001_018_20230827100708_001_003_000_000.jpg,./data/you_chalk_brood/normal/B_001_018_20230827100708_001_003_000_000.jpg,0,normal,B_001_018,B_001,B_001_018_20230827,1,test
B_001_018_20230827151426_001_001_000_000.jpg,./data/you_chalk_brood/normal/B_001_018_20230827151426_001_001_000_000.jpg,0,normal,B_001_018,B_001,B_001_018_20230827,1,val
B_001_018_20230827151808_001_004_000_000.jpg,./data/you_chalk_brood/normal/B_001_018_20230827151808_001_004_000_000.jpg,0,normal,B_001_018,B_001,B_001_018_20230827,1,val
B_001_018_20230830131904_001_004_000_000.jpg,./data/you_chalk_brood/normal/B_001_018_20230830131904_001_004_000_000.jpg,0,normal,B_001_018,B_001,B_001_018_20230830,1,test
B_001_018_20230909085843_001_004_000_000.jpg,./data/you_chalk_brood/normal/B_001_018_20230909085843_001_004_000_000.jpg,0,normal,B_001_018,B_001,B_001_018_20230909,1,train
B_001_019_20230823160925_001_003_000_000.jpg,./data/you_chalk_brood/normal/B_001_019_20230823160925_001_003_000_000.jpg,0,normal,B_001_019,B_001,B_001_019_20230823,1,test
B_001_019_20230824101340_001_001_000_000.jpg,./data/you_chalk_brood/normal/B_001_019_20230824101340_001_001_000_000.jpg,0,normal,B_001_019,B_001,B_001_019_20230824,1,train
B_001_019_20230824101352_001_003_000_000.jpg,./data/you_chalk_brood/normal/B_001_019_20230824101352_001_003_000_000.jpg,0,normal,B_001_019,B_001,B_001_019_20230824,1,train
B_001_019_20230824151340_001_004_000_000.jpg,./data/you_chalk_brood/normal/B_001_019_20230824151340_001_004_000_000.jpg,0,normal,B_001_019,B_001,B_001_019_20230824,1,test
B_001_019_20230825102333_001_002_000_000.jpg,./data/you_chalk_brood/normal/B_001_019_20230825102333_001_002_000_000.jpg,0,normal,B_001_019,B_001,B_001_019_20230825,1,val
B_001_019_20230828153457_001_004_000_000.jpg,./data/you_chalk_brood/normal/B_001_019_20230828153457_001_004_000_000.jpg,0,normal,B_001_019,B_001,B_001_019_20230828,1,train
B_001_019_20230904163710_001_002_000_000.jpg,./data/you_chalk_brood/normal/B_001_019_20230904163710_001_002_000_000.jpg,0,normal,B_001_019,B_001,B_001_019_20230904,1,train
B_001_019_20230906113636_001_002_000_000.jpg,./data/you_chalk_brood/normal/B_001_019_20230906113636_001_002_000_000.jpg,0,normal,B_001_019,B_001,B_001_019_20230906,1,test
B_001_019_20230906165336_001_001_000_000.jpg,./data/you_chalk_brood/normal/B_001_019_20230906165336_001_001_000_000.jpg,0,normal,B_001_019,B_001,B_001_019_20230906,1,test
B_001_020_20230907082431_001_004_000_000.jpg,./data/you_chalk_brood/normal/B_001_020_20230907082431_001_004_000_000.jpg,0,normal,B_001_020,B_001,B_001_020_20230907,1,test
B_001_020_20230907082614_001_003_000_000.jpg,./data/you_chalk_brood/normal/B_001_020_20230907082614_001_003_000_000.jpg,0,normal,B_001_020,B_001,B_001_020_20230907,1,test
B_001_021_20230910084354_001_001_000_000.jpg,./data/you_chalk_brood/normal/B_001_021_20230910084354_001_001_000_000.jpg,0,normal,B_001_021,B_001,B_001_021_20230910,1,test
B_001_021_20230910153211_001_001_000_000.jpg,./data/you_chalk_brood/normal/B_001_021_20230910153211_001_001_000_000.jpg,0,normal,B_001_021,B_001,B_001_021_20230910,1,test
B_001_021_20230910153249_001_002_000_000.jpg,./data/you_chalk_brood/normal/B_001_021_20230910153249_001_002_000_000.jpg,0,normal,B_001_021,B_001,B_001_021_20230910,1,train
B_001_021_20230910153637_001_004_000_000.jpg,./data/you_chalk_brood/normal/B_001_021_20230910153637_001_004_000_000.jpg,0,normal,B_001_021,B_001,B_001_021_20230910,1,test
B_001_022_20230824102655_001_004_000_000.jpg,./data/you_chalk_brood/normal/B_001_022_20230824102655_001_004_000_000.jpg,0,normal,B_001_022,B_001,B_001_022_20230824,1,val
B_001_022_20230824103008_001_001_000_000.jpg,./data/you_chalk_brood/normal/B_001_022_20230824103008_001_001_000_000.jpg,0,normal,B_001_022,B_001,B_001_022_20230824,1,train
B_001_022_20230826154804_001_003_000_000.jpg,./data/you_chalk_brood/normal/B_001_022_20230826154804_001_003_000_000.jpg,0,normal,B_001_022,B_001,B_001_022_20230826,1,test
B_001_022_20230905081518_001_001_000_000.jpg,./data/you_chalk_brood/normal/B_001_022_20230905081518_001_001_000_000.jpg,0,normal,B_001_022,B_001,B_001_022_20230905,1,val
B_001_022_20230908133419_001_002_000_000.jpg,./data/you_chalk_brood/normal/B_001_022_20230908133419_001_002_000_000.jpg,0,normal,B_001_022,B_001,B_001_022_20230908,1,train
B_001_022_20230908134025_001_001_000_000.jpg,./data/you_chalk_brood/normal/B_001_022_20230908134025_001_001_000_000.jpg,0,normal,B_001_022,B_001,B_001_022_20230908,1,train
B_001_022_20230910084719_001_001_000_000.jpg,./data/you_chalk_brood/normal/B_001_022_20230910084719_001_001_000_000.jpg,0,normal,B_001_022,B_001,B_001_022_20230910,1,test
B_001_023_20230820090148_001_001_000_000.jpg,./data/you_chalk_brood/normal/B_001_023_20230820090148_001_001_000_000.jpg,0,normal,B_001_023,B_001,B_001_023_20230820,1,train
B_001_023_20230821111634_001_002_000_000.jpg,./data/you_chalk_brood/normal/B_001_023_20230821111634_001_002_000_000.jpg,0,normal,B_001_023,B_001,B_001_023_20230821,1,train
B_001_023_20230907155815_001_003_000_000.jpg,./data/you_chalk_brood/normal/B_001_023_20230907155815_001_003_000_000.jpg,0,normal,B_001_023,B_001,B_001_023_20230907,1,train
B_001_023_20230910090617_001_003_000_000.jpg,./data/you_chalk_brood/normal/B_001_023_20230910090617_001_003_000_000.jpg,0,normal,B_001_023,B_001,B_001_023_20230910,1,test
B_001_023_20230910154640_001_004_000_000.jpg,./data/you_chalk_brood/normal/B_001_023_20230910154640_001_004_000_000.jpg,0,normal,B_001_023,B_001,B_001_023_20230910,1,test
B_001_023_20230910154714_001_002_000_000.jpg,./data/you_chalk_brood/normal/B_001_023_20230910154714_001_002_000_000.jpg,0,normal,B_001_023,B_001,B_001_023_20230910,1,test
B_001_023_20230910155035_001_001_000_000.jpg,./data/you_chalk_brood/normal/B_001_023_20230910155035_001_001_000_000.jpg,0,normal,B_001_023,B_001,B_001_023_20230910,1,train
B_001_024_20230909102810_001_003_000_000.jpg,./data/you_chalk_brood/normal/B_001_024_20230909102810_001_003_000_000.jpg,0,normal,B_001_024,B_001,B_001_024_20230909,1,test
B_001_024_20230909162709_001_003_000_000.jpg,./data/you_chalk_brood/normal/B_001_024_20230909162709_001_003_000_000.jpg,0,normal,B_001_024,B_001,B_001_024_20230909,1,val
B_001_024_20230910155651_001_002_000_000.jpg,./data/you_chalk_brood/normal/B_001_024_20230910155651_001_002_000_000.jpg,0,normal,B_001_024,B_001,B_001_024_20230910,1,train
B_001_025_20230907161202_001_001_000_000.jpg,./data/you_chalk_brood/normal/B_001_025_20230907161202_001_001_000_000.jpg,0,normal,B_001_025,B_001,B_001_025_20230907,1,test
B_001_025_20230907161231_001_001_000_000.jpg,./data/you_chalk_brood/normal/B_001_025_20230907161231_001_001_000_000.jpg,0,normal,B_001_025,B_001,B_001_025_20230907,1,train
B_001_025_20230909104609_001_003_000_000.jpg,./data/you_chalk_brood/normal/B_001_025_20230909104609_001_003_000_000.jpg,0,normal,B_001_025,B_001,B_001_025_20230909,1,train
B_001_025_20230910092131_001_001_000_000.jpg,./data/you_chalk_brood/normal/B_001_025_20230910092131_001_001_000_000.jpg,0,normal,B_001_025,B_001,B_001_025_20230910,1,test
B_001_025_20230910092353_001_004_000_000.jpg,./data/you_chalk_brood/normal/B_001_025_20230910092353_001_004_000_000.jpg,0,normal,B_001_025,B_001,B_001_025_20230910,1,test
B_001_026_20230904131603_001_002_000_000.jpg,./data/you_chalk_brood/normal/B_001_026_20230904131603_001_002_000_000.jpg,0,normal,B_001_026,B_001,B_001_026_20230904,1,train
B_001_026_20230905103502_001_004_000_000.jpg,./data/you_chalk_brood/normal/B_001_026_20230905103502_001_004_000_000.jpg,0,normal,B_001_026,B_001,B_001_026_20230905,1,test
B_001_026_20230905103507_001_002_000_000.jpg,./data/you_chalk_brood/normal/B_001_026_20230905103507_001_002_000_000.jpg,0,normal,B_001_026,B_001,B_001_026_20230905,1,train
B_001_026_20230905103704_001_004_000_000.jpg,./data/you_chalk_brood/normal/B_001_026_20230905103704_001_004_000_000.jpg,0,normal,B_001_026,B_001,B_001_026_20230905,1,test
B_001_026_20230905103906_001_004_000_000.jpg,./data/you_chalk_brood/normal/B_001_026_20230905103906_001_004_000_000.jpg,0,normal,B_001_026,B_001,B_001_026_20230905,1,train
B_001_027_20230825112011_001_002_000_000.jpg,./data/you_chalk_brood/normal/B_001_027_20230825112011_001_002_000_000.jpg,0,normal,B_001_027,B_001,B_001_027_20230825,1,train
B_001_027_20230829112851_001_002_000_000.jpg,./data/you_chalk_brood/normal/B_001_027_20230829112851_001_002_000_000.jpg,0,normal,B_001_027,B_001,B_001_027_20230829,1,train
B_001_027_20230909110210_001_002_000_000.jpg,./data/you_chalk_brood/normal/B_001_027_20230909110210_001_002_000_000.jpg,0,normal,B_001_027,B_001,B_001_027_20230909,1,val
B_001_028_20230824110025_001_003_000_000.jpg,./data/you_chalk_brood/normal/B_001_028_20230824110025_001_003_000_000.jpg,0,normal,B_001_028,B_001,B_001_028_20230824,1,test
B_001_028_20230825164058_001_003_000_000.jpg,./data/you_chalk_brood/normal/B_001_028_20230825164058_001_003_000_000.jpg,0,normal,B_001_028,B_001,B_001_028_20230825,1,train
B_001_028_20230826164149_001_004_000_000.jpg,./data/you_chalk_brood/normal/B_001_028_20230826164149_001_004_000_000.jpg,0,normal,B_001_028,B_001,B_001_028_20230826,1,train
B_001_028_20230827163459_001_001_000_000.jpg,./data/you_chalk_brood/normal/B_001_028_20230827163459_001_001_000_000.jpg,0,normal,B_001_028,B_001,B_001_028_20230827,1,test
B_001_028_20230831130614_001_004_000_000.jpg,./data/you_chalk_brood/normal/B_001_028_20230831130614_001_004_000_000.jpg,0,normal,B_001_028,B_001,B_001_028_20230831,1,train
B_001_028_20230907162943_001_003_000_000.jpg,./data/you_chalk_brood/normal/B_001_028_20230907162943_001_003_000_000.jpg,0,normal,B_001_028,B_001,B_001_028_20230907,1,train
B_001_029_20230822113144_001_001_000_000.jpg,./data/you_chalk_brood/normal/B_001_029_20230822113144_001_001_000_000.jpg,0,normal,B_001_029,B_001,B_001_029_20230822,1,train
B_001_029_20230907102218_001_004_000_000.jpg,./data/you_chalk_brood/normal/B_001_029_20230907102218_001_004_000_000.jpg,0,normal,B_001_029,B_001,B_001_029_20230907,1,train
B_001_029_20230907103847_001_002_000_000.jpg,./data/you_chalk_brood/normal/B_001_029_20230907103847_001_002_000_000.jpg,0,normal,B_001_029,B_001,B_001_029_20230907,1,val
B_001_029_20230907163310_001_002_000_000.jpg,./data/you_chalk_brood/normal/B_001_029_20230907163310_001_002_000_000.jpg,0,normal,B_001_029,B_001,B_001_029_20230907,1,val
B_001_029_20230907163319_001_001_000_000.jpg,./data/you_chalk_brood/normal/B_001_029_20230907163319_001_001_000_000.jpg,0,normal,B_001_029,B_001,B_001_029_20230907,1,train
B_001_029_20230909113306_001_001_000_000.jpg,./data/you_chalk_brood/normal/B_001_029_20230909113306_001_001_000_000.jpg,0,normal,B_001_029,B_001,B_001_029_20230909,1,test
B_001_030_20230905135551_001_001_000_000.jpg,./data/you_chalk_brood/normal/B_001_030_20230905135551_001_001_000_000.jpg,0,normal,B_001_030,B_001,B_001_030_20230905,1,train
B_001_030_20230906141225_001_004_000_000.jpg,./data/you_chalk_brood/normal/B_001_030_20230906141225_001_004_000_000.jpg,0,normal,B_001_030,B_001,B_001_030_20230906,1,val
B_001_030_20230910104623_001_001_000_000.jpg,./data/you_chalk_brood/normal/B_001_030_20230910104623_001_001_000_000.jpg,0,normal,B_001_030,B_001,B_001_030_20230910,1,test
C_001_001_20230831140409_001_001_000_000.jpg,./data/you_chalk_brood/normal/C_001_001_20230831140409_001_001_000_000.jpg,0,normal,C_001_001,C_001,C_001_001_20230831,1,test
C_001_002_20230829145715_001_001_000_000.jpg,./data/you_chalk_brood/normal/C_001_002_20230829145715_001_001_000_000.jpg,0,normal,C_001_002,C_001,C_001_002_20230829,1,train
C_001_002_20230829145737_001_001_000_000.jpg,./data/you_chalk_brood/normal/C_001_002_20230829145737_001_001_000_000.jpg,0,normal,C_001_002,C_001,C_001_002_20230829,1,train
C_001_005_20230821171650_001_001_000_000.jpg,./data/you_chalk_brood/normal/C_001_005_20230821171650_001_001_000_000.jpg,0,normal,C_001_005,C_001,C_001_005_20230821,1,train
C_001_005_20230821171952_001_001_000_000.jpg,./data/you_chalk_brood/normal/C_001_005_20230821171952_001_001_000_000.jpg,0,normal,C_001_005,C_001,C_001_005_20230821,1,test
C_001_005_20230821172456_001_001_000_000.jpg,./data/you_chalk_brood/normal/C_001_005_20230821172456_001_001_000_000.jpg,0,normal,C_001_005,C_001,C_001_005_20230821,1,train
C_001_005_20230821172540_001_001_000_000.jpg,./data/you_chalk_brood/normal/C_001_005_20230821172540_001_001_000_000.jpg,0,normal,C_001_005,C_001,C_001_005_20230821,1,test
C_001_005_20230821175515_001_001_000_000.jpg,./data/you_chalk_brood/normal/C_001_005_20230821175515_001_001_000_000.jpg,0,normal,C_001_005,C_001,C_001_005_20230821,1,test
C_001_005_20230821181255_001_001_000_000.jpg,./data/you_chalk_brood/normal/C_001_005_20230821181255_001_001_000_000.jpg,0,normal,C_001_005,C_001,C_001_005_20230821,1,train
C_001_006_20230822163518_001_001_000_000.jpg,./data/you_chalk_brood/normal/C_001_006_20230822163518_001_001_000_000.jpg,0,normal,C_001_006,C_001,C_001_006_20230822,1,train
C_001_013_20230822164044_001_001_000_000.jpg,./data/you_chalk_brood/normal/C_001_013_20230822164044_001_001_000_000.jpg,0,normal,C_001_013,C_001,C_001_013_20230822,1,train
C_001_013_20230822164124_001_001_000_000.jpg,./data/you_chalk_brood/normal/C_001_013_20230822164124_001_001_000_000.jpg,0,normal,C_001_013,C_001,C_001_013_20230822,1,val
C_001_015_20230828145032_001_001_000_000.jpg,./data/you_chalk_brood/normal/C_001_015_20230828145032_001_001_000_000.jpg,0,normal,C_001_015,C_001,C_001_015_20230828,1,train
C_001_017_20231011133646_001_001_000_000.jpg,./data/you_chalk_brood/normal/C_001_017_20231011133646_001_001_000_000.jpg,0,normal,C_001_017,C_001,C_001_017_20231011,1,train
C_001_017_20231011140334_001_001_000_000.jpg,./data/you_chalk_brood/normal/C_001_017_20231011140334_001_001_000_000.jpg,0,normal,C_001_017,C_001,C_001_017_20231011,1,val
C_001_017_20231011142748_001_001_000_000.jpg,./data/you_chalk_brood/normal/C_001_017_20231011142748_001_001_000_000.jpg,0,normal,C_001_017,C_001,C_001_017_20231011,1,train
C_001_017_20231011143806_001_001_000_000.jpg,./data/you_chalk_brood/normal/C_001_017_20231011143806_001_001_000_000.jpg,0,normal,C_001_017,C_001,C_001_017_20231011,1,test
C_001_018_20230826160933_001_001_000_000.jpg,./data/you_chalk_brood/normal/C_001_018_20230826160933_001_001_000_000.jpg,0,normal,C_001_018,C_001,C_001_018_20230826,1,train
C_001_018_20230826161023_001_001_000_000.jpg,./data/you_chalk_brood/normal/C_001_018_20230826161023_001_001_000_000.jpg,0,normal,C_001_018,C_001,C_001_018_20230826,1,test
C_001_018_20230826162125_001_001_000_000.jpg,./data/you_chalk_brood/normal/C_001_018_20230826162125_001_001_000_000.jpg,0,normal,C_001_018,C_001,C_001_018_20230826,1,val
C_001_018_20230826162655_001_001_000_000.jpg,./data/you_chalk_brood/normal/C_001_018_20230826162655_001_001_000_000.jpg,0,normal,C_001_018,C_001,C_001_018_20230826,1,test
C_001_018_20230826162705_001_001_000_000.jpg,./data/you_chalk_brood/normal/C_001_018_20230826162705_001_001_000_000.jpg,0,normal,C_001_018,C_001,C_001_018_20230826,1,test
C_001_018_20230826164937_001_001_000_000.jpg,./data/you_chalk_brood/normal/C_001_018_20230826164937_001_001_000_000.jpg,0,normal,C_001_018,C_001,C_001_018_20230826,1,val
C_001_018_20231012104840_001_001_000_000.jpg,./data/you_chalk_brood/normal/C_001_018_20231012104840_001_001_000_000.jpg,0,normal,C_001_018,C_001,C_001_018_20231012,1,train
C_001_018_20231012110234_001_001_000_000.jpg,./data/you_chalk_brood/normal/C_001_018_20231012110234_001_001_000_000.jpg,0,normal,C_001_018,C_001,C_001_018_20231012,1,train
C_001_018_20231012111524_001_001_000_000.jpg,./data/you_chalk_brood/normal/C_001_018_20231012111524_001_001_000_000.jpg,0,normal,C_001_018,C_001,C_001_018_20231012,1,train
C_001_018_20231012114428_001_001_000_000.jpg,./data/you_chalk_brood/normal/C_001_018_20231012114428_001_001_000_000.jpg,0,normal,C_001_018,C_001,C_001_018_20231012,1,train
C_001_018_20231012132436_001_001_000_000.jpg,./data/you_chalk_brood/normal/C_001_018_20231012132436_001_001_000_000.jpg,0,normal,C_001_018,C_001,C_001_018_20231012,1,train
C_001_018_20231012134814_001_001_000_000.jpg,./data/you_chalk_brood/normal/C_001_018_20231012134814_001_001_000_000.jpg,0,normal,C_001_018,C_001,C_001_018_20231012,1,test
C_001_018_20231012142320_001_001_000_000.jpg,./data/you_chalk_brood/normal/C_001_018_20231012142320_001_001_000_000.jpg,0,normal,C_001_018,C_001,C_001_018_20231012,1,test
C_001_018_20231012143714_001_001_000_000.jpg,./data/you_chalk_brood/normal/C_001_018_20231012143714_001_001_000_000.jpg,0,normal,C_001_018,C_001,C_001_018_20231012,1,train
C_001_018_20231012150622_001_001_000_000.jpg,./data/you_chalk_brood/normal/C_001_018_20231012150622_001_001_000_000.jpg,0,normal,C_001_018,C_001,C_001_018_20231012,1,train
C_001_018_20231012153632_001_001_000_000.jpg,./data/you_chalk_brood/normal/C_001_018_20231012153632_001_001_000_000.jpg,0,normal,C_001_018,C_001,C_001_018_20231012,1,train
C_001_018_20231012160316_001_001_000_000.jpg,./data/you_chalk_brood/normal/C_001_018_20231012160316_001_001_000_000.jpg,0,normal,C_001_018,C_001,C_001_018_20231012,1,train
C_001_018_20231012161804_001_001_000_000.jpg,./data/you_chalk_brood/normal/C_001_018_20231012161804_001_001_000_000.jpg,0,normal,C_001_018,C_001,C_001_018_20231012,1,train
C_001_018_20231012162240_001_001_000_000.jpg,./data/you_chalk_brood/normal/C_001_018_20231012162240_001_001_000_000.jpg,0,normal,C_001_018,C_001,C_001_018_20231012,1,train
C_001_018_20231012164100_001_001_000_000.jpg,./data/you_chalk_brood/normal/C_001_018_20231012164100_001_001_000_000.jpg,0,normal,C_001_018,C_001,C_001_018_20231012,1,train
C_001_018_20231012164852_001_001_000_000.jpg,./data/you_chalk_brood/normal/C_001_018_20231012164852_001_001_000_000.jpg,0,normal,C_001_018,C_001,C_001_018_20231012,1,train
C_001_019_20230909155531_001_001_000_000.jpg,./data/you_chalk_brood/normal/C_001_019_20230909155531_001_001_000_000.jpg,0,normal,C_001_019,C_001,C_001_019_20230909,1,test
C_001_019_20231013104650_001_001_000_000.jpg,./data/you_chalk_brood/normal/C_001_019_20231013104650_001_001_000_000.jpg,0,normal,C_001_019,C_001,C_001_019_20231013,1,train
C_001_019_20231013104752_001_001_000_000.jpg,./data/you_chalk_brood/normal/C_001_019_20231013104752_001_001_000_000.jpg,0,normal,C_001_019,C_001,C_001_019_20231013,1,test
C_001_019_20231013112220_001_001_000_000.jpg,./data/you_chalk_brood/normal/C_001_019_20231013112220_001_001_000_000.jpg,0,normal,C_001_019,C_001,C_001_019_20231013,1,val
C_001_019_20231013113554_001_001_000_000.jpg,./data/you_chalk_brood/normal/C_001_019_20231013113554_001_001_000_000.jpg,0,normal,C_001_019,C_001,C_001_019_20231013,1,test
C_001_019_20231013114920_001_001_000_000.jpg,./data/you_chalk_brood/normal/C_001_019_20231013114920_001_001_000_000.jpg,0,normal,C_001_019,C_001,C_001_019_20231013,1,test
C_001_019_20231013132952_001_001_000_000.jpg,./data/you_chalk_brood/normal/C_001_019_20231013132952_001_001_000_000.jpg,0,normal,C_001_019,C_001,C_001_019_20231013,1,test
C_001_019_20231013134852_001_001_000_000.jpg,./data/you_chalk_brood/normal/C_001_019_20231013134852_001_001_000_000.jpg,0,normal,C_001_019,C_001,C_001_019_20231013,1,train
C_001_019_20231013135444_001_001_000_000.jpg,./data/you_chalk_brood/normal/C_001_019_20231013135444_001_001_000_000.jpg,0,normal,C_001_019,C_001,C_001_019_20231013,1,train
C_001_019_20231013141058_001_001_000_000.jpg,./data/you_chalk_brood/normal/C_001_019_20231013141058_001_001_000_000.jpg,0,normal,C_001_019,C_001,C_001_019_20231013,1,test
C_001_019_20231013142750_001_001_000_000.jpg,./data/you_chalk_brood/normal/C_001_019_20231013142750_001_001_000_000.jpg,0,normal,C_001_019,C_001,C_001_019_20231013,1,test
C_001_019_20231013142908_001_001_000_000.jpg,./data/you_chalk_brood/normal/C_001_019_20231013142908_001_001_000_000.jpg,0,normal,C_001_019,C_001,C_001_019_20231013,1,test
C_001_019_20231013144757_001_001_000_000.jpg,./data/you_chalk_brood/normal/C_001_019_20231013144757_001_001_000_000.jpg,0,normal,C_001_019,C_001,C_001_019_20231013,1,train
C_001_019_20231013145309_001_001_000_000.jpg,./data/you_chalk_brood/normal/C_001_019_20231013145309_001_001_000_000.jpg,0,normal,C_001_019,C_001,C_001_019_20231013,1,train
C_001_019_20231013145841_001_001_000_000.jpg,./data/you_chalk_brood/normal/C_001_019_20231013145841_001_001_000_000.jpg,0,normal,C_001_019,C_001,C_001_019_20231013,1,test
C_001_019_20231013152347_001_001_000_000.jpg,./data/you_chalk_brood/normal/C_001_019_20231013152347_001_001_000_000.jpg,0,normal,C_001_019,C_001,C_001_019_20231013,1,train
C_001_019_20231013160357_001_001_000_000.jpg,./data/you_chalk_brood/normal/C_001_019_20231013160357_001_001_000_000.jpg,0,normal,C_001_019,C_001,C_001_019_20231013,1,test
C_001_019_20231013161221_001_001_000_000.jpg,./data/you_chalk_brood/normal/C_001_019_20231013161221_001_001_000_000.jpg,0,normal,C_001_019,C_001,C_001_019_20231013,1,train
C_001_019_20231013163521_001_001_000_000.jpg,./data/you_chalk_brood/normal/C_001_019_20231013163521_001_001_000_000.jpg,0,normal,C_001_019,C_001,C_001_019_20231013,1,val
C_001_019_20231013164317_001_001_000_000.jpg,./data/you_chalk_brood/normal/C_001_019_20231013164317_001_001_000_000.jpg,0,normal,C_001_019,C_001,C_001_019_20231013,1,train
C_002_001_20230909110033_001_001_000_000.jpg,./data/you_chalk_brood/normal/C_002_001_20230909110033_001_001_000_000.jpg,0,normal,C_002_001,C_002,C_002_001_20230909,1,val
C_002_001_20230909112703_001_001_000_000.jpg,./data/you_chalk_brood/normal/C_002_001_20230909112703_001_001_000_000.jpg,0,normal,C_002_001,C_002,C_002_001_20230909,1,test
C_002_001_20231011090903_001_002_000_000.jpg,./data/you_chalk_brood/normal/C_002_001_20231011090903_001_002_000_000.jpg,0,normal,C_002_001,C_002,C_002_001_20231011,1,test
C_002_001_20231011093915_001_002_000_000.jpg,./data/you_chalk_brood/normal/C_002_001_20231011093915_001_002_000_000.jpg,0,normal,C_002_001,C_002,C_002_001_20231011,1,train
C_002_001_20231011094650_001_002_000_000.jpg,./data/you_chalk_brood/normal/C_002_001_20231011094650_001_002_000_000.jpg,0,normal,C_002_001,C_002,C_002_001_20231011,1,test
C_002_001_20231011102223_001_002_000_000.jpg,./data/you_chalk_brood/normal/C_002_001_20231011102223_001_002_000_000.jpg,0,normal,C_002_001,C_002,C_002_001_20231011,1,test
C_002_001_20231011102307_001_002_000_000.jpg,./data/you_chalk_brood/normal/C_002_001_20231011102307_001_002_000_000.jpg,0,normal,C_002_001,C_002,C_002_001_20231011,1,train
C_002_001_20231011110646_001_002_000_000.jpg,./data/you_chalk_brood/normal/C_002_001_20231011110646_001_002_000_000.jpg,0,normal,C_002_001,C_002,C_002_001_20231011,1,train
C_002_001_20231011112308_001_002_000_000.jpg,./data/you_chalk_brood/normal/C_002_001_20231011112308_001_002_000_000.jpg,0,normal,C_002_001,C_002,C_002_001_20231011,1,val
C_002_001_20231011130834_001_002_000_000.jpg,./data/you_chalk_brood/normal/C_002_001_20231011130834_001_002_000_000.jpg,0,normal,C_002_001,C_002,C_002_001_20231011,1,test
C_002_001_20231011131133_001_002_000_000.jpg,./data/you_chalk_brood/normal/C_002_001_20231011131133_001_002_000_000.jpg,0,normal,C_002_001,C_002,C_002_001_20231011,1,val
C_002_001_20231011132119_001_002_000_000.jpg,./data/you_chalk_brood/normal/C_002_001_20231011132119_001_002_000_000.jpg,0,normal,C_002_001,C_002,C_002_001_20231011,1,train
C_002_001_20231011132512_001_002_000_000.jpg,./data/you_chalk_brood/normal/C_002_001_20231011132512_001_002_000_000.jpg,0,normal,C_002_001,C_002,C_002_001_20231011,1,train
C_002_001_20231011132754_001_002_000_000.jpg,./data/you_chalk_brood/normal/C_002_001_20231011132754_001_002_000_000.jpg,0,normal,C_002_001,C_002,C_002_001_20231011,1,val
C_002_001_20231011135715_001_002_000_000.jpg,./data/you_chalk_brood/normal/C_002_001_20231011135715_001_002_000_000.jpg,0,normal,C_002_001,C_002,C_002_001_20231011,1,test
C_002_001_20231011142308_001_002_000_000.jpg,./data/you_chalk_brood/normal/C_002_001_20231011142308_001_002_000_000.jpg,0,normal,C_002_001,C_002,C_002_001_20231011,1,train
C_002_001_20231011150909_001_002_000_000.jpg,./data/you_chalk_brood/normal/C_002_001_20231011150909_001_002_000_000.jpg,0,normal,C_002_001,C_002,C_002_001_20231011,1,train
C_002_001_20231011152913_001_002_000_000.jpg,./data/you_chalk_brood/normal/C_002_001_20231011152913_001_002_000_000.jpg,0,normal,C_002_001,C_002,C_002_001_20231011,1,train
C_002_001_20231011153645_001_002_000_000.jpg,./data/you_chalk_brood/normal/C_002_001_20231011153645_001_002_000_000.jpg,0,normal,C_002_001,C_002,C_002_001_20231011,1,train
C_002_001_20231011163944_001_002_000_000.jpg,./data/you_chalk_brood/normal/C_002_001_20231011163944_001_002_000_000.jpg,0,normal,C_002_001,C_002,C_002_001_20231011,1,train
C_002_002_20230909154257_001_001_000_000.jpg,./data/you_chalk_brood/normal/C_002_002_20230909154257_001_001_000_000.jpg,0,normal,C_002_002,C_002,C_002_002_20230909,1,train
C_002_002_20231012092226_001_002_000_000.jpg,./data/you_chalk_brood/normal/C_002_002_20231012092226_001_002_000_000.jpg,0,normal,C_002_002,C_002,C_002_002_20231012,1,train
C_002_002_20231012093047_001_002_000_000.jpg,./data/you_chalk_brood/normal/C_002_002_20231012093047_001_002_000_000.jpg,0,normal,C_002_002,C_002,C_002_002_20231012,1,train
C_002_002_20231012095434_001_002_000_000.jpg,./data/you_chalk_brood/normal/C_002_002_20231012095434_001_002_000_000.jpg,0,normal,C_002_002,C_002,C_002_002_20231012,1,train
C_002_002_20231012111907_001_002_000_000.jpg,./data/you_chalk_brood/normal/C_002_002_20231012111907_001_002_000_000.jpg,0,normal,C_002_002,C_002,C_002_002_20231012,1,test
C_002_002_20231012133834_001_002_000_000.jpg,./data/you_chalk_brood/normal/C_002_002_20231012133834_001_002_000_000.jpg,0,normal,C_002_002,C_002,C_002_002_20231012,1,test
C_002_002_20231012142600_001_002_000_000.jpg,./data/you_chalk_brood/normal/C_002_002_20231012142600_001_002_000_000.jpg,0,normal,C_002_002,C_002,C_002_002_20231012,1,test
C_002_002_20231012143034_001_002_000_000.jpg,./data/you_chalk_brood/normal/C_002_002_20231012143034_001_002_000_000.jpg,0,normal,C_002_002,C_002,C_002_002_20231012,1,train
C_002_002_20231012143424_001_002_000_000.jpg,./data/you_chalk_brood/normal/C_002_002_20231012143424_001_002_000_000.jpg,0,normal,C_002_002,C_002,C_002_002_20231012,1,val
C_002_002_20231012154244_001_002_000_000.jpg,./data/you_chalk_brood/normal/C_002_002_20231012154244_001_002_000_000.jpg,0,normal,C_002_002,C_002,C_002_002_20231012,1,test
C_002_002_20231012161523_001_002_000_000.jpg,./data/you_chalk_brood/normal/C_002_002_20231012161523_001_002_000_000.jpg,0,normal,C_002_002,C_002,C_002_002_20231012,1,train
C_002_002_20231012161738_001_002_000_000.jpg,./data/you_chalk_brood/normal/C_002_002_20231012161738_001_002_000_000.jpg,0,normal,C_002_002,C_002,C_002_002_20231012,1,val
C_002_002_20231012161941_001_002_000_000.jpg,./data/you_chalk_brood/normal/C_002_002_20231012161941_001_002_000_000.jpg,0,normal,C_002_002,C_002,C_002_002_20231012,1,train
C_002_003_20231013081500_001_002_000_000.jpg,./data/you_chalk_brood/normal/C_002_003_20231013081500_001_002_000_000.jpg,0,normal,C_002_003,C_002,C_002_003_20231013,1,train
C_002_003_20231013103401_001_002_000_000.jpg,./data/you_chalk_brood/normal/C_002_003_20231013103401_001_002_000_000.jpg,0,normal,C_002_003,C_002,C_002_003_20231013,1,train
C_002_003_20231013110701_001_002_000_000.jpg,./data/you_chalk_brood/normal/C_002_003_20231013110701_001_002_000_000.jpg,0,normal,C_002_003,C_002,C_002_003_20231013,1,test
C_002_003_20231013112430_001_002_000_000.jpg,./data/you_chalk_brood/normal/C_002_003_20231013112430_001_002_000_000.jpg,0,normal,C_002_003,C_002,C_002_003_20231013,1,train
C_002_003_20231013132759_001_002_000_000.jpg,./data/you_chalk_brood/normal/C_002_003_20231013132759_001_002_000_000.jpg,0,normal,C_002_003,C_002,C_002_003_20231013,1,val
C_002_003_20231013145014_001_002_000_000.jpg,./data/you_chalk_brood/normal/C_002_003_20231013145014_001_002_000_000.jpg,0,normal,C_002_003,C_002,C_002_003_20231013,1,train
C_002_003_20231013163343_001_002_000_000.jpg,./data/you_chalk_brood/normal/C_002_003_20231013163343_001_002_000_000.jpg,0,normal,C_002_003,C_002,C_002_003_20231013,1,train
C_002_004_20230821191947_001_001_000_000.jpg,./data/you_chalk_brood/normal/C_002_004_20230821191947_001_001_000_000.jpg,0,normal,C_002_004,C_002,C_002_004_20230821,1,train
C_002_007_20230820094742_001_001_000_000.jpg,./data/you_chalk_brood/normal/C_002_007_20230820094742_001_001_000_000.jpg,0,normal,C_002_007,C_002,C_002_007_20230820,1,val
C_002_012_20230828141638_001_001_000_000.jpg,./data/you_chalk_brood/normal/C_002_012_20230828141638_001_001_000_000.jpg,0,normal,C_002_012,C_002,C_002_012_20230828,1,val
C_002_012_20230828143809_001_001_000_000.jpg,./data/you_chalk_brood/normal/C_002_012_20230828143809_001_001_000_000.jpg,0,normal,C_002_012,C_002,C_002_012_20230828,1,train
C_002_012_20230828151757_001_001_000_000.jpg,./data/you_chalk_brood/normal/C_002_012_20230828151757_001_001_000_000.jpg,0,normal,C_002_012,C_002,C_002_012_20230828,1,train
C_002_025_20230826151602_001_001_000_000.jpg,./data/you_chalk_brood/normal/C_002_025_20230826151602_001_001_000_000.jpg,0,normal,C_002_025,C_002,C_002_025_20230826,1,train
C_002_025_20230826153446_001_001_000_000.jpg,./data/you_chalk_brood/normal/C_002_025_20230826153446_001_001_000_000.jpg,0,normal,C_002_025,C_002,C_002_025_20230826,1,train
C_002_025_20230826155212_001_001_000_000.jpg,./data/you_chalk_brood/normal/C_002_025_20230826155212_001_001_000_000.jpg,0,normal,C_002_025,C_002,C_002_025_20230826,1,test
C_002_026_20230826160733_001_001_000_000.jpg,./data/you_chalk_brood/normal/C_002_026_20230826160733_001_001_000_000.jpg,0,normal,C_002_026,C_002,C_002_026_20230826,1,val
C_002_026_20230826164907_001_001_000_000.jpg,./data/you_chalk_brood/normal/C_002_026_20230826164907_001_001_000_000.jpg,0,normal,C_002_026,C_002,C_002_026_20230826,1,train
C_002_027_20230826172400_001_001_000_000.jpg,./data/you_chalk_brood/normal/C_002_027_20230826172400_001_001_000_000.jpg,0,normal,C_002_027,C_002,C_002_027_20230826,1,train
C_002_027_20230826172608_001_001_000_000.jpg,./data/you_chalk_brood/normal/C_002_027_20230826172608_001_001_000_000.jpg,0,normal,C_002_027,C_002,C_002_027_20230826,1,val
C_003_001_20230831152203_001_003_000_000.jpg,./data/you_chalk_brood/normal/C_003_001_20230831152203_001_003_000_000.jpg,0,normal,C_003_001,C_003,C_003_001_20230831,1,test
C_003_001_20230904151906_001_003_000_000.jpg,./data/you_chalk_brood/normal/C_003_001_20230904151906_001_003_000_000.jpg,0,normal,C_003_001,C_003,C_003_001_20230904,1,train
C_003_001_20230904161612_001_003_000_000.jpg,./data/you_chalk_brood/normal/C_003_001_20230904161612_001_003_000_000.jpg,0,normal,C_003_001,C_003,C_003_001_20230904,1,train
C_003_001_20230908172303_001_003_000_000.jpg,./data/you_chalk_brood/normal/C_003_001_20230908172303_001_003_000_000.jpg,0,normal,C_003_001,C_003,C_003_001_20230908,1,test
C_003_001_20230908173155_001_003_000_000.jpg,./data/you_chalk_brood/normal/C_003_001_20230908173155_001_003_000_000.jpg,0,normal,C_003_001,C_003,C_003_001_20230908,1,test
C_003_001_20230910160130_001_003_000_000.jpg,./data/you_chalk_brood/normal/C_003_001_20230910160130_001_003_000_000.jpg,0,normal,C_003_001,C_003,C_003_001_20230910,1,train
C_003_001_20230912143836_001_003_000_000.jpg,./data/you_chalk_brood/normal/C_003_001_20230912143836_001_003_000_000.jpg,0,normal,C_003_001,C_003,C_003_001_20230912,1,test
C_003_001_20230912151133_001_003_000_000.jpg,./data/you_chalk_brood/normal/C_003_001_20230912151133_001_003_000_000.jpg,0,normal,C_003_001,C_003,C_003_001_20230912,1,test
C_003_001_20230912152046_001_003_000_000.jpg,./data/you_chalk_brood/normal/C_003_001_20230912152046_001_003_000_000.jpg,0,normal,C_003_001,C_003,C_003_001_20230912,1,train
C_003_002_20230831152300_001_003_000_000.jpg,./data/you_chalk_brood/normal/C_003_002_20230831152300_001_003_000_000.jpg,0,normal,C_003_002,C_003,C_003_002_20230831,1,val
C_003_002_20230905070240_001_003_000_000.jpg,./data/you_chalk_brood/normal/C_003_002_20230905070240_001_003_000_000.jpg,0,normal,C_003_002,C_003,C_003_002_20230905,1,train
C_003_002_20230905080423_001_003_000_000.jpg,./data/you_chalk_brood/normal/C_003_002_20230905080423_001_003_000_000.jpg,0,normal,C_003_002,C_003,C_003_002_20230905,1,train
C_003_002_20230906153902_001_003_000_000.jpg,./data/you_chalk_brood/normal/C_003_002_20230906153902_001_003_000_000.jpg,0,normal,C_003_002,C_003,C_003_002_20230906,1,test
C_003_002_20230908154544_001_003_000_000.jpg,./data/you_chalk_brood/normal/C_003_002_20230908154544_001_003_000_000.jpg,0,normal,C_003_002,C_003,C_003_002_20230908,1,test
C_003_002_20230912133250_001_003_000_000.jpg,./data/you_chalk_brood/normal/C_003_002_20230912133250_001_003_000_000.jpg,0,normal,C_003_002,C_003,C_003_002_20230912,1,test
C_003_003_20230827152345_001_003_000_000.jpg,./data/you_chalk_brood/normal/C_003_003_20230827152345_001_003_000_000.jpg,0,normal,C_003_003,C_003,C_003_003_20230827,1,test
C_003_003_20230827152628_001_003_000_000.jpg,./data/you_chalk_brood/normal/C_003_003_20230827152628_001_003_000_000.jpg,0,normal,C_003_003,C_003,C_003_003_20230827,1,train
C_003_003_20230829161404_001_003_000_000.jpg,./data/you_chalk_brood/normal/C_003_003_20230829161404_001_003_000_000.jpg,0,normal,C_003_003,C_003,C_003_003_20230829,1,train
C_003_003_20230904152616_001_003_000_000.jpg,./data/you_chalk_brood/normal/C_003_003_20230904152616_001_003_000_000.jpg,0,normal,C_003_003,C_003,C_003_003_20230904,1,test
C_003_003_20230904155518_001_003_000_000.jpg,./data/you_chalk_brood/normal/C_003_003_20230904155518_001_003_000_000.jpg,0,normal,C_003_003,C_003,C_003_003_20230904,1,train
C_003_003_20230904160809_001_003_000_000.jpg,./data/you_chalk_brood/normal/C_003_003_20230904160809_001_003_000_000.jpg,0,normal,C_003_003,C_003,C_003_003_20230904,1,train
C_003_003_20230904171936_001_003_000_000.jpg,./data/you_chalk_brood/normal/C_003_003_20230904171936_001_003_000_000.jpg,0,normal,C_003_003,C_003,C_003_003_20230904,1,train
C_003_003_20230912135900_001_003_000_000.jpg,./data/you_chalk_brood/normal/C_003_003_20230912135900_001_003_000_000.jpg,0,normal,C_003_003,C_003,C_003_003_20230912,1,train
C_003_003_20230912140142_001_003_000_000.jpg,./data/you_chalk_brood/normal/C_003_003_20230912140142_001_003_000_000.jpg,0,normal,C_003_003,C_003,C_003_003_20230912,1,train
C_003_003_20230912150829_001_003_000_000.jpg,./data/you_chalk_brood/normal/C_003_003_20230912150829_001_003_000_000.jpg,0,normal,C_003_003,C_003,C_003_003_20230912,1,train
C_004_003_20230831145035_001_004_000_000.jpg,./data/you_chalk_brood/normal/C_004_003_20230831145035_001_004_000_000.jpg,0,normal,C_004_003,C_004,C_004_003_20230831,1,train
C_004_004_20230826161427_001_004_000_000.jpg,./data/you_chalk_brood/normal/C_004_004_20230826161427_001_004_000_000.jpg,0,normal,C_004_004,C_004,C_004_004_20230826,1,test
C_004_004_20230827154914_001_004_000_000.jpg,./data/you_chalk_brood/normal/C_004_004_20230827154914_001_004_000_000.jpg,0,normal,C_004_004,C_004,C_004_004_20230827,1,train
C_004_004_20230827173124_001_004_000_000.jpg,./data/you_chalk_brood/normal/C_004_004_20230827173124_001_004_000_000.jpg,0,normal,C_004_004,C_004,C_004_004_20230827,1,val
C_004_004_20230831170002_001_004_000_000.jpg,./data/you_chalk_brood/normal/C_004_004_20230831170002_001_004_000_000.jpg,0,normal,C_004_004,C_004,C_004_004_20230831,1,val
C_004_004_20230902145722_001_004_000_000.jpg,./data/you_chalk_brood/normal/C_004_004_20230902145722_001_004_000_000.jpg,0,normal,C_004_004,C_004,C_004_004_20230902,1,test
C_004_004_20230903064536_001_004_000_000.jpg,./data/you_chalk_brood/normal/C_004_004_20230903064536_001_004_000_000.jpg,0,normal,C_004_004,C_004,C_004_004_20230903,1,val
C_004_004_20230906151016_001_004_000_000.jpg,./data/you_chalk_brood/normal/C_004_004_20230906151016_001_004_000_000.jpg,0,normal,C_004_004,C_004,C_004_004_20230906,1,val
C_004_004_20230906180407_001_004_000_000.jpg,./data/you_chalk_brood/normal/C_004_004_20230906180407_001_004_000_000.jpg,0,normal,C_004_004,C_004,C_004_004_20230906,1,val
C_004_004_20230907074853_001_004_000_000.jpg,./data/you_chalk_brood/normal/C_004_004_20230907074853_001_004_000_000.jpg,0,normal,C_004_004,C_004,C_004_004_20230907,1,test
C_004_004_20230910162535_001_004_000_000.jpg,./data/you_chalk_brood/normal/C_004_004_20230910162535_001_004_000_000.jpg,0,normal,C_004_004,C_004,C_004_004_20230910,1,train
C_004_004_20230912141507_001_004_000_000.jpg,./data/you_chalk_brood/normal/C_004_004_20230912141507_001_004_000_000.jpg,0,normal,C_004_004,C_004,C_004_004_20230912,1,test
C_004_005_20230824095844_001_004_000_000.jpg,./data/you_chalk_brood/normal/C_004_005_20230824095844_001_004_000_000.jpg,0,normal,C_004_005,C_004,C_004_005_20230824,1,train
C_004_005_20230829142824_001_004_000_000.jpg,./data/you_chalk_brood/normal/C_004_005_20230829142824_001_004_000_000.jpg,0,normal,C_004_005,C_004,C_004_005_20230829,1,train
C_004_005_20230829145027_001_004_000_000.jpg,./data/you_chalk_brood/normal/C_004_005_20230829145027_001_004_000_000.jpg,0,normal,C_004_005,C_004,C_004_005_20230829,1,train
C_004_005_20230906154436_001_004_000_000.jpg,./data/you_chalk_brood/normal/C_004_005_20230906154436_001_004_000_000.jpg,0,normal,C_004_005,C_004,C_004_005_20230906,1,train
C_004_005_20230907082057_001_004_000_000.jpg,./data/you_chalk_brood/normal/C_004_005_20230907082057_001_004_000_000.jpg,0,normal,C_004_005,C_004,C_004_005_20230907,1,train
C_004_005_20230907090319_001_004_000_000.jpg,./data/you_chalk_brood/normal/C_004_005_20230907090319_001_004_000_000.jpg,0,normal,C_004_005,C_004,C_004_005_20230907,1,train
C_004_005_20230910165009_001_004_000_000.jpg,./data/you_chalk_brood/normal/C_004_005_20230910165009_001_004_000_000.jpg,0,normal,C_004_005,C_004,C_004_005_20230910,1,train
C_004_005_20230910165631_001_004_000_000.jpg,./data/you_chalk_brood/normal/C_004_005_20230910165631_001_004_000_000.jpg,0,normal,C_004_005,C_004,C_004_005_20230910,1,train
C_004_005_20230911071727_001_004_000_000.jpg,./data/you_chalk_brood/normal/C_004_005_20230911071727_001_004_000_000.jpg,0,normal,C_004_005,C_004,C_004_005_20230911,1,test
C_004_005_20230912155811_001_004_000_000.jpg,./data/you_chalk_brood/normal/C_004_005_20230912155811_001_004_000_000.jpg,0,normal,C_004_005,C_004,C_004_005_20230912,1,val
C_004_006_20230824075645_001_004_000_000.jpg,./data/you_chalk_brood/normal/C_004_006_20230824075645_001_004_000_000.jpg,0,normal,C_004_006,C_004,C_004_006_20230824,1,test
C_004_006_20230825181727_001_004_000_000.jpg,./data/you_chalk_brood/normal/C_004_006_20230825181727_001_004_000_000.jpg,0,normal,C_004_006,C_004,C_004_006_20230825,1,test
C_004_006_20230828085128_001_004_000_000.jpg,./data/you_chalk_brood/normal/C_004_006_20230828085128_001_004_000_000.jpg,0,normal,C_004_006,C_004,C_004_006_20230828,1,train
C_004_006_20230904174029_001_004_000_000.jpg,./data/you_chalk_brood/normal/C_004_006_20230904174029_001_004_000_000.jpg,0,normal,C_004_006,C_004,C_004_006_20230904,1,train
C_004_006_20230906162831_001_004_000_000.jpg,./data/you_chalk_brood/normal/C_004_006_20230906162831_001_004_000_000.jpg,0,normal,C_004_006,C_004,C_004_006_20230906,1,test
C_004_006_20230908160411_001_004_000_000.jpg,./data/you_chalk_brood/normal/C_004_006_20230908160411_001_004_000_000.jpg,0,normal,C_004_006,C_004,C_004_006_20230908,1,test
C_004_006_20230908170408_001_004_000_000.jpg,./data/you_chalk_brood/normal/C_004_006_20230908170408_001_004_000_000.jpg,0,normal,C_004_006,C_004,C_004_006_20230908,1,train
C_004_006_20230910153213_001_004_000_000.jpg,./data/you_chalk_brood/normal/C_004_006_20230910153213_001_004_000_000.jpg,0,normal,C_004_006,C_004,C_004_006_20230910,1,test
C_004_006_20230912155425_001_004_000_000.jpg,./data/you_chalk_brood/normal/C_004_006_20230912155425_001_004_000_000.jpg,0,normal,C_004_006,C_004,C_004_006_20230912,1,val
C_005_006_20230904174635_001_005_000_000.jpg,./data/you_chalk_brood/normal/C_005_006_20230904174635_001_005_000_000.jpg,0,normal,C_005_006,C_005,C_005_006_20230904,1,train
C_005_006_20230905082116_001_005_000_000.jpg,./data/you_chalk_brood/normal/C_005_006_20230905082116_001_005_000_000.jpg,0,normal,C_005_006,C_005,C_005_006_20230905,1,val
C_005_006_20230910165454_001_005_000_000.jpg,./data/you_chalk_brood/normal/C_005_006_20230910165454_001_005_000_000.jpg,0,normal,C_005_006,C_005,C_005_006_20230910,1,train
C_005_007_20230825180004_001_005_000_000.jpg,./data/you_chalk_brood/normal/C_005_007_20230825180004_001_005_000_000.jpg,0,normal,C_005_007,C_005,C_005_007_20230825,1,test
C_005_007_20230828152845_001_005_000_000.jpg,./data/you_chalk_brood/normal/C_005_007_20230828152845_001_005_000_000.jpg,0,normal,C_005_007,C_005,C_005_007_20230828,1,test
C_005_007_20230829141407_001_005_000_000.jpg,./data/you_chalk_brood/normal/C_005_007_20230829141407_001_005_000_000.jpg,0,normal,C_005_007,C_005,C_005_007_20230829,1,train
C_005_007_20230831153100_001_005_000_000.jpg,./data/you_chalk_brood/normal/C_005_007_20230831153100_001_005_000_000.jpg,0,normal,C_005_007,C_005,C_005_007_20230831,1,train
C_005_007_20230902173015_001_005_000_000.jpg,./data/you_chalk_brood/normal/C_005_007_20230902173015_001_005_000_000.jpg,0,normal,C_005_007,C_005,C_005_007_20230902,1,test
C_005_007_20230904155644_001_005_000_000.jpg,./data/you_chalk_brood/normal/C_005_007_20230904155644_001_005_000_000.jpg,0,normal,C_005_007,C_005,C_005_007_20230904,1,train
C_005_007_20230904163451_001_005_000_000.jpg,./data/you_chalk_brood/normal/C_005_007_20230904163451_001_005_000_000.jpg,0,normal,C_005_007,C_005,C_005_007_20230904,1,val
C_005_007_20230910160846_001_005_000_000.jpg,./data/you_chalk_brood/normal/C_005_007_20230910160846_001_005_000_000.jpg,0,normal,C_005_007,C_005,C_005_007_20230910,1,train
C_005_008_20230825172041_001_005_000_000.jpg,./data/you_chalk_brood/normal/C_005_008_20230825172041_001_005_000_000.jpg,0,normal,C_005_008,C_005,C_005_008_20230825,1,test
C_005_008_20230826100415_001_005_000_000.jpg,./data/you_chalk_brood/normal/C_005_008_20230826100415_001_005_000_000.jpg,0,normal,C_005_008,C_005,C_005_008_20230826,1,val
C_005_008_20230827175703_001_005_000_000.jpg,./data/you_chalk_brood/normal/C_005_008_20230827175703_001_005_000_000.jpg,0,normal,C_005_008,C_005,C_005_008_20230827,1,val
C_005_008_20230829154347_001_005_000_000.jpg,./data/you_chalk_brood/normal/C_005_008_20230829154347_001_005_000_000.jpg,0,normal,C_005_008,C_005,C_005_008_20230829,1,test
C_005_008_20230831152245_001_005_000_000.jpg,./data/you_chalk_brood/normal/C_005_008_20230831152245_001_005_000_000.jpg,0,normal,C_005_008,C_005,C_005_008_20230831,1,val
C_005_008_20230902163704_001_005_000_000.jpg,./data/you_chalk_brood/normal/C_005_008_20230902163704_001_005_000_000.jpg,0,normal,C_005_008,C_005,C_005_008_20230902,1,val
C_005_008_20230903074840_001_005_000_000.jpg,./data/you_chalk_brood/normal/C_005_008_20230903074840_001_005_000_000.jpg,0,normal,C_005_008,C_005,C_005_008_20230903,1,train
C_005_008_20230904161438_001_005_000_000.jpg,./data/you_chalk_brood/normal/C_005_008_20230904161438_001_005_000_000.jpg,0,normal,C_005_008,C_005,C_005_008_20230904,1,test
C_005_008_20230907085106_001_005_000_000.jpg,./data/you_chalk_brood/normal/C_005_008_20230907085106_001_005_000_000.jpg,0,normal,C_005_008,C_005,C_005_008_20230907,1,train
C_005_008_20230908174319_001_005_000_000.jpg,./data/you_chalk_brood/normal/C_005_008_20230908174319_001_005_000_000.jpg,0,normal,C_005_008,C_005,C_005_008_20230908,1,train
C_005_009_20230831162826_001_005_000_000.jpg,./data/you_chalk_brood/normal/C_005_009_20230831162826_001_005_000_000.jpg,0,normal,C_005_009,C_005,C_005_009_20230831,1,test
C_005_009_20230908164206_001_005_000_000.jpg,./data/you_chalk_brood/normal/C_005_009_20230908164206_001_005_000_000.jpg,0,normal,C_005_009,C_005,C_005_009_20230908,1,test
C_005_009_20230908174822_001_005_000_000.jpg,./data/you_chalk_brood/normal/C_005_009_20230908174822_001_005_000_000.jpg,0,normal,C_005_009,C_005,C_005_009_20230908,1,test
C_005_009_20230911081343_001_005_000_000.jpg,./data/you_chalk_brood/normal/C_005_009_20230911081343_001_005_000_000.jpg,0,normal,C_005_009,C_005,C_005_009_20230911,1,train
C_005_009_20230912133734_001_005_000_000.jpg,./data/you_chalk_brood/normal/C_005_009_20230912133734_001_005_000_000.jpg,0,normal,C_005_009,C_005,C_005_009_20230912,1,test
C_006_009_20230827185042_001_006_000_000.jpg,./data/you_chalk_brood/normal/C_006_009_20230827185042_001_006_000_000.jpg,0,normal,C_006_009,C_006,C_006_009_20230827,1,train
C_006_009_20230827190556_001_006_000_000.jpg,./data/you_chalk_brood/normal/C_006_009_20230827190556_001_006_000_000.jpg,0,normal,C_006_009,C_006,C_006_009_20230827,1,test
C_006_009_20230831160908_001_006_000_000.jpg,./data/you_chalk_brood/normal/C_006_009_20230831160908_001_006_000_000.jpg,0,normal,C_006_009,C_006,C_006_009_20230831,1,train
C_006_010_20230825164628_001_006_000_000.jpg,./data/you_chalk_brood/normal/C_006_010_20230825164628_001_006_000_000.jpg,0,normal,C_006_010,C_006,C_006_010_20230825,1,test
C_006_010_20230825165936_001_006_000_000.jpg,./data/you_chalk_brood/normal/C_006_010_20230825165936_001_006_000_000.jpg,0,normal,C_006_010,C_006,C_006_010_20230825,1,train
C_006_010_20230827163818_001_006_000_000.jpg,./data/you_chalk_brood/normal/C_006_010_20230827163818_001_006_000_000.jpg,0,normal,C_006_010,C_006,C_006_010_20230827,1,train
C_006_010_20230829163456_001_006_000_000.jpg,./data/you_chalk_brood/normal/C_006_010_20230829163456_001_006_000_000.jpg,0,normal,C_006_010,C_006,C_006_010_20230829,1,test
C_006_010_20230831144344_001_006_000_000.jpg,./data/you_chalk_brood/normal/C_006_010_20230831144344_001_006_000_000.jpg,0,normal,C_006_010,C_006,C_006_010_20230831,1,train
C_006_010_20230902144918_001_006_000_000.jpg,./data/you_chalk_brood/normal/C_006_010_20230902144918_001_006_000_000.jpg,0,normal,C_006_010,C_006,C_006_010_20230902,1,train
C_006_010_20230902190737_001_006_000_000.jpg,./data/you_chalk_brood/normal/C_006_010_20230902190737_001_006_000_000.jpg,0,normal,C_006_010,C_006,C_006_010_20230902,1,train
C_006_010_20230904160625_001_006_000_000.jpg,./data/you_chalk_brood/normal/C_006_010_20230904160625_001_006_000_000.jpg,0,normal,C_006_010,C_006,C_006_010_20230904,1,train
C_006_010_20230905072554_001_006_000_000.jpg,./data/you_chalk_brood/normal/C_006_010_20230905072554_001_006_000_000.jpg,0,normal,C_006_010,C_006,C_006_010_20230905,1,train
C_006_010_20230908155225_001_006_000_000.jpg,./data/you_chalk_brood/normal/C_006_010_20230908155225_001_006_000_000.jpg,0,normal,C_006_010,C_006,C_006_010_20230908,1,test
C_006_011_20230827172315_001_006_000_000.jpg,./data/you_chalk_brood/normal/C_006_011_20230827172315_001_006_000_000.jpg,0,normal,C_006_011,C_006,C_006_011_20230827,1,train
C_006_011_20230830065228_001_006_000_000.jpg,./data/you_chalk_brood/normal/C_006_011_20230830065228_001_006_000_000.jpg,0,normal,C_006_011,C_006,C_006_011_20230830,1,test
C_006_011_20230831145112_001_006_000_000.jpg,./data/you_chalk_brood/normal/C_006_011_20230831145112_001_006_000_000.jpg,0,normal,C_006_011,C_006,C_006_011_20230831,1,test
C_006_011_20230902164018_001_006_000_000.jpg,./data/you_chalk_brood/normal/C_006_011_20230902164018_001_006_000_000.jpg,0,normal,C_006_011,C_006,C_006_011_20230902,1,train
C_006_011_20230903074114_001_006_000_000.jpg,./data/you_chalk_brood/normal/C_006_011_20230903074114_001_006_000_000.jpg,0,normal,C_006_011,C_006,C_006_011_20230903,1,train
C_006_011_20230904154859_001_006_000_000.jpg,./data/you_chalk_brood/normal/C_006_011_20230904154859_001_006_000_000.jpg,0,normal,C_006_011,C_006,C_006_011_20230904,1,test
C_006_011_20230904161119_001_006_000_000.jpg,./data/you_chalk_brood/normal/C_006_011_20230904161119_001_006_000_000.jpg,0,normal,C_006_011,C_006,C_006_011_20230904,1,train
C_006_012_20230829140159_001_006_000_000.jpg,./data/you_chalk_brood/normal/C_006_012_20230829140159_001_006_000_000.jpg,0,normal,C_006_012,C_006,C_006_012_20230829,1,test
C_006_012_20230830062603_001_006_000_000.jpg,./data/you_chalk_brood/normal/C_006_012_20230830062603_001_006_000_000.jpg,0,normal,C_006_012,C_006,C_006_012_20230830,1,val
C_006_012_20230906155811_001_006_000_000.jpg,./data/you_chalk_brood/normal/C_006_012_20230906155811_001_006_000_000.jpg,0,normal,C_006_012,C_006,C_006_012_20230906,1,val
C_006_012_20230906163353_001_006_000_000.jpg,./data/you_chalk_brood/normal/C_006_012_20230906163353_001_006_000_000.jpg,0,normal,C_006_012,C_006,C_006_012_20230906,1,train
C_006_012_20230906170152_001_006_000_000.jpg,./data/you_chalk_brood/normal/C_006_012_20230906170152_001_006_000_000.jpg,0,normal,C_006_012,C_006,C_006_012_20230906,1,train
C_006_012_20230906175043_001_006_000_000.jpg,./data/you_chalk_brood/normal/C_006_012_20230906175043_001_006_000_000.jpg,0,normal,C_006_012,C_006,C_006_012_20230906,1,test
C_006_012_20230907064844_001_006_000_000.jpg,./data/you_chalk_brood/normal/C_006_012_20230907064844_001_006_000_000.jpg,0,normal,C_006_012,C_006,C_006_012_20230907,1,train
C_006_012_20230912135645_001_006_000_000.jpg,./data/you_chalk_brood/normal/C_006_012_20230912135645_001_006_000_000.jpg,0,normal,C_006_012,C_006,C_006_012_20230912,1,test
C_006_012_20230912145754_001_006_000_000.jpg,./data/you_chalk_brood/normal/C_006_012_20230912145754_001_006_000_000.jpg,0,normal,C_006_012,C_006,C_006_012_20230912,1,test
C_007_012_20230829150411_001_007_000_000.jpg,./data/you_chalk_brood/normal/C_007_012_20230829150411_001_007_000_000.jpg,0,normal,C_007_012,C_007,C_007_012_20230829,1,test
C_007_012_20230912143808_001_007_000_000.jpg,./data/you_chalk_brood/normal/C_007_012_20230912143808_001_007_000_000.jpg,0,normal,C_007_012,C_007,C_007_012_20230912,1,train
C_007_013_20230826122523_001_007_000_000.jpg,./data/you_chalk_brood/normal/C_007_013_20230826122523_001_007_000_000.jpg,0,normal,C_007_013,C_007,C_007_013_20230826,1,val
C_007_013_20230904152327_001_007_000_000.jpg,./data/you_chalk_brood/normal/C_007_013_20230904152327_001_007_000_000.jpg,0,normal,C_007_013,C_007,C_007_013_20230904,1,val
C_007_013_20230904171926_001_007_000_000.jpg,./data/you_chalk_brood/normal/C_007_013_20230904171926_001_007_000_000.jpg,0,normal,C_007_013,C_007,C_007_013_20230904,1,val
C_007_013_20230904173847_001_007_000_000.jpg,./data/you_chalk_brood/normal/C_007_013_20230904173847_001_007_000_000.jpg,0,normal,C_007_013,C_007,C_007_013_20230904,1,train
C_007_013_20230908163934_001_007_000_000.jpg,./data/you_chalk_brood/normal/C_007_013_20230908163934_001_007_000_000.jpg,0,normal,C_007_013,C_007,C_007_013_20230908,1,test
C_007_013_20230912155731_001_007_000_000.jpg,./data/you_chalk_brood/normal/C_007_013_20230912155731_001_007_000_000.jpg,0,normal,C_007_013,C_007,C_007_013_20230912,1,train
C_007_014_20230827173525_001_007_000_000.jpg,./data/you_chalk_brood/normal/C_007_014_20230827173525_001_007_000_000.jpg,0,normal,C_007_014,C_007,C_007_014_20230827,1,test
C_007_014_20230828084412_001_007_000_000.jpg,./data/you_chalk_brood/normal/C_007_014_20230828084412_001_007_000_000.jpg,0,normal,C_007_014,C_007,C_007_014_20230828,1,train
C_007_014_20230829171109_001_007_000_000.jpg,./data/you_chalk_brood/normal/C_007_014_20230829171109_001_007_000_000.jpg,0,normal,C_007_014,C_007,C_007_014_20230829,1,train
C_007_014_20230903111405_001_007_000_000.jpg,./data/you_chalk_brood/normal/C_007_014_20230903111405_001_007_000_000.jpg,0,normal,C_007_014,C_007,C_007_014_20230903,1,train
C_007_014_20230906153028_001_007_000_000.jpg,./data/you_chalk_brood/normal/C_007_014_20230906153028_001_007_000_000.jpg,0,normal,C_007_014,C_007,C_007_014_20230906,1,train
C_007_014_20230906170251_001_007_000_000.jpg,./data/you_chalk_brood/normal/C_007_014_20230906170251_001_007_000_000.jpg,0,normal,C_007_014,C_007,C_007_014_20230906,1,train
C_007_014_20230910170136_001_007_000_000.jpg,./data/you_chalk_brood/normal/C_007_014_20230910170136_001_007_000_000.jpg,0,normal,C_007_014,C_007,C_007_014_20230910,1,val
C_007_014_20230912154409_001_007_000_000.jpg,./data/you_chalk_brood/normal/C_007_014_20230912154409_001_007_000_000.jpg,0,normal,C_007_014,C_007,C_007_014_20230912,1,val
C_008_015_20230830072850_001_008_000_000.jpg,./data/you_chalk_brood/normal/C_008_015_20230830072850_001_008_000_000.jpg,0,normal,C_008_015,C_008,C_008_015_20230830,1,train
C_008_015_20230831143330_001_008_000_000.jpg,./data/you_chalk_brood/normal/C_008_015_20230831143330_001_008_000_000.jpg,0,normal,C_008_015,C_008,C_008_015_20230831,1,train
C_008_015_20230903075201_001_008_000_000.jpg,./data/you_chalk_brood/normal/C_008_015_20230903075201_001_008_000_000.jpg,0,normal,C_008_015,C_008,C_008_015_20230903,1,train
C_008_015_20230907122602_001_008_000_000.jpg,./data/you_chalk_brood/normal/C_008_015_20230907122602_001_008_000_000.jpg,0,normal,C_008_015,C_008,C_008_015_20230907,1,val
C_008_016_20230825180830_001_008_000_000.jpg,./data/you_chalk_brood/normal/C_008_016_20230825180830_001_008_000_000.jpg,0,normal,C_008_016,C_008,C_008_016_20230825,1,val
C_008_016_20230904144733_001_008_000_000.jpg,./data/you_chalk_brood/normal/C_008_016_20230904144733_001_008_000_000.jpg,0,normal,C_008_016,C_008,C_008_016_20230904,1,train
C_008_016_20230908160809_001_008_000_000.jpg,./data/you_chalk_brood/normal/C_008_016_20230908160809_001_008_000_000.jpg,0,normal,C_008_016,C_008,C_008_016_20230908,1,val
C_008_016_20230908194332_001_008_000_000.jpg,./data/you_chalk_brood/normal/C_008_016_20230908194332_001_008_000_000.jpg,0,normal,C_008_016,C_008,C_008_016_20230908,1,train
C_008_016_20230910164031_001_008_000_000.jpg,./data/you_chalk_brood/normal/C_008_016_20230910164031_001_008_000_000.jpg,0,normal,C_008_016,C_008,C_008_016_20230910,1,train
C_008_017_20230825181031_001_008_000_000.jpg,./data/you_chalk_brood/normal/C_008_017_20230825181031_001_008_000_000.jpg,0,normal,C_008_017,C_008,C_008_017_20230825,1,test
C_008_017_20230827165600_001_008_000_000.jpg,./data/you_chalk_brood/normal/C_008_017_20230827165600_001_008_000_000.jpg,0,normal,C_008_017,C_008,C_008_017_20230827,1,test
C_008_017_20230904153838_001_008_000_000.jpg,./data/you_chalk_brood/normal/C_008_017_20230904153838_001_008_000_000.jpg,0,normal,C_008_017,C_008,C_008_017_20230904,1,test
C_008_017_20230904162244_001_008_000_000.jpg,./data/you_chalk_brood/normal/C_008_017_20230904162244_001_008_000_000.jpg,0,normal,C_008_017,C_008,C_008_017_20230904,1,test
C_008_017_20230905075623_001_008_000_000.jpg,./data/you_chalk_brood/normal/C_008_017_20230905075623_001_008_000_000.jpg,0,normal,C_008_017,C_008,C_008_017_20230905,1,train
C_008_017_20230910153826_001_008_000_000.jpg,./data/you_chalk_brood/normal/C_008_017_20230910153826_001_008_000_000.jpg,0,normal,C_008_017,C_008,C_008_017_20230910,1,test
C_008_017_20230912133133_001_008_000_000.jpg,./data/you_chalk_brood/normal/C_008_017_20230912133133_001_008_000_000.jpg,0,normal,C_008_017,C_008,C_008_017_20230912,1,val
C_008_018_20230829165345_001_008_000_000.jpg,./data/you_chalk_brood/normal/C_008_018_20230829165345_001_008_000_000.jpg,0,normal,C_008_018,C_008,C_008_018_20230829,1,val
C_008_018_20230831141907_001_008_000_000.jpg,./data/you_chalk_brood/normal/C_008_018_20230831141907_001_008_000_000.jpg,0,normal,C_008_018,C_008,C_008_018_20230831,1,train
C_008_018_20230902144433_001_008_000_000.jpg,./data/you_chalk_brood/normal/C_008_018_20230902144433_001_008_000_000.jpg,0,normal,C_008_018,C_008,C_008_018_20230902,1,train
C_009_018_20230827161240_001_009_000_000.jpg,./data/you_chalk_brood/normal/C_009_018_20230827161240_001_009_000_000.jpg,0,normal,C_009_018,C_009,C_009_018_20230827,1,test
C_009_018_20230902151804_001_009_000_000.jpg,./data/you_chalk_brood/normal/C_009_018_20230902151804_001_009_000_000.jpg,0,normal,C_009_018,C_009,C_009_018_20230902,1,train
C_009_018_20230907080358_001_009_000_000.jpg,./data/you_chalk_brood/normal/C_009_018_20230907080358_001_009_000_000.jpg,0,normal,C_009_018,C_009,C_009_018_20230907,1,train
C_009_018_20230908172734_001_009_000_000.jpg,./data/you_chalk_brood/normal/C_009_018_20230908172734_001_009_000_000.jpg,0,normal,C_009_018,C_009,C_009_018_20230908,1,val
C_009_018_20230912142048_001_009_000_000.jpg,./data/you_chalk_brood/normal/C_009_018_20230912142048_001_009_000_000.jpg,0,normal,C_009_018,C_009,C_009_018_20230912,1,val
C_009_018_20230912160822_001_009_000_000.jpg,./data/you_chalk_brood/normal/C_009_018_20230912160822_001_009_000_000.jpg,0,normal,C_009_018,C_009,C_009_018_20230912,1,val
C_009_019_20230825183547_001_009_000_000.jpg,./data/you_chalk_brood/normal/C_009_019_20230825183547_001_009_000_000.jpg,0,normal,C_009_019,C_009,C_009_019_20230825,1,train
C_009_019_20230827181905_001_009_000_000.jpg,./data/you_chalk_brood/normal/C_009_019_20230827181905_001_009_000_000.jpg,0,normal,C_009_019,C_009,C_009_019_20230827,1,val
C_009_019_20230829155551_001_009_000_000.jpg,./data/you_chalk_brood/normal/C_009_019_20230829155551_001_009_000_000.jpg,0,normal,C_009_019,C_009,C_009_019_20230829,1,test
C_009_019_20230829160507_001_009_000_000.jpg,./data/you_chalk_brood/normal/C_009_019_20230829160507_001_009_000_000.jpg,0,normal,C_009_019,C_009,C_009_019_20230829,1,test
C_009_019_20230829164306_001_009_000_000.jpg,./data/you_chalk_brood/normal/C_009_019_20230829164306_001_009_000_000.jpg,0,normal,C_009_019,C_009,C_009_019_20230829,1,train
C_009_019_20230830063113_001_009_000_000.jpg,./data/you_chalk_brood/normal/C_009_019_20230830063113_001_009_000_000.jpg,0,normal,C_009_019,C_009,C_009_019_20230830,1,train
C_009_019_20230831143213_001_009_000_000.jpg,./data/you_chalk_brood/normal/C_009_019_20230831143213_001_009_000_000.jpg,0,normal,C_009_019,C_009,C_009_019_20230831,1,val
C_009_019_20230831144113_001_009_000_000.jpg,./data/you_chalk_brood/normal/C_009_019_20230831144113_001_009_000_000.jpg,0,normal,C_009_019,C_009,C_009_019_20230831,1,test
C_009_019_20230831161950_001_009_000_000.jpg,./data/you_chalk_brood/normal/C_009_019_20230831161950_001_009_000_000.jpg,0,normal,C_009_019,C_009,C_009_019_20230831,1,train
C_009_019_20230831164757_001_009_000_000.jpg,./data/you_chalk_brood/normal/C_009_019_20230831164757_001_009_000_000.jpg,0,normal,C_009_019,C_009,C_009_019_20230831,1,test
C_009_019_20230904151913_001_009_000_000.jpg,./data/you_chalk_brood/normal/C_009_019_20230904151913_001_009_000_000.jpg,0,normal,C_009_019,C_009,C_009_019_20230904,1,train
C_009_019_20230910155219_001_009_000_000.jpg,./data/you_chalk_brood/normal/C_009_019_20230910155219_001_009_000_000.jpg,0,normal,C_009_019,C_009,C_009_019_20230910,1,train
C_009_019_20230910162410_001_009_000_000.jpg,./data/you_chalk_brood/normal/C_009_019_20230910162410_001_009_000_000.jpg,0,normal,C_009_019,C_009,C_009_019_20230910,1,train
C_009_019_20230911104240_001_009_000_000.jpg,./data/you_chalk_brood/normal/C_009_019_20230911104240_001_009_000_000.jpg,0,normal,C_009_019,C_009,C_009_019_20230911,1,test
C_009_019_20230912153450_001_009_000_000.jpg,./data/you_chalk_brood/normal/C_009_019_20230912153450_001_009_000_000.jpg,0,normal,C_009_019,C_009,C_009_019_20230912,1,test
C_009_020_20230827151913_001_009_000_000.jpg,./data/you_chalk_brood/normal/C_009_020_20230827151913_001_009_000_000.jpg,0,normal,C_009_020,C_009,C_009_020_20230827,1,train
C_009_020_20230827175922_001_009_000_000.jpg,./data/you_chalk_brood/normal/C_009_020_20230827175922_001_009_000_000.jpg,0,normal,C_009_020,C_009,C_009_020_20230827,1,train
C_009_020_20230829134758_001_009_000_000.jpg,./data/you_chalk_brood/normal/C_009_020_20230829134758_001_009_000_000.jpg,0,normal,C_009_020,C_009,C_009_020_20230829,1,train
C_009_020_20230829155422_001_009_000_000.jpg,./data/you_chalk_brood/normal/C_009_020_20230829155422_001_009_000_000.jpg,0,normal,C_009_020,C_009,C_009_020_20230829,1,train
C_009_020_20230831141322_001_009_000_000.jpg,./data/you_chalk_brood/normal/C_009_020_20230831141322_001_009_000_000.jpg,0,normal,C_009_020,C_009,C_009_020_20230831,1,val
C_009_020_20230902155721_001_009_000_000.jpg,./data/you_chalk_brood/normal/C_009_020_20230902155721_001_009_000_000.jpg,0,normal,C_009_020,C_009,C_009_020_20230902,1,test
C_009_020_20230906173439_001_009_000_000.jpg,./data/you_chalk_brood/normal/C_009_020_20230906173439_001_009_000_000.jpg,0,normal,C_009_020,C_009,C_009_020_20230906,1,test
C_009_020_20230912143844_001_009_000_000.jpg,./data/you_chalk_brood/normal/C_009_020_20230912143844_001_009_000_000.jpg,0,normal,C_009_020,C_009,C_009_020_20230912,1,test
C_009_021_20230904170650_001_009_000_000.jpg,./data/you_chalk_brood/normal/C_009_021_20230904170650_001_009_000_000.jpg,0,normal,C_009_021,C_009,C_009_021_20230904,1,train
C_009_021_20230905063227_001_009_000_000.jpg,./data/you_chalk_brood/normal/C_009_021_20230905063227_001_009_000_000.jpg,0,normal,C_009_021,C_009,C_009_021_20230905,1,train
C_010_021_20230824094131_001_010_000_000.jpg,./data/you_chalk_brood/normal/C_010_021_20230824094131_001_010_000_000.jpg,0,normal,C_010_021,C_010,C_010_021_20230824,1,train
C_010_021_20230825183624_001_010_000_000.jpg,./data/you_chalk_brood/normal/C_010_021_20230825183624_001_010_000_000.jpg,0,normal,C_010_021,C_010,C_010_021_20230825,1,train
C_010_021_20230825184019_001_010_000_000.jpg,./data/you_chalk_brood/normal/C_010_021_20230825184019_001_010_000_000.jpg,0,normal,C_010_021,C_010,C_010_021_20230825,1,test
C_010_021_20230829160808_001_010_000_000.jpg,./data/you_chalk_brood/normal/C_010_021_20230829160808_001_010_000_000.jpg,0,normal,C_010_021,C_010,C_010_021_20230829,1,test
C_010_021_20230830073117_001_010_000_000.jpg,./data/you_chalk_brood/normal/C_010_021_20230830073117_001_010_000_000.jpg,0,normal,C_010_021,C_010,C_010_021_20230830,1,test
C_010_021_20230902174734_001_010_000_000.jpg,./data/you_chalk_brood/normal/C_010_021_20230902174734_001_010_000_000.jpg,0,normal,C_010_021,C_010,C_010_021_20230902,1,val
C_010_021_20230903062150_001_010_000_000.jpg,./data/you_chalk_brood/normal/C_010_021_20230903062150_001_010_000_000.jpg,0,normal,C_010_021,C_010,C_010_021_20230903,1,train
C_010_021_20230906174809_001_010_000_000.jpg,./data/you_chalk_brood/normal/C_010_021_20230906174809_001_010_000_000.jpg,0,normal,C_010_021,C_010,C_010_021_20230906,1,train
C_010_021_20230910141750_001_010_000_000.jpg,./data/you_chalk_brood/normal/C_010_021_20230910141750_001_010_000_000.jpg,0,normal,C_010_021,C_010,C_010_021_20230910,1,val
C_010_021_20230912160454_001_010_000_000.jpg,./data/you_chalk_brood/normal/C_010_021_20230912160454_001_010_000_000.jpg,0,normal,C_010_021,C_010,C_010_021_20230912,1,train
C_010_022_20230825174158_001_010_000_000.jpg,./data/you_chalk_brood/normal/C_010_022_20230825174158_001_010_000_000.jpg,0,normal,C_010_022,C_010,C_010_022_20230825,1,test
C_010_022_20230825174839_001_010_000_000.jpg,./data/you_chalk_brood/normal/C_010_022_20230825174839_001_010_000_000.jpg,0,normal,C_010_022,C_010,C_010_022_20230825,1,test
C_010_022_20230825181700_001_010_000_000.jpg,./data/you_chalk_brood/normal/C_010_022_20230825181700_001_010_000_000.jpg,0,normal,C_010_022,C_010,C_010_022_20230825,1,train
C_010_022_20230827174722_001_010_000_000.jpg,./data/you_chalk_brood/normal/C_010_022_20230827174722_001_010_000_000.jpg,0,normal,C_010_022,C_010,C_010_022_20230827,1,train
C_010_022_20230830065155_001_010_000_000.jpg,./data/you_chalk_brood/normal/C_010_022_20230830065155_001_010_000_000.jpg,0,normal,C_010_022,C_010,C_010_022_20230830,1,train
C_010_022_20230831160954_001_010_000_000.jpg,./data/you_chalk_brood/normal/C_010_022_20230831160954_001_010_000_000.jpg,0,normal,C_010_022,C_010,C_010_022_20230831,1,train
C_010_022_20230904155115_001_010_000_000.jpg,./data/you_chalk_brood/normal/C_010_022_20230904155115_001_010_000_000.jpg,0,normal,C_010_022,C_010,C_010_022_20230904,1,train
C_010_022_20230908165427_001_010_000_000.jpg,./data/you_chalk_brood/normal/C_010_022_20230908165427_001_010_000_000.jpg,0,normal,C_010_022,C_010,C_010_022_20230908,1,train
C_010_023_20230827161003_001_010_000_000.jpg,./data/you_chalk_brood/normal/C_010_023_20230827161003_001_010_000_000.jpg,0,normal,C_010_023,C_010,C_010_023_20230827,1,train
C_010_023_20230827170100_001_010_000_000.jpg,./data/you_chalk_brood/normal/C_010_023_20230827170100_001_010_000_000.jpg,0,normal,C_010_023,C_010,C_010_023_20230827,1,test
C_010_023_20230827174700_001_010_000_000.jpg,./data/you_chalk_brood/normal/C_010_023_20230827174700_001_010_000_000.jpg,0,normal,C_010_023,C_010,C_010_023_20230827,1,train
C_010_023_20230829143457_001_010_000_000.jpg,./data/you_chalk_brood/normal/C_010_023_20230829143457_001_010_000_000.jpg,0,normal,C_010_023,C_010,C_010_023_20230829,1,train
C_010_023_20230831154905_001_010_000_000.jpg,./data/you_chalk_brood/normal/C_010_023_20230831154905_001_010_000_000.jpg,0,normal,C_010_023,C_010,C_010_023_20230831,1,test
C_010_023_20230904150743_001_010_000_000.jpg,./data/you_chalk_brood/normal/C_010_023_20230904150743_001_010_000_000.jpg,0,normal,C_010_023,C_010,C_010_023_20230904,1,val
C_010_023_20230904162229_001_010_000_000.jpg,./data/you_chalk_brood/normal/C_010_023_20230904162229_001_010_000_000.jpg,0,normal,C_010_023,C_010,C_010_023_20230904,1,test
C_010_023_20230910153647_001_010_000_000.jpg,./data/you_chalk_brood/normal/C_010_023_20230910153647_001_010_000_000.jpg,0,normal,C_010_023,C_010,C_010_023_20230910,1,test
C_010_023_20230912132715_001_010_000_000.jpg,./data/you_chalk_brood/normal/C_010_023_20230912132715_001_010_000_000.jpg,0,normal,C_010_023,C_010,C_010_023_20230912,1,val
C_010_023_20230912142226_001_010_000_000.jpg,./data/you_chalk_brood/normal/C_010_023_20230912142226_001_010_000_000.jpg,0,normal,C_010_023,C_010,C_010_023_20230912,1,test
C_010_024_20230906180935_001_010_000_000.jpg,./data/you_chalk_brood/normal/C_010_024_20230906180935_001_010_000_000.jpg,0,normal,C_010_024,C_010,C_010_024_20230906,1,val
C_010_024_20230910145410_001_010_000_000.jpg,./data/you_chalk_brood/normal/C_010_024_20230910145410_001_010_000_000.jpg,0,normal,C_010_024,C_010,C_010_024_20230910,1,train
C_011_024_20230829142705_001_011_000_000.jpg,./data/you_chalk_brood/normal/C_011_024_20230829142705_001_011_000_000.jpg,0,normal,C_011_024,C_011,C_011_024_20230829,1,val
C_011_024_20230829161109_001_011_000_000.jpg,./data/you_chalk_brood/normal/C_011_024_20230829161109_001_011_000_000.jpg,0,normal,C_011_024,C_011,C_011_024_20230829,1,test
C_011_024_20230831141736_001_011_000_000.jpg,./data/you_chalk_brood/normal/C_011_024_20230831141736_001_011_000_000.jpg,0,normal,C_011_024,C_011,C_011_024_20230831,1,train
C_011_024_20230831143224_001_011_000_000.jpg,./data/you_chalk_brood/normal/C_011_024_20230831143224_001_011_000_000.jpg,0,normal,C_011_024,C_011,C_011_024_20230831,1,train
C_011_024_20230902171213_001_011_000_000.jpg,./data/you_chalk_brood/normal/C_011_024_20230902171213_001_011_000_000.jpg,0,normal,C_011_024,C_011,C_011_024_20230902,1,test
C_011_024_20230904171915_001_011_000_000.jpg,./data/you_chalk_brood/normal/C_011_024_20230904171915_001_011_000_000.jpg,0,normal,C_011_024,C_011,C_011_024_20230904,1,test
C_011_024_20230906180227_001_011_000_000.jpg,./data/you_chalk_brood/normal/C_011_024_20230906180227_001_011_000_000.jpg,0,normal,C_011_024,C_011,C_011_024_20230906,1,train
C_011_024_20230908154218_001_011_000_000.jpg,./data/you_chalk_brood/normal/C_011_024_20230908154218_001_011_000_000.jpg,0,normal,C_011_024,C_011,C_011_024_20230908,1,train
C_011_024_20230910155736_001_011_000_000.jpg,./data/you_chalk_brood/normal/C_011_024_20230910155736_001_011_000_000.jpg,0,normal,C_011_024,C_011,C_011_024_20230910,1,test
C_011_024_20230912134519_001_011_000_000.jpg,./data/you_chalk_brood/normal/C_011_024_20230912134519_001_011_000_000.jpg,0,normal,C_011_024,C_011,C_011_024_20230912,1,test
C_011_025_20230831142801_001_011_000_000.jpg,./data/you_chalk_brood/normal/C_011_025_20230831142801_001_011_000_000.jpg,0,normal,C_011_025,C_011,C_011_025_20230831,1,val
C_011_025_20230831145352_001_011_000_000.jpg,./data/you_chalk_brood/normal/C_011_025_20230831145352_001_011_000_000.jpg,0,normal,C_011_025,C_011,C_011_025_20230831,1,train
C_011_025_20230831163725_001_011_000_000.jpg,./data/you_chalk_brood/normal/C_011_025_20230831163725_001_011_000_000.jpg,0,normal,C_011_025,C_011,C_011_025_20230831,1,test
C_011_025_20230831164736_001_011_000_000.jpg,./data/you_chalk_brood/normal/C_011_025_20230831164736_001_011_000_000.jpg,0,normal,C_011_025,C_011,C_011_025_20230831,1,train
C_011_025_20230902151844_001_011_000_000.jpg,./data/you_chalk_brood/normal/C_011_025_20230902151844_001_011_000_000.jpg,0,normal,C_011_025,C_011,C_011_025_20230902,1,train
C_011_025_20230904144624_001_011_000_000.jpg,./data/you_chalk_brood/normal/C_011_025_20230904144624_001_011_000_000.jpg,0,normal,C_011_025,C_011,C_011_025_20230904,1,train
C_011_025_20230906173826_001_011_000_000.jpg,./data/you_chalk_brood/normal/C_011_025_20230906173826_001_011_000_000.jpg,0,normal,C_011_025,C_011,C_011_025_20230906,1,train
C_011_025_20230908153435_001_011_000_000.jpg,./data/you_chalk_brood/normal/C_011_025_20230908153435_001_011_000_000.jpg,0,normal,C_011_025,C_011,C_011_025_20230908,1,train
C_011_026_20230903072244_001_011_000_000.jpg,./data/you_chalk_brood/normal/C_011_026_20230903072244_001_011_000_000.jpg,0,normal,C_011_026,C_011,C_011_026_20230903,1,test
C_011_026_20230905084127_001_011_000_000.jpg,./data/you_chalk_brood/normal/C_011_026_20230905084127_001_011_000_000.jpg,0,normal,C_011_026,C_011,C_011_026_20230905,1,train
C_011_026_20230907075409_001_011_000_000.jpg,./data/you_chalk_brood/normal/C_011_026_20230907075409_001_011_000_000.jpg,0,normal,C_011_026,C_011,C_011_026_20230907,1,val
C_011_026_20230911082855_001_011_000_000.jpg,./data/you_chalk_brood/normal/C_011_026_20230911082855_001_011_000_000.jpg,0,normal,C_011_026,C_011,C_011_026_20230911,1,train
C_012_027_20230831145944_001_012_000_000.jpg,./data/you_chalk_brood/normal/C_012_027_20230831145944_001_012_000_000.jpg,0,normal,C_012_027,C_012,C_012_027_20230831,1,train
C_012_027_20230831192908_001_012_000_000.jpg,./data/you_chalk_brood/normal/C_012_027_20230831192908_001_012_000_000.jpg,0,normal,C_012_027,C_012,C_012_027_20230831,1,train
C_012_027_20230901071858_001_012_000_000.jpg,./data/you_chalk_brood/normal/C_012_027_20230901071858_001_012_000_000.jpg,0,normal,C_012_027,C_012,C_012_027_20230901,1,val
C_012_027_20230902154458_001_012_000_000.jpg,./data/you_chalk_brood/normal/C_012_027_20230902154458_001_012_000_000.jpg,0,normal,C_012_027,C_012,C_012_027_20230902,1,train
C_012_028_20230826083905_001_012_000_000.jpg,./data/you_chalk_brood/normal/C_012_028_20230826083905_001_012_000_000.jpg,0,normal,C_012_028,C_012,C_012_028_20230826,1,test
C_012_028_20230829151953_001_012_000_000.jpg,./data/you_chalk_brood/normal/C_012_028_20230829151953_001_012_000_000.jpg,0,normal,C_012_028,C_012,C_012_028_20230829,1,test
C_012_028_20230904165149_001_012_000_000.jpg,./data/you_chalk_brood/normal/C_012_028_20230904165149_001_012_000_000.jpg,0,normal,C_012_028,C_012,C_012_028_20230904,1,train
C_012_028_20230906181336_001_012_000_000.jpg,./data/you_chalk_brood/normal/C_012_028_20230906181336_001_012_000_000.jpg,0,normal,C_012_028,C_012,C_012_028_20230906,1,test
C_012_029_20230827164055_001_012_000_000.jpg,./data/you_chalk_brood/normal/C_012_029_20230827164055_001_012_000_000.jpg,0,normal,C_012_029,C_012,C_012_029_20230827,1,val
C_012_029_20230828132942_001_012_000_000.jpg,./data/you_chalk_brood/normal/C_012_029_20230828132942_001_012_000_000.jpg,0,normal,C_012_029,C_012,C_012_029_20230828,1,train
C_012_029_20230829152726_001_012_000_000.jpg,./data/you_chalk_brood/normal/C_012_029_20230829152726_001_012_000_000.jpg,0,normal,C_012_029,C_012,C_012_029_20230829,1,train
C_012_029_20230831142949_001_012_000_000.jpg,./data/you_chalk_brood/normal/C_012_029_20230831142949_001_012_000_000.jpg,0,normal,C_012_029,C_012,C_012_029_20230831,1,test
C_012_029_20230906161554_001_012_000_000.jpg,./data/you_chalk_brood/normal/C_012_029_20230906161554_001_012_000_000.jpg,0,normal,C_012_029,C_012,C_012_029_20230906,1,test
C_012_029_20230906165126_001_012_000_000.jpg,./data/you_chalk_brood/normal/C_012_029_20230906165126_001_012_000_000.jpg,0,normal,C_012_029,C_012,C_012_029_20230906,1,train
C_012_029_20230907065031_001_012_000_000.jpg,./data/you_chalk_brood/normal/C_012_029_20230907065031_001_012_000_000.jpg,0,normal,C_012_029,C_012,C_012_029_20230907,1,val
C_012_029_20230908181102_001_012_000_000.jpg,./data/you_chalk_brood/normal/C_012_029_20230908181102_001_012_000_000.jpg,0,normal,C_012_029,C_012,C_012_029_20230908,1,val
B_001_001_20230819135434_001_001_000_002.jpg,./data/you_chalk_brood/abnormal/B_001_001_20230819135434_001_001_000_002.jpg,1,abnormal,B_001_001,B_001,B_001_001_20230819,2,test
B_001_001_20230819220209_001_004_000_002.jpg,./data/you_chalk_brood/abnormal/B_001_001_20230819220209_001_004_000_002.jpg,1,abnormal,B_001_001,B_001,B_001_001_20230819,2,val
B_001_001_20230819222305_001_003_000_002.jpg,./data/you_chalk_brood/abnormal/B_001_001_20230819222305_001_003_000_002.jpg,1,abnormal,B_001_001,B_001,B_001_001_20230819,2,test
B_001_001_20230820105422_001_001_000_002.jpg,./data/you_chalk_brood/abnormal/B_001_001_20230820105422_001_001_000_002.jpg,1,abnormal,B_001_001,B_001,B_001_001_20230820,2,train
B_001_001_20230820210525_001_004_000_002.jpg,./data/you_chalk_brood/abnormal/B_001_001_20230820210525_001_004_000_002.jpg,1,abnormal,B_001_001,B_001,B_001_001_20230820,2,train
B_001_001_20230820223303_001_002_000_002.jpg,./data/you_chalk_brood/abnormal/B_001_001_20230820223303_001_002_000_002.jpg,1,abnormal,B_001_001,B_001,B_001_001_20230820,2,test
B_001_001_20230820224144_001_003_000_002.jpg,./data/you_chalk_brood/abnormal/B_001_001_20230820224144_001_003_000_002.jpg,1,abnormal,B_001_001,B_001,B_001_001_20230820,2,test
B_001_001_20230821184448_001_002_000_002.jpg,./data/you_chalk_brood/abnormal/B_001_001_20230821184448_001_002_000_002.jpg,1,abnormal,B_001_001,B_001,B_001_001_20230821,2,train
B_001_001_20230821190939_001_002_000_002.jpg,./data/you_chalk_brood/abnormal/B_001_001_20230821190939_001_002_000_002.jpg,1,abnormal,B_001_001,B_001,B_001_001_20230821,2,val
B_001_001_20230821194936_001_002_000_002.jpg,./data/you_chalk_brood/abnormal/B_001_001_20230821194936_001_002_000_002.jpg,1,abnormal,B_001_001,B_001,B_001_001_20230821,2,test
B_001_001_20230822191706_001_004_000_002.jpg,./data/you_chalk_brood/abnormal/B_001_001_20230822191706_001_004_000_002.jpg,1,abnormal,B_001_001,B_001,B_001_001_20230822,2,train
B_001_001_20230822201430_001_003_000_002.jpg,./data/you_chalk_brood/abnormal/B_001_001_20230822201430_001_003_000_002.jpg,1,abnormal,B_001_001,B_001,B_001_001_20230822,2,train
B_001_001_20230822210437_001_003_000_002.jpg,./data/you_chalk_brood/abnormal/B_001_001_20230822210437_001_003_000_002.jpg,1,abnormal,B_001_001,B_001,B_001_001_20230822,2,test
B_001_001_20230830163519_001_004_000_002.jpg,./data/you_chalk_brood/abnormal/B_001_001_20230830163519_001_004_000_002.jpg,1,abnormal,B_001_001,B_001,B_001_001_20230830,2,train
B_001_002_20230819190801_001_001_000_002.jpg,./data/you_chalk_brood/abnormal/B_001_002_20230819190801_001_001_000_002.jpg,1,abnormal,B_001_002,B_001,B_001_002_20230819,2,test
B_001_002_20230819193114_001_002_000_002.jpg,./data/you_chalk_brood/abnormal/B_001_002_20230819193114_001_002_000_002.jpg,1,abnormal,B_001_002,B_001,B_001_002_20230819,2,test
B_001_002_20230819194252_001_004_000_002.jpg,./data/you_chalk_brood/abnormal/B_001_002_20230819194252_001_004_000_002.jpg,1,abnormal,B_001_002,B_001,B_001_002_20230819,2,test
B_001_002_20230819203632_001_004_000_002.jpg,./data/you_chalk_brood/abnormal/B_001_002_20230819203632_001_004_000_002.jpg,1,abnormal,B_001_002,B_001,B_001_002_20230819,2,train
B_001_002_20230819210113_001_002_000_002.jpg,./data/you_chalk_brood/abnormal/B_001_002_20230819210113_001_002_000_002.jpg,1,abnormal,B_001_002,B_001,B_001_002_20230819,2,train
B_001_002_20230820180415_001_001_000_002.jpg,./data/you_chalk_brood/abnormal/B_001_002_20230820180415_001_001_000_002.jpg,1,abnormal,B_001_002,B_001,B_001_002_20230820,2,test
B_001_002_20230820180415_001_004_000_002.jpg,./data/you_chalk_brood/abnormal/B_001_002_20230820180415_001_004_000_002.jpg,1,abnormal,B_001_002,B_001,B_001_002_20230820,2,test
B_001_002_20230820181932_001_002_000_002.jpg,./data/you_chalk_brood/abnormal/B_001_002_20230820181932_001_002_000_002.jpg,1,abnormal,B_001_002,B_001,B_001_002_20230820,2,test
B_001_002_20230820185339_001_002_000_002.jpg,./data/you_chalk_brood/abnormal/B_001_002_20230820185339_001_002_000_002.jpg,1,abnormal,B_001_002,B_001,B_001_002_20230820,2,train
B_001_002_20230820193759_001_002_000_002.jpg,./data/you_chalk_brood/abnormal/B_001_002_20230820193759_001_002_000_002.jpg,1,abnormal,B_001_002,B_001,B_001_002_20230820,2,test
B_001_002_20230820194437_001_001_000_002.jpg,./data/you_chalk_brood/abnormal/B_001_002_20230820194437_001_001_000_002.jpg,1,abnormal,B_001_002,B_001,B_001_002_20230820,2,train
B_001_002_20230820204728_001_004_000_002.jpg,./data/you_chalk_brood/abnormal/B_001_002_20230820204728_001_004_000_002.jpg,1,abnormal,B_001_002,B_001,B_001_002_20230820,2,test
B_001_002_20230820212210_001_002_000_002.jpg,./data/you_chalk_brood/abnormal/B_001_002_20230820212210_001_002_000_002.jpg,1,abnormal,B_001_002,B_001,B_001_002_20230820,2,test
B_001_002_20230820212926_001_001_000_002.jpg,./data/you_chalk_brood/abnormal/B_001_002_20230820212926_001_001_000_002.jpg,1,abnormal,B_001_002,B_001,B_001_002_20230820,2,val
B_001_002_20230820225111_001_002_000_002.jpg,./data/you_chalk_brood/abnormal/B_001_002_20230820225111_001_002_000_002.jpg,1,abnormal,B_001_002,B_001,B_001_002_20230820,2,train
B_001_002_20230821181638_001_004_000_002.jpg,./data/you_chalk_brood/abnormal/B_001_002_20230821181638_001_004_000_002.jpg,1,abnormal,B_001_002,B_001,B_001_002_20230821,2,test
B_001_002_20230821202452_001_002_000_002.jpg,./data/you_chalk_brood/abnormal/B_001_002_20230821202452_001_002_000_002.jpg,1,abnormal,B_001_002,B_001,B_001_002_20230821,2,test
B_001_002_20230821210430_001_001_000_002.jpg,./data/you_chalk_brood/abnormal/B_001_002_20230821210430_001_001_000_002.jpg,1,abnormal,B_001_002,B_001,B_001_002_20230821,2,test
B_001_002_20230821212535_001_004_000_002.jpg,./data/you_chalk_brood/abnormal/B_001_002_20230821212535_001_004_000_002.jpg,1,abnormal,B_001_002,B_001,B_001_002_20230821,2,test
B_001_002_20230821212747_001_003_000_002.jpg,./data/you_chalk_brood/abnormal/B_001_002_20230821212747_001_003_000_002.jpg,1,abnormal,B_001_002,B_001,B_001_002_20230821,2,train
B_001_002_20230821215934_001_002_000_002.jpg,./data/you_chalk_brood/abnormal/B_001_002_20230821215934_001_002_000_002.jpg,1,abnormal,B_001_002,B_001,B_001_002_20230821,2,train
B_001_002_20230821221916_001_001_000_002.jpg,./data/you_chalk_brood/abnormal/B_001_002_20230821221916_001_001_000_002.jpg,1,abnormal,B_001_002,B_001,B_001_002_20230821,2,train
B_001_002_20230821223720_001_001_000_002.jpg,./data/you_chalk_brood/abnormal/B_001_002_20230821223720_001_001_000_002.jpg,1,abnormal,B_001_002,B_001,B_001_002_20230821,2,test
B_001_002_20230821225652_001_003_000_002.jpg,./data/you_chalk_brood/abnormal/B_001_002_20230821225652_001_003_000_002.jpg,1,abnormal,B_001_002,B_001,B_001_002_20230821,2,train
B_001_002_20230822183710_001_003_000_002.jpg,./data/you_chalk_brood/abnormal/B_001_002_20230822183710_001_003_000_002.jpg,1,abnormal,B_001_002,B_001,B_001_002_20230822,2,train
B_001_002_20230822190022_001_001_000_002.jpg,./data/you_chalk_brood/abnormal/B_001_002_20230822190022_001_001_000_002.jpg,1,abnormal,B_001_002,B_001,B_001_002_20230822,2,val
B_001_002_20230822191026_001_001_000_002.jpg,./data/you_chalk_brood/abnormal/B_001_002_20230822191026_001_001_000_002.jpg,1,abnormal,B_001_002,B_001,B_001_002_20230822,2,test
B_001_002_20230822195031_001_002_000_002.jpg,./data/you_chalk_brood/abnormal/B_001_002_20230822195031_001_002_000_002.jpg,1,abnormal,B_001_002,B_001,B_001_002_20230822,2,train
B_001_002_20230822203450_001_001_000_002.jpg,./data/you_chalk_brood/abnormal/B_001_002_20230822203450_001_001_000_002.jpg,1,abnormal,B_001_002,B_001,B_001_002_20230822,2,test
B_001_002_20230824191156_001_003_000_002.jpg,./data/you_chalk_brood/abnormal/B_001_002_20230824191156_001_003_000_002.jpg,1,abnormal,B_001_002,B_001,B_001_002_20230824,2,train
B_001_002_20230824195644_001_001_000_002.jpg,./data/you_chalk_brood/abnormal/B_001_002_20230824195644_001_001_000_002.jpg,1,abnormal,B_001_002,B_001,B_001_002_20230824,2,train
B_001_002_20230824215538_001_001_000_002.jpg,./data/you_chalk_brood/abnormal/B_001_002_20230824215538_001_001_000_002.jpg,1,abnormal,B_001_002,B_001,B_001_002_20230824,2,train
B_001_002_20230824225802_001_003_000_002.jpg,./data/you_chalk_brood/abnormal/B_001_002_20230824225802_001_003_000_002.jpg,1,abnormal,B_001_002,B_001,B_001_002_20230824,2,train
B_001_002_20230825131128_001_004_000_002.jpg,./data/you_chalk_brood/abnormal/B_001_002_20230825131128_001_004_000_002.jpg,1,abnormal,B_001_002,B_001,B_001_002_20230825,2,val
B_001_002_20230825191739_001_003_000_002.jpg,./data/you_chalk_brood/abnormal/B_001_002_20230825191739_001_003_000_002.jpg,1,abnormal,B_001_002,B_001,B_001_002_20230825,2,test
B_001_002_20230828131606_001_003_000_002.jpg,./data/you_chalk_brood/abnormal/B_001_002_20230828131606_001_003_000_002.jpg,1,abnormal,B_001_002,B_001,B_001_002_20230828,2,train
B_001_003_20230819200357_001_002_000_002.jpg,./data/you_chalk_brood/abnormal/B_001_003_20230819200357_001_002_000_002.jpg,1,abnormal,B_001_003,B_001,B_001_003_20230819,2,train
B_001_003_20230819203047_001_003_000_002.jpg,./data/you_chalk_brood/abnormal/B_001_003_20230819203047_001_003_000_002.jpg,1,abnormal,B_001_003,B_001,B_001_003_20230819,2,val
B_001_003_20230819212512_001_004_000_002.jpg,./data/you_chalk_brood/abnormal/B_001_003_20230819212512_001_004_000_002.jpg,1,abnormal,B_001_003,B_001,B_001_003_20230819,2,train
B_001_003_20230820194814_001_002_000_002.jpg,./data/you_chalk_brood/abnormal/B_001_003_20230820194814_001_002_000_002.jpg,1,abnormal,B_001_003,B_001,B_001_003_20230820,2,test
B_001_003_20230820204854_001_004_000_002.jpg,./data/you_chalk_brood/abnormal/B_001_003_20230820204854_001_004_000_002.jpg,1,abnormal,B_001_003,B_001,B_001_003_20230820,2,train
B_001_003_20230820211458_001_003_000_002.jpg,./data/you_chalk_brood/abnormal/B_001_003_20230820211458_001_003_000_002.jpg,1,abnormal,B_001_003,B_001,B_001_003_20230820,2,train
B_001_003_20230821183911_001_002_000_002.jpg,./data/you_chalk_brood/abnormal/B_001_003_20230821183911_001_002_000_002.jpg,1,abnormal,B_001_003,B_001,B_001_003_20230821,2,train
B_001_003_20230821190521_001_003_000_002.jpg,./data/you_chalk_brood/abnormal/B_001_003_20230821190521_001_003_000_002.jpg,1,abnormal,B_001_003,B_001,B_001_003_20230821,2,train
B_001_003_20230821191912_001_004_000_002.jpg,./data/you_chalk_brood/abnormal/B_001_003_20230821191912_001_004_000_002.jpg,1,abnormal,B_001_003,B_001,B_001_003_20230821,2,train
B_001_003_20230821200315_001_001_000_002.jpg,./data/you_chalk_brood/abnormal/B_001_003_20230821200315_001_001_000_002.jpg,1,abnormal,B_001_003,B_001,B_001_003_20230821,2,val
B_001_003_20230821203000_001_002_000_002.jpg,./data/you_chalk_brood/abnormal/B_001_003_20230821203000_001_002_000_002.jpg,1,abnormal,B_001_003,B_001,B_001_003_20230821,2,test
B_001_003_20230821210058_001_001_000_002.jpg,./data/you_chalk_brood/abnormal/B_001_003_20230821210058_001_001_000_002.jpg,1,abnormal,B_001_003,B_001,B_001_003_20230821,2,train
B_001_003_20230821213256_001_001_000_002.jpg,./data/you_chalk_brood/abnormal/B_001_003_20230821213256_001_001_000_002.jpg,1,abnormal,B_001_003,B_001,B_001_003_20230821,2,train
B_001_003_20230821220019_001_003_000_002.jpg,./data/you_chalk_brood/abnormal/B_001_003_20230821220019_001_003_000_002.jpg,1,abnormal,B_001_003,B_001,B_001_003_20230821,2,test
B_001_003_20230821224603_001_001_000_002.jpg,./data/you_chalk_brood/abnormal/B_001_003_20230821224603_001_001_000_002.jpg,1,abnormal,B_001_003,B_001,B_001_003_20230821,2,val
B_001_003_20230822205805_001_003_000_002.jpg,./data/you_chalk_brood/abnormal/B_001_003_20230822205805_001_003_000_002.jpg,1,abnormal,B_001_003,B_001,B_001_003_20230822,2,train
B_001_003_20230824191116_001_002_000_002.jpg,./data/you_chalk_brood/abnormal/B_001_003_20230824191116_001_002_000_002.jpg,1,abnormal,B_001_003,B_001,B_001_003_20230824,2,test
B_001_003_20230825181544_001_003_000_002.jpg,./data/you_chalk_brood/abnormal/B_001_003_20230825181544_001_003_000_002.jpg,1,abnormal,B_001_003,B_001,B_001_003_20230825,2,train
B_001_003_20230825192330_001_002_000_002.jpg,./data/you_chalk_brood/abnormal/B_001_003_20230825192330_001_002_000_002.jpg,1,abnormal,B_001_003,B_001,B_001_003_20230825,2,train
B_001_003_20230830084249_001_001_000_002.jpg,./data/you_chalk_brood/abnormal/B_001_003_20230830084249_001_001_000_002.jpg,1,abnormal,B_001_003,B_001,B_001_003_20230830,2,test
B_001_004_20230819183744_001_002_000_002.jpg,./data/you_chalk_brood/abnormal/B_001_004_20230819183744_001_002_000_002.jpg,1,abnormal,B_001_004,B_001,B_001_004_20230819,2,test
B_001_004_20230819201753_001_001_000_002.jpg,./data/you_chalk_brood/abnormal/B_001_004_20230819201753_001_001_000_002.jpg,1,abnormal,B_001_004,B_001,B_001_004_20230819,2,test
B_001_004_20230819205444_001_004_000_002.jpg,./data/you_chalk_brood/abnormal/B_001_004_20230819205444_001_004_000_002.jpg,1,abnormal,B_001_004,B_001,B_001_004_20230819,2,train
B_001_004_20230819214701_001_003_000_002.jpg,./data/you_chalk_brood/abnormal/B_001_004_20230819214701_001_003_000_002.jpg,1,abnormal,B_001_004,B_001,B_001_004_20230819,2,train
B_001_004_20230820190013_001_004_000_002.jpg,./data/you_chalk_brood/abnormal/B_001_004_20230820190013_001_004_000_002.jpg,1,abnormal,B_001_004,B_001,B_001_004_20230820,2,train
B_001_004_20230820194605_001_001_000_002.jpg,./data/you_chalk_brood/abnormal/B_001_004_20230820194605_001_001_000_002.jpg,1,abnormal,B_001_004,B_001,B_001_004_20230820,2,train
B_001_004_20230820203350_001_001_000_002.jpg,./data/you_chalk_brood/abnormal/B_001_004_20230820203350_001_001_000_002.jpg,1,abnormal,B_001_004,B_001,B_001_004_20230820,2,val
B_001_004_20230820210614_001_002_000_002.jpg,./data/you_chalk_brood/abnormal/B_001_004_20230820210614_001_002_000_002.jpg,1,abnormal,B_001_004,B_001,B_001_004_20230820,2,val
B_001_004_20230820210824_001_001_000_002.jpg,./data/you_chalk_brood/abnormal/B_001_004_20230820210824_001_001_000_002.jpg,1,abnormal,B_001_004,B_001,B_001_004_20230820,2,test
B_001_004_20230820211331_001_004_000_002.jpg,./data/you_chalk_brood/abnormal/B_001_004_20230820211331_001_004_000_002.jpg,1,abnormal,B_001_004,B_001,B_001_004_20230820,2,test
B_001_004_20230821183827_001_002_000_002.jpg,./data/you_chalk_brood/abnormal/B_001_004_20230821183827_001_002_000_002.jpg,1,abnormal,B_001_004,B_001,B_001_004_20230821,2,train
B_001_004_20230821184409_001_004_000_002.jpg,./data/you_chalk_brood/abnormal/B_001_004_20230821184409_001_004_000_002.jpg,1,abnormal,B_001_004,B_001,B_001_004_20230821,2,train
B_001_004_20230821192711_001_004_000_002.jpg,./data/you_chalk_brood/abnormal/B_001_004_20230821192711_001_004_000_002.jpg,1,abnormal,B_001_004,B_001,B_001_004_20230821,2,test
B_001_004_20230821201321_001_001_000_002.jpg,./data/you_chalk_brood/abnormal/B_001_004_20230821201321_001_001_000_002.jpg,1,abnormal,B_001_004,B_001,B_001_004_20230821,2,val
B_001_004_20230822184804_001_004_000_002.jpg,./data/you_chalk_brood/abnormal/B_001_004_20230822184804_001_004_000_002.jpg,1,abnormal,B_001_004,B_001,B_001_004_20230822,2,train
B_001_004_20230822194322_001_004_000_002.jpg,./data/you_chalk_brood/abnormal/B_001_004_20230822194322_001_004_000_002.jpg,1,abnormal,B_001_004,B_001,B_001_004_20230822,2,val
B_001_004_20230823083550_001_003_000_002.jpg,./data/you_chalk_brood/abnormal/B_001_004_20230823083550_001_003_000_002.jpg,1,abnormal,B_001_004,B_001,B_001_004_20230823,2,val
B_001_004_20230824183204_001_003_000_002.jpg,./data/you_chalk_brood/abnormal/B_001_004_20230824183204_001_003_000_002.jpg,1,abnormal,B_001_004,B_001,B_001_004_20230824,2,test
B_001_004_20230824194517_001_002_000_002.jpg,./data/you_chalk_brood/abnormal/B_001_004_20230824194517_001_002_000_002.jpg,1,abnormal,B_001_004,B_001,B_001_004_20230824,2,train
B_001_004_20230824201450_001_002_000_002.jpg,./data/you_chalk_brood/abnormal/B_001_004_20230824201450_001_002_000_002.jpg,1,abnormal,B_001_004,B_001,B_001_004_20230824,2,train
B_001_004_20230825082727_001_002_000_002.jpg,./data/you_chalk_brood/abnormal/B_001_004_20230825082727_001_002_000_002.jpg,1,abnormal,B_001_004,B_001,B_001_004_20230825,2,test
B_001_004_20230826085242_001_003_000_002.jpg,./data/you_chalk_brood/abnormal/B_001_004_20230826085242_001_003_000_002.jpg,1,abnormal,B_001_004,B_001,B_001_004_20230826,2,test
B_001_004_20230903085740_001_001_000_002.jpg,./data/you_chalk_brood/abnormal/B_001_004_20230903085740_001_001_000_002.jpg,1,abnormal,B_001_004,B_001,B_001_004_20230903,2,test
B_001_005_20230819142214_001_003_000_002.jpg,./data/you_chalk_brood/abnormal/B_001_005_20230819142214_001_003_000_002.jpg,1,abnormal,B_001_005,B_001,B_001_005_20230819,2,train
B_001_005_20230819205023_001_001_000_002.jpg,./data/you_chalk_brood/abnormal/B_001_005_20230819205023_001_001_000_002.jpg,1,abnormal,B_001_005,B_001,B_001_005_20230819,2,test
B_001_005_20230819210919_001_004_000_002.jpg,./data/you_chalk_brood/abnormal/B_001_005_20230819210919_001_004_000_002.jpg,1,abnormal,B_001_005,B_001,B_001_005_20230819,2,test
B_001_005_20230820182104_001_004_000_002.jpg,./data/you_chalk_brood/abnormal/B_001_005_20230820182104_001_004_000_002.jpg,1,abnormal,B_001_005,B_001,B_001_005_20230820,2,val
B_001_005_20230820182358_001_004_000_002.jpg,./data/you_chalk_brood/abnormal/B_001_005_20230820182358_001_004_000_002.jpg,1,abnormal,B_001_005,B_001,B_001_005_20230820,2,train
B_001_005_20230820183614_001_002_000_002.jpg,./data/you_chalk_brood/abnormal/B_001_005_20230820183614_001_002_000_002.jpg,1,abnormal,B_001_005,B_001,B_001_005_20230820,2,test
B_001_005_20230820183827_001_002_000_002.jpg,./data/you_chalk_brood/abnormal/B_001_005_20230820183827_001_002_000_002.jpg,1,abnormal,B_001_005,B_001,B_001_005_20230820,2,val
B_001_005_20230820215659_001_002_000_002.jpg,./data/you_chalk_brood/abnormal/B_001_005_20230820215659_001_002_000_002.jpg,1,abnormal,B_001_005,B_001,B_001_005_20230820,2,train
B_001_005_20230820221626_001_003_000_002.jpg,./data/you_chalk_brood/abnormal/B_001_005_20230820221626_001_003_000_002.jpg,1,abnormal,B_001_005,B_001,B_001_005_20230820,2,test
B_001_005_20230820224736_001_004_000_002.jpg,./data/you_chalk_brood/abnormal/B_001_005_20230820224736_001_004_000_002.jpg,1,abnormal,B_001_005,B_001,B_001_005_20230820,2,train
B_001_005_20230821091044_001_003_000_002.jpg,./data/you_chalk_brood/abnormal/B_001_005_20230821091044_001_003_000_002.jpg,1,abnormal,B_001_005,B_001,B_001_005_20230821,2,val
B_001_005_20230821201700_001_003_000_002.jpg,./data/you_chalk_brood/abnormal/B_001_005_20230821201700_001_003_000_002.jpg,1,abnormal,B_001_005,B_001,B_001_005_20230821,2,train
B_001_005_20230821204253_001_001_000_002.jpg,./data/you_chalk_brood/abnormal/B_001_005_20230821204253_001_001_000_002.jpg,1,abnormal,B_001_005,B_001,B_001_005_20230821,2,train
B_001_005_20230821211607_001_002_000_002.jpg,./data/you_chalk_brood/abnormal/B_001_005_20230821211607_001_002_000_002.jpg,1,abnormal,B_001_005,B_001,B_001_005_20230821,2,train
B_001_005_20230821212411_001_004_000_002.jpg,./data/you_chalk_brood/abnormal/B_001_005_20230821212411_001_004_000_002.jpg,1,abnormal,B_001_005,B_001,B_001_005_20230821,2,train
B_001_005_20230821224437_001_002_000_002.jpg,./data/you_chalk_brood/abnormal/B_001_005_20230821224437_001_002_000_002.jpg,1,abnormal,B_001_005,B_001,B_001_005_20230821,2,train
B_001_005_20230824083025_001_004_000_002.jpg,./data/you_chalk_brood/abnormal/B_001_005_20230824083025_001_004_000_002.jpg,1,abnormal,B_001_005,B_001,B_001_005_20230824,2,val
B_001_005_20230824133128_001_003_000_002.jpg,./data/you_chalk_brood/abnormal/B_001_005_20230824133128_001_003_000_002.jpg,1,abnormal,B_001_005,B_001,B_001_005_20230824,2,train
B_001_005_20230824133548_001_002_000_002.jpg,./data/you_chalk_brood/abnormal/B_001_005_20230824133548_001_002_000_002.jpg,1,abnormal,B_001_005,B_001,B_001_005_20230824,2,test
B_001_005_20230824203942_001_001_000_002.jpg,./data/you_chalk_brood/abnormal/B_001_005_20230824203942_001_001_000_002.jpg,1,abnormal,B_001_005,B_001,B_001_005_20230824,2,test
B_001_005_20230824204403_001_002_000_002.jpg,./data/you_chalk_brood/abnormal/B_001_005_20230824204403_001_002_000_002.jpg,1,abnormal,B_001_005,B_001,B_001_005_20230824,2,train
B_001_005_20230825082953_001_003_000_002.jpg,./data/you_chalk_brood/abnormal/B_001_005_20230825082953_001_003_000_002.jpg,1,abnormal,B_001_005,B_001,B_001_005_20230825,2,test
B_001_005_20230825132944_001_004_000_002.jpg,./data/you_chalk_brood/abnormal/B_001_005_20230825132944_001_004_000_002.jpg,1,abnormal,B_001_005,B_001,B_001_005_20230825,2,train
B_001_005_20230827091426_001_002_000_002.jpg,./data/you_chalk_brood/abnormal/B_001_005_20230827091426_001_002_000_002.jpg,1,abnormal,B_001_005,B_001,B_001_005_20230827,2,train
B_001_005_20230828082027_001_003_000_002.jpg,./data/you_chalk_brood/abnormal/B_001_005_20230828082027_001_003_000_002.jpg,1,abnormal,B_001_005,B_001,B_001_005_20230828,2,train
B_001_005_20230829090834_001_003_000_002.jpg,./data/you_chalk_brood/abnormal/B_001_005_20230829090834_001_003_000_002.jpg,1,abnormal,B_001_005,B_001,B_001_005_20230829,2,train
B_001_005_20230829132502_001_003_000_002.jpg,./data/you_chalk_brood/abnormal/B_001_005_20230829132502_001_003_000_002.jpg,1,abnormal,B_001_005,B_001,B_001_005_20230829,2,val
B_001_005_20230829132726_001_002_000_002.jpg,./data/you_chalk_brood/abnormal/B_001_005_20230829132726_001_002_000_002.jpg,1,abnormal,B_001_005,B_001,B_001_005_20230829,2,train
B_001_006_20230819184551_001_003_000_002.jpg,./data/you_chalk_brood/abnormal/B_001_006_20230819184551_001_003_000_002.jpg,1,abnormal,B_001_006,B_001,B_001_006_20230819,2,train
B_001_006_20230819210541_001_003_000_002.jpg,./data/you_chalk_brood/abnormal/B_001_006_20230819210541_001_003_000_002.jpg,1,abnormal,B_001_006,B_001,B_001_006_20230819,2,train
B_001_006_20230819222522_001_001_000_002.jpg,./data/you_chalk_brood/abnormal/B_001_006_20230819222522_001_001_000_002.jpg,1,abnormal,B_001_006,B_001,B_001_006_20230819,2,train
B_001_006_20230819224749_001_001_000_002.jpg,./data/you_chalk_brood/abnormal/B_001_006_20230819224749_001_001_000_002.jpg,1,abnormal,B_001_006,B_001,B_001_006_20230819,2,train
B_001_006_20230819225922_001_004_000_002.jpg,./data/you_chalk_brood/abnormal/B_001_006_20230819225922_001_004_000_002.jpg,1,abnormal,B_001_006,B_001,B_001_006_20230819,2,train
B_001_006_20230820183914_001_003_000_002.jpg,./data/you_chalk_brood/abnormal/B_001_006_20230820183914_001_003_000_002.jpg,1,abnormal,B_001_006,B_001,B_001_006_20230820,2,test
B_001_006_20230820195325_001_002_000_002.jpg,./data/you_chalk_brood/abnormal/B_001_006_20230820195325_001_002_000_002.jpg,1,abnormal,B_001_006,B_001,B_001_006_20230820,2,train
B_001_006_20230820200756_001_001_000_002.jpg,./data/you_chalk_brood/abnormal/B_001_006_20230820200756_001_001_000_002.jpg,1,abnormal,B_001_006,B_001,B_001_006_20230820,2,train
B_001_006_20230820205231_001_003_000_002.jpg,./data/you_chalk_brood/abnormal/B_001_006_20230820205231_001_003_000_002.jpg,1,abnormal,B_001_006,B_001,B_001_006_20230820,2,train
B_001_006_20230820212720_001_004_000_002.jpg,./data/you_chalk_brood/abnormal/B_001_006_20230820212720_001_004_000_002.jpg,1,abnormal,B_001_006,B_001,B_001_006_20230820,2,val
B_001_006_20230821180840_001_003_000_002.jpg,./data/you_chalk_brood/abnormal/B_001_006_20230821180840_001_003_000_002.jpg,1,abnormal,B_001_006,B_001,B_001_006_20230821,2,train
B_001_006_20230821204547_001_001_000_002.jpg,./data/you_chalk_brood/abnormal/B_001_006_20230821204547_001_001_000_002.jpg,1,abnormal,B_001_006,B_001,B_001_006_20230821,2,test
B_001_006_20230821205727_001_003_000_002.jpg,./data/you_chalk_brood/abnormal/B_001_006_20230821205727_001_003_000_002.jpg,1,abnormal,B_001_006,B_001,B_001_006_20230821,2,train
B_001_006_20230821211020_001_004_000_002.jpg,./data/you_chalk_brood/abnormal/B_001_006_20230821211020_001_004_000_002.jpg,1,abnormal,B_001_006,B_001,B_001_006_20230821,2,val
B_001_006_20230821225740_001_002_000_002.jpg,./data/you_chalk_brood/abnormal/B_001_006_20230821225740_001_002_000_002.jpg,1,abnormal,B_001_006,B_001,B_001_006_20230821,2,train
B_001_006_20230822203540_001_003_000_002.jpg,./data/you_chalk_brood/abnormal/B_001_006_20230822203540_001_003_000_002.jpg,1,abnormal,B_001_006,B_001,B_001_006_20230822,2,train
B_001_006_20230824191202_001_002_000_002.jpg,./data/you_chalk_brood/abnormal/B_001_006_20230824191202_001_002_000_002.jpg,1,abnormal,B_001_006,B_001,B_001_006_20230824,2,val
B_001_006_20230824224630_001_002_000_002.jpg,./data/you_chalk_brood/abnormal/B_001_006_20230824224630_001_002_000_002.jpg,1,abnormal,B_001_006,B_001,B_001_006_20230824,2,train
B_001_007_20230819184342_001_002_000_002.jpg,./data/you_chalk_brood/abnormal/B_001_007_20230819184342_001_002_000_002.jpg,1,abnormal,B_001_007,B_001,B_001_007_20230819,2,train
B_001_007_20230819185222_001_004_000_002.jpg,./data/you_chalk_brood/abnormal/B_001_007_20230819185222_001_004_000_002.jpg,1,abnormal,B_001_007,B_001,B_001_007_20230819,2,train
B_001_007_20230819193922_001_001_000_002.jpg,./data/you_chalk_brood/abnormal/B_001_007_20230819193922_001_001_000_002.jpg,1,abnormal,B_001_007,B_001,B_001_007_20230819,2,val
B_001_007_20230819195100_001_004_000_002.jpg,./data/you_chalk_brood/abnormal/B_001_007_20230819195100_001_004_000_002.jpg,1,abnormal,B_001_007,B_001,B_001_007_20230819,2,test
B_001_007_20230819202844_001_003_000_002.jpg,./data/you_chalk_brood/abnormal/B_001_007_20230819202844_001_003_000_002.jpg,1,abnormal,B_001_007,B_001,B_001_007_20230819,2,train
B_001_007_20230819210330_001_002_000_002.jpg,./data/you_chalk_brood/abnormal/B_001_007_20230819210330_001_002_000_002.jpg,1,abnormal,B_001_007,B_001,B_001_007_20230819,2,train
B_001_007_20230819220640_001_004_000_002.jpg,./data/you_chalk_brood/abnormal/B_001_007_20230819220640_001_004_000_002.jpg,1,abnormal,B_001_007,B_001,B_001_007_20230819,2,train
B_001_007_20230820195746_001_003_000_002.jpg,./data/you_chalk_brood/abnormal/B_001_007_20230820195746_001_003_000_002.jpg,1,abnormal,B_001_007,B_001,B_001_007_20230820,2,train
B_001_007_20230820220458_001_001_000_002.jpg,./data/you_chalk_brood/abnormal/B_001_007_20230820220458_001_001_000_002.jpg,1,abnormal,B_001_007,B_001,B_001_007_20230820,2,val
B_001_007_20230821184624_001_001_000_002.jpg,./data/you_chalk_brood/abnormal/B_001_007_20230821184624_001_001_000_002.jpg,1,abnormal,B_001_007,B_001,B_001_007_20230821,2,train
B_001_007_20230821192634_001_001_000_002.jpg,./data/you_chalk_brood/abnormal/B_001_007_20230821192634_001_001_000_002.jpg,1,abnormal,B_001_007,B_001,B_001_007_20230821,2,test
B_001_007_20230821213131_001_003_000_002.jpg,./data/you_chalk_brood/abnormal/B_001_007_20230821213131_001_003_000_002.jpg,1,abnormal,B_001_007,B_001,B_001_007_20230821,2,val
B_001_007_20230821213344_001_001_000_002.jpg,./data/you_chalk_brood/abnormal/B_001_007_20230821213344_001_001_000_002.jpg,1,abnormal,B_001_007,B_001,B_001_007_20230821,2,val
B_001_007_20230821222507_001_001_000_002.jpg,./data/you_chalk_brood/abnormal/B_001_007_20230821222507_001_001_000_002.jpg,1,abnormal,B_001_007,B_001,B_001_007_20230821,2,train
B_001_007_20230821222930_001_001_000_002.jpg,./data/you_chalk_brood/abnormal/B_001_007_20230821222930_001_001_000_002.jpg,1,abnormal,B_001_007,B_001,B_001_007_20230821,2,val
B_001_007_20230822193359_001_003_000_002.jpg,./data/you_chalk_brood/abnormal/B_001_007_20230822193359_001_003_000_002.jpg,1,abnormal,B_001_007,B_001,B_001_007_20230822,2,test
B_001_007_20230822201948_001_002_000_002.jpg,./data/you_chalk_brood/abnormal/B_001_007_20230822201948_001_002_000_002.jpg,1,abnormal,B_001_007,B_001,B_001_007_20230822,2,test
B_001_007_20230824084118_001_002_000_002.jpg,./data/you_chalk_brood/abnormal/B_001_007_20230824084118_001_002_000_002.jpg,1,abnormal,B_001_007,B_001,B_001_007_20230824,2,train
B_001_008_20230819195945_001_004_000_002.jpg,./data/you_chalk_brood/abnormal/B_001_008_20230819195945_001_004_000_002.jpg,1,abnormal,B_001_008,B_001,B_001_008_20230819,2,val
B_001_008_20230819202053_001_003_000_002.jpg,./data/you_chalk_brood/abnormal/B_001_008_20230819202053_001_003_000_002.jpg,1,abnormal,B_001_008,B_001,B_001_008_20230819,2,test
B_001_008_20230819221607_001_004_000_002.jpg,./data/you_chalk_brood/abnormal/B_001_008_20230819221607_001_004_000_002.jpg,1,abnormal,B_001_008,B_001,B_001_008_20230819,2,train
B_001_008_20230819224040_001_002_000_002.jpg,./data/you_chalk_brood/abnormal/B_001_008_20230819224040_001_002_000_002.jpg,1,abnormal,B_001_008,B_001,B_001_008_20230819,2,train
B_001_008_20230820190020_001_001_000_002.jpg,./data/you_chalk_brood/abnormal/B_001_008_20230820190020_001_001_000_002.jpg,1,abnormal,B_001_008,B_001,B_001_008_20230820,2,train
B_001_008_20230820204320_001_001_000_002.jpg,./data/you_chalk_brood/abnormal/B_001_008_20230820204320_001_001_000_002.jpg,1,abnormal,B_001_008,B_001,B_001_008_20230820,2,test
B_001_008_20230820212806_001_001_000_002.jpg,./data/you_chalk_brood/abnormal/B_001_008_20230820212806_001_001_000_002.jpg,1,abnormal,B_001_008,B_001,B_001_008_20230820,2,train
B_001_008_20230821092519_001_002_000_002.jpg,./data/you_chalk_brood/abnormal/B_001_008_20230821092519_001_002_000_002.jpg,1,abnormal,B_001_008,B_001,B_001_008_20230821,2,test
B_001_008_20230821092522_001_004_000_002.jpg,./data/you_chalk_brood/abnormal/B_001_008_20230821092522_001_004_000_002.jpg,1,abnormal,B_001_008,B_001,B_001_008_20230821,2,test
B_001_008_20230821200741_001_002_000_002.jpg,./data/you_chalk_brood/abnormal/B_001_008_20230821200741_001_002_000_002.jpg,1,abnormal,B_001_008,B_001,B_001_008_20230821,2,train
B_001_008_20230821213219_001_002_000_002.jpg,./data/you_chalk_brood/abnormal/B_001_008_20230821213219_001_002_000_002.jpg,1,abnormal,B_001_008,B_001,B_001_008_20230821,2,train
B_001_008_20230821224314_001_001_000_002.jpg,./data/you_chalk_brood/abnormal/B_001_008_20230821224314_001_001_000_002.jpg,1,abnormal,B_001_008,B_001,B_001_008_20230821,2,test
B_001_008_20230822091817_001_003_000_002.jpg,./data/you_chalk_brood/abnormal/B_001_008_20230822091817_001_003_000_002.jpg,1,abnormal,B_001_008,B_001,B_001_008_20230822,2,train
B_001_008_20230822091915_001_003_000_002.jpg,./data/you_chalk_brood/abnormal/B_001_008_20230822091915_001_003_000_002.jpg,1,abnormal,B_001_008,B_001,B_001_008_20230822,2,train
B_001_008_20230822191036_001_001_000_002.jpg,./data/you_chalk_brood/abnormal/B_001_008_20230822191036_001_001_000_002.jpg,1,abnormal,B_001_008,B_001,B_001_008_20230822,2,val
B_001_008_20230822192350_001_002_000_002.jpg,./data/you_chalk_brood/abnormal/B_001_008_20230822192350_001_002_000_002.jpg,1,abnormal,B_001_008,B_001,B_001_008_20230822,2,test
B_001_008_20230822201823_001_004_000_002.jpg,./data/you_chalk_brood/abnormal/B_001_008_20230822201823_001_004_000_002.jpg,1,abnormal,B_001_008,B_001,B_001_008_20230822,2,val
B_001_008_20230827092507_001_004_000_002.jpg,./data/you_chalk_brood/abnormal/B_001_008_20230827092507_001_004_000_002.jpg,1,abnormal,B_001_008,B_001,B_001_008_20230827,2,train
B_001_008_20230827134617_001_003_000_002.jpg,./data/you_chalk_brood/abnormal/B_001_008_20230827134617_001_003_000_002.jpg,1,abnormal,B_001_008,B_001,B_001_008_20230827,2,val
B_001_009_20230819193629_001_001_000_002.jpg,./data/you_chalk_brood/abnormal/B_001_009_20230819193629_001_001_000_002.jpg,1,abnormal,B_001_009,B_001,B_001_009_20230819,2,test
B_001_009_20230819211555_001_002_000_002.jpg,./data/you_chalk_brood/abnormal/B_001_009_20230819211555_001_002_000_002.jpg,1,abnormal,B_001_009,B_001,B_001_009_20230819,2,train
B_001_009_20230820185013_001_001_000_002.jpg,./data/you_chalk_brood/abnormal/B_001_009_20230820185013_001_001_000_002.jpg,1,abnormal,B_001_009,B_001,B_001_009_20230820,2,val
B_001_009_20230820191318_001_003_000_002.jpg,./data/you_chalk_brood/abnormal/B_001_009_20230820191318_001_003_000_002.jpg,1,abnormal,B_001_009,B_001,B_001_009_20230820,2,test
B_001_009_20230820194950_001_003_000_002.jpg,./data/you_chalk_brood/abnormal/B_001_009_20230820194950_001_003_000_002.jpg,1,abnormal,B_001_009,B_001,B_001_009_20230820,2,test
B_001_009_20230820202147_001_002_000_002.jpg,./data/you_chalk_brood/abnormal/B_001_009_20230820202147_001_002_000_002.jpg,1,abnormal,B_001_009,B_001,B_001_009_20230820,2,train
B_001_009_20230820203524_001_001_000_002.jpg,./data/you_chalk_brood/abnormal/B_001_009_20230820203524_001_001_000_002.jpg,1,abnormal,B_001_009,B_001,B_001_009_20230820,2,test
B_001_009_20230821181347_001_002_000_002.jpg,./data/you_chalk_brood/abnormal/B_001_009_20230821181347_001_002_000_002.jpg,1,abnormal,B_001_009,B_001,B_001_009_20230821,2,val
B_001_009_20230821181733_001_001_000_002.jpg,./data/you_chalk_brood/abnormal/B_001_009_20230821181733_001_001_000_002.jpg,1,abnormal,B_001_009,B_001,B_001_009_20230821,2,test
B_001_009_20230821190317_001_003_000_002.jpg,./data/you_chalk_brood/abnormal/B_001_009_20230821190317_001_003_000_002.jpg,1,abnormal,B_001_009,B_001,B_001_009_20230821,2,val
B_001_009_20230821194949_001_001_000_002.jpg,./data/you_chalk_brood/abnormal/B_001_009_20230821194949_001_001_000_002.jpg,1,abnormal,B_001_009,B_001,B_001_009_20230821,2,test
B_001_009_20230821195405_001_004_000_002.jpg,./data/you_chalk_brood/abnormal/B_001_009_20230821195405_001_004_000_002.jpg,1,abnormal,B_001_009,B_001,B_001_009_20230821,2,val
B_001_009_20230821201457_001_001_000_002.jpg,./data/you_chalk_brood/abnormal/B_001_009_20230821201457_001_001_000_002.jpg,1,abnormal,B_001_009,B_001,B_001_009_20230821,2,val
B_001_009_20230821202251_001_002_000_002.jpg,./data/you_chalk_brood/abnormal/B_001_009_20230821202251_001_002_000_002.jpg,1,abnormal,B_001_009,B_001,B_001_009_20230821,2,train
B_001_009_20230821204214_001_003_000_002.jpg,./data/you_chalk_brood/abnormal/B_001_009_20230821204214_001_003_000_002.jpg,1,abnormal,B_001_009,B_001,B_001_009_20230821,2,test
B_001_009_20230821215819_001_001_000_002.jpg,./data/you_chalk_brood/abnormal/B_001_009_20230821215819_001_001_000_002.jpg,1,abnormal,B_001_009,B_001,B_001_009_20230821,2,test
B_001_009_20230822180823_001_004_000_002.jpg,./data/you_chalk_brood/abnormal/B_001_009_20230822180823_001_004_000_002.jpg,1,abnormal,B_001_009,B_001,B_001_009_20230822,2,test
B_001_009_20230822182715_001_002_000_002.jpg,./data/you_chalk_brood/abnormal/B_001_009_20230822182715_001_002_000_002.jpg,1,abnormal,B_001_009,B_001,B_001_009_20230822,2,val
B_001_009_20230822184354_001_001_000_002.jpg,./data/you_chalk_brood/abnormal/B_001_009_20230822184354_001_001_000_002.jpg,1,abnormal,B_001_009,B_001,B_001_009_20230822,2,train
B_001_009_20230822194328_001_001_000_002.jpg,./data/you_chalk_brood/abnormal/B_001_009_20230822194328_001_001_000_002.jpg,1,abnormal,B_001_009,B_001,B_001_009_20230822,2,train
B_001_009_20230822203917_001_001_000_002.jpg,./data/you_chalk_brood/abnormal/B_001_009_20230822203917_001_001_000_002.jpg,1,abnormal,B_001_009,B_001,B_001_009_20230822,2,train
B_001_009_20230822210406_001_002_000_002.jpg,./data/you_chalk_brood/abnormal/B_001_009_20230822210406_001_002_000_002.jpg,1,abnormal,B_001_009,B_001,B_001_009_20230822,2,train
B_001_010_20230819194600_001_001_000_002.jpg,./data/you_chalk_brood/abnormal/B_001_010_20230819194600_001_001_000_002.jpg,1,abnormal,B_001_010,B_001,B_001_010_20230819,2,train
B_001_010_20230819200032_001_003_000_002.jpg,./data/you_chalk_brood/abnormal/B_001_010_20230819200032_001_003_000_002.jpg,1,abnormal,B_001_010,B_001,B_001_010_20230819,2,test
B_001_010_20230819203645_001_003_000_002.jpg,./data/you_chalk_brood/abnormal/B_001_010_20230819203645_001_003_000_002.jpg,1,abnormal,B_001_010,B_001,B_001_010_20230819,2,test
B_001_010_20230819220517_001_004_000_002.jpg,./data/you_chalk_brood/abnormal/B_001_010_20230819220517_001_004_000_002.jpg,1,abnormal,B_001_010,B_001,B_001_010_20230819,2,train
B_001_010_20230819221146_001_004_000_002.jpg,./data/you_chalk_brood/abnormal/B_001_010_20230819221146_001_004_000_002.jpg,1,abnormal,B_001_010,B_001,B_001_010_20230819,2,train
B_001_010_20230820185811_001_001_000_002.jpg,./data/you_chalk_brood/abnormal/B_001_010_20230820185811_001_001_000_002.jpg,1,abnormal,B_001_010,B_001,B_001_010_20230820,2,train
B_001_010_20230820203735_001_003_000_002.jpg,./data/you_chalk_brood/abnormal/B_001_010_20230820203735_001_003_000_002.jpg,1,abnormal,B_001_010,B_001,B_001_010_20230820,2,train
B_001_010_20230820210412_001_004_000_002.jpg,./data/you_chalk_brood/abnormal/B_001_010_20230820210412_001_004_000_002.jpg,1,abnormal,B_001_010,B_001,B_001_010_20230820,2,train
B_001_010_20230821182236_001_004_000_002.jpg,./data/you_chalk_brood/abnormal/B_001_010_20230821182236_001_004_000_002.jpg,1,abnormal,B_001_010,B_001,B_001_010_20230821,2,train
B_001_010_20230821182827_001_003_000_002.jpg,./data/you_chalk_brood/abnormal/B_001_010_20230821182827_001_003_000_002.jpg,1,abnormal,B_001_010,B_001,B_001_010_20230821,2,train
B_001_010_20230821184007_001_002_000_002.jpg,./data/you_chalk_brood/abnormal/B_001_010_20230821184007_001_002_000_002.jpg,1,abnormal,B_001_010,B_001,B_001_010_20230821,2,test
B_001_010_20230821191248_001_002_000_002.jpg,./data/you_chalk_brood/abnormal/B_001_010_20230821191248_001_002_000_002.jpg,1,abnormal,B_001_010,B_001,B_001_010_20230821,2,test
B_001_010_20230821192638_001_003_000_002.jpg,./data/you_chalk_brood/abnormal/B_001_010_20230821192638_001_003_000_002.jpg,1,abnormal,B_001_010,B_001,B_001_010_20230821,2,val
B_001_010_20230821200535_001_003_000_002.jpg,./data/you_chalk_brood/abnormal/B_001_010_20230821200535_001_003_000_002.jpg,1,abnormal,B_001_010,B_001,B_001_010_20230821,2,val
B_001_010_20230821200952_001_003_000_002.jpg,./data/you_chalk_brood/abnormal/B_001_010_20230821200952_001_003_000_002.jpg,1,abnormal,B_001_010,B_001,B_001_010_20230821,2,val
B_001_010_20230821210733_001_003_000_002.jpg,./data/you_chalk_brood/abnormal/B_001_010_20230821210733_001_003_000_002.jpg,1,abnormal,B_001_010,B_001,B_001_010_20230821,2,val
B_001_010_20230821212759_001_004_000_002.jpg,./data/you_chalk_brood/abnormal/B_001_010_20230821212759_001_004_000_002.jpg,1,abnormal,B_001_010,B_001,B_001_010_20230821,2,train
B_001_010_20230821221844_001_004_000_002.jpg,./data/you_chalk_brood/abnormal/B_001_010_20230821221844_001_004_000_002.jpg,1,abnormal,B_001_010,B_001,B_001_010_20230821,2,test
B_001_010_20230822184647_001_003_000_002.jpg,./data/you_chalk_brood/abnormal/B_001_010_20230822184647_001_003_000_002.jpg,1,abnormal,B_001_010,B_001,B_001_010_20230822,2,test
B_001_010_20230822191849_001_004_000_002.jpg,./data/you_chalk_brood/abnormal/B_001_010_20230822191849_001_004_000_002.jpg,1,abnormal,B_001_010,B_001,B_001_010_20230822,2,val
B_001_010_20230822192732_001_002_000_002.jpg,./data/you_chalk_brood/abnormal/B_001_010_20230822192732_001_002_000_002.jpg,1,abnormal,B_001_010,B_001,B_001_010_20230822,2,test
B_001_010_20230822204720_001_001_000_002.jpg,./data/you_chalk_brood/abnormal/B_001_010_20230822204720_001_001_000_002.jpg,1,abnormal,B_001_010,B_001,B_001_010_20230822,2,train
B_001_010_20230822204933_001_002_000_002.jpg,./data/you_chalk_brood/abnormal/B_001_010_20230822204933_001_002_000_002.jpg,1,abnormal,B_001_010,B_001,B_001_010_20230822,2,test
B_001_011_20230819182747_001_001_000_002.jpg,./data/you_chalk_brood/abnormal/B_001_011_20230819182747_001_001_000_002.jpg,1,abnormal,B_001_011,B_001,B_001_011_20230819,2,train
B_001_011_20230819220142_001_004_000_002.jpg,./data/you_chalk_brood/abnormal/B_001_011_20230819220142_001_004_000_002.jpg,1,abnormal,B_001_011,B_001,B_001_011_20230819,2,val
B_001_011_20230820213024_001_004_000_002.jpg,./data/you_chalk_brood/abnormal/B_001_011_20230820213024_001_004_000_002.jpg,1,abnormal,B_001_011,B_001,B_001_011_20230820,2,train
B_001_011_20230820213105_001_002_000_002.jpg,./data/you_chalk_brood/abnormal/B_001_011_20230820213105_001_002_000_002.jpg,1,abnormal,B_001_011,B_001,B_001_011_20230820,2,train
B_001_011_20230820223149_001_001_000_002.jpg,./data/you_chalk_brood/abnormal/B_001_011_20230820223149_001_001_000_002.jpg,1,abnormal,B_001_011,B_001,B_001_011_20230820,2,test
B_001_011_20230821195950_001_002_000_002.jpg,./data/you_chalk_brood/abnormal/B_001_011_20230821195950_001_002_000_002.jpg,1,abnormal,B_001_011,B_001,B_001_011_20230821,2,val
B_001_011_20230821214404_001_004_000_002.jpg,./data/you_chalk_brood/abnormal/B_001_011_20230821214404_001_004_000_002.jpg,1,abnormal,B_001_011,B_001,B_001_011_20230821,2,test
B_001_011_20230822203123_001_003_000_002.jpg,./data/you_chalk_brood/abnormal/B_001_011_20230822203123_001_003_000_002.jpg,1,abnormal,B_001_011,B_001,B_001_011_20230822,2,val
B_001_012_20230819182413_001_004_000_002.jpg,./data/you_chalk_brood/abnormal/B_001_012_20230819182413_001_004_000_002.jpg,1,abnormal,B_001_012,B_001,B_001_012_20230819,2,train
B_001_012_20230819191953_001_001_000_002.jpg,./data/you_chalk_brood/abnormal/B_001_012_20230819191953_001_001_000_002.jpg,1,abnormal,B_001_012,B_001,B_001_012_20230819,2,train
B_001_012_20230819210845_001_004_000_002.jpg,./data/you_chalk_brood/abnormal/B_001_012_20230819210845_001_004_000_002.jpg,1,abnormal,B_001_012,B_001,B_001_012_20230819,2,train
B_001_012_20230819211809_001_003_000_002.jpg,./data/you_chalk_brood/abnormal/B_001_012_20230819211809_001_003_000_002.jpg,1,abnormal,B_001_012,B_001,B_001_012_20230819,2,test
B_001_012_20230819222616_001_002_000_002.jpg,./data/you_chalk_brood/abnormal/B_001_012_20230819222616_001_002_000_002.jpg,1,abnormal,B_001_012,B_001,B_001_012_20230819,2,val
B_001_012_20230820202603_001_001_000_002.jpg,./data/you_chalk_brood/abnormal/B_001_012_20230820202603_001_001_000_002.jpg,1,abnormal,B_001_012,B_001,B_001_012_20230820,2,test
B_001_012_20230820225925_001_004_000_002.jpg,./data/you_chalk_brood/abnormal/B_001_012_20230820225925_001_004_000_002.jpg,1,abnormal,B_001_012,B_001,B_001_012_20230820,2,test
B_001_012_20230821180634_001_003_000_002.jpg,./data/you_chalk_brood/abnormal/B_001_012_20230821180634_001_003_000_002.jpg,1,abnormal,B_001_012,B_001,B_001_012_20230821,2,test
B_001_012_20230821181020_001_003_000_002.jpg,./data/you_chalk_brood/abnormal/B_001_012_20230821181020_001_003_000_002.jpg,1,abnormal,B_001_012,B_001,B_001_012_20230821,2,train
B_001_012_20230821191800_001_004_000_002.jpg,./data/you_chalk_brood/abnormal/B_001_012_20230821191800_001_004_000_002.jpg,1,abnormal,B_001_012,B_001,B_001_012_20230821,2,train
B_001_012_20230821192302_001_002_000_002.jpg,./data/you_chalk_brood/abnormal/B_001_012_20230821192302_001_002_000_002.jpg,1,abnormal,B_001_012,B_001,B_001_012_20230821,2,train
B_001_012_20230821193647_001_003_000_002.jpg,./data/you_chalk_brood/abnormal/B_001_012_20230821193647_001_003_000_002.jpg,1,abnormal,B_001_012,B_001,B_001_012_20230821,2,test
B_001_012_20230821202802_001_003_000_002.jpg,./data/you_chalk_brood/abnormal/B_001_012_20230821202802_001_003_000_002.jpg,1,abnormal,B_001_012,B_001,B_001_012_20230821,2,train
B_001_012_20230822191936_001_004_000_002.jpg,./data/you_chalk_brood/abnormal/B_001_012_20230822191936_001_004_000_002.jpg,1,abnormal,B_001_012,B_001,B_001_012_20230822,2,test
B_001_012_20230822195509_001_002_000_002.jpg,./data/you_chalk_brood/abnormal/B_001_012_20230822195509_001_002_000_002.jpg,1,abnormal,B_001_012,B_001,B_001_012_20230822,2,train
B_001_013_20230819182457_001_001_000_002.jpg,./data/you_chalk_brood/abnormal/B_001_013_20230819182457_001_001_000_002.jpg,1,abnormal,B_001_013,B_001,B_001_013_20230819,2,test
B_001_013_20230819192921_001_001_000_002.jpg,./data/you_chalk_brood/abnormal/B_001_013_20230819192921_001_001_000_002.jpg,1,abnormal,B_001_013,B_001,B_001_013_20230819,2,train
B_001_013_20230819201004_001_004_000_002.jpg,./data/you_chalk_brood/abnormal/B_001_013_20230819201004_001_004_000_002.jpg,1,abnormal,B_001_013,B_001,B_001_013_20230819,2,train
B_001_013_20230819202937_001_002_000_002.jpg,./data/you_chalk_brood/abnormal/B_001_013_20230819202937_001_002_000_002.jpg,1,abnormal,B_001_013,B_001,B_001_013_20230819,2,train
B_001_013_20230819210008_001_001_000_002.jpg,./data/you_chalk_brood/abnormal/B_001_013_20230819210008_001_001_000_002.jpg,1,abnormal,B_001_013,B_001,B_001_013_20230819,2,train
B_001_013_20230820183541_001_001_000_002.jpg,./data/you_chalk_brood/abnormal/B_001_013_20230820183541_001_001_000_002.jpg,1,abnormal,B_001_013,B_001,B_001_013_20230820,2,train
B_001_013_20230820200847_001_004_000_002.jpg,./data/you_chalk_brood/abnormal/B_001_013_20230820200847_001_004_000_002.jpg,1,abnormal,B_001_013,B_001,B_001_013_20230820,2,test
B_001_013_20230820203109_001_003_000_002.jpg,./data/you_chalk_brood/abnormal/B_001_013_20230820203109_001_003_000_002.jpg,1,abnormal,B_001_013,B_001,B_001_013_20230820,2,train
B_001_013_20230820221556_001_004_000_002.jpg,./data/you_chalk_brood/abnormal/B_001_013_20230820221556_001_004_000_002.jpg,1,abnormal,B_001_013,B_001,B_001_013_20230820,2,test
B_001_013_20230821183548_001_004_000_002.jpg,./data/you_chalk_brood/abnormal/B_001_013_20230821183548_001_004_000_002.jpg,1,abnormal,B_001_013,B_001,B_001_013_20230821,2,val
B_001_013_20230821190957_001_003_000_002.jpg,./data/you_chalk_brood/abnormal/B_001_013_20230821190957_001_003_000_002.jpg,1,abnormal,B_001_013,B_001,B_001_013_20230821,2,train
B_001_013_20230821201335_001_001_000_002.jpg,./data/you_chalk_brood/abnormal/B_001_013_20230821201335_001_001_000_002.jpg,1,abnormal,B_001_013,B_001,B_001_013_20230821,2,test
B_001_013_20230821203014_001_004_000_002.jpg,./data/you_chalk_brood/abnormal/B_001_013_20230821203014_001_004_000_002.jpg,1,abnormal,B_001_013,B_001,B_001_013_20230821,2,train
B_001_013_20230821225542_001_004_000_002.jpg,./data/you_chalk_brood/abnormal/B_001_013_20230821225542_001_004_000_002.jpg,1,abnormal,B_001_013,B_001,B_001_013_20230821,2,test
B_001_013_20230822191809_001_002_000_002.jpg,./data/you_chalk_brood/abnormal/B_001_013_20230822191809_001_002_000_002.jpg,1,abnormal,B_001_013,B_001,B_001_013_20230822,2,val
B_001_013_20230822194837_001_002_000_002.jpg,./data/you_chalk_brood/abnormal/B_001_013_20230822194837_001_002_000_002.jpg,1,abnormal,B_001_013,B_001,B_001_013_20230822,2,test
B_001_013_20230822200727_001_001_000_002.jpg,./data/you_chalk_brood/abnormal/B_001_013_20230822200727_001_001_000_002.jpg,1,abnormal,B_001_013,B_001,B_001_013_20230822,2,train
B_001_013_20230902105652_001_004_000_002.jpg,./data/you_chalk_brood/abnormal/B_001_013_20230902105652_001_004_000_002.jpg,1,abnormal,B_001_013,B_001,B_001_013_20230902,2,train
B_001_014_20230819182752_001_002_000_002.jpg,./data/you_chalk_brood/abnormal/B_001_014_20230819182752_001_002_000_002.jpg,1,abnormal,B_001_014,B_001,B_001_014_20230819,2,test
B_001_014_20230819215936_001_002_000_002.jpg,./data/you_chalk_brood/abnormal/B_001_014_20230819215936_001_002_000_002.jpg,1,abnormal,B_001_014,B_001,B_001_014_20230819,2,val
B_001_014_20230819224426_001_003_000_002.jpg,./data/you_chalk_brood/abnormal/B_001_014_20230819224426_001_003_000_002.jpg,1,abnormal,B_001_014,B_001,B_001_014_20230819,2,train
B_001_014_20230820182326_001_002_000_002.jpg,./data/you_chalk_brood/abnormal/B_001_014_20230820182326_001_002_000_002.jpg,1,abnormal,B_001_014,B_001,B_001_014_20230820,2,train
B_001_014_20230820190611_001_003_000_002.jpg,./data/you_chalk_brood/abnormal/B_001_014_20230820190611_001_003_000_002.jpg,1,abnormal,B_001_014,B_001,B_001_014_20230820,2,test
B_001_014_20230820205456_001_001_000_002.jpg,./data/you_chalk_brood/abnormal/B_001_014_20230820205456_001_001_000_002.jpg,1,abnormal,B_001_014,B_001,B_001_014_20230820,2,train
B_001_014_20230820210840_001_003_000_002.jpg,./data/you_chalk_brood/abnormal/B_001_014_20230820210840_001_003_000_002.jpg,1,abnormal,B_001_014,B_001,B_001_014_20230820,2,test
B_001_014_20230820224248_001_001_000_002.jpg,./data/you_chalk_brood/abnormal/B_001_014_20230820224248_001_001_000_002.jpg,1,abnormal,B_001_014,B_001,B_001_014_20230820,2,val
B_001_014_20230821204140_001_002_000_002.jpg,./data/you_chalk_brood/abnormal/B_001_014_20230821204140_001_002_000_002.jpg,1,abnormal,B_001_014,B_001,B_001_014_20230821,2,train
B_001_014_20230821205609_001_001_000_002.jpg,./data/you_chalk_brood/abnormal/B_001_014_20230821205609_001_001_000_002.jpg,1,abnormal,B_001_014,B_001,B_001_014_20230821,2,train
B_001_014_20230821212637_001_004_000_002.jpg,./data/you_chalk_brood/abnormal/B_001_014_20230821212637_001_004_000_002.jpg,1,abnormal,B_001_014,B_001,B_001_014_20230821,2,train
B_001_014_20230821213946_001_002_000_002.jpg,./data/you_chalk_brood/abnormal/B_001_014_20230821213946_001_002_000_002.jpg,1,abnormal,B_001_014,B_001,B_001_014_20230821,2,train
B_001_014_20230821214409_001_002_000_002.jpg,./data/you_chalk_brood/abnormal/B_001_014_20230821214409_001_002_000_002.jpg,1,abnormal,B_001_014,B_001,B_001_014_20230821,2,val
B_001_014_20230821223233_001_004_000_002.jpg,./data/you_chalk_brood/abnormal/B_001_014_20230821223233_001_004_000_002.jpg,1,abnormal,B_001_014,B_001,B_001_014_20230821,2,test
B_001_015_20230819203609_001_004_000_002.jpg,./data/you_chalk_brood/abnormal/B_001_015_20230819203609_001_004_000_002.jpg,1,abnormal,B_001_015,B_001,B_001_015_20230819,2,test
B_001_015_20230819221618_001_003_000_002.jpg,./data/you_chalk_brood/abnormal/B_001_015_20230819221618_001_003_000_002.jpg,1,abnormal,B_001_015,B_001,B_001_015_20230819,2,test
B_001_015_20230820185901_001_003_000_002.jpg,./data/you_chalk_brood/abnormal/B_001_015_20230820185901_001_003_000_002.jpg,1,abnormal,B_001_015,B_001,B_001_015_20230820,2,val
B_001_015_20230820193358_001_001_000_002.jpg,./data/you_chalk_brood/abnormal/B_001_015_20230820193358_001_001_000_002.jpg,1,abnormal,B_001_015,B_001,B_001_015_20230820,2,train
B_001_015_20230820201818_001_001_000_002.jpg,./data/you_chalk_brood/abnormal/B_001_015_20230820201818_001_001_000_002.jpg,1,abnormal,B_001_015,B_001,B_001_015_20230820,2,train
B_001_015_20230820211348_001_004_000_002.jpg,./data/you_chalk_brood/abnormal/B_001_015_20230820211348_001_004_000_002.jpg,1,abnormal,B_001_015,B_001,B_001_015_20230820,2,val
B_001_015_20230820223238_001_004_000_002.jpg,./data/you_chalk_brood/abnormal/B_001_015_20230820223238_001_004_000_002.jpg,1,abnormal,B_001_015,B_001,B_001_015_20230820,2,test
B_001_015_20230821190027_001_004_000_002.jpg,./data/you_chalk_brood/abnormal/B_001_015_20230821190027_001_004_000_002.jpg,1,abnormal,B_001_015,B_001,B_001_015_20230821,2,val
B_001_015_20230821193148_001_003_000_002.jpg,./data/you_chalk_brood/abnormal/B_001_015_20230821193148_001_003_000_002.jpg,1,abnormal,B_001_015,B_001,B_001_015_20230821,2,train
B_001_015_20230821200209_001_001_000_002.jpg,./data/you_chalk_brood/abnormal/B_001_015_20230821200209_001_001_000_002.jpg,1,abnormal,B_001_015,B_001,B_001_015_20230821,2,test
B_001_015_20230821211117_001_003_000_002.jpg,./data/you_chalk_brood/abnormal/B_001_015_20230821211117_001_003_000_002.jpg,1,abnormal,B_001_015,B_001,B_001_015_20230821,2,val
B_001_015_20230821211835_001_001_000_002.jpg,./data/you_chalk_brood/abnormal/B_001_015_20230821211835_001_001_000_002.jpg,1,abnormal,B_001_015,B_001,B_001_015_20230821,2,test
B_001_015_20230821214910_001_003_000_002.jpg,./data/you_chalk_brood/abnormal/B_001_015_20230821214910_001_003_000_002.jpg,1,abnormal,B_001_015,B_001,B_001_015_20230821,2,test
B_001_015_20230821215243_001_003_000_002.jpg,./data/you_chalk_brood/abnormal/B_001_015_20230821215243_001_003_000_002.jpg,1,abnormal,B_001_015,B_001,B_001_015_20230821,2,train
B_001_015_20230821222142_001_003_000_002.jpg,./data/you_chalk_brood/abnormal/B_001_015_20230821222142_001_003_000_002.jpg,1,abnormal,B_001_015,B_001,B_001_015_20230821,2,test
B_001_015_20230821223823_001_001_000_002.jpg,./data/you_chalk_brood/abnormal/B_001_015_20230821223823_001_001_000_002.jpg,1,abnormal,B_001_015,B_001,B_001_015_20230821,2,train
B_001_015_20230822191001_001_004_000_002.jpg,./data/you_chalk_brood/abnormal/B_001_015_20230822191001_001_004_000_002.jpg,1,abnormal,B_001_015,B_001,B_001_015_20230822,2,test
B_001_015_20230822201915_001_002_000_002.jpg,./data/you_chalk_brood/abnormal/B_001_015_20230822201915_001_002_000_002.jpg,1,abnormal,B_001_015,B_001,B_001_015_20230822,2,test
B_001_015_20230822210122_001_003_000_002.jpg,./data/you_chalk_brood/abnormal/B_001_015_20230822210122_001_003_000_002.jpg,1,abnormal,B_001_015,B_001,B_001_015_20230822,2,train
B_001_015_20230822212054_001_003_000_002.jpg,./data/you_chalk_brood/abnormal/B_001_015_20230822212054_001_003_000_002.jpg,1,abnormal,B_001_015,B_001,B_001_015_20230822,2,val
B_001_016_20230819182755_001_001_000_002.jpg,./data/you_chalk_brood/abnormal/B_001_016_20230819182755_001_001_000_002.jpg,1,abnormal,B_001_016,B_001,B_001_016_20230819,2,train
B_001_016_20230819184059_001_003_000_002.jpg,./data/you_chalk_brood/abnormal/B_001_016_20230819184059_001_003_000_002.jpg,1,abnormal,B_001_016,B_001,B_001_016_20230819,2,test
B_001_016_20230819221746_001_002_000_002.jpg,./data/you_chalk_brood/abnormal/B_001_016_20230819221746_001_002_000_002.jpg,1,abnormal,B_001_016,B_001,B_001_016_20230819,2,test
B_001_016_20230820185738_001_002_000_002.jpg,./data/you_chalk_brood/abnormal/B_001_016_20230820185738_001_002_000_002.jpg,1,abnormal,B_001_016,B_001,B_001_016_20230820,2,test
B_001_016_20230820221223_001_001_000_002.jpg,./data/you_chalk_brood/abnormal/B_001_016_20230820221223_001_001_000_002.jpg,1,abnormal,B_001_016,B_001,B_001_016_20230820,2,test
B_001_016_20230821183716_001_002_000_002.jpg,./data/you_chalk_brood/abnormal/B_001_016_20230821183716_001_002_000_002.jpg,1,abnormal,B_001_016,B_001,B_001_016_20230821,2,train
B_001_016_20230821195332_001_002_000_002.jpg,./data/you_chalk_brood/abnormal/B_001_016_20230821195332_001_002_000_002.jpg,1,abnormal,B_001_016,B_001,B_001_016_20230821,2,train
B_001_016_20230821201844_001_001_000_002.jpg,./data/you_chalk_brood/abnormal/B_001_016_20230821201844_001_001_000_002.jpg,1,abnormal,B_001_016,B_001,B_001_016_20230821,2,train
B_001_016_20230821204311_001_001_000_002.jpg,./data/you_chalk_brood/abnormal/B_001_016_20230821204311_001_001_000_002.jpg,1,abnormal,B_001_016,B_001,B_001_016_20230821,2,train
B_001_016_20230822195009_001_002_000_002.jpg,./data/you_chalk_brood/abnormal/B_001_016_20230822195009_001_002_000_002.jpg,1,abnormal,B_001_016,B_001,B_001_016_20230822,2,train
B_001_016_20230822202047_001_003_000_002.jpg,./data/you_chalk_brood/abnormal/B_001_016_20230822202047_001_003_000_002.jpg,1,abnormal,B_001_016,B_001,B_001_016_20230822,2,train
B_001_016_20230822203512_001_003_000_002.jpg,./data/you_chalk_brood/abnormal/B_001_016_20230822203512_001_003_000_002.jpg,1,abnormal,B_001_016,B_001,B_001_016_20230822,2,train
B_001_016_20230822211719_001_004_000_002.jpg,./data/you_chalk_brood/abnormal/B_001_016_20230822211719_001_004_000_002.jpg,1,abnormal,B_001_016,B_001,B_001_016_20230822,2,train
B_001_016_20230906105325_001_003_000_002.jpg,./data/you_chalk_brood/abnormal/B_001_016_20230906105325_001_003_000_002.jpg,1,abnormal,B_001_016,B_001,B_001_016_20230906,2,val
B_001_017_20230819183259_001_002_000_002.jpg,./data/you_chalk_brood/abnormal/B_001_017_20230819183259_001_002_000_002.jpg,1,abnormal,B_001_017,B_001,B_001_017_20230819,2,test
B_001_017_20230819190112_001_001_000_002.jpg,./data/you_chalk_brood/abnormal/B_001_017_20230819190112_001_001_000_002.jpg,1,abnormal,B_001_017,B_001,B_001_017_20230819,2,train
B_001_017_20230819191120_001_004_000_002.jpg,./data/you_chalk_brood/abnormal/B_001_017_20230819191120_001_004_000_002.jpg,1,abnormal,B_001_017,B_001,B_001_017_20230819,2,test
B_001_017_20230819193516_001_004_000_002.jpg,./data/you_chalk_brood/abnormal/B_001_017_20230819193516_001_004_000_002.jpg,1,abnormal,B_001_017,B_001,B_001_017_20230819,2,test
B_001_017_20230819195032_001_001_000_002.jpg,./data/you_chalk_brood/abnormal/B_001_017_20230819195032_001_001_000_002.jpg,1,abnormal,B_001_017,B_001,B_001_017_20230819,2,train
B_001_017_20230820204540_001_004_000_002.jpg,./data/you_chalk_brood/abnormal/B_001_017_20230820204540_001_004_000_002.jpg,1,abnormal,B_001_017,B_001,B_001_017_20230820,2,train
B_001_017_20230820224627_001_003_000_002.jpg,./data/you_chalk_brood/abnormal/B_001_017_20230820224627_001_003_000_002.jpg,1,abnormal,B_001_017,B_001,B_001_017_20230820,2,test
B_001_017_20230821191807_001_003_000_002.jpg,./data/you_chalk_brood/abnormal/B_001_017_20230821191807_001_003_000_002.jpg,1,abnormal,B_001_017,B_001,B_001_017_20230821,2,train
B_001_017_20230822191218_001_004_000_002.jpg,./data/you_chalk_brood/abnormal/B_001_017_20230822191218_001_004_000_002.jpg,1,abnormal,B_001_017,B_001,B_001_017_20230822,2,test
B_001_018_20230819190532_001_004_000_002.jpg,./data/you_chalk_brood/abnormal/B_001_018_20230819190532_001_004_000_002.jpg,1,abnormal,B_001_018,B_001,B_001_018_20230819,2,train
B_001_018_20230819195833_001_001_000_002.jpg,./data/you_chalk_brood/abnormal/B_001_018_20230819195833_001_001_000_002.jpg,1,abnormal,B_001_018,B_001,B_001_018_20230819,2,train
B_001_018_20230819204913_001_003_000_002.jpg,./data/you_chalk_brood/abnormal/B_001_018_20230819204913_001_003_000_002.jpg,1,abnormal,B_001_018,B_001,B_001_018_20230819,2,test
B_001_018_20230819211902_001_004_000_002.jpg,./data/you_chalk_brood/abnormal/B_001_018_20230819211902_001_004_000_002.jpg,1,abnormal,B_001_018,B_001,B_001_018_20230819,2,train
B_001_018_20230819212534_001_002_000_002.jpg,./data/you_chalk_brood/abnormal/B_001_018_20230819212534_001_002_000_002.jpg,1,abnormal,B_001_018,B_001,B_001_018_20230819,2,test
B_001_018_20230819213547_001_001_000_002.jpg,./data/you_chalk_brood/abnormal/B_001_018_20230819213547_001_001_000_002.jpg,1,abnormal,B_001_018,B_001,B_001_018_20230819,2,train
B_001_018_20230819214217_001_004_000_002.jpg,./data/you_chalk_brood/abnormal/B_001_018_20230819214217_001_004_000_002.jpg,1,abnormal,B_001_018,B_001,B_001_018_20230819,2,val
B_001_018_20230820192428_001_001_000_002.jpg,./data/you_chalk_brood/abnormal/B_001_018_20230820192428_001_001_000_002.jpg,1,abnormal,B_001_018,B_001,B_001_018_20230820,2,train
B_001_018_20230820194543_001_003_000_002.jpg,./data/you_chalk_brood/abnormal/B_001_018_20230820194543_001_003_000_002.jpg,1,abnormal,B_001_018,B_001,B_001_018_20230820,2,train
B_001_018_20230820215338_001_002_000_002.jpg,./data/you_chalk_brood/abnormal/B_001_018_20230820215338_001_002_000_002.jpg,1,abnormal,B_001_018,B_001,B_001_018_20230820,2,train
B_001_018_20230820222608_001_003_000_002.jpg,./data/you_chalk_brood/abnormal/B_001_018_20230820222608_001_003_000_002.jpg,1,abnormal,B_001_018,B_001,B_001_018_20230820,2,test
B_001_018_20230821201342_001_003_000_002.jpg,./data/you_chalk_brood/abnormal/B_001_018_20230821201342_001_003_000_002.jpg,1,abnormal,B_001_018,B_001,B_001_018_20230821,2,train
B_001_018_20230821224203_001_004_000_002.jpg,./data/you_chalk_brood/abnormal/B_001_018_20230821224203_001_004_000_002.jpg,1,abnormal,B_001_018,B_001,B_001_018_20230821,2,val
B_001_019_20230819183009_001_001_000_002.jpg,./data/you_chalk_brood/abnormal/B_001_019_20230819183009_001_001_000_002.jpg,1,abnormal,B_001_019,B_001,B_001_019_20230819,2,train
B_001_019_20230819192255_001_004_000_002.jpg,./data/you_chalk_brood/abnormal/B_001_019_20230819192255_001_004_000_002.jpg,1,abnormal,B_001_019,B_001,B_001_019_20230819,2,train
B_001_019_20230819193644_001_003_000_002.jpg,./data/you_chalk_brood/abnormal/B_001_019_20230819193644_001_003_000_002.jpg,1,abnormal,B_001_019,B_001,B_001_019_20230819,2,train
B_001_019_20230819211150_001_003_000_002.jpg,./data/you_chalk_brood/abnormal/B_001_019_20230819211150_001_003_000_002.jpg,1,abnormal,B_001_019,B_001,B_001_019_20230819,2,train
B_001_019_20230819224056_001_001_000_002.jpg,./data/you_chalk_brood/abnormal/B_001_019_20230819224056_001_001_000_002.jpg,1,abnormal,B_001_019,B_001,B_001_019_20230819,2,test
B_001_019_20230820185321_001_004_000_002.jpg,./data/you_chalk_brood/abnormal/B_001_019_20230820185321_001_004_000_002.jpg,1,abnormal,B_001_019,B_001,B_001_019_20230820,2,test
B_001_019_20230820190451_001_003_000_002.jpg,./data/you_chalk_brood/abnormal/B_001_019_20230820190451_001_003_000_002.jpg,1,abnormal,B_001_019,B_001,B_001_019_20230820,2,train
B_001_019_20230820222400_001_004_000_002.jpg,./data/you_chalk_brood/abnormal/B_001_019_20230820222400_001_004_000_002.jpg,1,abnormal,B_001_019,B_001,B_001_019_20230820,2,train
B_001_019_20230821180352_001_003_000_002.jpg,./data/you_chalk_brood/abnormal/B_001_019_20230821180352_001_003_000_002.jpg,1,abnormal,B_001_019,B_001,B_001_019_20230821,2,train
B_001_019_20230821201259_001_003_000_002.jpg,./data/you_chalk_brood/abnormal/B_001_019_20230821201259_001_003_000_002.jpg,1,abnormal,B_001_019,B_001,B_001_019_20230821,2,train
B_001_019_20230821224247_001_003_000_002.jpg,./data/you_chalk_brood/abnormal/B_001_019_20230821224247_001_003_000_002.jpg,1,abnormal,B_001_019,B_001,B_001_019_20230821,2,test
B_001_019_20230822192828_001_001_000_002.jpg,./data/you_chalk_brood/abnormal/B_001_019_20230822192828_001_001_000_002.jpg,1,abnormal,B_001_019,B_001,B_001_019_20230822,2,test
B_001_019_20230822210338_001_003_000_002.jpg,./data/you_chalk_brood/abnormal/B_001_019_20230822210338_001_003_000_002.jpg,1,abnormal,B_001_019,B_001,B_001_019_20230822,2,val
B_001_020_20230820182126_001_003_000_002.jpg,./data/you_chalk_brood/abnormal/B_001_020_20230820182126_001_003_000_002.jpg,1,abnormal,B_001_020,B_001,B_001_020_20230820,2,train
B_001_020_20230820224340_001_002_000_002.jpg,./data/you_chalk_brood/abnormal/B_001_020_20230820224340_001_002_000_002.jpg,1,abnormal,B_001_020,B_001,B_001_020_20230820,2,test
B_001_020_20230821184601_001_003_000_002.jpg,./data/you_chalk_brood/abnormal/B_001_020_20230821184601_001_003_000_002.jpg,1,abnormal,B_001_020,B_001,B_001_020_20230821,2,test
B_001_020_20230821191855_001_002_000_002.jpg,./data/you_chalk_brood/abnormal/B_001_020_20230821191855_001_002_000_002.jpg,1,abnormal,B_001_020,B_001,B_001_020_20230821,2,train
B_001_020_20230821202731_001_004_000_002.jpg,./data/you_chalk_brood/abnormal/B_001_020_20230821202731_001_004_000_002.jpg,1,abnormal,B_001_020,B_001,B_001_020_20230821,2,train
B_001_020_20230821213743_001_001_000_002.jpg,./data/you_chalk_brood/abnormal/B_001_020_20230821213743_001_001_000_002.jpg,1,abnormal,B_001_020,B_001,B_001_020_20230821,2,train
B_001_020_20230821222150_001_004_000_002.jpg,./data/you_chalk_brood/abnormal/B_001_020_20230821222150_001_004_000_002.jpg,1,abnormal,B_001_020,B_001,B_001_020_20230821,2,test
B_001_020_20230822190214_001_002_000_002.jpg,./data/you_chalk_brood/abnormal/B_001_020_20230822190214_001_002_000_002.jpg,1,abnormal,B_001_020,B_001,B_001_020_20230822,2,train
B_001_021_20230819201142_001_003_000_002.jpg,./data/you_chalk_brood/abnormal/B_001_021_20230819201142_001_003_000_002.jpg,1,abnormal,B_001_021,B_001,B_001_021_20230819,2,train
B_001_021_20230819220238_001_002_000_002.jpg,./data/you_chalk_brood/abnormal/B_001_021_20230819220238_001_002_000_002.jpg,1,abnormal,B_001_021,B_001,B_001_021_20230819,2,test
B_001_021_20230820183724_001_004_000_002.jpg,./data/you_chalk_brood/abnormal/B_001_021_20230820183724_001_004_000_002.jpg,1,abnormal,B_001_021,B_001,B_001_021_20230820,2,train
B_001_021_20230820194548_001_004_000_002.jpg,./data/you_chalk_brood/abnormal/B_001_021_20230820194548_001_004_000_002.jpg,1,abnormal,B_001_021,B_001,B_001_021_20230820,2,val
B_001_021_20230820211651_001_003_000_002.jpg,./data/you_chalk_brood/abnormal/B_001_021_20230820211651_001_003_000_002.jpg,1,abnormal,B_001_021,B_001,B_001_021_20230820,2,test
B_001_021_20230820215427_001_001_000_002.jpg,./data/you_chalk_brood/abnormal/B_001_021_20230820215427_001_001_000_002.jpg,1,abnormal,B_001_021,B_001,B_001_021_20230820,2,train
B_001_021_20230820215427_001_003_000_002.jpg,./data/you_chalk_brood/abnormal/B_001_021_20230820215427_001_003_000_002.jpg,1,abnormal,B_001_021,B_001,B_001_021_20230820,2,val
B_001_021_20230821190206_001_002_000_002.jpg,./data/you_chalk_brood/abnormal/B_001_021_20230821190206_001_002_000_002.jpg,1,abnormal,B_001_021,B_001,B_001_021_20230821,2,train
B_001_021_20230821201303_001_002_000_002.jpg,./data/you_chalk_brood/abnormal/B_001_021_20230821201303_001_002_000_002.jpg,1,abnormal,B_001_021,B_001,B_001_021_20230821,2,val
B_001_021_20230822180924_001_001_000_002.jpg,./data/you_chalk_brood/abnormal/B_001_021_20230822180924_001_001_000_002.jpg,1,abnormal,B_001_021,B_001,B_001_021_20230822,2,train
B_001_021_20230822182857_001_004_000_002.jpg,./data/you_chalk_brood/abnormal/B_001_021_20230822182857_001_004_000_002.jpg,1,abnormal,B_001_021,B_001,B_001_021_20230822,2,train
B_001_021_20230822200236_001_004_000_002.jpg,./data/you_chalk_brood/abnormal/B_001_021_20230822200236_001_004_000_002.jpg,1,abnormal,B_001_021,B_001,B_001_021_20230822,2,train
B_001_021_20230822203224_001_002_000_002.jpg,./data/you_chalk_brood/abnormal/B_001_021_20230822203224_001_002_000_002.jpg,1,abnormal,B_001_021,B_001,B_001_021_20230822,2,train
B_001_021_20230822204820_001_001_000_002.jpg,./data/you_chalk_brood/abnormal/B_001_021_20230822204820_001_001_000_002.jpg,1,abnormal,B_001_021,B_001,B_001_021_20230822,2,val
B_001_022_20230819193815_001_002_000_002.jpg,./data/you_chalk_brood/abnormal/B_001_022_20230819193815_001_002_000_002.jpg,1,abnormal,B_001_022,B_001,B_001_022_20230819,2,val
B_001_022_20230819200258_001_002_000_002.jpg,./data/you_chalk_brood/abnormal/B_001_022_20230819200258_001_002_000_002.jpg,1,abnormal,B_001_022,B_001,B_001_022_20230819,2,train
B_001_022_20230820181917_001_001_000_002.jpg,./data/you_chalk_brood/abnormal/B_001_022_20230820181917_001_001_000_002.jpg,1,abnormal,B_001_022,B_001,B_001_022_20230820,2,test
B_001_022_20230820191846_001_002_000_002.jpg,./data/you_chalk_brood/abnormal/B_001_022_20230820191846_001_002_000_002.jpg,1,abnormal,B_001_022,B_001,B_001_022_20230820,2,train
B_001_022_20230820200529_001_003_000_002.jpg,./data/you_chalk_brood/abnormal/B_001_022_20230820200529_001_003_000_002.jpg,1,abnormal,B_001_022,B_001,B_001_022_20230820,2,test
B_001_022_20230820200736_001_002_000_002.jpg,./data/you_chalk_brood/abnormal/B_001_022_20230820200736_001_002_000_002.jpg,1,abnormal,B_001_022,B_001,B_001_022_20230820,2,train
B_001_022_20230821185910_001_004_000_002.jpg,./data/you_chalk_brood/abnormal/B_001_022_20230821185910_001_004_000_002.jpg,1,abnormal,B_001_022,B_001,B_001_022_20230821,2,train
B_001_022_20230821193242_001_003_000_002.jpg,./data/you_chalk_brood/abnormal/B_001_022_20230821193242_001_003_000_002.jpg,1,abnormal,B_001_022,B_001,B_001_022_20230821,2,train
B_001_022_20230821203444_001_003_000_002.jpg,./data/you_chalk_brood/abnormal/B_001_022_20230821203444_001_003_000_002.jpg,1,abnormal,B_001_022,B_001,B_001_022_20230821,2,train
B_001_022_20230821203734_001_002_000_002.jpg,./data/you_chalk_brood/abnormal/B_001_022_20230821203734_001_002_000_002.jpg,1,abnormal,B_001_022,B_001,B_001_022_20230821,2,test
B_001_022_20230821211926_001_002_000_002.jpg,./data/you_chalk_brood/abnormal/B_001_022_20230821211926_001_002_000_002.jpg,1,abnormal,B_001_022,B_001,B_001_022_20230821,2,train
B_001_022_20230822180717_001_004_000_002.jpg,./data/you_chalk_brood/abnormal/B_001_022_20230822180717_001_004_000_002.jpg,1,abnormal,B_001_022,B_001,B_001_022_20230822,2,train
B_001_022_20230822192917_001_003_000_002.jpg,./data/you_chalk_brood/abnormal/B_001_022_20230822192917_001_003_000_002.jpg,1,abnormal,B_001_022,B_001,B_001_022_20230822,2,train
B_001_022_20230822195648_001_001_000_002.jpg,./data/you_chalk_brood/abnormal/B_001_022_20230822195648_001_001_000_002.jpg,1,abnormal,B_001_022,B_001,B_001_022_20230822,2,train
B_001_022_20230822203520_001_003_000_002.jpg,./data/you_chalk_brood/abnormal/B_001_022_20230822203520_001_003_000_002.jpg,1,abnormal,B_001_022,B_001,B_001_022_20230822,2,test
B_001_023_20230819183645_001_002_000_002.jpg,./data/you_chalk_brood/abnormal/B_001_023_20230819183645_001_002_000_002.jpg,1,abnormal,B_001_023,B_001,B_001_023_20230819,2,train
B_001_023_20230819184110_001_004_000_002.jpg,./data/you_chalk_brood/abnormal/B_001_023_20230819184110_001_004_000_002.jpg,1,abnormal,B_001_023,B_001,B_001_023_20230819,2,train
B_001_023_20230819192810_001_001_000_002.jpg,./data/you_chalk_brood/abnormal/B_001_023_20230819192810_001_001_000_002.jpg,1,abnormal,B_001_023,B_001,B_001_023_20230819,2,test
B_001_023_20230820181455_001_002_000_002.jpg,./data/you_chalk_brood/abnormal/B_001_023_20230820181455_001_002_000_002.jpg,1,abnormal,B_001_023,B_001,B_001_023_20230820,2,train
B_001_023_20230820200148_001_002_000_002.jpg,./data/you_chalk_brood/abnormal/B_001_023_20230820200148_001_002_000_002.jpg,1,abnormal,B_001_023,B_001,B_001_023_20230820,2,train
B_001_023_20230820215512_001_002_000_002.jpg,./data/you_chalk_brood/abnormal/B_001_023_20230820215512_001_002_000_002.jpg,1,abnormal,B_001_023,B_001,B_001_023_20230820,2,val
B_001_023_20230821185401_001_003_000_002.jpg,./data/you_chalk_brood/abnormal/B_001_023_20230821185401_001_003_000_002.jpg,1,abnormal,B_001_023,B_001,B_001_023_20230821,2,val
B_001_023_20230821185657_001_002_000_002.jpg,./data/you_chalk_brood/abnormal/B_001_023_20230821185657_001_002_000_002.jpg,1,abnormal,B_001_023,B_001,B_001_023_20230821,2,val
B_001_023_20230821191604_001_003_000_002.jpg,./data/you_chalk_brood/abnormal/B_001_023_20230821191604_001_003_000_002.jpg,1,abnormal,B_001_023,B_001,B_001_023_20230821,2,test
B_001_023_20230821201810_001_001_000_002.jpg,./data/you_chalk_brood/abnormal/B_001_023_20230821201810_001_001_000_002.jpg,1,abnormal,B_001_023,B_001,B_001_023_20230821,2,test
B_001_023_20230821204321_001_003_000_002.jpg,./data/you_chalk_brood/abnormal/B_001_023_20230821204321_001_003_000_002.jpg,1,abnormal,B_001_023,B_001,B_001_023_20230821,2,test
B_001_023_20230821211637_001_001_000_002.jpg,./data/you_chalk_brood/abnormal/B_001_023_20230821211637_001_001_000_002.jpg,1,abnormal,B_001_023,B_001,B_001_023_20230821,2,train
B_001_023_20230821214758_001_001_000_002.jpg,./data/you_chalk_brood/abnormal/B_001_023_20230821214758_001_001_000_002.jpg,1,abnormal,B_001_023,B_001,B_001_023_20230821,2,train
B_001_023_20230822180801_001_002_000_002.jpg,./data/you_chalk_brood/abnormal/B_001_023_20230822180801_001_002_000_002.jpg,1,abnormal,B_001_023,B_001,B_001_023_20230822,2,test
B_001_023_20230822194809_001_003_000_002.jpg,./data/you_chalk_brood/abnormal/B_001_023_20230822194809_001_003_000_002.jpg,1,abnormal,B_001_023,B_001,B_001_023_20230822,2,test
B_001_023_20230822204612_001_002_000_002.jpg,./data/you_chalk_brood/abnormal/B_001_023_20230822204612_001_002_000_002.jpg,1,abnormal,B_001_023,B_001,B_001_023_20230822,2,test
B_001_023_20230822204908_001_001_000_002.jpg,./data/you_chalk_brood/abnormal/B_001_023_20230822204908_001_001_000_002.jpg,1,abnormal,B_001_023,B_001,B_001_023_20230822,2,train
B_001_023_20230822204908_001_003_000_002.jpg,./data/you_chalk_brood/abnormal/B_001_023_20230822204908_001_003_000_002.jpg,1,abnormal,B_001_023,B_001,B_001_023_20230822,2,train
B_001_023_20230901081926_001_004_000_002.jpg,./data/you_chalk_brood/abnormal/B_001_023_20230901081926_001_004_000_002.jpg,1,abnormal,B_001_023,B_001,B_001_023_20230901,2,val
B_001_024_20230819193316_001_002_000_002.jpg,./data/you_chalk_brood/abnormal/B_001_024_20230819193316_001_002_000_002.jpg,1,abnormal,B_001_024,B_001,B_001_024_20230819,2,train
B_001_024_20230819214942_001_004_000_002.jpg,./data/you_chalk_brood/abnormal/B_001_024_20230819214942_001_004_000_002.jpg,1,abnormal,B_001_024,B_001,B_001_024_20230819,2,test
B_001_024_20230819221207_001_004_000_002.jpg,./data/you_chalk_brood/abnormal/B_001_024_20230819221207_001_004_000_002.jpg,1,abnormal,B_001_024,B_001,B_001_024_20230819,2,val
B_001_024_20230820183009_001_004_000_002.jpg,./data/you_chalk_brood/abnormal/B_001_024_20230820183009_001_004_000_002.jpg,1,abnormal,B_001_024,B_001,B_001_024_20230820,2,test
B_001_024_20230820183138_001_002_000_002.jpg,./data/you_chalk_brood/abnormal/B_001_024_20230820183138_001_002_000_002.jpg,1,abnormal,B_001_024,B_001,B_001_024_20230820,2,test
B_001_024_20230820201033_001_001_000_002.jpg,./data/you_chalk_brood/abnormal/B_001_024_20230820201033_001_001_000_002.jpg,1,abnormal,B_001_024,B_001,B_001_024_20230820,2,train
B_001_024_20230821210628_001_003_000_002.jpg,./data/you_chalk_brood/abnormal/B_001_024_20230821210628_001_003_000_002.jpg,1,abnormal,B_001_024,B_001,B_001_024_20230821,2,test
B_001_024_20230822210557_001_002_000_002.jpg,./data/you_chalk_brood/abnormal/B_001_024_20230822210557_001_002_000_002.jpg,1,abnormal,B_001_024,B_001,B_001_024_20230822,2,val
B_001_024_20230901161707_001_001_000_002.jpg,./data/you_chalk_brood/abnormal/B_001_024_20230901161707_001_001_000_002.jpg,1,abnormal,B_001_024,B_001,B_001_024_20230901,2,train
B_001_025_20230819184744_001_001_000_002.jpg,./data/you_chalk_brood/abnormal/B_001_025_20230819184744_001_001_000_002.jpg,1,abnormal,B_001_025,B_001,B_001_025_20230819,2,val
B_001_025_20230819201612_001_002_000_002.jpg,./data/you_chalk_brood/abnormal/B_001_025_20230819201612_001_002_000_002.jpg,1,abnormal,B_001_025,B_001,B_001_025_20230819,2,train
B_001_025_20230819214733_001_001_000_002.jpg,./data/you_chalk_brood/abnormal/B_001_025_20230819214733_001_001_000_002.jpg,1,abnormal,B_001_025,B_001,B_001_025_20230819,2,train
B_001_025_20230820180322_001_003_000_002.jpg,./data/you_chalk_brood/abnormal/B_001_025_20230820180322_001_003_000_002.jpg,1,abnormal,B_001_025,B_001,B_001_025_20230820,2,test
B_001_025_20230820180742_001_001_000_002.jpg,./data/you_chalk_brood/abnormal/B_001_025_20230820180742_001_001_000_002.jpg,1,abnormal,B_001_025,B_001,B_001_025_20230820,2,train
B_001_025_20230820213042_001_002_000_002.jpg,./data/you_chalk_brood/abnormal/B_001_025_20230820213042_001_002_000_002.jpg,1,abnormal,B_001_025,B_001,B_001_025_20230820,2,train
B_001_025_20230820214925_001_001_000_002.jpg,./data/you_chalk_brood/abnormal/B_001_025_20230820214925_001_001_000_002.jpg,1,abnormal,B_001_025,B_001,B_001_025_20230820,2,val
B_001_025_20230821182341_001_003_000_002.jpg,./data/you_chalk_brood/abnormal/B_001_025_20230821182341_001_003_000_002.jpg,1,abnormal,B_001_025,B_001,B_001_025_20230821,2,train
B_001_025_20230821184441_001_004_000_002.jpg,./data/you_chalk_brood/abnormal/B_001_025_20230821184441_001_004_000_002.jpg,1,abnormal,B_001_025,B_001,B_001_025_20230821,2,train
B_001_025_20230821195514_001_003_000_002.jpg,./data/you_chalk_brood/abnormal/B_001_025_20230821195514_001_003_000_002.jpg,1,abnormal,B_001_025,B_001,B_001_025_20230821,2,test
B_001_025_20230822181642_001_001_000_002.jpg,./data/you_chalk_brood/abnormal/B_001_025_20230822181642_001_001_000_002.jpg,1,abnormal,B_001_025,B_001,B_001_025_20230822,2,train
B_001_025_20230822190640_001_002_000_002.jpg,./data/you_chalk_brood/abnormal/B_001_025_20230822190640_001_002_000_002.jpg,1,abnormal,B_001_025,B_001,B_001_025_20230822,2,test
B_001_025_20230822203442_001_001_000_002.jpg,./data/you_chalk_brood/abnormal/B_001_025_20230822203442_001_001_000_002.jpg,1,abnormal,B_001_025,B_001,B_001_025_20230822,2,test
B_001_025_20230822210136_001_001_000_002.jpg,./data/you_chalk_brood/abnormal/B_001_025_20230822210136_001_001_000_002.jpg,1,abnormal,B_001_025,B_001,B_001_025_20230822,2,train
B_001_025_20230825105412_001_001_000_002.jpg,./data/you_chalk_brood/abnormal/B_001_025_20230825105412_001_001_000_002.jpg,1,abnormal,B_001_025,B_001,B_001_025_20230825,2,test
B_001_025_20230825105505_001_004_000_002.jpg,./data/you_chalk_brood/abnormal/B_001_025_20230825105505_001_004_000_002.jpg,1,abnormal,B_001_025,B_001,B_001_025_20230825,2,train
B_001_025_20230908135705_001_002_000_002.jpg,./data/you_chalk_brood/abnormal/B_001_025_20230908135705_001_002_000_002.jpg,1,abnormal,B_001_025,B_001,B_001_025_20230908,2,train
B_001_026_20230819184409_001_002_000_002.jpg,./data/you_chalk_brood/abnormal/B_001_026_20230819184409_001_002_000_002.jpg,1,abnormal,B_001_026,B_001,B_001_026_20230819,2,train
B_001_026_20230819191048_001_002_000_002.jpg,./data/you_chalk_brood/abnormal/B_001_026_20230819191048_001_002_000_002.jpg,1,abnormal,B_001_026,B_001,B_001_026_20230819,2,val
B_001_026_20230819204339_001_003_000_002.jpg,./data/you_chalk_brood/abnormal/B_001_026_20230819204339_001_003_000_002.jpg,1,abnormal,B_001_026,B_001,B_001_026_20230819,2,test
B_001_026_20230819210443_001_004_000_002.jpg,./data/you_chalk_brood/abnormal/B_001_026_20230819210443_001_004_000_002.jpg,1,abnormal,B_001_026,B_001,B_001_026_20230819,2,test
B_001_026_20230819212206_001_003_000_002.jpg,./data/you_chalk_brood/abnormal/B_001_026_20230819212206_001_003_000_002.jpg,1,abnormal,B_001_026,B_001,B_001_026_20230819,2,train
B_001_026_20230819224400_001_002_000_002.jpg,./data/you_chalk_brood/abnormal/B_001_026_20230819224400_001_002_000_002.jpg,1,abnormal,B_001_026,B_001,B_001_026_20230819,2,test
B_001_026_20230819225030_001_004_000_002.jpg,./data/you_chalk_brood/abnormal/B_001_026_20230819225030_001_004_000_002.jpg,1,abnormal,B_001_026,B_001,B_001_026_20230819,2,test
B_001_026_20230820185707_001_002_000_002.jpg,./data/you_chalk_brood/abnormal/B_001_026_20230820185707_001_002_000_002.jpg,1,abnormal,B_001_026,B_001,B_001_026_20230820,2,val
B_001_026_20230820191219_001_003_000_002.jpg,./data/you_chalk_brood/abnormal/B_001_026_20230820191219_001_003_000_002.jpg,1,abnormal,B_001_026,B_001,B_001_026_20230820,2,test
B_001_026_20230820203340_001_003_000_002.jpg,./data/you_chalk_brood/abnormal/B_001_026_20230820203340_001_003_000_002.jpg,1,abnormal,B_001_026,B_001,B_001_026_20230820,2,val
B_001_026_20230820205723_001_004_000_002.jpg,./data/you_chalk_brood/abnormal/B_001_026_20230820205723_001_004_000_002.jpg,1,abnormal,B_001_026,B_001,B_001_026_20230820,2,train
B_001_026_20230820215433_001_004_000_002.jpg,./data/you_chalk_brood/abnormal/B_001_026_20230820215433_001_004_000_002.jpg,1,abnormal,B_001_026,B_001,B_001_026_20230820,2,train
B_001_026_20230820225230_001_004_000_002.jpg,./data/you_chalk_brood/abnormal/B_001_026_20230820225230_001_004_000_002.jpg,1,abnormal,B_001_026,B_001,B_001_026_20230820,2,train
B_001_026_20230820225525_001_002_000_002.jpg,./data/you_chalk_brood/abnormal/B_001_026_20230820225525_001_002_000_002.jpg,1,abnormal,B_001_026,B_001,B_001_026_20230820,2,train
B_001_026_20230821190129_001_003_000_002.jpg,./data/you_chalk_brood/abnormal/B_001_026_20230821190129_001_003_000_002.jpg,1,abnormal,B_001_026,B_001,B_001_026_20230821,2,test
B_001_026_20230821195432_001_004_000_002.jpg,./data/you_chalk_brood/abnormal/B_001_026_20230821195432_001_004_000_002.jpg,1,abnormal,B_001_026,B_001,B_001_026_20230821,2,train
B_001_026_20230821202445_001_004_000_002.jpg,./data/you_chalk_brood/abnormal/B_001_026_20230821202445_001_004_000_002.jpg,1,abnormal,B_001_026,B_001,B_001_026_20230821,2,train
B_001_026_20230821210006_001_003_000_002.jpg,./data/you_chalk_brood/abnormal/B_001_026_20230821210006_001_003_000_002.jpg,1,abnormal,B_001_026,B_001,B_001_026_20230821,2,train
B_001_026_20230821211134_001_004_000_002.jpg,./data/you_chalk_brood/abnormal/B_001_026_20230821211134_001_004_000_002.jpg,1,abnormal,B_001_026,B_001,B_001_026_20230821,2,test
B_001_027_20230819212758_001_004_000_002.jpg,./data/you_chalk_brood/abnormal/B_001_027_20230819212758_001_004_000_002.jpg,1,abnormal,B_001_027,B_001,B_001_027_20230819,2,val
B_001_027_20230819213727_001_002_000_002.jpg,./data/you_chalk_brood/abnormal/B_001_027_20230819213727_001_002_000_002.jpg,1,abnormal,B_001_027,B_001,B_001_027_20230819,2,train
B_001_027_20230819220712_001_003_000_002.jpg,./data/you_chalk_brood/abnormal/B_001_027_20230819220712_001_003_000_002.jpg,1,abnormal,B_001_027,B_001,B_001_027_20230819,2,test
B_001_027_20230819225239_001_004_000_002.jpg,./data/you_chalk_brood/abnormal/B_001_027_20230819225239_001_004_000_002.jpg,1,abnormal,B_001_027,B_001,B_001_027_20230819,2,train
B_001_027_20230820195816_001_003_000_002.jpg,./data/you_chalk_brood/abnormal/B_001_027_20230820195816_001_003_000_002.jpg,1,abnormal,B_001_027,B_001,B_001_027_20230820,2,train
B_001_027_20230820213211_001_003_000_002.jpg,./data/you_chalk_brood/abnormal/B_001_027_20230820213211_001_003_000_002.jpg,1,abnormal,B_001_027,B_001,B_001_027_20230820,2,train
B_001_027_20230821182853_001_003_000_002.jpg,./data/you_chalk_brood/abnormal/B_001_027_20230821182853_001_003_000_002.jpg,1,abnormal,B_001_027,B_001,B_001_027_20230821,2,test
B_001_027_20230821195434_001_001_000_002.jpg,./data/you_chalk_brood/abnormal/B_001_027_20230821195434_001_001_000_002.jpg,1,abnormal,B_001_027,B_001,B_001_027_20230821,2,train
B_001_027_20230821200726_001_004_000_002.jpg,./data/you_chalk_brood/abnormal/B_001_027_20230821200726_001_004_000_002.jpg,1,abnormal,B_001_027,B_001,B_001_027_20230821,2,test
B_001_027_20230822183330_001_004_000_002.jpg,./data/you_chalk_brood/abnormal/B_001_027_20230822183330_001_004_000_002.jpg,1,abnormal,B_001_027,B_001,B_001_027_20230822,2,val
B_001_027_20230822193429_001_002_000_002.jpg,./data/you_chalk_brood/abnormal/B_001_027_20230822193429_001_002_000_002.jpg,1,abnormal,B_001_027,B_001,B_001_027_20230822,2,test
B_001_027_20230822211147_001_003_000_002.jpg,./data/you_chalk_brood/abnormal/B_001_027_20230822211147_001_003_000_002.jpg,1,abnormal,B_001_027,B_001,B_001_027_20230822,2,val
B_001_028_20230819184917_001_004_000_002.jpg,./data/you_chalk_brood/abnormal/B_001_028_20230819184917_001_004_000_002.jpg,1,abnormal,B_001_028,B_001,B_001_028_20230819,2,test
B_001_028_20230819214151_001_004_000_002.jpg,./data/you_chalk_brood/abnormal/B_001_028_20230819214151_001_004_000_002.jpg,1,abnormal,B_001_028,B_001,B_001_028_20230819,2,train
B_001_028_20230819220919_001_002_000_002.jpg,./data/you_chalk_brood/abnormal/B_001_028_20230819220919_001_002_000_002.jpg,1,abnormal,B_001_028,B_001,B_001_028_20230819,2,train
B_001_028_20230820214512_001_002_000_002.jpg,./data/you_chalk_brood/abnormal/B_001_028_20230820214512_001_002_000_002.jpg,1,abnormal,B_001_028,B_001,B_001_028_20230820,2,train
B_001_028_20230820221033_001_003_000_002.jpg,./data/you_chalk_brood/abnormal/B_001_028_20230820221033_001_003_000_002.jpg,1,abnormal,B_001_028,B_001,B_001_028_20230820,2,train
B_001_028_20230820221913_001_003_000_002.jpg,./data/you_chalk_brood/abnormal/B_001_028_20230820221913_001_003_000_002.jpg,1,abnormal,B_001_028,B_001,B_001_028_20230820,2,test
B_001_028_20230820224058_001_001_000_002.jpg,./data/you_chalk_brood/abnormal/B_001_028_20230820224058_001_001_000_002.jpg,1,abnormal,B_001_028,B_001,B_001_028_20230820,2,train
B_001_028_20230821181251_001_003_000_002.jpg,./data/you_chalk_brood/abnormal/B_001_028_20230821181251_001_003_000_002.jpg,1,abnormal,B_001_028,B_001,B_001_028_20230821,2,train
B_001_028_20230821181929_001_002_000_002.jpg,./data/you_chalk_brood/abnormal/B_001_028_20230821181929_001_002_000_002.jpg,1,abnormal,B_001_028,B_001,B_001_028_20230821,2,val
B_001_028_20230821193543_001_002_000_002.jpg,./data/you_chalk_brood/abnormal/B_001_028_20230821193543_001_002_000_002.jpg,1,abnormal,B_001_028,B_001,B_001_028_20230821,2,train
B_001_028_20230821194215_001_003_000_002.jpg,./data/you_chalk_brood/abnormal/B_001_028_20230821194215_001_003_000_002.jpg,1,abnormal,B_001_028,B_001,B_001_028_20230821,2,test
B_001_028_20230821195807_001_004_000_002.jpg,./data/you_chalk_brood/abnormal/B_001_028_20230821195807_001_004_000_002.jpg,1,abnormal,B_001_028,B_001,B_001_028_20230821,2,val
B_001_028_20230821213249_001_003_000_002.jpg,./data/you_chalk_brood/abnormal/B_001_028_20230821213249_001_003_000_002.jpg,1,abnormal,B_001_028,B_001,B_001_028_20230821,2,val
B_001_028_20230821213417_001_004_000_002.jpg,./data/you_chalk_brood/abnormal/B_001_028_20230821213417_001_004_000_002.jpg,1,abnormal,B_001_028,B_001,B_001_028_20230821,2,test
B_001_028_20230821224558_001_004_000_002.jpg,./data/you_chalk_brood/abnormal/B_001_028_20230821224558_001_004_000_002.jpg,1,abnormal,B_001_028,B_001,B_001_028_20230821,2,train
B_001_028_20230822180724_001_001_000_002.jpg,./data/you_chalk_brood/abnormal/B_001_028_20230822180724_001_001_000_002.jpg,1,abnormal,B_001_028,B_001,B_001_028_20230822,2,test
B_001_028_20230822201002_001_001_000_002.jpg,./data/you_chalk_brood/abnormal/B_001_028_20230822201002_001_001_000_002.jpg,1,abnormal,B_001_028,B_001,B_001_028_20230822,2,val
B_001_028_20230822203404_001_004_000_002.jpg,./data/you_chalk_brood/abnormal/B_001_028_20230822203404_001_004_000_002.jpg,1,abnormal,B_001_028,B_001,B_001_028_20230822,2,test
B_001_028_20230827112304_001_003_000_002.jpg,./data/you_chalk_brood/abnormal/B_001_028_20230827112304_001_003_000_002.jpg,1,abnormal,B_001_028,B_001,B_001_028_20230827,2,test
B_001_028_20230828113508_001_002_000_002.jpg,./data/you_chalk_brood/abnormal/B_001_028_20230828113508_001_002_000_002.jpg,1,abnormal,B_001_028,B_001,B_001_028_20230828,2,train
B_001_028_20230905133633_001_002_000_002.jpg,./data/you_chalk_brood/abnormal/B_001_028_20230905133633_001_002_000_002.jpg,1,abnormal,B_001_028,B_001,B_001_028_20230905,2,train
B_001_029_20230819182731_001_001_000_002.jpg,./data/you_chalk_brood/abnormal/B_001_029_20230819182731_001_001_000_002.jpg,1,abnormal,B_001_029,B_001,B_001_029_20230819,2,train
B_001_029_20230819192605_001_004_000_002.jpg,./data/you_chalk_brood/abnormal/B_001_029_20230819192605_001_004_000_002.jpg,1,abnormal,B_001_029,B_001,B_001_029_20230819,2,train
B_001_029_20230819192902_001_003_000_002.jpg,./data/you_chalk_brood/abnormal/B_001_029_20230819192902_001_003_000_002.jpg,1,abnormal,B_001_029,B_001,B_001_029_20230819,2,train
B_001_029_20230819213225_001_002_000_002.jpg,./data/you_chalk_brood/abnormal/B_001_029_20230819213225_001_002_000_002.jpg,1,abnormal,B_001_029,B_001,B_001_029_20230819,2,test
B_001_029_20230819224952_001_004_000_002.jpg,./data/you_chalk_brood/abnormal/B_001_029_20230819224952_001_004_000_002.jpg,1,abnormal,B_001_029,B_001,B_001_029_20230819,2,train
B_001_029_20230820182434_001_003_000_002.jpg,./data/you_chalk_brood/abnormal/B_001_029_20230820182434_001_003_000_002.jpg,1,abnormal,B_001_029,B_001,B_001_029_20230820,2,test
B_001_029_20230820193630_001_003_000_002.jpg,./data/you_chalk_brood/abnormal/B_001_029_20230820193630_001_003_000_002.jpg,1,abnormal,B_001_029,B_001,B_001_029_20230820,2,train
B_001_029_20230820210355_001_003_000_002.jpg,./data/you_chalk_brood/abnormal/B_001_029_20230820210355_001_003_000_002.jpg,1,abnormal,B_001_029,B_001,B_001_029_20230820,2,test
B_001_029_20230821202956_001_004_000_002.jpg,./data/you_chalk_brood/abnormal/B_001_029_20230821202956_001_004_000_002.jpg,1,abnormal,B_001_029,B_001,B_001_029_20230821,2,train
B_001_029_20230821203412_001_004_000_002.jpg,./data/you_chalk_brood/abnormal/B_001_029_20230821203412_001_004_000_002.jpg,1,abnormal,B_001_029,B_001,B_001_029_20230821,2,val
B_001_029_20230821215429_001_004_000_002.jpg,./data/you_chalk_brood/abnormal/B_001_029_20230821215429_001_004_000_002.jpg,1,abnormal,B_001_029,B_001,B_001_029_20230821,2,test
B_001_029_20230821222038_001_003_000_002.jpg,./data/you_chalk_brood/abnormal/B_001_029_20230821222038_001_003_000_002.jpg,1,abnormal,B_001_029,B_001,B_001_029_20230821,2,val
B_001_029_20230822181353_001_001_000_002.jpg,./data/you_chalk_brood/abnormal/B_001_029_20230822181353_001_001_000_002.jpg,1,abnormal,B_001_029,B_001,B_001_029_20230822,2,test
B_001_029_20230822190814_001_003_000_002.jpg,./data/you_chalk_brood/abnormal/B_001_029_20230822190814_001_003_000_002.jpg,1,abnormal,B_001_029,B_001,B_001_029_20230822,2,train
B_001_029_20230822193854_001_003_000_002.jpg,./data/you_chalk_brood/abnormal/B_001_029_20230822193854_001_003_000_002.jpg,1,abnormal,B_001_029,B_001,B_001_029_20230822,2,train
B_001_029_20230822211738_001_004_000_002.jpg,./data/you_chalk_brood/abnormal/B_001_029_20230822211738_001_004_000_002.jpg,1,abnormal,B_001_029,B_001,B_001_029_20230822,2,train
B_001_029_20230907163334_001_004_000_002.jpg,./data/you_chalk_brood/abnormal/B_001_029_20230907163334_001_004_000_002.jpg,1,abnormal,B_001_029,B_001,B_001_029_20230907,2,train
B_001_030_20230819214319_001_001_000_002.jpg,./data/you_chalk_brood/abnormal/B_001_030_20230819214319_001_001_000_002.jpg,1,abnormal,B_001_030,B_001,B_001_030_20230819,2,train
B_001_030_20230819215031_001_001_000_002.jpg,./data/you_chalk_brood/abnormal/B_001_030_20230819215031_001_001_000_002.jpg,1,abnormal,B_001_030,B_001,B_001_030_20230819,2,test
B_001_030_20230821215640_001_001_000_002.jpg,./data/you_chalk_brood/abnormal/B_001_030_20230821215640_001_001_000_002.jpg,1,abnormal,B_001_030,B_001,B_001_030_20230821,2,test
B_001_030_20230908143537_001_002_000_002.jpg,./data/you_chalk_brood/abnormal/B_001_030_20230908143537_001_002_000_002.jpg,1,abnormal,B_001_030,B_001,B_001_030_20230908,2,train
B_001_001_20230905140435_001_002_000_000.jpg,./data/you_chalk_brood/normal/B_001_001_20230905140435_001_002_000_000.jpg,0,normal,B_001_001,B_001,B_001_001_20230905,2,train
B_001_001_20230907110744_001_003_000_000.jpg,./data/you_chalk_brood/normal/B_001_001_20230907110744_001_003_000_000.jpg,0,normal,B_001_001,B_001,B_001_001_20230907,2,test
B_001_001_20230907111158_001_004_000_000.jpg,./data/you_chalk_brood/normal/B_001_001_20230907111158_001_004_000_000.jpg,0,normal,B_001_001,B_001,B_001_001_20230907,2,val
B_001_001_20230909115725_001_003_000_000.jpg,./data/you_chalk_brood/normal/B_001_001_20230909115725_001_003_000_000.jpg,0,normal,B_001_001,B_001,B_001_001_20230909,2,train
B_001_001_20230910105435_001_003_000_000.jpg,./data/you_chalk_brood/normal/B_001_001_20230910105435_001_003_000_000.jpg,0,normal,B_001_001,B_001,B_001_001_20230910,2,train
B_001_002_20230819140159_001_003_000_000.jpg,./data/you_chalk_brood/normal/B_001_002_20230819140159_001_003_000_000.jpg,0,normal,B_001_002,B_001,B_001_002_20230819,2,test
B_001_002_20230825081614_001_001_000_000.jpg,./data/you_chalk_brood/normal/B_001_002_20230825081614_001_001_000_000.jpg,0,normal,B_001_002,B_001,B_001_002_20230825,2,test
B_001_002_20230904140309_001_003_000_000.jpg,./data/you_chalk_brood/normal/B_001_002_20230904140309_001_003_000_000.jpg,0,normal,B_001_002,B_001,B_001_002_20230904,2,test
B_001_002_20230904140356_001_004_000_000.jpg,./data/you_chalk_brood/normal/B_001_002_20230904140356_001_004_000_000.jpg,0,normal,B_001_002,B_001,B_001_002_20230904,2,test
B_001_002_20230908145202_001_001_000_000.jpg,./data/you_chalk_brood/normal/B_001_002_20230908145202_001_001_000_000.jpg,0,normal,B_001_002,B_001,B_001_002_20230908,2,train
B_001_003_20230823082835_001_004_000_000.jpg,./data/you_chalk_brood/normal/B_001_003_20230823082835_001_004_000_000.jpg,0,normal,B_001_003,B_001,B_001_003_20230823,2,train
B_001_003_20230823082924_001_002_000_000.jpg,./data/you_chalk_brood/normal/B_001_003_20230823082924_001_002_000_000.jpg,0,normal,B_001_003,B_001,B_001_003_20230823,2,train
B_001_003_20230823134318_001_002_000_000.jpg,./data/you_chalk_brood/normal/B_001_003_20230823134318_001_002_000_000.jpg,0,normal,B_001_003,B_001,B_001_003_20230823,2,train
B_001_003_20230825082123_001_004_000_000.jpg,./data/you_chalk_brood/normal/B_001_003_20230825082123_001_004_000_000.jpg,0,normal,B_001_003,B_001,B_001_003_20230825,2,test
B_001_003_20230825131745_001_003_000_000.jpg,./data/you_chalk_brood/normal/B_001_003_20230825131745_001_003_000_000.jpg,0,normal,B_001_003,B_001,B_001_003_20230825,2,test
B_001_003_20230829090024_001_001_000_000.jpg,./data/you_chalk_brood/normal/B_001_003_20230829090024_001_001_000_000.jpg,0,normal,B_001_003,B_001,B_001_003_20230829,2,test
B_001_003_20230829131553_001_003_000_000.jpg,./data/you_chalk_brood/normal/B_001_003_20230829131553_001_003_000_000.jpg,0,normal,B_001_003,B_001,B_001_003_20230829,2,val
B_001_004_20230904142118_001_002_000_000.jpg,./data/you_chalk_brood/normal/B_001_004_20230904142118_001_002_000_000.jpg,0,normal,B_001_004,B_001,B_001_004_20230904,2,test
B_001_004_20230910113658_001_004_000_000.jpg,./data/you_chalk_brood/normal/B_001_004_20230910113658_001_004_000_000.jpg,0,normal,B_001_004,B_001,B_001_004_20230910,2,train
B_001_004_20230910113855_001_004_000_000.jpg,./data/you_chalk_brood/normal/B_001_004_20230910113855_001_004_000_000.jpg,0,normal,B_001_004,B_001,B_001_004_20230910,2,train
B_001_005_20230820200754_001_004_000_000.jpg,./data/you_chalk_brood/normal/B_001_005_20230820200754_001_004_000_000.jpg,0,normal,B_001_005,B_001,B_001_005_20230820,2,train
B_001_005_20230821090757_001_003_000_000.jpg,./data/you_chalk_brood/normal/B_001_005_20230821090757_001_003_000_000.jpg,0,normal,B_001_005,B_001,B_001_005_20230821,2,test
B_001_005_20230825083223_001_003_000_000.jpg,./data/you_chalk_brood/normal/B_001_005_20230825083223_001_003_000_000.jpg,0,normal,B_001_005,B_001,B_001_005_20230825,2,train
B_001_005_20230827132449_001_003_000_000.jpg,./data/you_chalk_brood/normal/B_001_005_20230827132449_001_003_000_000.jpg,0,normal,B_001_005,B_001,B_001_005_20230827,2,val
B_001_005_20230907120004_001_002_000_000.jpg,./data/you_chalk_brood/normal/B_001_005_20230907120004_001_002_000_000.jpg,0,normal,B_001_005,B_001,B_001_005_20230907,2,val
B_001_005_20230908090123_001_003_000_000.jpg,./data/you_chalk_brood/normal/B_001_005_20230908090123_001_003_000_000.jpg,0,normal,B_001_005,B_001,B_001_005_20230908,2,train
B_001_005_20230910114953_001_004_000_000.jpg,./data/you_chalk_brood/normal/B_001_005_20230910114953_001_004_000_000.jpg,0,normal,B_001_005,B_001,B_001_005_20230910,2,test
B_001_006_20230823135709_001_002_000_000.jpg,./data/you_chalk_brood/normal/B_001_006_20230823135709_001_002_000_000.jpg,0,normal,B_001_006,B_001,B_001_006_20230823,2,test
B_001_006_20230824083226_001_002_000_000.jpg,./data/you_chalk_brood/normal/B_001_006_20230824083226_001_002_000_000.jpg,0,normal,B_001_006,B_001,B_001_006_20230824,2,test
B_001_006_20230825133313_001_002_000_000.jpg,./data/you_chalk_brood/normal/B_001_006_20230825133313_001_002_000_000.jpg,0,normal,B_001_006,B_001,B_001_006_20230825,2,test
B_001_006_20230825133534_001_004_000_000.jpg,./data/you_chalk_brood/normal/B_001_006_20230825133534_001_004_000_000.jpg,0,normal,B_001_006,B_001,B_001_006_20230825,2,train
B_001_006_20230828082609_001_002_000_000.jpg,./data/you_chalk_brood/normal/B_001_006_20230828082609_001_002_000_000.jpg,0,normal,B_001_006,B_001,B_001_006_20230828,2,train
B_001_006_20230904143736_001_004_000_000.jpg,./data/you_chalk_brood/normal/B_001_006_20230904143736_001_004_000_000.jpg,0,normal,B_001_006,B_001,B_001_006_20230904,2,train
B_001_006_20230904143746_001_004_000_000.jpg,./data/you_chalk_brood/normal/B_001_006_20230904143746_001_004_000_000.jpg,0,normal,B_001_006,B_001,B_001_006_20230904,2,train
B_001_006_20230909133859_001_002_000_000.jpg,./data/you_chalk_brood/normal/B_001_006_20230909133859_001_002_000_000.jpg,0,normal,B_001_006,B_001,B_001_006_20230909,2,test
B_001_006_20230910115820_001_004_000_000.jpg,./data/you_chalk_brood/normal/B_001_006_20230910115820_001_004_000_000.jpg,0,normal,B_001_006,B_001,B_001_006_20230910,2,val
B_001_007_20230826090335_001_001_000_000.jpg,./data/you_chalk_brood/normal/B_001_007_20230826090335_001_001_000_000.jpg,0,normal,B_001_007,B_001,B_001_007_20230826,2,val
B_001_007_20230906083655_001_003_000_000.jpg,./data/you_chalk_brood/normal/B_001_007_20230906083655_001_003_000_000.jpg,0,normal,B_001_007,B_001,B_001_007_20230906,2,train
B_001_007_20230906151913_001_001_000_000.jpg,./data/you_chalk_brood/normal/B_001_007_20230906151913_001_001_000_000.jpg,0,normal,B_001_007,B_001,B_001_007_20230906,2,train
B_001_007_20230906152056_001_004_000_000.jpg,./data/you_chalk_brood/normal/B_001_007_20230906152056_001_004_000_000.jpg,0,normal,B_001_007,B_001,B_001_007_20230906,2,train
B_001_008_20230908093637_001_001_000_000.jpg,./data/you_chalk_brood/normal/B_001_008_20230908093637_001_001_000_000.jpg,0,normal,B_001_008,B_001,B_001_008_20230908,2,train
B_001_008_20230910135329_001_001_000_000.jpg,./data/you_chalk_brood/normal/B_001_008_20230910135329_001_001_000_000.jpg,0,normal,B_001_008,B_001,B_001_008_20230910,2,train
B_001_008_20230910135407_001_003_000_000.jpg,./data/you_chalk_brood/normal/B_001_008_20230910135407_001_003_000_000.jpg,0,normal,B_001_008,B_001,B_001_008_20230910,2,train
B_001_009_20230825135357_001_002_000_000.jpg,./data/you_chalk_brood/normal/B_001_009_20230825135357_001_002_000_000.jpg,0,normal,B_001_009,B_001,B_001_009_20230825,2,train
B_001_009_20230909140014_001_003_000_000.jpg,./data/you_chalk_brood/normal/B_001_009_20230909140014_001_003_000_000.jpg,0,normal,B_001_009,B_001,B_001_009_20230909,2,test
B_001_010_20230826135654_001_003_000_000.jpg,./data/you_chalk_brood/normal/B_001_010_20230826135654_001_003_000_000.jpg,0,normal,B_001_010,B_001,B_001_010_20230826,2,test
B_001_010_20230829140515_001_004_000_000.jpg,./data/you_chalk_brood/normal/B_001_010_20230829140515_001_004_000_000.jpg,0,normal,B_001_010,B_001,B_001_010_20230829,2,test
B_001_010_20230906091357_001_003_000_000.jpg,./data/you_chalk_brood/normal/B_001_010_20230906091357_001_003_000_000.jpg,0,normal,B_001_010,B_001,B_001_010_20230906,2,train
B_001_010_20230910140224_001_003_000_000.jpg,./data/you_chalk_brood/normal/B_001_010_20230910140224_001_003_000_000.jpg,0,normal,B_001_010,B_001,B_001_010_20230910,2,test
B_001_011_20230819151024_001_002_000_000.jpg,./data/you_chalk_brood/normal/B_001_011_20230819151024_001_002_000_000.jpg,0,normal,B_001_011,B_001,B_001_011_20230819,2,train
B_001_011_20230904153336_001_001_000_000.jpg,./data/you_chalk_brood/normal/B_001_011_20230904153336_001_001_000_000.jpg,0,normal,B_001_011,B_001,B_001_011_20230904,2,train
B_001_011_20230908163546_001_002_000_000.jpg,./data/you_chalk_brood/normal/B_001_011_20230908163546_001_002_000_000.jpg,0,normal,B_001_011,B_001,B_001_011_20230908,2,test
B_001_011_20230909142653_001_003_000_000.jpg,./data/you_chalk_brood/normal/B_001_011_20230909142653_001_003_000_000.jpg,0,normal,B_001_011,B_001,B_001_011_20230909,2,train
B_001_011_20230910141026_001_001_000_000.jpg,./data/you_chalk_brood/normal/B_001_011_20230910141026_001_001_000_000.jpg,0,normal,B_001_011,B_001,B_001_011_20230910,2,test
B_001_012_20230819151849_001_001_000_000.jpg,./data/you_chalk_brood/normal/B_001_012_20230819151849_001_001_000_000.jpg,0,normal,B_001_012,B_001,B_001_012_20230819,2,train
B_001_012_20230820115323_001_002_000_000.jpg,./data/you_chalk_brood/normal/B_001_012_20230820115323_001_002_000_000.jpg,0,normal,B_001_012,B_001,B_001_012_20230820,2,val
B_001_012_20230824141239_001_002_000_000.jpg,./data/you_chalk_brood/normal/B_001_012_20230824141239_001_002_000_000.jpg,0,normal,B_001_012,B_001,B_001_012_20230824,2,train
B_001_012_20230826143225_001_002_000_000.jpg,./data/you_chalk_brood/normal/B_001_012_20230826143225_001_002_000_000.jpg,0,normal,B_001_012,B_001,B_001_012_20230826,2,train
B_001_012_20230826143225_001_003_000_000.jpg,./data/you_chalk_brood/normal/B_001_012_20230826143225_001_003_000_000.jpg,0,normal,B_001_012,B_001,B_001_012_20230826,2,train
B_001_012_20230901132221_001_003_000_000.jpg,./data/you_chalk_brood/normal/B_001_012_20230901132221_001_003_000_000.jpg,0,normal,B_001_012,B_001,B_001_012_20230901,2,train
B_001_012_20230904153959_001_003_000_000.jpg,./data/you_chalk_brood/normal/B_001_012_20230904153959_001_003_000_000.jpg,0,normal,B_001_012,B_001,B_001_012_20230904,2,train
B_001_012_20230907142616_001_001_000_000.jpg,./data/you_chalk_brood/normal/B_001_012_20230907142616_001_001_000_000.jpg,0,normal,B_001_012,B_001,B_001_012_20230907,2,val
B_001_012_20230907142834_001_004_000_000.jpg,./data/you_chalk_brood/normal/B_001_012_20230907142834_001_004_000_000.jpg,0,normal,B_001_012,B_001,B_001_012_20230907,2,test
B_001_012_20230907142940_001_001_000_000.jpg,./data/you_chalk_brood/normal/B_001_012_20230907142940_001_001_000_000.jpg,0,normal,B_001_012,B_001,B_001_012_20230907,2,test
B_001_012_20230908105653_001_002_000_000.jpg,./data/you_chalk_brood/normal/B_001_012_20230908105653_001_002_000_000.jpg,0,normal,B_001_012,B_001,B_001_012_20230908,2,train
B_001_012_20230908163635_001_001_000_000.jpg,./data/you_chalk_brood/normal/B_001_012_20230908163635_001_001_000_000.jpg,0,normal,B_001_012,B_001,B_001_012_20230908,2,train
B_001_012_20230909142748_001_004_000_000.jpg,./data/you_chalk_brood/normal/B_001_012_20230909142748_001_004_000_000.jpg,0,normal,B_001_012,B_001,B_001_012_20230909,2,test
B_001_013_20230901133944_001_003_000_000.jpg,./data/you_chalk_brood/normal/B_001_013_20230901133944_001_003_000_000.jpg,0,normal,B_001_013,B_001,B_001_013_20230901,2,val
B_001_013_20230910142250_001_004_000_000.jpg,./data/you_chalk_brood/normal/B_001_013_20230910142250_001_004_000_000.jpg,0,normal,B_001_013,B_001,B_001_013_20230910,2,train
B_001_014_20230831095145_001_001_000_000.jpg,./data/you_chalk_brood/normal/B_001_014_20230831095145_001_001_000_000.jpg,0,normal,B_001_014,B_001,B_001_014_20230831,2,train
B_001_014_20230908111304_001_003_000_000.jpg,./data/you_chalk_brood/normal/B_001_014_20230908111304_001_003_000_000.jpg,0,normal,B_001_014,B_001,B_001_014_20230908,2,test
B_001_014_20230908111924_001_001_000_000.jpg,./data/you_chalk_brood/normal/B_001_014_20230908111924_001_001_000_000.jpg,0,normal,B_001_014,B_001,B_001_014_20230908,2,test
B_001_014_20230909144845_001_001_000_000.jpg,./data/you_chalk_brood/normal/B_001_014_20230909144845_001_001_000_000.jpg,0,normal,B_001_014,B_001,B_001_014_20230909,2,train
B_001_015_20230831152816_001_004_000_000.jpg,./data/you_chalk_brood/normal/B_001_015_20230831152816_001_004_000_000.jpg,0,normal,B_001_015,B_001,B_001_015_20230831,2,train
B_001_015_20230902112524_001_003_000_000.jpg,./data/you_chalk_brood/normal/B_001_015_20230902112524_001_003_000_000.jpg,0,normal,B_001_015,B_001,B_001_015_20230902,2,test
B_001_015_20230909082731_001_004_000_000.jpg,./data/you_chalk_brood/normal/B_001_015_20230909082731_001_004_000_000.jpg,0,normal,B_001_015,B_001,B_001_015_20230909,2,val
B_001_015_20230909145357_001_002_000_000.jpg,./data/you_chalk_brood/normal/B_001_015_20230909145357_001_002_000_000.jpg,0,normal,B_001_015,B_001,B_001_015_20230909,2,val
B_001_016_20230906163226_001_002_000_000.jpg,./data/you_chalk_brood/normal/B_001_016_20230906163226_001_002_000_000.jpg,0,normal,B_001_016,B_001,B_001_016_20230906,2,val
B_001_018_20230826103249_001_003_000_000.jpg,./data/you_chalk_brood/normal/B_001_018_20230826103249_001_003_000_000.jpg,0,normal,B_001_018,B_001,B_001_018_20230826,2,train
B_001_018_20230826152230_001_001_000_000.jpg,./data/you_chalk_brood/normal/B_001_018_20230826152230_001_001_000_000.jpg,0,normal,B_001_018,B_001,B_001_018_20230826,2,val
B_001_018_20230827100708_001_003_000_000.jpg,./data/you_chalk_brood/normal/B_001_018_20230827100708_001_003_000_000.jpg,0,normal,B_001_018,B_001,B_001_018_20230827,2,val
B_001_018_20230827151426_001_001_000_000.jpg,./data/you_chalk_brood/normal/B_001_018_20230827151426_001_001_000_000.jpg,0,normal,B_001_018,B_001,B_001_018_20230827,2,test
B_001_018_20230827151808_001_004_000_000.jpg,./data/you_chalk_brood/normal/B_001_018_20230827151808_001_004_000_000.jpg,0,normal,B_001_018,B_001,B_001_018_20230827,2,val
B_001_018_20230830131904_001_004_000_000.jpg,./data/you_chalk_brood/normal/B_001_018_20230830131904_001_004_000_000.jpg,0,normal,B_001_018,B_001,B_001_018_20230830,2,train
B_001_018_20230909085843_001_004_000_000.jpg,./data/you_chalk_brood/normal/B_001_018_20230909085843_001_004_000_000.jpg,0,normal,B_001_018,B_001,B_001_018_20230909,2,train
B_001_019_20230823160925_001_003_000_000.jpg,./data/you_chalk_brood/normal/B_001_019_20230823160925_001_003_000_000.jpg,0,normal,B_001_019,B_001,B_001_019_20230823,2,train
B_001_019_20230824101340_001_001_000_000.jpg,./data/you_chalk_brood/normal/B_001_019_20230824101340_001_001_000_000.jpg,0,normal,B_001_019,B_001,B_001_019_20230824,2,val
B_001_019_20230824101352_001_003_000_000.jpg,./data/you_chalk_brood/normal/B_001_019_20230824101352_001_003_000_000.jpg,0,normal,B_001_019,B_001,B_001_019_20230824,2,train
B_001_019_20230824151340_001_004_000_000.jpg,./data/you_chalk_brood/normal/B_001_019_20230824151340_001_004_000_000.jpg,0,normal,B_001_019,B_001,B_001_019_20230824,2,train
B_001_019_20230825102333_001_002_000_000.jpg,./data/you_chalk_brood/normal/B_001_019_20230825102333_001_002_000_000.jpg,0,normal,B_001_019,B_001,B_001_019_20230825,2,train
B_001_019_20230828153457_001_004_000_000.jpg,./data/you_chalk_brood/normal/B_001_019_20230828153457_001_004_000_000.jpg,0,normal,B_001_019,B_001,B_001_019_20230828,2,test
B_001_019_20230904163710_001_002_000_000.jpg,./data/you_chalk_brood/normal/B_001_019_20230904163710_001_002_000_000.jpg,0,normal,B_001_019,B_001,B_001_019_20230904,2,test
B_001_019_20230906113636_001_002_000_000.jpg,./data/you_chalk_brood/normal/B_001_019_20230906113636_001_002_000_000.jpg,0,normal,B_001_019,B_001,B_001_019_20230906,2,val
B_001_019_20230906165336_001_001_000_000.jpg,./data/you_chalk_brood/normal/B_001_019_20230906165336_001_001_000_000.jpg,0,normal,B_001_019,B_001,B_001_019_20230906,2,train
B_001_020_20230907082431_001_004_000_000.jpg,./data/you_chalk_brood/normal/B_001_020_20230907082431_001_004_000_000.jpg,0,normal,B_001_020,B_001,B_001_020_20230907,2,val
B_001_020_20230907082614_001_003_000_000.jpg,./data/you_chalk_brood/normal/B_001_020_20230907082614_001_003_000_000.jpg,0,normal,B_001_020,B_001,B_001_020_20230907,2,train
B_001_021_20230910084354_001_001_000_000.jpg,./data/you_chalk_brood/normal/B_001_021_20230910084354_001_001_000_000.jpg,0,normal,B_001_021,B_001,B_001_021_20230910,2,train
B_001_021_20230910153211_001_001_000_000.jpg,./data/you_chalk_brood/normal/B_001_021_20230910153211_001_001_000_000.jpg,0,normal,B_001_021,B_001,B_001_021_20230910,2,train
B_001_021_20230910153249_001_002_000_000.jpg,./data/you_chalk_brood/normal/B_001_021_20230910153249_001_002_000_000.jpg,0,normal,B_001_021,B_001,B_001_021_20230910,2,test
B_001_021_20230910153637_001_004_000_000.jpg,./data/you_chalk_brood/normal/B_001_021_20230910153637_001_004_000_000.jpg,0,normal,B_001_021,B_001,B_001_021_20230910,2,train
B_001_022_20230824102655_001_004_000_000.jpg,./data/you_chalk_brood/normal/B_001_022_20230824102655_001_004_000_000.jpg,0,normal,B_001_022,B_001,B_001_022_20230824,2,train
B_001_022_20230824103008_001_001_000_000.jpg,./data/you_chalk_brood/normal/B_001_022_20230824103008_001_001_000_000.jpg,0,normal,B_001_022,B_001,B_001_022_20230824,2,test
B_001_022_20230826154804_001_003_000_000.jpg,./data/you_chalk_brood/normal/B_001_022_20230826154804_001_003_000_000.jpg,0,normal,B_001_022,B_001,B_001_022_20230826,2,train
B_001_022_20230905081518_001_001_000_000.jpg,./data/you_chalk_brood/normal/B_001_022_20230905081518_001_001_000_000.jpg,0,normal,B_001_022,B_001,B_001_022_20230905,2,test
B_001_022_20230908133419_001_002_000_000.jpg,./data/you_chalk_brood/normal/B_001_022_20230908133419_001_002_000_000.jpg,0,normal,B_001_022,B_001,B_001_022_20230908,2,val
B_001_022_20230908134025_001_001_000_000.jpg,./data/you_chalk_brood/normal/B_001_022_20230908134025_001_001_000_000.jpg,0,normal,B_001_022,B_001,B_001_022_20230908,2,train
B_001_022_20230910084719_001_001_000_000.jpg,./data/you_chalk_brood/normal/B_001_022_20230910084719_001_001_000_000.jpg,0,normal,B_001_022,B_001,B_001_022_20230910,2,train
B_001_023_20230820090148_001_001_000_000.jpg,./data/you_chalk_brood/normal/B_001_023_20230820090148_001_001_000_000.jpg,0,normal,B_001_023,B_001,B_001_023_20230820,2,train
B_001_023_20230821111634_001_002_000_000.jpg,./data/you_chalk_brood/normal/B_001_023_20230821111634_001_002_000_000.jpg,0,normal,B_001_023,B_001,B_001_023_20230821,2,train
B_001_023_20230907155815_001_003_000_000.jpg,./data/you_chalk_brood/normal/B_001_023_20230907155815_001_003_000_000.jpg,0,normal,B_001_023,B_001,B_001_023_20230907,2,train
B_001_023_20230910090617_001_003_000_000.jpg,./data/you_chalk_brood/normal/B_001_023_20230910090617_001_003_000_000.jpg,0,normal,B_001_023,B_001,B_001_023_20230910,2,train
B_001_023_20230910154640_001_004_000_000.jpg,./data/you_chalk_brood/normal/B_001_023_20230910154640_001_004_000_000.jpg,0,normal,B_001_023,B_001,B_001_023_20230910,2,train
B_001_023_20230910154714_001_002_000_000.jpg,./data/you_chalk_brood/normal/B_001_023_20230910154714_001_002_000_000.jpg,0,normal,B_001_023,B_001,B_001_023_20230910,2,train
B_001_023_20230910155035_001_001_000_000.jpg,./data/you_chalk_brood/normal/B_001_023_20230910155035_001_001_000_000.jpg,0,normal,B_001_023,B_001,B_001_023_20230910,2,val
B_001_024_20230909102810_001_003_000_000.jpg,./data/you_chalk_brood/normal/B_001_024_20230909102810_001_003_000_000.jpg,0,normal,B_001_024,B_001,B_001_024_20230909,2,train
B_001_024_20230909162709_001_003_000_000.jpg,./data/you_chalk_brood/normal/B_001_024_20230909162709_001_003_000_000.jpg,0,normal,B_001_024,B_001,B_001_024_20230909,2,train
B_001_024_20230910155651_001_002_000_000.jpg,./data/you_chalk_brood/normal/B_001_024_20230910155651_001_002_000_000.jpg,0,normal,B_001_024,B_001,B_001_024_20230910,2,train
B_001_025_20230907161202_001_001_000_000.jpg,./data/you_chalk_brood/normal/B_001_025_20230907161202_001_001_000_000.jpg,0,normal,B_001_025,B_001,B_001_025_20230907,2,train
B_001_025_20230907161231_001_001_000_000.jpg,./data/you_chalk_brood/normal/B_001_025_20230907161231_001_001_000_000.jpg,0,normal,B_001_025,B_001,B_001_025_20230907,2,train
B_001_025_20230909104609_001_003_000_000.jpg,./data/you_chalk_brood/normal/B_001_025_20230909104609_001_003_000_000.jpg,0,normal,B_001_025,B_001,B_001_025_20230909,2,train
B_001_025_20230910092131_001_001_000_000.jpg,./data/you_chalk_brood/normal/B_001_025_20230910092131_001_001_000_000.jpg,0,normal,B_001_025,B_001,B_001_025_20230910,2,val
B_001_025_20230910092353_001_004_000_000.jpg,./data/you_chalk_brood/normal/B_001_025_20230910092353_001_004_000_000.jpg,0,normal,B_001_025,B_001,B_001_025_20230910,2,val
B_001_026_20230904131603_001_002_000_000.jpg,./data/you_chalk_brood/normal/B_001_026_20230904131603_001_002_000_000.jpg,0,normal,B_001_026,B_001,B_001_026_20230904,2,test
B_001_026_20230905103502_001_004_000_000.jpg,./data/you_chalk_brood/normal/B_001_026_20230905103502_001_004_000_000.jpg,0,normal,B_001_026,B_001,B_001_026_20230905,2,train
B_001_026_20230905103507_001_002_000_000.jpg,./data/you_chalk_brood/normal/B_001_026_20230905103507_001_002_000_000.jpg,0,normal,B_001_026,B_001,B_001_026_20230905,2,train
B_001_026_20230905103704_001_004_000_000.jpg,./data/you_chalk_brood/normal/B_001_026_20230905103704_001_004_000_000.jpg,0,normal,B_001_026,B_001,B_001_026_20230905,2,val
B_001_026_20230905103906_001_004_000_000.jpg,./data/you_chalk_brood/normal/B_001_026_20230905103906_001_004_000_000.jpg,0,normal,B_001_026,B_001,B_001_026_20230905,2,test
B_001_027_20230825112011_001_002_000_000.jpg,./data/you_chalk_brood/normal/B_001_027_20230825112011_001_002_000_000.jpg,0,normal,B_001_027,B_001,B_001_027_20230825,2,test
B_001_027_20230829112851_001_002_000_000.jpg,./data/you_chalk_brood/normal/B_001_027_20230829112851_001_002_000_000.jpg,0,normal,B_001_027,B_001,B_001_027_20230829,2,train
B_001_027_20230909110210_001_002_000_000.jpg,./data/you_chalk_brood/normal/B_001_027_20230909110210_001_002_000_000.jpg,0,normal,B_001_027,B_001,B_001_027_20230909,2,test
B_001_028_20230824110025_001_003_000_000.jpg,./data/you_chalk_brood/normal/B_001_028_20230824110025_001_003_000_000.jpg,0,normal,B_001_028,B_001,B_001_028_20230824,2,train
B_001_028_20230825164058_001_003_000_000.jpg,./data/you_chalk_brood/normal/B_001_028_20230825164058_001_003_000_000.jpg,0,normal,B_001_028,B_001,B_001_028_20230825,2,test
B_001_028_20230826164149_001_004_000_000.jpg,./data/you_chalk_brood/normal/B_001_028_20230826164149_001_004_000_000.jpg,0,normal,B_001_028,B_001,B_001_028_20230826,2,train
B_001_028_20230827163459_001_001_000_000.jpg,./data/you_chalk_brood/normal/B_001_028_20230827163459_001_001_000_000.jpg,0,normal,B_001_028,B_001,B_001_028_20230827,2,train
B_001_028_20230831130614_001_004_000_000.jpg,./data/you_chalk_brood/normal/B_001_028_20230831130614_001_004_000_000.jpg,0,normal,B_001_028,B_001,B_001_028_20230831,2,test
B_001_028_20230907162943_001_003_000_000.jpg,./data/you_chalk_brood/normal/B_001_028_20230907162943_001_003_000_000.jpg,0,normal,B_001_028,B_001,B_001_028_20230907,2,train
B_001_029_20230822113144_001_001_000_000.jpg,./data/you_chalk_brood/normal/B_001_029_20230822113144_001_001_000_000.jpg,0,normal,B_001_029,B_001,B_001_029_20230822,2,test
B_001_029_20230907102218_001_004_000_000.jpg,./data/you_chalk_brood/normal/B_001_029_20230907102218_001_004_000_000.jpg,0,normal,B_001_029,B_001,B_001_029_20230907,2,test
B_001_029_20230907103847_001_002_000_000.jpg,./data/you_chalk_brood/normal/B_001_029_20230907103847_001_002_000_000.jpg,0,normal,B_001_029,B_001,B_001_029_20230907,2,test
B_001_029_20230907163310_001_002_000_000.jpg,./data/you_chalk_brood/normal/B_001_029_20230907163310_001_002_000_000.jpg,0,normal,B_001_029,B_001,B_001_029_20230907,2,test
B_001_029_20230907163319_001_001_000_000.jpg,./data/you_chalk_brood/normal/B_001_029_20230907163319_001_001_000_000.jpg,0,normal,B_001_029,B_001,B_001_029_20230907,2,train
B_001_029_20230909113306_001_001_000_000.jpg,./data/you_chalk_brood/normal/B_001_029_20230909113306_001_001_000_000.jpg,0,normal,B_001_029,B_001,B_001_029_20230909,2,train
B_001_030_20230905135551_001_001_000_000.jpg,./data/you_chalk_brood/normal/B_001_030_20230905135551_001_001_000_000.jpg,0,normal,B_001_030,B_001,B_001_030_20230905,2,test
B_001_030_20230906141225_001_004_000_000.jpg,./data/you_chalk_brood/normal/B_001_030_20230906141225_001_004_000_000.jpg,0,normal,B_001_030,B_001,B_001_030_20230906,2,test
B_001_030_20230910104623_001_001_000_000.jpg,./data/you_chalk_brood/normal/B_001_030_20230910104623_001_001_000_000.jpg,0,normal,B_001_030,B_001,B_001_030_20230910,2,val
C_001_001_20230831140409_001_001_000_000.jpg,./data/you_chalk_brood/normal/C_001_001_20230831140409_001_001_000_000.jpg,0,normal,C_001_001,C_001,C_001_001_20230831,2,train
C_001_002_20230829145715_001_001_000_000.jpg,./data/you_chalk_brood/normal/C_001_002_20230829145715_001_001_000_000.jpg,0,normal,C_001_002,C_001,C_001_002_20230829,2,train
C_001_002_20230829145737_001_001_000_000.jpg,./data/you_chalk_brood/normal/C_001_002_20230829145737_001_001_000_000.jpg,0,normal,C_001_002,C_001,C_001_002_20230829,2,test
C_001_005_20230821171650_001_001_000_000.jpg,./data/you_chalk_brood/normal/C_001_005_20230821171650_001_001_000_000.jpg,0,normal,C_001_005,C_001,C_001_005_20230821,2,test
C_001_005_20230821171952_001_001_000_000.jpg,./data/you_chalk_brood/normal/C_001_005_20230821171952_001_001_000_000.jpg,0,normal,C_001_005,C_001,C_001_005_20230821,2,val
C_001_005_20230821172456_001_001_000_000.jpg,./data/you_chalk_brood/normal/C_001_005_20230821172456_001_001_000_000.jpg,0,normal,C_001_005,C_001,C_001_005_20230821,2,test
C_001_005_20230821172540_001_001_000_000.jpg,./data/you_chalk_brood/normal/C_001_005_20230821172540_001_001_000_000.jpg,0,normal,C_001_005,C_001,C_001_005_20230821,2,train
C_001_005_20230821175515_001_001_000_000.jpg,./data/you_chalk_brood/normal/C_001_005_20230821175515_001_001_000_000.jpg,0,normal,C_001_005,C_001,C_001_005_20230821,2,train
C_001_005_20230821181255_001_001_000_000.jpg,./data/you_chalk_brood/normal/C_001_005_20230821181255_001_001_000_000.jpg,0,normal,C_001_005,C_001,C_001_005_20230821,2,test
C_001_006_20230822163518_001_001_000_000.jpg,./data/you_chalk_brood/normal/C_001_006_20230822163518_001_001_000_000.jpg,0,normal,C_001_006,C_001,C_001_006_20230822,2,test
C_001_013_20230822164044_001_001_000_000.jpg,./data/you_chalk_brood/normal/C_001_013_20230822164044_001_001_000_000.jpg,0,normal,C_001_013,C_001,C_001_013_20230822,2,val
C_001_013_20230822164124_001_001_000_000.jpg,./data/you_chalk_brood/normal/C_001_013_20230822164124_001_001_000_000.jpg,0,normal,C_001_013,C_001,C_001_013_20230822,2,test
C_001_015_20230828145032_001_001_000_000.jpg,./data/you_chalk_brood/normal/C_001_015_20230828145032_001_001_000_000.jpg,0,normal,C_001_015,C_001,C_001_015_20230828,2,test
C_001_017_20231011133646_001_001_000_000.jpg,./data/you_chalk_brood/normal/C_001_017_20231011133646_001_001_000_000.jpg,0,normal,C_001_017,C_001,C_001_017_20231011,2,val
C_001_017_20231011140334_001_001_000_000.jpg,./data/you_chalk_brood/normal/C_001_017_20231011140334_001_001_000_000.jpg,0,normal,C_001_017,C_001,C_001_017_20231011,2,test
C_001_017_20231011142748_001_001_000_000.jpg,./data/you_chalk_brood/normal/C_001_017_20231011142748_001_001_000_000.jpg,0,normal,C_001_017,C_001,C_001_017_20231011,2,test
C_001_017_20231011143806_001_001_000_000.jpg,./data/you_chalk_brood/normal/C_001_017_20231011143806_001_001_000_000.jpg,0,normal,C_001_017,C_001,C_001_017_20231011,2,train
C_001_018_20230826160933_001_001_000_000.jpg,./data/you_chalk_brood/normal/C_001_018_20230826160933_001_001_000_000.jpg,0,normal,C_001_018,C_001,C_001_018_20230826,2,train
C_001_018_20230826161023_001_001_000_000.jpg,./data/you_chalk_brood/normal/C_001_018_20230826161023_001_001_000_000.jpg,0,normal,C_001_018,C_001,C_001_018_20230826,2,train
C_001_018_20230826162125_001_001_000_000.jpg,./data/you_chalk_brood/normal/C_001_018_20230826162125_001_001_000_000.jpg,0,normal,C_001_018,C_001,C_001_018_20230826,2,train
C_001_018_20230826162655_001_001_000_000.jpg,./data/you_chalk_brood/normal/C_001_018_20230826162655_001_001_000_000.jpg,0,normal,C_001_018,C_001,C_001_018_20230826,2,train
C_001_018_20230826162705_001_001_000_000.jpg,./data/you_chalk_brood/normal/C_001_018_20230826162705_001_001_000_000.jpg,0,normal,C_001_018,C_001,C_001_018_20230826,2,train
C_001_018_20230826164937_001_001_000_000.jpg,./data/you_chalk_brood/normal/C_001_018_20230826164937_001_001_000_000.jpg,0,normal,C_001_018,C_001,C_001_018_20230826,2,test
C_001_018_20231012104840_001_001_000_000.jpg,./data/you_chalk_brood/normal/C_001_018_20231012104840_001_001_000_000.jpg,0,normal,C_001_018,C_001,C_001_018_20231012,2,test
C_001_018_20231012110234_001_001_000_000.jpg,./data/you_chalk_brood/normal/C_001_018_20231012110234_001_001_000_000.jpg,0,normal,C_001_018,C_001,C_001_018_20231012,2,test
C_001_018_20231012111524_001_001_000_000.jpg,./data/you_chalk_brood/normal/C_001_018_20231012111524_001_001_000_000.jpg,0,normal,C_001_018,C_001,C_001_018_20231012,2,train
C_001_018_20231012114428_001_001_000_000.jpg,./data/you_chalk_brood/normal/C_001_018_20231012114428_001_001_000_000.jpg,0,normal,C_001_018,C_001,C_001_018_20231012,2,train
C_001_018_20231012132436_001_001_000_000.jpg,./data/you_chalk_brood/normal/C_001_018_20231012132436_001_001_000_000.jpg,0,normal,C_001_018,C_001,C_001_018_20231012,2,test
C_001_018_20231012134814_001_001_000_000.jpg,./data/you_chalk_brood/normal/C_001_018_20231012134814_001_001_000_000.jpg,0,normal,C_001_018,C_001,C_001_018_20231012,2,train
C_001_018_20231012142320_001_001_000_000.jpg,./data/you_chalk_brood/normal/C_001_018_20231012142320_001_001_000_000.jpg,0,normal,C_001_018,C_001,C_001_018_20231012,2,train
C_001_018_20231012143714_001_001_000_000.jpg,./data/you_chalk_brood/normal/C_001_018_20231012143714_001_001_000_000.jpg,0,normal,C_001_018,C_001,C_001_018_20231012,2,train
C_001_018_20231012150622_001_001_000_000.jpg,./data/you_chalk_brood/normal/C_001_018_20231012150622_001_001_000_000.jpg,0,normal,C_001_018,C_001,C_001_018_20231012,2,train
C_001_018_20231012153632_001_001_000_000.jpg,./data/you_chalk_brood/normal/C_001_018_20231012153632_001_001_000_000.jpg,0,normal,C_001_018,C_001,C_001_018_20231012,2,train
C_001_018_20231012160316_001_001_000_000.jpg,./data/you_chalk_brood/normal/C_001_018_20231012160316_001_001_000_000.jpg,0,normal,C_001_018,C_001,C_001_018_20231012,2,test
C_001_018_20231012161804_001_001_000_000.jpg,./data/you_chalk_brood/normal/C_001_018_20231012161804_001_001_000_000.jpg,0,normal,C_001_018,C_001,C_001_018_20231012,2,train
C_001_018_20231012162240_001_001_000_000.jpg,./data/you_chalk_brood/normal/C_001_018_20231012162240_001_001_000_000.jpg,0,normal,C_001_018,C_001,C_001_018_20231012,2,val
C_001_018_20231012164100_001_001_000_000.jpg,./data/you_chalk_brood/normal/C_001_018_20231012164100_001_001_000_000.jpg,0,normal,C_001_018,C_001,C_001_018_20231012,2,test
C_001_018_20231012164852_001_001_000_000.jpg,./data/you_chalk_brood/normal/C_001_018_20231012164852_001_001_000_000.jpg,0,normal,C_001_018,C_001,C_001_018_20231012,2,test
C_001_019_20230909155531_001_001_000_000.jpg,./data/you_chalk_brood/normal/C_001_019_20230909155531_001_001_000_000.jpg,0,normal,C_001_019,C_001,C_001_019_20230909,2,train
C_001_019_20231013104650_001_001_000_000.jpg,./data/you_chalk_brood/normal/C_001_019_20231013104650_001_001_000_000.jpg,0,normal,C_001_019,C_001,C_001_019_20231013,2,train
C_001_019_20231013104752_001_001_000_000.jpg,./data/you_chalk_brood/normal/C_001_019_20231013104752_001_001_000_000.jpg,0,normal,C_001_019,C_001,C_001_019_20231013,2,train
C_001_019_20231013112220_001_001_000_000.jpg,./data/you_chalk_brood/normal/C_001_019_20231013112220_001_001_000_000.jpg,0,normal,C_001_019,C_001,C_001_019_20231013,2,test
C_001_019_20231013113554_001_001_000_000.jpg,./data/you_chalk_brood/normal/C_001_019_20231013113554_001_001_000_000.jpg,0,normal,C_001_019,C_001,C_001_019_20231013,2,train
C_001_019_20231013114920_001_001_000_000.jpg,./data/you_chalk_brood/normal/C_001_019_20231013114920_001_001_000_000.jpg,0,normal,C_001_019,C_001,C_001_019_20231013,2,train
C_001_019_20231013132952_001_001_000_000.jpg,./data/you_chalk_brood/normal/C_001_019_20231013132952_001_001_000_000.jpg,0,normal,C_001_019,C_001,C_001_019_20231013,2,train
C_001_019_20231013134852_001_001_000_000.jpg,./data/you_chalk_brood/normal/C_001_019_20231013134852_001_001_000_000.jpg,0,normal,C_001_019,C_001,C_001_019_20231013,2,val
C_001_019_20231013135444_001_001_000_000.jpg,./data/you_chalk_brood/normal/C_001_019_20231013135444_001_001_000_000.jpg,0,normal,C_001_019,C_001,C_001_019_20231013,2,train
C_001_019_20231013141058_001_001_000_000.jpg,./data/you_chalk_brood/normal/C_001_019_20231013141058_001_001_000_000.jpg,0,normal,C_001_019,C_001,C_001_019_20231013,2,val
C_001_019_20231013142750_001_001_000_000.jpg,./data/you_chalk_brood/normal/C_001_019_20231013142750_001_001_000_000.jpg,0,normal,C_001_019,C_001,C_001_019_20231013,2,train
C_001_019_20231013142908_001_001_000_000.jpg,./data/you_chalk_brood/normal/C_001_019_20231013142908_001_001_000_000.jpg,0,normal,C_001_019,C_001,C_001_019_20231013,2,train
C_001_019_20231013144757_001_001_000_000.jpg,./data/you_chalk_brood/normal/C_001_019_20231013144757_001_001_000_000.jpg,0,normal,C_001_019,C_001,C_001_019_20231013,2,train
C_001_019_20231013145309_001_001_000_000.jpg,./data/you_chalk_brood/normal/C_001_019_20231013145309_001_001_000_000.jpg,0,normal,C_001_019,C_001,C_001_019_20231013,2,val
C_001_019_20231013145841_001_001_000_000.jpg,./data/you_chalk_brood/normal/C_001_019_20231013145841_001_001_000_000.jpg,0,normal,C_001_019,C_001,C_001_019_20231013,2,val
C_001_019_20231013152347_001_001_000_000.jpg,./data/you_chalk_brood/normal/C_001_019_20231013152347_001_001_000_000.jpg,0,normal,C_001_019,C_001,C_001_019_20231013,2,train
C_001_019_20231013160357_001_001_000_000.jpg,./data/you_chalk_brood/normal/C_001_019_20231013160357_001_001_000_000.jpg,0,normal,C_001_019,C_001,C_001_019_20231013,2,train
C_001_019_20231013161221_001_001_000_000.jpg,./data/you_chalk_brood/normal/C_001_019_20231013161221_001_001_000_000.jpg,0,normal,C_001_019,C_001,C_001_019_20231013,2,val
C_001_019_20231013163521_001_001_000_000.jpg,./data/you_chalk_brood/normal/C_001_019_20231013163521_001_001_000_000.jpg,0,normal,C_001_019,C_001,C_001_019_20231013,2,train
C_001_019_20231013164317_001_001_000_000.jpg,./data/you_chalk_brood/normal/C_001_019_20231013164317_001_001_000_000.jpg,0,normal,C_001_019,C_001,C_001_019_20231013,2,train
C_002_001_20230909110033_001_001_000_000.jpg,./data/you_chalk_brood/normal/C_002_001_20230909110033_001_001_000_000.jpg,0,normal,C_002_001,C_002,C_002_001_20230909,2,train
C_002_001_20230909112703_001_001_000_000.jpg,./data/you_chalk_brood/normal/C_002_001_20230909112703_001_001_000_000.jpg,0,normal,C_002_001,C_002,C_002_001_20230909,2,train
C_002_001_20231011090903_001_002_000_000.jpg,./data/you_chalk_brood/normal/C_002_001_20231011090903_001_002_000_000.jpg,0,normal,C_002_001,C_002,C_002_001_20231011,2,train
C_002_001_20231011093915_001_002_000_000.jpg,./data/you_chalk_brood/normal/C_002_001_20231011093915_001_002_000_000.jpg,0,normal,C_002_001,C_002,C_002_001_20231011,2,test
C_002_001_20231011094650_001_002_000_000.jpg,./data/you_chalk_brood/normal/C_002_001_20231011094650_001_002_000_000.jpg,0,normal,C_002_001,C_002,C_002_001_20231011,2,train
C_002_001_20231011102223_001_002_000_000.jpg,./data/you_chalk_brood/normal/C_002_001_20231011102223_001_002_000_000.jpg,0,normal,C_002_001,C_002,C_002_001_20231011,2,train
C_002_001_20231011102307_001_002_000_000.jpg,./data/you_chalk_brood/normal/C_002_001_20231011102307_001_002_000_000.jpg,0,normal,C_002_001,C_002,C_002_001_20231011,2,train
C_002_001_20231011110646_001_002_000_000.jpg,./data/you_chalk_brood/normal/C_002_001_20231011110646_001_002_000_000.jpg,0,normal,C_002_001,C_002,C_002_001_20231011,2,test
C_002_001_20231011112308_001_002_000_000.jpg,./data/you_chalk_brood/normal/C_002_001_20231011112308_001_002_000_000.jpg,0,normal,C_002_001,C_002,C_002_001_20231011,2,train
C_002_001_20231011130834_001_002_000_000.jpg,./data/you_chalk_brood/normal/C_002_001_20231011130834_001_002_000_000.jpg,0,normal,C_002_001,C_002,C_002_001_20231011,2,train
C_002_001_20231011131133_001_002_000_000.jpg,./data/you_chalk_brood/normal/C_002_001_20231011131133_001_002_000_000.jpg,0,normal,C_002_001,C_002,C_002_001_20231011,2,val
C_002_001_20231011132119_001_002_000_000.jpg,./data/you_chalk_brood/normal/C_002_001_20231011132119_001_002_000_000.jpg,0,normal,C_002_001,C_002,C_002_001_20231011,2,test
C_002_001_20231011132512_001_002_000_000.jpg,./data/you_chalk_brood/normal/C_002_001_20231011132512_001_002_000_000.jpg,0,normal,C_002_001,C_002,C_002_001_20231011,2,test
C_002_001_20231011132754_001_002_000_000.jpg,./data/you_chalk_brood/normal/C_002_001_20231011132754_001_002_000_000.jpg,0,normal,C_002_001,C_002,C_002_001_20231011,2,train
C_002_001_20231011135715_001_002_000_000.jpg,./data/you_chalk_brood/normal/C_002_001_20231011135715_001_002_000_000.jpg,0,normal,C_002_001,C_002,C_002_001_20231011,2,val
C_002_001_20231011142308_001_002_000_000.jpg,./data/you_chalk_brood/normal/C_002_001_20231011142308_001_002_000_000.jpg,0,normal,C_002_001,C_002,C_002_001_20231011,2,test
C_002_001_20231011150909_001_002_000_000.jpg,./data/you_chalk_brood/normal/C_002_001_20231011150909_001_002_000_000.jpg,0,normal,C_002_001,C_002,C_002_001_20231011,2,test
C_002_001_20231011152913_001_002_000_000.jpg,./data/you_chalk_brood/normal/C_002_001_20231011152913_001_002_000_000.jpg,0,normal,C_002_001,C_002,C_002_001_20231011,2,test
C_002_001_20231011153645_001_002_000_000.jpg,./data/you_chalk_brood/normal/C_002_001_20231011153645_001_002_000_000.jpg,0,normal,C_002_001,C_002,C_002_001_20231011,2,train
C_002_001_20231011163944_001_002_000_000.jpg,./data/you_chalk_brood/normal/C_002_001_20231011163944_001_002_000_000.jpg,0,normal,C_002_001,C_002,C_002_001_20231011,2,test
C_002_002_20230909154257_001_001_000_000.jpg,./data/you_chalk_brood/normal/C_002_002_20230909154257_001_001_000_000.jpg,0,normal,C_002_002,C_002,C_002_002_20230909,2,train
C_002_002_20231012092226_001_002_000_000.jpg,./data/you_chalk_brood/normal/C_002_002_20231012092226_001_002_000_000.jpg,0,normal,C_002_002,C_002,C_002_002_20231012,2,train
C_002_002_20231012093047_001_002_000_000.jpg,./data/you_chalk_brood/normal/C_002_002_20231012093047_001_002_000_000.jpg,0,normal,C_002_002,C_002,C_002_002_20231012,2,test
C_002_002_20231012095434_001_002_000_000.jpg,./data/you_chalk_brood/normal/C_002_002_20231012095434_001_002_000_000.jpg,0,normal,C_002_002,C_002,C_002_002_20231012,2,test
C_002_002_20231012111907_001_002_000_000.jpg,./data/you_chalk_brood/normal/C_002_002_20231012111907_001_002_000_000.jpg,0,normal,C_002_002,C_002,C_002_002_20231012,2,train
C_002_002_20231012133834_001_002_000_000.jpg,./data/you_chalk_brood/normal/C_002_002_20231012133834_001_002_000_000.jpg,0,normal,C_002_002,C_002,C_002_002_20231012,2,val
C_002_002_20231012142600_001_002_000_000.jpg,./data/you_chalk_brood/normal/C_002_002_20231012142600_001_002_000_000.jpg,0,normal,C_002_002,C_002,C_002_002_20231012,2,train
C_002_002_20231012143034_001_002_000_000.jpg,./data/you_chalk_brood/normal/C_002_002_20231012143034_001_002_000_000.jpg,0,normal,C_002_002,C_002,C_002_002_20231012,2,train
C_002_002_20231012143424_001_002_000_000.jpg,./data/you_chalk_brood/normal/C_002_002_20231012143424_001_002_000_000.jpg,0,normal,C_002_002,C_002,C_002_002_20231012,2,train
C_002_002_20231012154244_001_002_000_000.jpg,./data/you_chalk_brood/normal/C_002_002_20231012154244_001_002_000_000.jpg,0,normal,C_002_002,C_002,C_002_002_20231012,2,val
C_002_002_20231012161523_001_002_000_000.jpg,./data/you_chalk_brood/normal/C_002_002_20231012161523_001_002_000_000.jpg,0,normal,C_002_002,C_002,C_002_002_20231012,2,val
C_002_002_20231012161738_001_002_000_000.jpg,./data/you_chalk_brood/normal/C_002_002_20231012161738_001_002_000_000.jpg,0,normal,C_002_002,C_002,C_002_002_20231012,2,test
C_002_002_20231012161941_001_002_000_000.jpg,./data/you_chalk_brood/normal/C_002_002_20231012161941_001_002_000_000.jpg,0,normal,C_002_002,C_002,C_002_002_20231012,2,test
C_002_003_20231013081500_001_002_000_000.jpg,./data/you_chalk_brood/normal/C_002_003_20231013081500_001_002_000_000.jpg,0,normal,C_002_003,C_002,C_002_003_20231013,2,train
C_002_003_20231013103401_001_002_000_000.jpg,./data/you_chalk_brood/normal/C_002_003_20231013103401_001_002_000_000.jpg,0,normal,C_002_003,C_002,C_002_003_20231013,2,train
C_002_003_20231013110701_001_002_000_000.jpg,./data/you_chalk_brood/normal/C_002_003_20231013110701_001_002_000_000.jpg,0,normal,C_002_003,C_002,C_002_003_20231013,2,train
C_002_003_20231013112430_001_002_000_000.jpg,./data/you_chalk_brood/normal/C_002_003_20231013112430_001_002_000_000.jpg,0,normal,C_002_003,C_002,C_002_003_20231013,2,test
C_002_003_20231013132759_001_002_000_000.jpg,./data/you_chalk_brood/normal/C_002_003_20231013132759_001_002_000_000.jpg,0,normal,C_002_003,C_002,C_002_003_20231013,2,train
C_002_003_20231013145014_001_002_000_000.jpg,./data/you_chalk_brood/normal/C_002_003_20231013145014_001_002_000_000.jpg,0,normal,C_002_003,C_002,C_002_003_20231013,2,val
C_002_003_20231013163343_001_002_000_000.jpg,./data/you_chalk_brood/normal/C_002_003_20231013163343_001_002_000_000.jpg,0,normal,C_002_003,C_002,C_002_003_20231013,2,train
C_002_004_20230821191947_001_001_000_000.jpg,./data/you_chalk_brood/normal/C_002_004_20230821191947_001_001_000_000.jpg,0,normal,C_002_004,C_002,C_002_004_20230821,2,test
C_002_007_20230820094742_001_001_000_000.jpg,./data/you_chalk_brood/normal/C_002_007_20230820094742_001_001_000_000.jpg,0,normal,C_002_007,C_002,C_002_007_20230820,2,train
C_002_012_20230828141638_001_001_000_000.jpg,./data/you_chalk_brood/normal/C_002_012_20230828141638_001_001_000_000.jpg,0,normal,C_002_012,C_002,C_002_012_20230828,2,val
C_002_012_20230828143809_001_001_000_000.jpg,./data/you_chalk_brood/normal/C_002_012_20230828143809_001_001_000_000.jpg,0,normal,C_002_012,C_002,C_002_012_20230828,2,train
C_002_012_20230828151757_001_001_000_000.jpg,./data/you_chalk_brood/normal/C_002_012_20230828151757_001_001_000_000.jpg,0,normal,C_002_012,C_002,C_002_012_20230828,2,train
C_002_025_20230826151602_001_001_000_000.jpg,./data/you_chalk_brood/normal/C_002_025_20230826151602_001_001_000_000.jpg,0,normal,C_002_025,C_002,C_002_025_20230826,2,test
C_002_025_20230826153446_001_001_000_000.jpg,./data/you_chalk_brood/normal/C_002_025_20230826153446_001_001_000_000.jpg,0,normal,C_002_025,C_002,C_002_025_20230826,2,test
C_002_025_20230826155212_001_001_000_000.jpg,./data/you_chalk_brood/normal/C_002_025_20230826155212_001_001_000_000.jpg,0,normal,C_002_025,C_002,C_002_025_20230826,2,train
C_002_026_20230826160733_001_001_000_000.jpg,./data/you_chalk_brood/normal/C_002_026_20230826160733_001_001_000_000.jpg,0,normal,C_002_026,C_002,C_002_026_20230826,2,test
C_002_026_20230826164907_001_001_000_000.jpg,./data/you_chalk_brood/normal/C_002_026_20230826164907_001_001_000_000.jpg,0,normal,C_002_026,C_002,C_002_026_20230826,2,test
C_002_027_20230826172400_001_001_000_000.jpg,./data/you_chalk_brood/normal/C_002_027_20230826172400_001_001_000_000.jpg,0,normal,C_002_027,C_002,C_002_027_20230826,2,train
C_002_027_20230826172608_001_001_000_000.jpg,./data/you_chalk_brood/normal/C_002_027_20230826172608_001_001_000_000.jpg,0,normal,C_002_027,C_002,C_002_027_20230826,2,test
C_003_001_20230831152203_001_003_000_000.jpg,./data/you_chalk_brood/normal/C_003_001_20230831152203_001_003_000_000.jpg,0,normal,C_003_001,C_003,C_003_001_20230831,2,val
C_003_001_20230904151906_001_003_000_000.jpg,./data/you_chalk_brood/normal/C_003_001_20230904151906_001_003_000_000.jpg,0,normal,C_003_001,C_003,C_003_001_20230904,2,train
C_003_001_20230904161612_001_003_000_000.jpg,./data/you_chalk_brood/normal/C_003_001_20230904161612_001_003_000_000.jpg,0,normal,C_003_001,C_003,C_003_001_20230904,2,test
C_003_001_20230908172303_001_003_000_000.jpg,./data/you_chalk_brood/normal/C_003_001_20230908172303_001_003_000_000.jpg,0,normal,C_003_001,C_003,C_003_001_20230908,2,train
C_003_001_20230908173155_001_003_000_000.jpg,./data/you_chalk_brood/normal/C_003_001_20230908173155_001_003_000_000.jpg,0,normal,C_003_001,C_003,C_003_001_20230908,2,train
C_003_001_20230910160130_001_003_000_000.jpg,./data/you_chalk_brood/normal/C_003_001_20230910160130_001_003_000_000.jpg,0,normal,C_003_001,C_003,C_003_001_20230910,2,train
C_003_001_20230912143836_001_003_000_000.jpg,./data/you_chalk_brood/normal/C_003_001_20230912143836_001_003_000_000.jpg,0,normal,C_003_001,C_003,C_003_001_20230912,2,train
C_003_001_20230912151133_001_003_000_000.jpg,./data/you_chalk_brood/normal/C_003_001_20230912151133_001_003_000_000.jpg,0,normal,C_003_001,C_003,C_003_001_20230912,2,train
C_003_001_20230912152046_001_003_000_000.jpg,./data/you_chalk_brood/normal/C_003_001_20230912152046_001_003_000_000.jpg,0,normal,C_003_001,C_003,C_003_001_20230912,2,train
C_003_002_20230831152300_001_003_000_000.jpg,./data/you_chalk_brood/normal/C_003_002_20230831152300_001_003_000_000.jpg,0,normal,C_003_002,C_003,C_003_002_20230831,2,test
C_003_002_20230905070240_001_003_000_000.jpg,./data/you_chalk_brood/normal/C_003_002_20230905070240_001_003_000_000.jpg,0,normal,C_003_002,C_003,C_003_002_20230905,2,test
C_003_002_20230905080423_001_003_000_000.jpg,./data/you_chalk_brood/normal/C_003_002_20230905080423_001_003_000_000.jpg,0,normal,C_003_002,C_003,C_003_002_20230905,2,train
C_003_002_20230906153902_001_003_000_000.jpg,./data/you_chalk_brood/normal/C_003_002_20230906153902_001_003_000_000.jpg,0,normal,C_003_002,C_003,C_003_002_20230906,2,train
C_003_002_20230908154544_001_003_000_000.jpg,./data/you_chalk_brood/normal/C_003_002_20230908154544_001_003_000_000.jpg,0,normal,C_003_002,C_003,C_003_002_20230908,2,train
C_003_002_20230912133250_001_003_000_000.jpg,./data/you_chalk_brood/normal/C_003_002_20230912133250_001_003_000_000.jpg,0,normal,C_003_002,C_003,C_003_002_20230912,2,train
C_003_003_20230827152345_001_003_000_000.jpg,./data/you_chalk_brood/normal/C_003_003_20230827152345_001_003_000_000.jpg,0,normal,C_003_003,C_003,C_003_003_20230827,2,train
C_003_003_20230827152628_001_003_000_000.jpg,./data/you_chalk_brood/normal/C_003_003_20230827152628_001_003_000_000.jpg,0,normal,C_003_003,C_003,C_003_003_20230827,2,test
C_003_003_20230829161404_001_003_000_000.jpg,./data/you_chalk_brood/normal/C_003_003_20230829161404_001_003_000_000.jpg,0,normal,C_003_003,C_003,C_003_003_20230829,2,test
C_003_003_20230904152616_001_003_000_000.jpg,./data/you_chalk_brood/normal/C_003_003_20230904152616_001_003_000_000.jpg,0,normal,C_003_003,C_003,C_003_003_20230904,2,val
C_003_003_20230904155518_001_003_000_000.jpg,./data/you_chalk_brood/normal/C_003_003_20230904155518_001_003_000_000.jpg,0,normal,C_003_003,C_003,C_003_003_20230904,2,val
C_003_003_20230904160809_001_003_000_000.jpg,./data/you_chalk_brood/normal/C_003_003_20230904160809_001_003_000_000.jpg,0,normal,C_003_003,C_003,C_003_003_20230904,2,test
C_003_003_20230904171936_001_003_000_000.jpg,./data/you_chalk_brood/normal/C_003_003_20230904171936_001_003_000_000.jpg,0,normal,C_003_003,C_003,C_003_003_20230904,2,val
C_003_003_20230912135900_001_003_000_000.jpg,./data/you_chalk_brood/normal/C_003_003_20230912135900_001_003_000_000.jpg,0,normal,C_003_003,C_003,C_003_003_20230912,2,test
C_003_003_20230912140142_001_003_000_000.jpg,./data/you_chalk_brood/normal/C_003_003_20230912140142_001_003_000_000.jpg,0,normal,C_003_003,C_003,C_003_003_20230912,2,test
C_003_003_20230912150829_001_003_000_000.jpg,./data/you_chalk_brood/normal/C_003_003_20230912150829_001_003_000_000.jpg,0,normal,C_003_003,C_003,C_003_003_20230912,2,test
C_004_003_20230831145035_001_004_000_000.jpg,./data/you_chalk_brood/normal/C_004_003_20230831145035_001_004_000_000.jpg,0,normal,C_004_003,C_004,C_004_003_20230831,2,test
C_004_004_20230826161427_001_004_000_000.jpg,./data/you_chalk_brood/normal/C_004_004_20230826161427_001_004_000_000.jpg,0,normal,C_004_004,C_004,C_004_004_20230826,2,val
C_004_004_20230827154914_001_004_000_000.jpg,./data/you_chalk_brood/normal/C_004_004_20230827154914_001_004_000_000.jpg,0,normal,C_004_004,C_004,C_004_004_20230827,2,test
C_004_004_20230827173124_001_004_000_000.jpg,./data/you_chalk_brood/normal/C_004_004_20230827173124_001_004_000_000.jpg,0,normal,C_004_004,C_004,C_004_004_20230827,2,val
C_004_004_20230831170002_001_004_000_000.jpg,./data/you_chalk_brood/normal/C_004_004_20230831170002_001_004_000_000.jpg,0,normal,C_004_004,C_004,C_004_004_20230831,2,train
C_004_004_20230902145722_001_004_000_000.jpg,./data/you_chalk_brood/normal/C_004_004_20230902145722_001_004_000_000.jpg,0,normal,C_004_004,C_004,C_004_004_20230902,2,train
C_004_004_20230903064536_001_004_000_000.jpg,./data/you_chalk_brood/normal/C_004_004_20230903064536_001_004_000_000.jpg,0,normal,C_004_004,C_004,C_004_004_20230903,2,test
C_004_004_20230906151016_001_004_000_000.jpg,./data/you_chalk_brood/normal/C_004_004_20230906151016_001_004_000_000.jpg,0,normal,C_004_004,C_004,C_004_004_20230906,2,test
C_004_004_20230906180407_001_004_000_000.jpg,./data/you_chalk_brood/normal/C_004_004_20230906180407_001_004_000_000.jpg,0,normal,C_004_004,C_004,C_004_004_20230906,2,test
C_004_004_20230907074853_001_004_000_000.jpg,./data/you_chalk_brood/normal/C_004_004_20230907074853_001_004_000_000.jpg,0,normal,C_004_004,C_004,C_004_004_20230907,2,train
C_004_004_20230910162535_001_004_000_000.jpg,./data/you_chalk_brood/normal/C_004_004_20230910162535_001_004_000_000.jpg,0,normal,C_004_004,C_004,C_004_004_20230910,2,train
C_004_004_20230912141507_001_004_000_000.jpg,./data/you_chalk_brood/normal/C_004_004_20230912141507_001_004_000_000.jpg,0,normal,C_004_004,C_004,C_004_004_20230912,2,train
C_004_005_20230824095844_001_004_000_000.jpg,./data/you_chalk_brood/normal/C_004_005_20230824095844_001_004_000_000.jpg,0,normal,C_004_005,C_004,C_004_005_20230824,2,train
C_004_005_20230829142824_001_004_000_000.jpg,./data/you_chalk_brood/normal/C_004_005_20230829142824_001_004_000_000.jpg,0,normal,C_004_005,C_004,C_004_005_20230829,2,train
C_004_005_20230829145027_001_004_000_000.jpg,./data/you_chalk_brood/normal/C_004_005_20230829145027_001_004_000_000.jpg,0,normal,C_004_005,C_004,C_004_005_20230829,2,test
C_004_005_20230906154436_001_004_000_000.jpg,./data/you_chalk_brood/normal/C_004_005_20230906154436_001_004_000_000.jpg,0,normal,C_004_005,C_004,C_004_005_20230906,2,train
C_004_005_20230907082057_001_004_000_000.jpg,./data/you_chalk_brood/normal/C_004_005_20230907082057_001_004_000_000.jpg,0,normal,C_004_005,C_004,C_004_005_20230907,2,train
C_004_005_20230907090319_001_004_000_000.jpg,./data/you_chalk_brood/normal/C_004_005_20230907090319_001_004_000_000.jpg,0,normal,C_004_005,C_004,C_004_005_20230907,2,test
C_004_005_20230910165009_001_004_000_000.jpg,./data/you_chalk_brood/normal/C_004_005_20230910165009_001_004_000_000.jpg,0,normal,C_004_005,C_004,C_004_005_20230910,2,test
C_004_005_20230910165631_001_004_000_000.jpg,./data/you_chalk_brood/normal/C_004_005_20230910165631_001_004_000_000.jpg,0,normal,C_004_005,C_004,C_004_005_20230910,2,test
C_004_005_20230911071727_001_004_000_000.jpg,./data/you_chalk_brood/normal/C_004_005_20230911071727_001_004_000_000.jpg,0,normal,C_004_005,C_004,C_004_005_20230911,2,val
C_004_005_20230912155811_001_004_000_000.jpg,./data/you_chalk_brood/normal/C_004_005_20230912155811_001_004_000_000.jpg,0,normal,C_004_005,C_004,C_004_005_20230912,2,test
C_004_006_20230824075645_001_004_000_000.jpg,./data/you_chalk_brood/normal/C_004_006_20230824075645_001_004_000_000.jpg,0,normal,C_004_006,C_004,C_004_006_20230824,2,train
C_004_006_20230825181727_001_004_000_000.jpg,./data/you_chalk_brood/normal/C_004_006_20230825181727_001_004_000_000.jpg,0,normal,C_004_006,C_004,C_004_006_20230825,2,train
C_004_006_20230828085128_001_004_000_000.jpg,./data/you_chalk_brood/normal/C_004_006_20230828085128_001_004_000_000.jpg,0,normal,C_004_006,C_004,C_004_006_20230828,2,train
C_004_006_20230904174029_001_004_000_000.jpg,./data/you_chalk_brood/normal/C_004_006_20230904174029_001_004_000_000.jpg,0,normal,C_004_006,C_004,C_004_006_20230904,2,val
C_004_006_20230906162831_001_004_000_000.jpg,./data/you_chalk_brood/normal/C_004_006_20230906162831_001_004_000_000.jpg,0,normal,C_004_006,C_004,C_004_006_20230906,2,train
C_004_006_20230908160411_001_004_000_000.jpg,./data/you_chalk_brood/normal/C_004_006_20230908160411_001_004_000_000.jpg,0,normal,C_004_006,C_004,C_004_006_20230908,2,val
C_004_006_20230908170408_001_004_000_000.jpg,./data/you_chalk_brood/normal/C_004_006_20230908170408_001_004_000_000.jpg,0,normal,C_004_006,C_004,C_004_006_20230908,2,test
C_004_006_20230910153213_001_004_000_000.jpg,./data/you_chalk_brood/normal/C_004_006_20230910153213_001_004_000_000.jpg,0,normal,C_004_006,C_004,C_004_006_20230910,2,train
C_004_006_20230912155425_001_004_000_000.jpg,./data/you_chalk_brood/normal/C_004_006_20230912155425_001_004_000_000.jpg,0,normal,C_004_006,C_004,C_004_006_20230912,2,test
C_005_006_20230904174635_001_005_000_000.jpg,./data/you_chalk_brood/normal/C_005_006_20230904174635_001_005_000_000.jpg,0,normal,C_005_006,C_005,C_005_006_20230904,2,test
C_005_006_20230905082116_001_005_000_000.jpg,./data/you_chalk_brood/normal/C_005_006_20230905082116_001_005_000_000.jpg,0,normal,C_005_006,C_005,C_005_006_20230905,2,train
C_005_006_20230910165454_001_005_000_000.jpg,./data/you_chalk_brood/normal/C_005_006_20230910165454_001_005_000_000.jpg,0,normal,C_005_006,C_005,C_005_006_20230910,2,train
C_005_007_20230825180004_001_005_000_000.jpg,./data/you_chalk_brood/normal/C_005_007_20230825180004_001_005_000_000.jpg,0,normal,C_005_007,C_005,C_005_007_20230825,2,train
C_005_007_20230828152845_001_005_000_000.jpg,./data/you_chalk_brood/normal/C_005_007_20230828152845_001_005_000_000.jpg,0,normal,C_005_007,C_005,C_005_007_20230828,2,val
C_005_007_20230829141407_001_005_000_000.jpg,./data/you_chalk_brood/normal/C_005_007_20230829141407_001_005_000_000.jpg,0,normal,C_005_007,C_005,C_005_007_20230829,2,test
C_005_007_20230831153100_001_005_000_000.jpg,./data/you_chalk_brood/normal/C_005_007_20230831153100_001_005_000_000.jpg,0,normal,C_005_007,C_005,C_005_007_20230831,2,train
C_005_007_20230902173015_001_005_000_000.jpg,./data/you_chalk_brood/normal/C_005_007_20230902173015_001_005_000_000.jpg,0,normal,C_005_007,C_005,C_005_007_20230902,2,val
C_005_007_20230904155644_001_005_000_000.jpg,./data/you_chalk_brood/normal/C_005_007_20230904155644_001_005_000_000.jpg,0,normal,C_005_007,C_005,C_005_007_20230904,2,val
C_005_007_20230904163451_001_005_000_000.jpg,./data/you_chalk_brood/normal/C_005_007_20230904163451_001_005_000_000.jpg,0,normal,C_005_007,C_005,C_005_007_20230904,2,val
C_005_007_20230910160846_001_005_000_000.jpg,./data/you_chalk_brood/normal/C_005_007_20230910160846_001_005_000_000.jpg,0,normal,C_005_007,C_005,C_005_007_20230910,2,test
C_005_008_20230825172041_001_005_000_000.jpg,./data/you_chalk_brood/normal/C_005_008_20230825172041_001_005_000_000.jpg,0,normal,C_005_008,C_005,C_005_008_20230825,2,val
C_005_008_20230826100415_001_005_000_000.jpg,./data/you_chalk_brood/normal/C_005_008_20230826100415_001_005_000_000.jpg,0,normal,C_005_008,C_005,C_005_008_20230826,2,test
C_005_008_20230827175703_001_005_000_000.jpg,./data/you_chalk_brood/normal/C_005_008_20230827175703_001_005_000_000.jpg,0,normal,C_005_008,C_005,C_005_008_20230827,2,test
C_005_008_20230829154347_001_005_000_000.jpg,./data/you_chalk_brood/normal/C_005_008_20230829154347_001_005_000_000.jpg,0,normal,C_005_008,C_005,C_005_008_20230829,2,train
C_005_008_20230831152245_001_005_000_000.jpg,./data/you_chalk_brood/normal/C_005_008_20230831152245_001_005_000_000.jpg,0,normal,C_005_008,C_005,C_005_008_20230831,2,train
C_005_008_20230902163704_001_005_000_000.jpg,./data/you_chalk_brood/normal/C_005_008_20230902163704_001_005_000_000.jpg,0,normal,C_005_008,C_005,C_005_008_20230902,2,test
C_005_008_20230903074840_001_005_000_000.jpg,./data/you_chalk_brood/normal/C_005_008_20230903074840_001_005_000_000.jpg,0,normal,C_005_008,C_005,C_005_008_20230903,2,test
C_005_008_20230904161438_001_005_000_000.jpg,./data/you_chalk_brood/normal/C_005_008_20230904161438_001_005_000_000.jpg,0,normal,C_005_008,C_005,C_005_008_20230904,2,train
C_005_008_20230907085106_001_005_000_000.jpg,./data/you_chalk_brood/normal/C_005_008_20230907085106_001_005_000_000.jpg,0,normal,C_005_008,C_005,C_005_008_20230907,2,train
C_005_008_20230908174319_001_005_000_000.jpg,./data/you_chalk_brood/normal/C_005_008_20230908174319_001_005_000_000.jpg,0,normal,C_005_008,C_005,C_005_008_20230908,2,train
C_005_009_20230831162826_001_005_000_000.jpg,./data/you_chalk_brood/normal/C_005_009_20230831162826_001_005_000_000.jpg,0,normal,C_005_009,C_005,C_005_009_20230831,2,train
C_005_009_20230908164206_001_005_000_000.jpg,./data/you_chalk_brood/normal/C_005_009_20230908164206_001_005_000_000.jpg,0,normal,C_005_009,C_005,C_005_009_20230908,2,train
C_005_009_20230908174822_001_005_000_000.jpg,./data/you_chalk_brood/normal/C_005_009_20230908174822_001_005_000_000.jpg,0,normal,C_005_009,C_005,C_005_009_20230908,2,train
C_005_009_20230911081343_001_005_000_000.jpg,./data/you_chalk_brood/normal/C_005_009_20230911081343_001_005_000_000.jpg,0,normal,C_005_009,C_005,C_005_009_20230911,2,train
C_005_009_20230912133734_001_005_000_000.jpg,./data/you_chalk_brood/normal/C_005_009_20230912133734_001_005_000_000.jpg,0,normal,C_005_009,C_005,C_005_009_20230912,2,train
C_006_009_20230827185042_001_006_000_000.jpg,./data/you_chalk_brood/normal/C_006_009_20230827185042_001_006_000_000.jpg,0,normal,C_006_009,C_006,C_006_009_20230827,2,train
C_006_009_20230827190556_001_006_000_000.jpg,./data/you_chalk_brood/normal/C_006_009_20230827190556_001_006_000_000.jpg,0,normal,C_006_009,C_006,C_006_009_20230827,2,train
C_006_009_20230831160908_001_006_000_000.jpg,./data/you_chalk_brood/normal/C_006_009_20230831160908_001_006_000_000.jpg,0,normal,C_006_009,C_006,C_006_009_20230831,2,test
C_006_010_20230825164628_001_006_000_000.jpg,./data/you_chalk_brood/normal/C_006_010_20230825164628_001_006_000_000.jpg,0,normal,C_006_010,C_006,C_006_010_20230825,2,train
C_006_010_20230825165936_001_006_000_000.jpg,./data/you_chalk_brood/normal/C_006_010_20230825165936_001_006_000_000.jpg,0,normal,C_006_010,C_006,C_006_010_20230825,2,train
C_006_010_20230827163818_001_006_000_000.jpg,./data/you_chalk_brood/normal/C_006_010_20230827163818_001_006_000_000.jpg,0,normal,C_006_010,C_006,C_006_010_20230827,2,test
C_006_010_20230829163456_001_006_000_000.jpg,./data/you_chalk_brood/normal/C_006_010_20230829163456_001_006_000_000.jpg,0,normal,C_006_010,C_006,C_006_010_20230829,2,train
C_006_010_20230831144344_001_006_000_000.jpg,./data/you_chalk_brood/normal/C_006_010_20230831144344_001_006_000_000.jpg,0,normal,C_006_010,C_006,C_006_010_20230831,2,train
C_006_010_20230902144918_001_006_000_000.jpg,./data/you_chalk_brood/normal/C_006_010_20230902144918_001_006_000_000.jpg,0,normal,C_006_010,C_006,C_006_010_20230902,2,test
C_006_010_20230902190737_001_006_000_000.jpg,./data/you_chalk_brood/normal/C_006_010_20230902190737_001_006_000_000.jpg,0,normal,C_006_010,C_006,C_006_010_20230902,2,train
C_006_010_20230904160625_001_006_000_000.jpg,./data/you_chalk_brood/normal/C_006_010_20230904160625_001_006_000_000.jpg,0,normal,C_006_010,C_006,C_006_010_20230904,2,val
C_006_010_20230905072554_001_006_000_000.jpg,./data/you_chalk_brood/normal/C_006_010_20230905072554_001_006_000_000.jpg,0,normal,C_006_010,C_006,C_006_010_20230905,2,val
C_006_010_20230908155225_001_006_000_000.jpg,./data/you_chalk_brood/normal/C_006_010_20230908155225_001_006_000_000.jpg,0,normal,C_006_010,C_006,C_006_010_20230908,2,train
C_006_011_20230827172315_001_006_000_000.jpg,./data/you_chalk_brood/normal/C_006_011_20230827172315_001_006_000_000.jpg,0,normal,C_006_011,C_006,C_006_011_20230827,2,test
C_006_011_20230830065228_001_006_000_000.jpg,./data/you_chalk_brood/normal/C_006_011_20230830065228_001_006_000_000.jpg,0,normal,C_006_011,C_006,C_006_011_20230830,2,train
C_006_011_20230831145112_001_006_000_000.jpg,./data/you_chalk_brood/normal/C_006_011_20230831145112_001_006_000_000.jpg,0,normal,C_006_011,C_006,C_006_011_20230831,2,train
C_006_011_20230902164018_001_006_000_000.jpg,./data/you_chalk_brood/normal/C_006_011_20230902164018_001_006_000_000.jpg,0,normal,C_006_011,C_006,C_006_011_20230902,2,test
C_006_011_20230903074114_001_006_000_000.jpg,./data/you_chalk_brood/normal/C_006_011_20230903074114_001_006_000_000.jpg,0,normal,C_006_011,C_006,C_006_011_20230903,2,train
C_006_011_20230904154859_001_006_000_000.jpg,./data/you_chalk_brood/normal/C_006_011_20230904154859_001_006_000_000.jpg,0,normal,C_006_011,C_006,C_006_011_20230904,2,val
C_006_011_20230904161119_001_006_000_000.jpg,./data/you_chalk_brood/normal/C_006_011_20230904161119_001_006_000_000.jpg,0,normal,C_006_011,C_006,C_006_011_20230904,2,val
C_006_012_20230829140159_001_006_000_000.jpg,./data/you_chalk_brood/normal/C_006_012_20230829140159_001_006_000_000.jpg,0,normal,C_006_012,C_006,C_006_012_20230829,2,val
C_006_012_20230830062603_001_006_000_000.jpg,./data/you_chalk_brood/normal/C_006_012_20230830062603_001_006_000_000.jpg,0,normal,C_006_012,C_006,C_006_012_20230830,2,test
C_006_012_20230906155811_001_006_000_000.jpg,./data/you_chalk_brood/normal/C_006_012_20230906155811_001_006_000_000.jpg,0,normal,C_006_012,C_006,C_006_012_20230906,2,train
C_006_012_20230906163353_001_006_000_000.jpg,./data/you_chalk_brood/normal/C_006_012_20230906163353_001_006_000_000.jpg,0,normal,C_006_012,C_006,C_006_012_20230906,2,train
C_006_012_20230906170152_001_006_000_000.jpg,./data/you_chalk_brood/normal/C_006_012_20230906170152_001_006_000_000.jpg,0,normal,C_006_012,C_006,C_006_012_20230906,2,test
C_006_012_20230906175043_001_006_000_000.jpg,./data/you_chalk_brood/normal/C_006_012_20230906175043_001_006_000_000.jpg,0,normal,C_006_012,C_006,C_006_012_20230906,2,train
C_006_012_20230907064844_001_006_000_000.jpg,./data/you_chalk_brood/normal/C_006_012_20230907064844_001_006_000_000.jpg,0,normal,C_006_012,C_006,C_006_012_20230907,2,train
C_006_012_20230912135645_001_006_000_000.jpg,./data/you_chalk_brood/normal/C_006_012_20230912135645_001_006_000_000.jpg,0,normal,C_006_012,C_006,C_006_012_20230912,2,train
C_006_012_20230912145754_001_006_000_000.jpg,./data/you_chalk_brood/normal/C_006_012_20230912145754_001_006_000_000.jpg,0,normal,C_006_012,C_006,C_006_012_20230912,2,train
C_007_012_20230829150411_001_007_000_000.jpg,./data/you_chalk_brood/normal/C_007_012_20230829150411_001_007_000_000.jpg,0,normal,C_007_012,C_007,C_007_012_20230829,2,train
C_007_012_20230912143808_001_007_000_000.jpg,./data/you_chalk_brood/normal/C_007_012_20230912143808_001_007_000_000.jpg,0,normal,C_007_012,C_007,C_007_012_20230912,2,test
C_007_013_20230826122523_001_007_000_000.jpg,./data/you_chalk_brood/normal/C_007_013_20230826122523_001_007_000_000.jpg,0,normal,C_007_013,C_007,C_007_013_20230826,2,test
C_007_013_20230904152327_001_007_000_000.jpg,./data/you_chalk_brood/normal/C_007_013_20230904152327_001_007_000_000.jpg,0,normal,C_007_013,C_007,C_007_013_20230904,2,val
C_007_013_20230904171926_001_007_000_000.jpg,./data/you_chalk_brood/normal/C_007_013_20230904171926_001_007_000_000.jpg,0,normal,C_007_013,C_007,C_007_013_20230904,2,val
C_007_013_20230904173847_001_007_000_000.jpg,./data/you_chalk_brood/normal/C_007_013_20230904173847_001_007_000_000.jpg,0,normal,C_007_013,C_007,C_007_013_20230904,2,test
C_007_013_20230908163934_001_007_000_000.jpg,./data/you_chalk_brood/normal/C_007_013_20230908163934_001_007_000_000.jpg,0,normal,C_007_013,C_007,C_007_013_20230908,2,train
C_007_013_20230912155731_001_007_000_000.jpg,./data/you_chalk_brood/normal/C_007_013_20230912155731_001_007_000_000.jpg,0,normal,C_007_013,C_007,C_007_013_20230912,2,train
C_007_014_20230827173525_001_007_000_000.jpg,./data/you_chalk_brood/normal/C_007_014_20230827173525_001_007_000_000.jpg,0,normal,C_007_014,C_007,C_007_014_20230827,2,train
C_007_014_20230828084412_001_007_000_000.jpg,./data/you_chalk_brood/normal/C_007_014_20230828084412_001_007_000_000.jpg,0,normal,C_007_014,C_007,C_007_014_20230828,2,val
C_007_014_20230829171109_001_007_000_000.jpg,./data/you_chalk_brood/normal/C_007_014_20230829171109_001_007_000_000.jpg,0,normal,C_007_014,C_007,C_007_014_20230829,2,val
C_007_014_20230903111405_001_007_000_000.jpg,./data/you_chalk_brood/normal/C_007_014_20230903111405_001_007_000_000.jpg,0,normal,C_007_014,C_007,C_007_014_20230903,2,train
C_007_014_20230906153028_001_007_000_000.jpg,./data/you_chalk_brood/normal/C_007_014_20230906153028_001_007_000_000.jpg,0,normal,C_007_014,C_007,C_007_014_20230906,2,test
C_007_014_20230906170251_001_007_000_000.jpg,./data/you_chalk_brood/normal/C_007_014_20230906170251_001_007_000_000.jpg,0,normal,C_007_014,C_007,C_007_014_20230906,2,test
C_007_014_20230910170136_001_007_000_000.jpg,./data/you_chalk_brood/normal/C_007_014_20230910170136_001_007_000_000.jpg,0,normal,C_007_014,C_007,C_007_014_20230910,2,val
C_007_014_20230912154409_001_007_000_000.jpg,./data/you_chalk_brood/normal/C_007_014_20230912154409_001_007_000_000.jpg,0,normal,C_007_014,C_007,C_007_014_20230912,2,test
C_008_015_20230830072850_001_008_000_000.jpg,./data/you_chalk_brood/normal/C_008_015_20230830072850_001_008_000_000.jpg,0,normal,C_008_015,C_008,C_008_015_20230830,2,train
C_008_015_20230831143330_001_008_000_000.jpg,./data/you_chalk_brood/normal/C_008_015_20230831143330_001_008_000_000.jpg,0,normal,C_008_015,C_008,C_008_015_20230831,2,test
C_008_015_20230903075201_001_008_000_000.jpg,./data/you_chalk_brood/normal/C_008_015_20230903075201_001_008_000_000.jpg,0,normal,C_008_015,C_008,C_008_015_20230903,2,train
C_008_015_20230907122602_001_008_000_000.jpg,./data/you_chalk_brood/normal/C_008_015_20230907122602_001_008_000_000.jpg,0,normal,C_008_015,C_008,C_008_015_20230907,2,test
C_008_016_20230825180830_001_008_000_000.jpg,./data/you_chalk_brood/normal/C_008_016_20230825180830_001_008_000_000.jpg,0,normal,C_008_016,C_008,C_008_016_20230825,2,train
C_008_016_20230904144733_001_008_000_000.jpg,./data/you_chalk_brood/normal/C_008_016_20230904144733_001_008_000_000.jpg,0,normal,C_008_016,C_008,C_008_016_20230904,2,test
C_008_016_20230908160809_001_008_000_000.jpg,./data/you_chalk_brood/normal/C_008_016_20230908160809_001_008_000_000.jpg,0,normal,C_008_016,C_008,C_008_016_20230908,2,test
C_008_016_20230908194332_001_008_000_000.jpg,./data/you_chalk_brood/normal/C_008_016_20230908194332_001_008_000_000.jpg,0,normal,C_008_016,C_008,C_008_016_20230908,2,val
C_008_016_20230910164031_001_008_000_000.jpg,./data/you_chalk_brood/normal/C_008_016_20230910164031_001_008_000_000.jpg,0,normal,C_008_016,C_008,C_008_016_20230910,2,test
C_008_017_20230825181031_001_008_000_000.jpg,./data/you_chalk_brood/normal/C_008_017_20230825181031_001_008_000_000.jpg,0,normal,C_008_017,C_008,C_008_017_20230825,2,val
C_008_017_20230827165600_001_008_000_000.jpg,./data/you_chalk_brood/normal/C_008_017_20230827165600_001_008_000_000.jpg,0,normal,C_008_017,C_008,C_008_017_20230827,2,train
C_008_017_20230904153838_001_008_000_000.jpg,./data/you_chalk_brood/normal/C_008_017_20230904153838_001_008_000_000.jpg,0,normal,C_008_017,C_008,C_008_017_20230904,2,train
C_008_017_20230904162244_001_008_000_000.jpg,./data/you_chalk_brood/normal/C_008_017_20230904162244_001_008_000_000.jpg,0,normal,C_008_017,C_008,C_008_017_20230904,2,train
C_008_017_20230905075623_001_008_000_000.jpg,./data/you_chalk_brood/normal/C_008_017_20230905075623_001_008_000_000.jpg,0,normal,C_008_017,C_008,C_008_017_20230905,2,train
C_008_017_20230910153826_001_008_000_000.jpg,./data/you_chalk_brood/normal/C_008_017_20230910153826_001_008_000_000.jpg,0,normal,C_008_017,C_008,C_008_017_20230910,2,val
C_008_017_20230912133133_001_008_000_000.jpg,./data/you_chalk_brood/normal/C_008_017_20230912133133_001_008_000_000.jpg,0,normal,C_008_017,C_008,C_008_017_20230912,2,test
C_008_018_20230829165345_001_008_000_000.jpg,./data/you_chalk_brood/normal/C_008_018_20230829165345_001_008_000_000.jpg,0,normal,C_008_018,C_008,C_008_018_20230829,2,val
C_008_018_20230831141907_001_008_000_000.jpg,./data/you_chalk_brood/normal/C_008_018_20230831141907_001_008_000_000.jpg,0,normal,C_008_018,C_008,C_008_018_20230831,2,test
C_008_018_20230902144433_001_008_000_000.jpg,./data/you_chalk_brood/normal/C_008_018_20230902144433_001_008_000_000.jpg,0,normal,C_008_018,C_008,C_008_018_20230902,2,val
C_009_018_20230827161240_001_009_000_000.jpg,./data/you_chalk_brood/normal/C_009_018_20230827161240_001_009_000_000.jpg,0,normal,C_009_018,C_009,C_009_018_20230827,2,train
C_009_018_20230902151804_001_009_000_000.jpg,./data/you_chalk_brood/normal/C_009_018_20230902151804_001_009_000_000.jpg,0,normal,C_009_018,C_009,C_009_018_20230902,2,test
C_009_018_20230907080358_001_009_000_000.jpg,./data/you_chalk_brood/normal/C_009_018_20230907080358_001_009_000_000.jpg,0,normal,C_009_018,C_009,C_009_018_20230907,2,test
C_009_018_20230908172734_001_009_000_000.jpg,./data/you_chalk_brood/normal/C_009_018_20230908172734_001_009_000_000.jpg,0,normal,C_009_018,C_009,C_009_018_20230908,2,test
C_009_018_20230912142048_001_009_000_000.jpg,./data/you_chalk_brood/normal/C_009_018_20230912142048_001_009_000_000.jpg,0,normal,C_009_018,C_009,C_009_018_20230912,2,test
C_009_018_20230912160822_001_009_000_000.jpg,./data/you_chalk_brood/normal/C_009_018_20230912160822_001_009_000_000.jpg,0,normal,C_009_018,C_009,C_009_018_20230912,2,val
C_009_019_20230825183547_001_009_000_000.jpg,./data/you_chalk_brood/normal/C_009_019_20230825183547_001_009_000_000.jpg,0,normal,C_009_019,C_009,C_009_019_20230825,2,train
C_009_019_20230827181905_001_009_000_000.jpg,./data/you_chalk_brood/normal/C_009_019_20230827181905_001_009_000_000.jpg,0,normal,C_009_019,C_009,C_009_019_20230827,2,test
C_009_019_20230829155551_001_009_000_000.jpg,./data/you_chalk_brood/normal/C_009_019_20230829155551_001_009_000_000.jpg,0,normal,C_009_019,C_009,C_009_019_20230829,2,train
C_009_019_20230829160507_001_009_000_000.jpg,./data/you_chalk_brood/normal/C_009_019_20230829160507_001_009_000_000.jpg,0,normal,C_009_019,C_009,C_009_019_20230829,2,val
C_009_019_20230829164306_001_009_000_000.jpg,./data/you_chalk_brood/normal/C_009_019_20230829164306_001_009_000_000.jpg,0,normal,C_009_019,C_009,C_009_019_20230829,2,test
C_009_019_20230830063113_001_009_000_000.jpg,./data/you_chalk_brood/normal/C_009_019_20230830063113_001_009_000_000.jpg,0,normal,C_009_019,C_009,C_009_019_20230830,2,test
C_009_019_20230831143213_001_009_000_000.jpg,./data/you_chalk_brood/normal/C_009_019_20230831143213_001_009_000_000.jpg,0,normal,C_009_019,C_009,C_009_019_20230831,2,test
C_009_019_20230831144113_001_009_000_000.jpg,./data/you_chalk_brood/normal/C_009_019_20230831144113_001_009_000_000.jpg,0,normal,C_009_019,C_009,C_009_019_20230831,2,train
C_009_019_20230831161950_001_009_000_000.jpg,./data/you_chalk_brood/normal/C_009_019_20230831161950_001_009_000_000.jpg,0,normal,C_009_019,C_009,C_009_019_20230831,2,train
C_009_019_20230831164757_001_009_000_000.jpg,./data/you_chalk_brood/normal/C_009_019_20230831164757_001_009_000_000.jpg,0,normal,C_009_019,C_009,C_009_019_20230831,2,train
C_009_019_20230904151913_001_009_000_000.jpg,./data/you_chalk_brood/normal/C_009_019_20230904151913_001_009_000_000.jpg,0,normal,C_009_019,C_009,C_009_019_20230904,2,test
C_009_019_20230910155219_001_009_000_000.jpg,./data/you_chalk_brood/normal/C_009_019_20230910155219_001_009_000_000.jpg,0,normal,C_009_019,C_009,C_009_019_20230910,2,test
C_009_019_20230910162410_001_009_000_000.jpg,./data/you_chalk_brood/normal/C_009_019_20230910162410_001_009_000_000.jpg,0,normal,C_009_019,C_009,C_009_019_20230910,2,train
C_009_019_20230911104240_001_009_000_000.jpg,./data/you_chalk_brood/normal/C_009_019_20230911104240_001_009_000_000.jpg,0,normal,C_009_019,C_009,C_009_019_20230911,2,train
C_009_019_20230912153450_001_009_000_000.jpg,./data/you_chalk_brood/normal/C_009_019_20230912153450_001_009_000_000.jpg,0,normal,C_009_019,C_009,C_009_019_20230912,2,train
C_009_020_20230827151913_001_009_000_000.jpg,./data/you_chalk_brood/normal/C_009_020_20230827151913_001_009_000_000.jpg,0,normal,C_009_020,C_009,C_009_020_20230827,2,train
C_009_020_20230827175922_001_009_000_000.jpg,./data/you_chalk_brood/normal/C_009_020_20230827175922_001_009_000_000.jpg,0,normal,C_009_020,C_009,C_009_020_20230827,2,test
C_009_020_20230829134758_001_009_000_000.jpg,./data/you_chalk_brood/normal/C_009_020_20230829134758_001_009_000_000.jpg,0,normal,C_009_020,C_009,C_009_020_20230829,2,test
C_009_020_20230829155422_001_009_000_000.jpg,./data/you_chalk_brood/normal/C_009_020_20230829155422_001_009_000_000.jpg,0,normal,C_009_020,C_009,C_009_020_20230829,2,train
C_009_020_20230831141322_001_009_000_000.jpg,./data/you_chalk_brood/normal/C_009_020_20230831141322_001_009_000_000.jpg,0,normal,C_009_020,C_009,C_009_020_20230831,2,val
C_009_020_20230902155721_001_009_000_000.jpg,./data/you_chalk_brood/normal/C_009_020_20230902155721_001_009_000_000.jpg,0,normal,C_009_020,C_009,C_009_020_20230902,2,train
C_009_020_20230906173439_001_009_000_000.jpg,./data/you_chalk_brood/normal/C_009_020_20230906173439_001_009_000_000.jpg,0,normal,C_009_020,C_009,C_009_020_20230906,2,train
C_009_020_20230912143844_001_009_000_000.jpg,./data/you_chalk_brood/normal/C_009_020_20230912143844_001_009_000_000.jpg,0,normal,C_009_020,C_009,C_009_020_20230912,2,train
C_009_021_20230904170650_001_009_000_000.jpg,./data/you_chalk_brood/normal/C_009_021_20230904170650_001_009_000_000.jpg,0,normal,C_009_021,C_009,C_009_021_20230904,2,test
C_009_021_20230905063227_001_009_000_000.jpg,./data/you_chalk_brood/normal/C_009_021_20230905063227_001_009_000_000.jpg,0,normal,C_009_021,C_009,C_009_021_20230905,2,test
C_010_021_20230824094131_001_010_000_000.jpg,./data/you_chalk_brood/normal/C_010_021_20230824094131_001_010_000_000.jpg,0,normal,C_010_021,C_010,C_010_021_20230824,2,test
C_010_021_20230825183624_001_010_000_000.jpg,./data/you_chalk_brood/normal/C_010_021_20230825183624_001_010_000_000.jpg,0,normal,C_010_021,C_010,C_010_021_20230825,2,train
C_010_021_20230825184019_001_010_000_000.jpg,./data/you_chalk_brood/normal/C_010_021_20230825184019_001_010_000_000.jpg,0,normal,C_010_021,C_010,C_010_021_20230825,2,val
C_010_021_20230829160808_001_010_000_000.jpg,./data/you_chalk_brood/normal/C_010_021_20230829160808_001_010_000_000.jpg,0,normal,C_010_021,C_010,C_010_021_20230829,2,train
C_010_021_20230830073117_001_010_000_000.jpg,./data/you_chalk_brood/normal/C_010_021_20230830073117_001_010_000_000.jpg,0,normal,C_010_021,C_010,C_010_021_20230830,2,train
C_010_021_20230902174734_001_010_000_000.jpg,./data/you_chalk_brood/normal/C_010_021_20230902174734_001_010_000_000.jpg,0,normal,C_010_021,C_010,C_010_021_20230902,2,test
C_010_021_20230903062150_001_010_000_000.jpg,./data/you_chalk_brood/normal/C_010_021_20230903062150_001_010_000_000.jpg,0,normal,C_010_021,C_010,C_010_021_20230903,2,test
C_010_021_20230906174809_001_010_000_000.jpg,./data/you_chalk_brood/normal/C_010_021_20230906174809_001_010_000_000.jpg,0,normal,C_010_021,C_010,C_010_021_20230906,2,test
C_010_021_20230910141750_001_010_000_000.jpg,./data/you_chalk_brood/normal/C_010_021_20230910141750_001_010_000_000.jpg,0,normal,C_010_021,C_010,C_010_021_20230910,2,val
C_010_021_20230912160454_001_010_000_000.jpg,./data/you_chalk_brood/normal/C_010_021_20230912160454_001_010_000_000.jpg,0,normal,C_010_021,C_010,C_010_021_20230912,2,train
C_010_022_20230825174158_001_010_000_000.jpg,./data/you_chalk_brood/normal/C_010_022_20230825174158_001_010_000_000.jpg,0,normal,C_010_022,C_010,C_010_022_20230825,2,train
C_010_022_20230825174839_001_010_000_000.jpg,./data/you_chalk_brood/normal/C_010_022_20230825174839_001_010_000_000.jpg,0,normal,C_010_022,C_010,C_010_022_20230825,2,train
C_010_022_20230825181700_001_010_000_000.jpg,./data/you_chalk_brood/normal/C_010_022_20230825181700_001_010_000_000.jpg,0,normal,C_010_022,C_010,C_010_022_20230825,2,test
C_010_022_20230827174722_001_010_000_000.jpg,./data/you_chalk_brood/normal/C_010_022_20230827174722_001_010_000_000.jpg,0,normal,C_010_022,C_010,C_010_022_20230827,2,train
C_010_022_20230830065155_001_010_000_000.jpg,./data/you_chalk_brood/normal/C_010_022_20230830065155_001_010_000_000.jpg,0,normal,C_010_022,C_010,C_010_022_20230830,2,train
C_010_022_20230831160954_001_010_000_000.jpg,./data/you_chalk_brood/normal/C_010_022_20230831160954_001_010_000_000.jpg,0,normal,C_010_022,C_010,C_010_022_20230831,2,test
C_010_022_20230904155115_001_010_000_000.jpg,./data/you_chalk_brood/normal/C_010_022_20230904155115_001_010_000_000.jpg,0,normal,C_010_022,C_010,C_010_022_20230904,2,test
C_010_022_20230908165427_001_010_000_000.jpg,./data/you_chalk_brood/normal/C_010_022_20230908165427_001_010_000_000.jpg,0,normal,C_010_022,C_010,C_010_022_20230908,2,test
C_010_023_20230827161003_001_010_000_000.jpg,./data/you_chalk_brood/normal/C_010_023_20230827161003_001_010_000_000.jpg,0,normal,C_010_023,C_010,C_010_023_20230827,2,train
C_010_023_20230827170100_001_010_000_000.jpg,./data/you_chalk_brood/normal/C_010_023_20230827170100_001_010_000_000.jpg,0,normal,C_010_023,C_010,C_010_023_20230827,2,train
C_010_023_20230827174700_001_010_000_000.jpg,./data/you_chalk_brood/normal/C_010_023_20230827174700_001_010_000_000.jpg,0,normal,C_010_023,C_010,C_010_023_20230827,2,train
C_010_023_20230829143457_001_010_000_000.jpg,./data/you_chalk_brood/normal/C_010_023_20230829143457_001_010_000_000.jpg,0,normal,C_010_023,C_010,C_010_023_20230829,2,test
C_010_023_20230831154905_001_010_000_000.jpg,./data/you_chalk_brood/normal/C_010_023_20230831154905_001_010_000_000.jpg,0,normal,C_010_023,C_010,C_010_023_20230831,2,train
C_010_023_20230904150743_001_010_000_000.jpg,./data/you_chalk_brood/normal/C_010_023_20230904150743_001_010_000_000.jpg,0,normal,C_010_023,C_010,C_010_023_20230904,2,train
C_010_023_20230904162229_001_010_000_000.jpg,./data/you_chalk_brood/normal/C_010_023_20230904162229_001_010_000_000.jpg,0,normal,C_010_023,C_010,C_010_023_20230904,2,val
C_010_023_20230910153647_001_010_000_000.jpg,./data/you_chalk_brood/normal/C_010_023_20230910153647_001_010_000_000.jpg,0,normal,C_010_023,C_010,C_010_023_20230910,2,val
C_010_023_20230912132715_001_010_000_000.jpg,./data/you_chalk_brood/normal/C_010_023_20230912132715_001_010_000_000.jpg,0,normal,C_010_023,C_010,C_010_023_20230912,2,test
C_010_023_20230912142226_001_010_000_000.jpg,./data/you_chalk_brood/normal/C_010_023_20230912142226_001_010_000_000.jpg,0,normal,C_010_023,C_010,C_010_023_20230912,2,val
C_010_024_20230906180935_001_010_000_000.jpg,./data/you_chalk_brood/normal/C_010_024_20230906180935_001_010_000_000.jpg,0,normal,C_010_024,C_010,C_010_024_20230906,2,train
C_010_024_20230910145410_001_010_000_000.jpg,./data/you_chalk_brood/normal/C_010_024_20230910145410_001_010_000_000.jpg,0,normal,C_010_024,C_010,C_010_024_20230910,2,val
C_011_024_20230829142705_001_011_000_000.jpg,./data/you_chalk_brood/normal/C_011_024_20230829142705_001_011_000_000.jpg,0,normal,C_011_024,C_011,C_011_024_20230829,2,test
C_011_024_20230829161109_001_011_000_000.jpg,./data/you_chalk_brood/normal/C_011_024_20230829161109_001_011_000_000.jpg,0,normal,C_011_024,C_011,C_011_024_20230829,2,train
C_011_024_20230831141736_001_011_000_000.jpg,./data/you_chalk_brood/normal/C_011_024_20230831141736_001_011_000_000.jpg,0,normal,C_011_024,C_011,C_011_024_20230831,2,train
C_011_024_20230831143224_001_011_000_000.jpg,./data/you_chalk_brood/normal/C_011_024_20230831143224_001_011_000_000.jpg,0,normal,C_011_024,C_011,C_011_024_20230831,2,train
C_011_024_20230902171213_001_011_000_000.jpg,./data/you_chalk_brood/normal/C_011_024_20230902171213_001_011_000_000.jpg,0,normal,C_011_024,C_011,C_011_024_20230902,2,train
C_011_024_20230904171915_001_011_000_000.jpg,./data/you_chalk_brood/normal/C_011_024_20230904171915_001_011_000_000.jpg,0,normal,C_011_024,C_011,C_011_024_20230904,2,train
C_011_024_20230906180227_001_011_000_000.jpg,./data/you_chalk_brood/normal/C_011_024_20230906180227_001_011_000_000.jpg,0,normal,C_011_024,C_011,C_011_024_20230906,2,test
C_011_024_20230908154218_001_011_000_000.jpg,./data/you_chalk_brood/normal/C_011_024_20230908154218_001_011_000_000.jpg,0,normal,C_011_024,C_011,C_011_024_20230908,2,train
C_011_024_20230910155736_001_011_000_000.jpg,./data/you_chalk_brood/normal/C_011_024_20230910155736_001_011_000_000.jpg,0,normal,C_011_024,C_011,C_011_024_20230910,2,train
C_011_024_20230912134519_001_011_000_000.jpg,./data/you_chalk_brood/normal/C_011_024_20230912134519_001_011_000_000.jpg,0,normal,C_011_024,C_011,C_011_024_20230912,2,train
C_011_025_20230831142801_001_011_000_000.jpg,./data/you_chalk_brood/normal/C_011_025_20230831142801_001_011_000_000.jpg,0,normal,C_011_025,C_011,C_011_025_20230831,2,train
C_011_025_20230831145352_001_011_000_000.jpg,./data/you_chalk_brood/normal/C_011_025_20230831145352_001_011_000_000.jpg,0,normal,C_011_025,C_011,C_011_025_20230831,2,test
C_011_025_20230831163725_001_011_000_000.jpg,./data/you_chalk_brood/normal/C_011_025_20230831163725_001_011_000_000.jpg,0,normal,C_011_025,C_011,C_011_025_20230831,2,train
C_011_025_20230831164736_001_011_000_000.jpg,./data/you_chalk_brood/normal/C_011_025_20230831164736_001_011_000_000.jpg,0,normal,C_011_025,C_011,C_011_025_20230831,2,test
C_011_025_20230902151844_001_011_000_000.jpg,./data/you_chalk_brood/normal/C_011_025_20230902151844_001_011_000_000.jpg,0,normal,C_011_025,C_011,C_011_025_20230902,2,test
C_011_025_20230904144624_001_011_000_000.jpg,./data/you_chalk_brood/normal/C_011_025_20230904144624_001_011_000_000.jpg,0,normal,C_011_025,C_011,C_011_025_20230904,2,train
C_011_025_20230906173826_001_011_000_000.jpg,./data/you_chalk_brood/normal/C_011_025_20230906173826_001_011_000_000.jpg,0,normal,C_011_025,C_011,C_011_025_20230906,2,test
C_011_025_20230908153435_001_011_000_000.jpg,./data/you_chalk_brood/normal/C_011_025_20230908153435_001_011_000_000.jpg,0,normal,C_011_025,C_011,C_011_025_20230908,2,val
C_011_026_20230903072244_001_011_000_000.jpg,./data/you_chalk_brood/normal/C_011_026_20230903072244_001_011_000_000.jpg,0,normal,C_011_026,C_011,C_011_026_20230903,2,train
C_011_026_20230905084127_001_011_000_000.jpg,./data/you_chalk_brood/normal/C_011_026_20230905084127_001_011_000_000.jpg,0,normal,C_011_026,C_011,C_011_026_20230905,2,test
C_011_026_20230907075409_001_011_000_000.jpg,./data/you_chalk_brood/normal/C_011_026_20230907075409_001_011_000_000.jpg,0,normal,C_011_026,C_011,C_011_026_20230907,2,train
C_011_026_20230911082855_001_011_000_000.jpg,./data/you_chalk_brood/normal/C_011_026_20230911082855_001_011_000_000.jpg,0,normal,C_011_026,C_011,C_011_026_20230911,2,test
C_012_027_20230831145944_001_012_000_000.jpg,./data/you_chalk_brood/normal/C_012_027_20230831145944_001_012_000_000.jpg,0,normal,C_012_027,C_012,C_012_027_20230831,2,test
C_012_027_20230831192908_001_012_000_000.jpg,./data/you_chalk_brood/normal/C_012_027_20230831192908_001_012_000_000.jpg,0,normal,C_012_027,C_012,C_012_027_20230831,2,train
C_012_027_20230901071858_001_012_000_000.jpg,./data/you_chalk_brood/normal/C_012_027_20230901071858_001_012_000_000.jpg,0,normal,C_012_027,C_012,C_012_027_20230901,2,test
C_012_027_20230902154458_001_012_000_000.jpg,./data/you_chalk_brood/normal/C_012_027_20230902154458_001_012_000_000.jpg,0,normal,C_012_027,C_012,C_012_027_20230902,2,test
C_012_028_20230826083905_001_012_000_000.jpg,./data/you_chalk_brood/normal/C_012_028_20230826083905_001_012_000_000.jpg,0,normal,C_012_028,C_012,C_012_028_20230826,2,val
C_012_028_20230829151953_001_012_000_000.jpg,./data/you_chalk_brood/normal/C_012_028_20230829151953_001_012_000_000.jpg,0,normal,C_012_028,C_012,C_012_028_20230829,2,train
C_012_028_20230904165149_001_012_000_000.jpg,./data/you_chalk_brood/normal/C_012_028_20230904165149_001_012_000_000.jpg,0,normal,C_012_028,C_012,C_012_028_20230904,2,test
C_012_028_20230906181336_001_012_000_000.jpg,./data/you_chalk_brood/normal/C_012_028_20230906181336_001_012_000_000.jpg,0,normal,C_012_028,C_012,C_012_028_20230906,2,train
C_012_029_20230827164055_001_012_000_000.jpg,./data/you_chalk_brood/normal/C_012_029_20230827164055_001_012_000_000.jpg,0,normal,C_012_029,C_012,C_012_029_20230827,2,val
C_012_029_20230828132942_001_012_000_000.jpg,./data/you_chalk_brood/normal/C_012_029_20230828132942_001_012_000_000.jpg,0,normal,C_012_029,C_012,C_012_029_20230828,2,train
C_012_029_20230829152726_001_012_000_000.jpg,./data/you_chalk_brood/normal/C_012_029_20230829152726_001_012_000_000.jpg,0,normal,C_012_029,C_012,C_012_029_20230829,2,test
C_012_029_20230831142949_001_012_000_000.jpg,./data/you_chalk_brood/normal/C_012_029_20230831142949_001_012_000_000.jpg,0,normal,C_012_029,C_012,C_012_029_20230831,2,train
C_012_029_20230906161554_001_012_000_000.jpg,./data/you_chalk_brood/normal/C_012_029_20230906161554_001_012_000_000.jpg,0,normal,C_012_029,C_012,C_012_029_20230906,2,train
C_012_029_20230906165126_001_012_000_000.jpg,./data/you_chalk_brood/normal/C_012_029_20230906165126_001_012_000_000.jpg,0,normal,C_012_029,C_012,C_012_029_20230906,2,val
C_012_029_20230907065031_001_012_000_000.jpg,./data/you_chalk_brood/normal/C_012_029_20230907065031_001_012_000_000.jpg,0,normal,C_012_029,C_012,C_012_029_20230907,2,test
C_012_029_20230908181102_001_012_000_000.jpg,./data/you_chalk_brood/normal/C_012_029_20230908181102_001_012_000_000.jpg,0,normal,C_012_029,C_012,C_012_029_20230908,2,val
