filename,path,label,class_dir,group,site,session,fold,role
B_001_001_20230819184543_001_004_000_003.jpg,./data/you_foulbrood/abnormal/B_001_001_20230819184543_001_004_000_003.jpg,1,abnormal,B_001_001,B_001,B_001_001_20230819,0,val
B_001_001_20230819185339_001_002_000_003.jpg,./data/you_foulbrood/abnormal/B_001_001_20230819185339_001_002_000_003.jpg,1,abnormal,B_001_001,B_001,B_001_001_20230819,0,test
B_001_001_20230819221134_001_004_000_003.jpg,./data/you_foulbrood/abnormal/B_001_001_20230819221134_001_004_000_003.jpg,1,abnormal,B_001_001,B_001,B_001_001_20230819,0,train
B_001_001_20230819221722_001_002_000_003.jpg,./data/you_foulbrood/abnormal/B_001_001_20230819221722_001_002_000_003.jpg,1,abnormal,B_001_001,B_001,B_001_001_20230819,0,test
B_001_001_20230819222852_001_003_000_003.jpg,./data/you_foulbrood/abnormal/B_001_001_20230819222852_001_003_000_003.jpg,1,abnormal,B_001_001,B_001,B_001_001_20230819,0,test
B_001_001_20230819223943_001_002_000_003.jpg,./data/you_foulbrood/abnormal/B_001_001_20230819223943_001_002_000_003.jpg,1,abnormal,B_001_001,B_001,B_001_001_20230819,0,train
B_001_001_20230819224112_001_002_000_003.jpg,./data/you_foulbrood/abnormal/B_001_001_20230819224112_001_002_000_003.jpg,1,abnormal,B_001_001,B_001,B_001_001_20230819,0,train
B_001_001_20230820211410_001_002_000_003.jpg,./data/you_foulbrood/abnormal/B_001_001_20230820211410_001_002_000_003.jpg,1,abnormal,B_001_001,B_001,B_001_001_20230820,0,test
B_001_001_20230820212924_001_002_000_003.jpg,./data/you_foulbrood/abnormal/B_001_001_20230820212924_001_002_000_003.jpg,1,abnormal,B_001_001,B_001,B_001_001_20230820,0,test
B_001_001_20230820222754_001_004_000_003.jpg,./data/you_foulbrood/abnormal/B_001_001_20230820222754_001_004_000_003.jpg,1,abnormal,B_001_001,B_001,B_001_001_20230820,0,val
B_001_001_20230821180326_001_004_000_003.jpg,./data/you_foulbrood/abnormal/B_001_001_20230821180326_001_004_000_003.jpg,1,abnormal,B_001_001,B_001,B_001_001_20230821,0,test
B_001_001_20230821181213_001_004_000_003.jpg,./data/you_foulbrood/abnormal/B_001_001_20230821181213_001_004_000_003.jpg,1,abnormal,B_001_001,B_001,B_001_001_20230821,0,train
B_001_001_20230821184615_001_002_000_003.jpg,./data/you_foulbrood/abnormal/B_001_001_20230821184615_001_002_000_003.jpg,1,abnormal,B_001_001,B_001,B_001_001_20230821,0,train
B_001_001_20230821185038_001_002_000_003.jpg,./data/you_foulbrood/abnormal/B_001_001_20230821185038_001_002_000_003.jpg,1,abnormal,B_001_001,B_001,B_001_001_20230821,0,test
B_001_001_20230821185245_001_002_000_003.jpg,./data/you_foulbrood/abnormal/B_001_001_20230821185245_001_002_000_003.jpg,1,abnormal,B_001_001,B_001,B_001_001_20230821,0,train
B_001_001_20230821190433_001_003_000_003.jpg,./data/you_foulbrood/abnormal/B_001_001_20230821190433_001_003_000_003.jpg,1,abnormal,B_001_001,B_001,B_001_001_20230821,0,train
B_001_001_20230821213547_001_004_000_003.jpg,./data/you_foulbrood/abnormal/B_001_001_20230821213547_001_004_000_003.jpg,1,abnormal,B_001_001,B_001,B_001_001_20230821,0,train
B_001_001_20230821221829_001_003_000_003.jpg,./data/you_foulbrood/abnormal/B_001_001_20230821221829_001_003_000_003.jpg,1,abnormal,B_001_001,B_001,B_001_001_20230821,0,test
B_001_001_20230821222418_001_002_000_003.jpg,./data/you_foulbrood/abnormal/B_001_001_20230821222418_001_002_000_003.jpg,1,abnormal,B_001_001,B_001,B_001_001_20230821,0,train
B_001_001_20230821223931_001_002_000_003.jpg,./data/you_foulbrood/abnormal/B_001_001_20230821223931_001_002_000_003.jpg,1,abnormal,B_001_001,B_001,B_001_001_20230821,0,train
B_001_001_20230821224138_001_003_000_003.jpg,./data/you_foulbrood/abnormal/B_001_001_20230821224138_001_003_000_003.jpg,1,abnormal,B_001_001,B_001,B_001_001_20230821,0,val
B_001_001_20230821225359_001_003_000_003.jpg,./data/you_foulbrood/abnormal/B_001_001_20230821225359_001_003_000_003.jpg,1,abnormal,B_001_001,B_001,B_001_001_20230821,0,train
B_001_001_20230822181106_001_002_000_003.jpg,./data/you_foulbrood/abnormal/B_001_001_20230822181106_001_002_000_003.jpg,1,abnormal,B_001_001,B_001,B_001_001_20230822,0,train
B_001_001_20230822182954_001_002_000_003.jpg,./data/you_foulbrood/abnormal/B_001_001_20230822182954_001_002_000_003.jpg,1,abnormal,B_001_001,B_001,B_001_001_20230822,0,train
B_001_001_20230822205550_001_002_000_003.jpg,./data/you_foulbrood/abnormal/B_001_001_20230822205550_001_002_000_003.jpg,1,abnormal,B_001_001,B_001,B_001_001_20230822,0,test
B_001_001_20230903152138_001_004_000_003.jpg,./data/you_foulbrood/abnormal/B_001_001_20230903152138_001_004_000_003.jpg,1,abnormal,B_001_001,B_001,B_001_001_20230903,0,train
B_001_001_20230912094654_001_001_000_003.jpg,./data/you_foulbrood/abnormal/B_001_001_20230912094654_001_001_000_003.jpg,1,abnormal,B_001_001,B_001,B_001_001_20230912,0,train
B_001_001_20230912131457_001_001_000_003.jpg,./data/you_foulbrood/abnormal/B_001_001_20230912131457_001_001_000_003.jpg,1,abnormal,B_001_001,B_001,B_001_001_20230912,0,train
B_001_001_20230912181039_001_001_000_003.jpg,./data/you_foulbrood/abnormal/B_001_001_20230912181039_001_001_000_003.jpg,1,abnormal,B_001_001,B_001,B_001_001_20230912,0,test
B_001_002_20230819182109_001_001_000_003.jpg,./data/you_foulbrood/abnormal/B_001_002_20230819182109_001_001_000_003.jpg,1,abnormal,B_001_002,B_001,B_001_002_20230819,0,val
B_001_002_20230819182441_001_002_000_003.jpg,./data/you_foulbrood/abnormal/B_001_002_20230819182441_001_002_000_003.jpg,1,abnormal,B_001_002,B_001,B_001_002_20230819,0,train
B_001_002_20230819190509_001_001_000_003.jpg,./data/you_foulbrood/abnormal/B_001_002_20230819190509_001_001_000_003.jpg,1,abnormal,B_001_002,B_001,B_001_002_20230819,0,train
B_001_002_20230819193326_001_004_000_003.jpg,./data/you_foulbrood/abnormal/B_001_002_20230819193326_001_004_000_003.jpg,1,abnormal,B_001_002,B_001,B_001_002_20230819,0,train
B_001_002_20230819201411_001_001_000_003.jpg,./data/you_foulbrood/abnormal/B_001_002_20230819201411_001_001_000_003.jpg,1,abnormal,B_001_002,B_001,B_001_002_20230819,0,train
B_001_002_20230819221724_001_004_000_003.jpg,./data/you_foulbrood/abnormal/B_001_002_20230819221724_001_004_000_003.jpg,1,abnormal,B_001_002,B_001,B_001_002_20230819,0,test
B_001_002_20230819222517_001_002_000_003.jpg,./data/you_foulbrood/abnormal/B_001_002_20230819222517_001_002_000_003.jpg,1,abnormal,B_001_002,B_001,B_001_002_20230819,0,train
B_001_002_20230819224743_001_001_000_003.jpg,./data/you_foulbrood/abnormal/B_001_002_20230819224743_001_001_000_003.jpg,1,abnormal,B_001_002,B_001,B_001_002_20230819,0,val
B_001_002_20230819225453_001_001_000_003.jpg,./data/you_foulbrood/abnormal/B_001_002_20230819225453_001_001_000_003.jpg,1,abnormal,B_001_002,B_001,B_001_002_20230819,0,test
B_001_002_20230820185716_001_003_000_003.jpg,./data/you_foulbrood/abnormal/B_001_002_20230820185716_001_003_000_003.jpg,1,abnormal,B_001_002,B_001,B_001_002_20230820,0,train
B_001_002_20230820191227_001_002_000_003.jpg,./data/you_foulbrood/abnormal/B_001_002_20230820191227_001_002_000_003.jpg,1,abnormal,B_001_002,B_001,B_001_002_20230820,0,test
B_001_002_20230820192322_001_003_000_003.jpg,./data/you_foulbrood/abnormal/B_001_002_20230820192322_001_003_000_003.jpg,1,abnormal,B_001_002,B_001,B_001_002_20230820,0,train
B_001_002_20230820193633_001_002_000_003.jpg,./data/you_foulbrood/abnormal/B_001_002_20230820193633_001_002_000_003.jpg,1,abnormal,B_001_002,B_001,B_001_002_20230820,0,test
B_001_002_20230820200413_001_001_000_003.jpg,./data/you_foulbrood/abnormal/B_001_002_20230820200413_001_001_000_003.jpg,1,abnormal,B_001_002,B_001,B_001_002_20230820,0,val
B_001_002_20230820201043_001_001_000_003.jpg,./data/you_foulbrood/abnormal/B_001_002_20230820201043_001_001_000_003.jpg,1,abnormal,B_001_002,B_001,B_001_002_20230820,0,train
B_001_002_20230820202429_001_001_000_003.jpg,./data/you_foulbrood/abnormal/B_001_002_20230820202429_001_001_000_003.jpg,1,abnormal,B_001_002,B_001,B_001_002_20230820,0,test
B_001_002_20230820214139_001_002_000_003.jpg,./data/you_foulbrood/abnormal/B_001_002_20230820214139_001_002_000_003.jpg,1,abnormal,B_001_002,B_001,B_001_002_20230820,0,test
B_001_002_20230820215655_001_004_000_003.jpg,./data/you_foulbrood/abnormal/B_001_002_20230820215655_001_004_000_003.jpg,1,abnormal,B_001_002,B_001,B_001_002_20230820,0,test
B_001_002_20230820221705_001_001_000_003.jpg,./data/you_foulbrood/abnormal/B_001_002_20230820221705_001_001_000_003.jpg,1,abnormal,B_001_002,B_001,B_001_002_20230820,0,test
B_001_002_20230820222923_001_004_000_003.jpg,./data/you_foulbrood/abnormal/B_001_002_20230820222923_001_004_000_003.jpg,1,abnormal,B_001_002,B_001,B_001_002_20230820,0,train
B_001_002_20230820224146_001_002_000_003.jpg,./data/you_foulbrood/abnormal/B_001_002_20230820224146_001_002_000_003.jpg,1,abnormal,B_001_002,B_001,B_001_002_20230820,0,test
B_001_002_20230820225111_001_004_000_003.jpg,./data/you_foulbrood/abnormal/B_001_002_20230820225111_001_004_000_003.jpg,1,abnormal,B_001_002,B_001,B_001_002_20230820,0,test
B_001_002_20230821183109_001_004_000_003.jpg,./data/you_foulbrood/abnormal/B_001_002_20230821183109_001_004_000_003.jpg,1,abnormal,B_001_002,B_001,B_001_002_20230821,0,train
B_001_002_20230821191024_001_003_000_003.jpg,./data/you_foulbrood/abnormal/B_001_002_20230821191024_001_003_000_003.jpg,1,abnormal,B_001_002,B_001,B_001_002_20230821,0,test
B_001_002_20230821200814_001_001_000_003.jpg,./data/you_foulbrood/abnormal/B_001_002_20230821200814_001_001_000_003.jpg,1,abnormal,B_001_002,B_001,B_001_002_20230821,0,train
B_001_002_20230821204036_001_001_000_003.jpg,./data/you_foulbrood/abnormal/B_001_002_20230821204036_001_001_000_003.jpg,1,abnormal,B_001_002,B_001,B_001_002_20230821,0,train
B_001_002_20230821205339_001_002_000_003.jpg,./data/you_foulbrood/abnormal/B_001_002_20230821205339_001_002_000_003.jpg,1,abnormal,B_001_002,B_001,B_001_002_20230821,0,test
B_001_002_20230821205804_001_004_000_003.jpg,./data/you_foulbrood/abnormal/B_001_002_20230821205804_001_004_000_003.jpg,1,abnormal,B_001_002,B_001,B_001_002_20230821,0,test
B_001_002_20230821210014_001_001_000_003.jpg,./data/you_foulbrood/abnormal/B_001_002_20230821210014_001_001_000_003.jpg,1,abnormal,B_001_002,B_001,B_001_002_20230821,0,test
B_001_002_20230821214643_001_004_000_003.jpg,./data/you_foulbrood/abnormal/B_001_002_20230821214643_001_004_000_003.jpg,1,abnormal,B_001_002,B_001,B_001_002_20230821,0,train
B_001_002_20230822181439_001_001_000_003.jpg,./data/you_foulbrood/abnormal/B_001_002_20230822181439_001_001_000_003.jpg,1,abnormal,B_001_002,B_001,B_001_002_20230822,0,test
B_001_002_20230822182535_001_001_000_003.jpg,./data/you_foulbrood/abnormal/B_001_002_20230822182535_001_001_000_003.jpg,1,abnormal,B_001_002,B_001,B_001_002_20230822,0,val
B_001_002_20230822185639_001_001_000_003.jpg,./data/you_foulbrood/abnormal/B_001_002_20230822185639_001_001_000_003.jpg,1,abnormal,B_001_002,B_001,B_001_002_20230822,0,train
B_001_002_20230822190230_001_001_000_003.jpg,./data/you_foulbrood/abnormal/B_001_002_20230822190230_001_001_000_003.jpg,1,abnormal,B_001_002,B_001,B_001_002_20230822,0,train
B_001_002_20230822190650_001_004_000_003.jpg,./data/you_foulbrood/abnormal/B_001_002_20230822190650_001_004_000_003.jpg,1,abnormal,B_001_002,B_001,B_001_002_20230822,0,val
B_001_003_20230819183447_001_002_000_003.jpg,./data/you_foulbrood/abnormal/B_001_003_20230819183447_001_002_000_003.jpg,1,abnormal,B_001_003,B_001,B_001_003_20230819,0,test
B_001_003_20230819185843_001_004_000_003.jpg,./data/you_foulbrood/abnormal/B_001_003_20230819185843_001_004_000_003.jpg,1,abnormal,B_001_003,B_001,B_001_003_20230819,0,train
B_001_003_20230819192526_001_002_000_003.jpg,./data/you_foulbrood/abnormal/B_001_003_20230819192526_001_002_000_003.jpg,1,abnormal,B_001_003,B_001,B_001_003_20230819,0,test
B_001_003_20230819212215_001_004_000_003.jpg,./data/you_foulbrood/abnormal/B_001_003_20230819212215_001_004_000_003.jpg,1,abnormal,B_001_003,B_001,B_001_003_20230819,0,train
B_001_003_20230819224034_001_003_000_003.jpg,./data/you_foulbrood/abnormal/B_001_003_20230819224034_001_003_000_003.jpg,1,abnormal,B_001_003,B_001,B_001_003_20230819,0,train
B_001_003_20230820182354_001_003_000_003.jpg,./data/you_foulbrood/abnormal/B_001_003_20230820182354_001_003_000_003.jpg,1,abnormal,B_001_003,B_001,B_001_003_20230820,0,train
B_001_003_20230820185843_001_002_000_003.jpg,./data/you_foulbrood/abnormal/B_001_003_20230820185843_001_002_000_003.jpg,1,abnormal,B_001_003,B_001,B_001_003_20230820,0,train
B_001_003_20230820190055_001_004_000_003.jpg,./data/you_foulbrood/abnormal/B_001_003_20230820190055_001_004_000_003.jpg,1,abnormal,B_001_003,B_001,B_001_003_20230820,0,train
B_001_003_20230820192407_001_003_000_003.jpg,./data/you_foulbrood/abnormal/B_001_003_20230820192407_001_003_000_003.jpg,1,abnormal,B_001_003,B_001,B_001_003_20230820,0,train
B_001_003_20230820192657_001_004_000_003.jpg,./data/you_foulbrood/abnormal/B_001_003_20230820192657_001_004_000_003.jpg,1,abnormal,B_001_003,B_001,B_001_003_20230820,0,val
B_001_003_20230820193253_001_002_000_003.jpg,./data/you_foulbrood/abnormal/B_001_003_20230820193253_001_002_000_003.jpg,1,abnormal,B_001_003,B_001,B_001_003_20230820,0,val
B_001_003_20230820195320_001_003_000_003.jpg,./data/you_foulbrood/abnormal/B_001_003_20230820195320_001_003_000_003.jpg,1,abnormal,B_001_003,B_001,B_001_003_20230820,0,train
B_001_003_20230820205522_001_002_000_003.jpg,./data/you_foulbrood/abnormal/B_001_003_20230820205522_001_002_000_003.jpg,1,abnormal,B_001_003,B_001,B_001_003_20230820,0,test
B_001_003_20230820215020_001_001_000_003.jpg,./data/you_foulbrood/abnormal/B_001_003_20230820215020_001_001_000_003.jpg,1,abnormal,B_001_003,B_001,B_001_003_20230820,0,train
B_001_003_20230820224902_001_002_000_003.jpg,./data/you_foulbrood/abnormal/B_001_003_20230820224902_001_002_000_003.jpg,1,abnormal,B_001_003,B_001,B_001_003_20230820,0,val
B_001_003_20230821182102_001_002_000_003.jpg,./data/you_foulbrood/abnormal/B_001_003_20230821182102_001_002_000_003.jpg,1,abnormal,B_001_003,B_001,B_001_003_20230821,0,test
B_001_003_20230821184703_001_002_000_003.jpg,./data/you_foulbrood/abnormal/B_001_003_20230821184703_001_002_000_003.jpg,1,abnormal,B_001_003,B_001,B_001_003_20230821,0,test
B_001_003_20230821190606_001_003_000_003.jpg,./data/you_foulbrood/abnormal/B_001_003_20230821190606_001_003_000_003.jpg,1,abnormal,B_001_003,B_001,B_001_003_20230821,0,train
B_001_003_20230821190732_001_003_000_003.jpg,./data/you_foulbrood/abnormal/B_001_003_20230821190732_001_003_000_003.jpg,1,abnormal,B_001_003,B_001,B_001_003_20230821,0,val
B_001_003_20230821190815_001_001_000_003.jpg,./data/you_foulbrood/abnormal/B_001_003_20230821190815_001_001_000_003.jpg,1,abnormal,B_001_003,B_001,B_001_003_20230821,0,val
B_001_003_20230821194137_001_002_000_003.jpg,./data/you_foulbrood/abnormal/B_001_003_20230821194137_001_002_000_003.jpg,1,abnormal,B_001_003,B_001,B_001_003_20230821,0,test
B_001_003_20230821200648_001_004_000_003.jpg,./data/you_foulbrood/abnormal/B_001_003_20230821200648_001_004_000_003.jpg,1,abnormal,B_001_003,B_001,B_001_003_20230821,0,train
B_001_003_20230821202832_001_002_000_003.jpg,./data/you_foulbrood/abnormal/B_001_003_20230821202832_001_002_000_003.jpg,1,abnormal,B_001_003,B_001,B_001_003_20230821,0,train
B_001_003_20230821203706_001_004_000_003.jpg,./data/you_foulbrood/abnormal/B_001_003_20230821203706_001_004_000_003.jpg,1,abnormal,B_001_003,B_001,B_001_003_20230821,0,train
B_001_003_20230821204839_001_003_000_003.jpg,./data/you_foulbrood/abnormal/B_001_003_20230821204839_001_003_000_003.jpg,1,abnormal,B_001_003,B_001,B_001_003_20230821,0,val
B_001_003_20230821204839_001_004_000_003.jpg,./data/you_foulbrood/abnormal/B_001_003_20230821204839_001_004_000_003.jpg,1,abnormal,B_001_003,B_001,B_001_003_20230821,0,train
B_001_003_20230821225236_001_003_000_003.jpg,./data/you_foulbrood/abnormal/B_001_003_20230821225236_001_003_000_003.jpg,1,abnormal,B_001_003,B_001,B_001_003_20230821,0,val
B_001_003_20230822183124_001_004_000_003.jpg,./data/you_foulbrood/abnormal/B_001_003_20230822183124_001_004_000_003.jpg,1,abnormal,B_001_003,B_001,B_001_003_20230822,0,train
B_001_003_20230822183337_001_003_000_003.jpg,./data/you_foulbrood/abnormal/B_001_003_20230822183337_001_003_000_003.jpg,1,abnormal,B_001_003,B_001,B_001_003_20230822,0,train
B_001_003_20230822184803_001_003_000_003.jpg,./data/you_foulbrood/abnormal/B_001_003_20230822184803_001_003_000_003.jpg,1,abnormal,B_001_003,B_001,B_001_003_20230822,0,val
B_001_003_20230822190652_001_002_000_003.jpg,./data/you_foulbrood/abnormal/B_001_003_20230822190652_001_002_000_003.jpg,1,abnormal,B_001_003,B_001,B_001_003_20230822,0,train
B_001_003_20230822194612_001_003_000_003.jpg,./data/you_foulbrood/abnormal/B_001_003_20230822194612_001_003_000_003.jpg,1,abnormal,B_001_003,B_001,B_001_003_20230822,0,test
B_001_003_20230822201225_001_003_000_003.jpg,./data/you_foulbrood/abnormal/B_001_003_20230822201225_001_003_000_003.jpg,1,abnormal,B_001_003,B_001,B_001_003_20230822,0,test
B_001_003_20230822201433_001_003_000_003.jpg,./data/you_foulbrood/abnormal/B_001_003_20230822201433_001_003_000_003.jpg,1,abnormal,B_001_003,B_001,B_001_003_20230822,0,train
B_001_003_20230822202319_001_001_000_003.jpg,./data/you_foulbrood/abnormal/B_001_003_20230822202319_001_001_000_003.jpg,1,abnormal,B_001_003,B_001,B_001_003_20230822,0,test
B_001_003_20230822210525_001_004_000_003.jpg,./data/you_foulbrood/abnormal/B_001_003_20230822210525_001_004_000_003.jpg,1,abnormal,B_001_003,B_001,B_001_003_20230822,0,train
B_001_003_20230822210608_001_003_000_003.jpg,./data/you_foulbrood/abnormal/B_001_003_20230822210608_001_003_000_003.jpg,1,abnormal,B_001_003,B_001,B_001_003_20230822,0,train
B_001_003_20230822210731_001_004_000_003.jpg,./data/you_foulbrood/abnormal/B_001_003_20230822210731_001_004_000_003.jpg,1,abnormal,B_001_003,B_001,B_001_003_20230822,0,test
B_001_003_20230822210817_001_001_000_003.jpg,./data/you_foulbrood/abnormal/B_001_003_20230822210817_001_001_000_003.jpg,1,abnormal,B_001_003,B_001,B_001_003_20230822,0,train
B_001_003_20230822211156_001_004_000_003.jpg,./data/you_foulbrood/abnormal/B_001_003_20230822211156_001_004_000_003.jpg,1,abnormal,B_001_003,B_001,B_001_003_20230822,0,val
B_001_004_20230819183239_001_001_000_003.jpg,./data/you_foulbrood/abnormal/B_001_004_20230819183239_001_001_000_003.jpg,1,abnormal,B_001_004,B_001,B_001_004_20230819,0,test
B_001_004_20230819183449_001_001_000_003.jpg,./data/you_foulbrood/abnormal/B_001_004_20230819183449_001_001_000_003.jpg,1,abnormal,B_001_004,B_001,B_001_004_20230819,0,train
B_001_004_20230819183449_001_003_000_003.jpg,./data/you_foulbrood/abnormal/B_001_004_20230819183449_001_003_000_003.jpg,1,abnormal,B_001_004,B_001,B_001_004_20230819,0,train
B_001_004_20230819184254_001_004_000_003.jpg,./data/you_foulbrood/abnormal/B_001_004_20230819184254_001_004_000_003.jpg,1,abnormal,B_001_004,B_001,B_001_004_20230819,0,train
B_001_004_20230819191226_001_001_000_003.jpg,./data/you_foulbrood/abnormal/B_001_004_20230819191226_001_001_000_003.jpg,1,abnormal,B_001_004,B_001,B_001_004_20230819,0,test
B_001_004_20230819193458_001_004_000_003.jpg,./data/you_foulbrood/abnormal/B_001_004_20230819193458_001_004_000_003.jpg,1,abnormal,B_001_004,B_001,B_001_004_20230819,0,test
B_001_004_20230819203345_001_003_000_003.jpg,./data/you_foulbrood/abnormal/B_001_004_20230819203345_001_003_000_003.jpg,1,abnormal,B_001_004,B_001,B_001_004_20230819,0,train
B_001_004_20230819203845_001_004_000_003.jpg,./data/you_foulbrood/abnormal/B_001_004_20230819203845_001_004_000_003.jpg,1,abnormal,B_001_004,B_001,B_001_004_20230819,0,train
B_001_004_20230819205910_001_002_000_003.jpg,./data/you_foulbrood/abnormal/B_001_004_20230819205910_001_002_000_003.jpg,1,abnormal,B_001_004,B_001,B_001_004_20230819,0,test
B_001_004_20230819214114_001_001_000_003.jpg,./data/you_foulbrood/abnormal/B_001_004_20230819214114_001_001_000_003.jpg,1,abnormal,B_001_004,B_001,B_001_004_20230819,0,train
B_001_004_20230819220636_001_003_000_003.jpg,./data/you_foulbrood/abnormal/B_001_004_20230819220636_001_003_000_003.jpg,1,abnormal,B_001_004,B_001,B_001_004_20230819,0,val
B_001_004_20230819221305_001_001_000_003.jpg,./data/you_foulbrood/abnormal/B_001_004_20230819221305_001_001_000_003.jpg,1,abnormal,B_001_004,B_001,B_001_004_20230819,0,train
B_001_004_20230819222227_001_004_000_003.jpg,./data/you_foulbrood/abnormal/B_001_004_20230819222227_001_004_000_003.jpg,1,abnormal,B_001_004,B_001,B_001_004_20230819,0,train
B_001_004_20230819222731_001_004_000_003.jpg,./data/you_foulbrood/abnormal/B_001_004_20230819222731_001_004_000_003.jpg,1,abnormal,B_001_004,B_001,B_001_004_20230819,0,test
B_001_004_20230819223652_001_004_000_003.jpg,./data/you_foulbrood/abnormal/B_001_004_20230819223652_001_004_000_003.jpg,1,abnormal,B_001_004,B_001,B_001_004_20230819,0,test
B_001_004_20230819225040_001_001_000_003.jpg,./data/you_foulbrood/abnormal/B_001_004_20230819225040_001_001_000_003.jpg,1,abnormal,B_001_004,B_001,B_001_004_20230819,0,train
B_001_004_20230819225124_001_004_000_003.jpg,./data/you_foulbrood/abnormal/B_001_004_20230819225124_001_004_000_003.jpg,1,abnormal,B_001_004,B_001,B_001_004_20230819,0,train
B_001_004_20230819225206_001_003_000_003.jpg,./data/you_foulbrood/abnormal/B_001_004_20230819225206_001_003_000_003.jpg,1,abnormal,B_001_004,B_001,B_001_004_20230819,0,train
B_001_004_20230820181259_001_002_000_003.jpg,./data/you_foulbrood/abnormal/B_001_004_20230820181259_001_002_000_003.jpg,1,abnormal,B_001_004,B_001,B_001_004_20230820,0,test
B_001_004_20230820184039_001_004_000_003.jpg,./data/you_foulbrood/abnormal/B_001_004_20230820184039_001_004_000_003.jpg,1,abnormal,B_001_004,B_001,B_001_004_20230820,0,train
B_001_004_20230820184627_001_004_000_003.jpg,./data/you_foulbrood/abnormal/B_001_004_20230820184627_001_004_000_003.jpg,1,abnormal,B_001_004,B_001,B_001_004_20230820,0,train
B_001_004_20230820185719_001_003_000_003.jpg,./data/you_foulbrood/abnormal/B_001_004_20230820185719_001_003_000_003.jpg,1,abnormal,B_001_004,B_001,B_001_004_20230820,0,train
B_001_004_20230820191605_001_001_000_003.jpg,./data/you_foulbrood/abnormal/B_001_004_20230820191605_001_001_000_003.jpg,1,abnormal,B_001_004,B_001,B_001_004_20230820,0,train
B_001_004_20230820192408_001_001_000_003.jpg,./data/you_foulbrood/abnormal/B_001_004_20230820192408_001_001_000_003.jpg,1,abnormal,B_001_004,B_001,B_001_004_20230820,0,test
B_001_004_20230820193845_001_002_000_003.jpg,./data/you_foulbrood/abnormal/B_001_004_20230820193845_001_002_000_003.jpg,1,abnormal,B_001_004,B_001,B_001_004_20230820,0,val
B_001_004_20230820201508_001_004_000_003.jpg,./data/you_foulbrood/abnormal/B_001_004_20230820201508_001_004_000_003.jpg,1,abnormal,B_001_004,B_001,B_001_004_20230820,0,test
B_001_004_20230820221753_001_003_000_003.jpg,./data/you_foulbrood/abnormal/B_001_004_20230820221753_001_003_000_003.jpg,1,abnormal,B_001_004,B_001,B_001_004_20230820,0,test
B_001_004_20230821183407_001_001_000_003.jpg,./data/you_foulbrood/abnormal/B_001_004_20230821183407_001_001_000_003.jpg,1,abnormal,B_001_004,B_001,B_001_004_20230821,0,train
B_001_004_20230821185249_001_002_000_003.jpg,./data/you_foulbrood/abnormal/B_001_004_20230821185249_001_002_000_003.jpg,1,abnormal,B_001_004,B_001,B_001_004_20230821,0,train
B_001_004_20230821202749_001_004_000_003.jpg,./data/you_foulbrood/abnormal/B_001_004_20230821202749_001_004_000_003.jpg,1,abnormal,B_001_004,B_001,B_001_004_20230821,0,test
B_001_004_20230821203707_001_002_000_003.jpg,./data/you_foulbrood/abnormal/B_001_004_20230821203707_001_002_000_003.jpg,1,abnormal,B_001_004,B_001,B_001_004_20230821,0,test
B_001_004_20230821210725_001_003_000_003.jpg,./data/you_foulbrood/abnormal/B_001_004_20230821210725_001_003_000_003.jpg,1,abnormal,B_001_004,B_001,B_001_004_20230821,0,val
B_001_004_20230821223512_001_004_000_003.jpg,./data/you_foulbrood/abnormal/B_001_004_20230821223512_001_004_000_003.jpg,1,abnormal,B_001_004,B_001,B_001_004_20230821,0,test
B_001_004_20230821224351_001_001_000_003.jpg,./data/you_foulbrood/abnormal/B_001_004_20230821224351_001_001_000_003.jpg,1,abnormal,B_001_004,B_001,B_001_004_20230821,0,test
B_001_004_20230822184804_001_001_000_003.jpg,./data/you_foulbrood/abnormal/B_001_004_20230822184804_001_001_000_003.jpg,1,abnormal,B_001_004,B_001,B_001_004_20230822,0,train
B_001_004_20230822195118_001_001_000_003.jpg,./data/you_foulbrood/abnormal/B_001_004_20230822195118_001_001_000_003.jpg,1,abnormal,B_001_004,B_001,B_001_004_20230822,0,test
B_001_004_20230822200714_001_001_000_003.jpg,./data/you_foulbrood/abnormal/B_001_004_20230822200714_001_001_000_003.jpg,1,abnormal,B_001_004,B_001,B_001_004_20230822,0,train
B_001_004_20230822201858_001_004_000_003.jpg,./data/you_foulbrood/abnormal/B_001_004_20230822201858_001_004_000_003.jpg,1,abnormal,B_001_004,B_001,B_001_004_20230822,0,val
B_001_004_20230822212248_001_002_000_003.jpg,./data/you_foulbrood/abnormal/B_001_004_20230822212248_001_002_000_003.jpg,1,abnormal,B_001_004,B_001,B_001_004_20230822,0,test
B_001_004_20230824193216_001_001_000_003.jpg,./data/you_foulbrood/abnormal/B_001_004_20230824193216_001_001_000_003.jpg,1,abnormal,B_001_004,B_001,B_001_004_20230824,0,train
B_001_004_20230908152003_001_004_000_003.jpg,./data/you_foulbrood/abnormal/B_001_004_20230908152003_001_004_000_003.jpg,1,abnormal,B_001_004,B_001,B_001_004_20230908,0,train
B_001_004_20230912144417_001_001_000_003.jpg,./data/you_foulbrood/abnormal/B_001_004_20230912144417_001_001_000_003.jpg,1,abnormal,B_001_004,B_001,B_001_004_20230912,0,test
B_001_005_20230820184841_001_004_000_003.jpg,./data/you_foulbrood/abnormal/B_001_005_20230820184841_001_004_000_003.jpg,1,abnormal,B_001_005,B_001,B_001_005_20230820,0,train
B_001_005_20230820185047_001_002_000_003.jpg,./data/you_foulbrood/abnormal/B_001_005_20230820185047_001_002_000_003.jpg,1,abnormal,B_001_005,B_001,B_001_005_20230820,0,val
B_001_005_20230820185047_001_003_000_003.jpg,./data/you_foulbrood/abnormal/B_001_005_20230820185047_001_003_000_003.jpg,1,abnormal,B_001_005,B_001,B_001_005_20230820,0,train
B_001_005_20230820185133_001_001_000_003.jpg,./data/you_foulbrood/abnormal/B_001_005_20230820185133_001_001_000_003.jpg,1,abnormal,B_001_005,B_001,B_001_005_20230820,0,test
B_001_005_20230820191819_001_003_000_003.jpg,./data/you_foulbrood/abnormal/B_001_005_20230820191819_001_003_000_003.jpg,1,abnormal,B_001_005,B_001,B_001_005_20230820,0,test
B_001_005_20230820204814_001_003_000_003.jpg,./data/you_foulbrood/abnormal/B_001_005_20230820204814_001_003_000_003.jpg,1,abnormal,B_001_005,B_001,B_001_005_20230820,0,test
B_001_005_20230904142517_001_001_000_003.jpg,./data/you_foulbrood/abnormal/B_001_005_20230904142517_001_001_000_003.jpg,1,abnormal,B_001_005,B_001,B_001_005_20230904,0,test
B_001_006_20230824224546_001_003_000_003.jpg,./data/you_foulbrood/abnormal/B_001_006_20230824224546_001_003_000_003.jpg,1,abnormal,B_001_006,B_001,B_001_006_20230824,0,train
B_001_006_20230912102608_001_001_000_003.jpg,./data/you_foulbrood/abnormal/B_001_006_20230912102608_001_001_000_003.jpg,1,abnormal,B_001_006,B_001,B_001_006_20230912,0,train
B_001_007_20230903092632_001_004_000_003.jpg,./data/you_foulbrood/abnormal/B_001_007_20230903092632_001_004_000_003.jpg,1,abnormal,B_001_007,B_001,B_001_007_20230903,0,test
B_001_007_20230903093414_001_004_000_003.jpg,./data/you_foulbrood/abnormal/B_001_007_20230903093414_001_004_000_003.jpg,1,abnormal,B_001_007,B_001,B_001_007_20230903,0,train
B_001_007_20230912114450_001_001_000_003.jpg,./data/you_foulbrood/abnormal/B_001_007_20230912114450_001_001_000_003.jpg,1,abnormal,B_001_007,B_001,B_001_007_20230912,0,val
B_001_008_20230908093555_001_003_000_003.jpg,./data/you_foulbrood/abnormal/B_001_008_20230908093555_001_003_000_003.jpg,1,abnormal,B_001_008,B_001,B_001_008_20230908,0,test
B_001_009_20230902100119_001_002_000_003.jpg,./data/you_foulbrood/abnormal/B_001_009_20230902100119_001_002_000_003.jpg,1,abnormal,B_001_009,B_001,B_001_009_20230902,0,train
B_001_009_20230912145517_001_001_000_003.jpg,./data/you_foulbrood/abnormal/B_001_009_20230912145517_001_001_000_003.jpg,1,abnormal,B_001_009,B_001,B_001_009_20230912,0,val
B_001_009_20230912145529_001_001_000_003.jpg,./data/you_foulbrood/abnormal/B_001_009_20230912145529_001_001_000_003.jpg,1,abnormal,B_001_009,B_001,B_001_009_20230912,0,test
B_001_009_20230912145532_001_001_000_003.jpg,./data/you_foulbrood/abnormal/B_001_009_20230912145532_001_001_000_003.jpg,1,abnormal,B_001_009,B_001,B_001_009_20230912,0,val
B_001_011_20230912122802_001_001_000_003.jpg,./data/you_foulbrood/abnormal/B_001_011_20230912122802_001_001_000_003.jpg,1,abnormal,B_001_011,B_001,B_001_011_20230912,0,train
B_001_012_20230820221008_001_004_000_003.jpg,./data/you_foulbrood/abnormal/B_001_012_20230820221008_001_004_000_003.jpg,1,abnormal,B_001_012,B_001,B_001_012_20230820,0,test
B_001_012_20230820225422_001_004_000_003.jpg,./data/you_foulbrood/abnormal/B_001_012_20230820225422_001_004_000_003.jpg,1,abnormal,B_001_012,B_001,B_001_012_20230820,0,test
B_001_012_20230821180805_001_004_000_003.jpg,./data/you_foulbrood/abnormal/B_001_012_20230821180805_001_004_000_003.jpg,1,abnormal,B_001_012,B_001,B_001_012_20230821,0,val
B_001_012_20230821181145_001_002_000_003.jpg,./data/you_foulbrood/abnormal/B_001_012_20230821181145_001_002_000_003.jpg,1,abnormal,B_001_012,B_001,B_001_012_20230821,0,test
B_001_012_20230821185940_001_002_000_003.jpg,./data/you_foulbrood/abnormal/B_001_012_20230821185940_001_002_000_003.jpg,1,abnormal,B_001_012,B_001,B_001_012_20230821,0,test
B_001_012_20230821191717_001_001_000_003.jpg,./data/you_foulbrood/abnormal/B_001_012_20230821191717_001_001_000_003.jpg,1,abnormal,B_001_012,B_001,B_001_012_20230821,0,test
B_001_012_20230821192346_001_004_000_003.jpg,./data/you_foulbrood/abnormal/B_001_012_20230821192346_001_004_000_003.jpg,1,abnormal,B_001_012,B_001,B_001_012_20230821,0,train
B_001_012_20230821194109_001_004_000_003.jpg,./data/you_foulbrood/abnormal/B_001_012_20230821194109_001_004_000_003.jpg,1,abnormal,B_001_012,B_001,B_001_012_20230821,0,test
B_001_012_20230821203719_001_001_000_003.jpg,./data/you_foulbrood/abnormal/B_001_012_20230821203719_001_001_000_003.jpg,1,abnormal,B_001_012,B_001,B_001_012_20230821,0,test
B_001_012_20230821211028_001_001_000_003.jpg,./data/you_foulbrood/abnormal/B_001_012_20230821211028_001_001_000_003.jpg,1,abnormal,B_001_012,B_001,B_001_012_20230821,0,val
B_001_012_20230821211028_001_002_000_003.jpg,./data/you_foulbrood/abnormal/B_001_012_20230821211028_001_002_000_003.jpg,1,abnormal,B_001_012,B_001,B_001_012_20230821,0,train
B_001_012_20230821221039_001_004_000_003.jpg,./data/you_foulbrood/abnormal/B_001_012_20230821221039_001_004_000_003.jpg,1,abnormal,B_001_012,B_001,B_001_012_20230821,0,train
B_001_012_20230821224154_001_002_000_003.jpg,./data/you_foulbrood/abnormal/B_001_012_20230821224154_001_002_000_003.jpg,1,abnormal,B_001_012,B_001,B_001_012_20230821,0,test
B_001_012_20230821224827_001_003_000_003.jpg,./data/you_foulbrood/abnormal/B_001_012_20230821224827_001_003_000_003.jpg,1,abnormal,B_001_012,B_001,B_001_012_20230821,0,train
B_001_012_20230822180827_001_002_000_003.jpg,./data/you_foulbrood/abnormal/B_001_012_20230822180827_001_002_000_003.jpg,1,abnormal,B_001_012,B_001,B_001_012_20230822,0,train
B_001_012_20230822202629_001_002_000_003.jpg,./data/you_foulbrood/abnormal/B_001_012_20230822202629_001_002_000_003.jpg,1,abnormal,B_001_012,B_001,B_001_012_20230822,0,train
B_001_012_20230822210200_001_003_000_003.jpg,./data/you_foulbrood/abnormal/B_001_012_20230822210200_001_003_000_003.jpg,1,abnormal,B_001_012,B_001,B_001_012_20230822,0,train
B_001_012_20230822211756_001_001_000_003.jpg,./data/you_foulbrood/abnormal/B_001_012_20230822211756_001_001_000_003.jpg,1,abnormal,B_001_012,B_001,B_001_012_20230822,0,train
B_001_013_20230819190946_001_003_000_003.jpg,./data/you_foulbrood/abnormal/B_001_013_20230819190946_001_003_000_003.jpg,1,abnormal,B_001_013,B_001,B_001_013_20230819,0,train
B_001_013_20230819191617_001_002_000_003.jpg,./data/you_foulbrood/abnormal/B_001_013_20230819191617_001_002_000_003.jpg,1,abnormal,B_001_013,B_001,B_001_013_20230819,0,test
B_001_013_20230819194224_001_004_000_003.jpg,./data/you_foulbrood/abnormal/B_001_013_20230819194224_001_004_000_003.jpg,1,abnormal,B_001_013,B_001,B_001_013_20230819,0,val
B_001_013_20230819205758_001_002_000_003.jpg,./data/you_foulbrood/abnormal/B_001_013_20230819205758_001_002_000_003.jpg,1,abnormal,B_001_013,B_001,B_001_013_20230819,0,test
B_001_013_20230819214211_001_001_000_003.jpg,./data/you_foulbrood/abnormal/B_001_013_20230819214211_001_001_000_003.jpg,1,abnormal,B_001_013,B_001,B_001_013_20230819,0,val
B_001_013_20230819225511_001_004_000_003.jpg,./data/you_foulbrood/abnormal/B_001_013_20230819225511_001_004_000_003.jpg,1,abnormal,B_001_013,B_001,B_001_013_20230819,0,train
B_001_013_20230820194245_001_002_000_003.jpg,./data/you_foulbrood/abnormal/B_001_013_20230820194245_001_002_000_003.jpg,1,abnormal,B_001_013,B_001,B_001_013_20230820,0,val
B_001_013_20230820194410_001_003_000_003.jpg,./data/you_foulbrood/abnormal/B_001_013_20230820194410_001_003_000_003.jpg,1,abnormal,B_001_013,B_001,B_001_013_20230820,0,train
B_001_013_20230820203027_001_003_000_003.jpg,./data/you_foulbrood/abnormal/B_001_013_20230820203027_001_003_000_003.jpg,1,abnormal,B_001_013,B_001,B_001_013_20230820,0,val
B_001_013_20230820205117_001_001_000_003.jpg,./data/you_foulbrood/abnormal/B_001_013_20230820205117_001_001_000_003.jpg,1,abnormal,B_001_013,B_001,B_001_013_20230820,0,train
B_001_013_20230820213615_001_001_000_003.jpg,./data/you_foulbrood/abnormal/B_001_013_20230820213615_001_001_000_003.jpg,1,abnormal,B_001_013,B_001,B_001_013_20230820,0,test
B_001_016_20230909084107_001_004_000_003.jpg,./data/you_foulbrood/abnormal/B_001_016_20230909084107_001_004_000_003.jpg,1,abnormal,B_001_016,B_001,B_001_016_20230909,0,val
B_001_016_20230909084151_001_003_000_003.jpg,./data/you_foulbrood/abnormal/B_001_016_20230909084151_001_003_000_003.jpg,1,abnormal,B_001_016,B_001,B_001_016_20230909,0,test
B_001_016_20230909084350_001_001_000_003.jpg,./data/you_foulbrood/abnormal/B_001_016_20230909084350_001_001_000_003.jpg,1,abnormal,B_001_016,B_001,B_001_016_20230909,0,test
B_001_018_20230819182714_001_004_000_003.jpg,./data/you_foulbrood/abnormal/B_001_018_20230819182714_001_004_000_003.jpg,1,abnormal,B_001_018,B_001,B_001_018_20230819,0,val
B_001_018_20230819183849_001_003_000_003.jpg,./data/you_foulbrood/abnormal/B_001_018_20230819183849_001_003_000_003.jpg,1,abnormal,B_001_018,B_001,B_001_018_20230819,0,val
B_001_018_20230819184527_001_004_000_003.jpg,./data/you_foulbrood/abnormal/B_001_018_20230819184527_001_004_000_003.jpg,1,abnormal,B_001_018,B_001,B_001_018_20230819,0,test
B_001_018_20230819185152_001_004_000_003.jpg,./data/you_foulbrood/abnormal/B_001_018_20230819185152_001_004_000_003.jpg,1,abnormal,B_001_018,B_001,B_001_018_20230819,0,val
B_001_018_20230819185613_001_001_000_003.jpg,./data/you_foulbrood/abnormal/B_001_018_20230819185613_001_001_000_003.jpg,1,abnormal,B_001_018,B_001,B_001_018_20230819,0,test
B_001_018_20230819193854_001_001_000_003.jpg,./data/you_foulbrood/abnormal/B_001_018_20230819193854_001_001_000_003.jpg,1,abnormal,B_001_018,B_001,B_001_018_20230819,0,test
B_001_018_20230819212154_001_001_000_003.jpg,./data/you_foulbrood/abnormal/B_001_018_20230819212154_001_001_000_003.jpg,1,abnormal,B_001_018,B_001,B_001_018_20230819,0,train
B_001_018_20230819223043_001_001_000_003.jpg,./data/you_foulbrood/abnormal/B_001_018_20230819223043_001_001_000_003.jpg,1,abnormal,B_001_018,B_001,B_001_018_20230819,0,val
B_001_018_20230819223756_001_002_000_003.jpg,./data/you_foulbrood/abnormal/B_001_018_20230819223756_001_002_000_003.jpg,1,abnormal,B_001_018,B_001,B_001_018_20230819,0,test
B_001_018_20230819224138_001_002_000_003.jpg,./data/you_foulbrood/abnormal/B_001_018_20230819224138_001_002_000_003.jpg,1,abnormal,B_001_018,B_001,B_001_018_20230819,0,train
B_001_018_20230819225351_001_002_000_003.jpg,./data/you_foulbrood/abnormal/B_001_018_20230819225351_001_002_000_003.jpg,1,abnormal,B_001_018,B_001,B_001_018_20230819,0,train
B_001_018_20230819225351_001_003_000_003.jpg,./data/you_foulbrood/abnormal/B_001_018_20230819225351_001_003_000_003.jpg,1,abnormal,B_001_018,B_001,B_001_018_20230819,0,train
B_001_018_20230819225648_001_002_000_003.jpg,./data/you_foulbrood/abnormal/B_001_018_20230819225648_001_002_000_003.jpg,1,abnormal,B_001_018,B_001,B_001_018_20230819,0,test
B_001_018_20230821195335_001_004_000_003.jpg,./data/you_foulbrood/abnormal/B_001_018_20230821195335_001_004_000_003.jpg,1,abnormal,B_001_018,B_001,B_001_018_20230821,0,train
B_001_018_20230912153845_001_001_000_003.jpg,./data/you_foulbrood/abnormal/B_001_018_20230912153845_001_001_000_003.jpg,1,abnormal,B_001_018,B_001,B_001_018_20230912,0,train
B_001_019_20230819190159_001_004_000_003.jpg,./data/you_foulbrood/abnormal/B_001_019_20230819190159_001_004_000_003.jpg,1,abnormal,B_001_019,B_001,B_001_019_20230819,0,train
B_001_019_20230819190406_001_003_000_003.jpg,./data/you_foulbrood/abnormal/B_001_019_20230819190406_001_003_000_003.jpg,1,abnormal,B_001_019,B_001,B_001_019_20230819,0,train
B_001_019_20230819191627_001_001_000_003.jpg,./data/you_foulbrood/abnormal/B_001_019_20230819191627_001_001_000_003.jpg,1,abnormal,B_001_019,B_001,B_001_019_20230819,0,train
B_001_019_20230819192004_001_002_000_003.jpg,./data/you_foulbrood/abnormal/B_001_019_20230819192004_001_002_000_003.jpg,1,abnormal,B_001_019,B_001,B_001_019_20230819,0,train
B_001_019_20230819195035_001_004_000_003.jpg,./data/you_foulbrood/abnormal/B_001_019_20230819195035_001_004_000_003.jpg,1,abnormal,B_001_019,B_001,B_001_019_20230819,0,train
B_001_019_20230819200254_001_003_000_003.jpg,./data/you_foulbrood/abnormal/B_001_019_20230819200254_001_003_000_003.jpg,1,abnormal,B_001_019,B_001,B_001_019_20230819,0,train
B_001_019_20230819200337_001_001_000_003.jpg,./data/you_foulbrood/abnormal/B_001_019_20230819200337_001_001_000_003.jpg,1,abnormal,B_001_019,B_001,B_001_019_20230819,0,train
B_001_019_20230819200719_001_002_000_003.jpg,./data/you_foulbrood/abnormal/B_001_019_20230819200719_001_002_000_003.jpg,1,abnormal,B_001_019,B_001,B_001_019_20230819,0,val
B_001_019_20230819201520_001_001_000_003.jpg,./data/you_foulbrood/abnormal/B_001_019_20230819201520_001_001_000_003.jpg,1,abnormal,B_001_019,B_001,B_001_019_20230819,0,test
B_001_019_20230819202026_001_004_000_003.jpg,./data/you_foulbrood/abnormal/B_001_019_20230819202026_001_004_000_003.jpg,1,abnormal,B_001_019,B_001,B_001_019_20230819,0,val
B_001_019_20230819203111_001_004_000_003.jpg,./data/you_foulbrood/abnormal/B_001_019_20230819203111_001_004_000_003.jpg,1,abnormal,B_001_019,B_001,B_001_019_20230819,0,test
B_001_019_20230819203155_001_001_000_003.jpg,./data/you_foulbrood/abnormal/B_001_019_20230819203155_001_001_000_003.jpg,1,abnormal,B_001_019,B_001,B_001_019_20230819,0,val
B_001_019_20230819203407_001_001_000_003.jpg,./data/you_foulbrood/abnormal/B_001_019_20230819203407_001_001_000_003.jpg,1,abnormal,B_001_019,B_001,B_001_019_20230819,0,val
B_001_019_20230819210939_001_001_000_003.jpg,./data/you_foulbrood/abnormal/B_001_019_20230819210939_001_001_000_003.jpg,1,abnormal,B_001_019,B_001,B_001_019_20230819,0,train
B_001_019_20230819214723_001_001_000_003.jpg,./data/you_foulbrood/abnormal/B_001_019_20230819214723_001_001_000_003.jpg,1,abnormal,B_001_019,B_001,B_001_019_20230819,0,val
B_001_019_20230819215315_001_001_000_003.jpg,./data/you_foulbrood/abnormal/B_001_019_20230819215315_001_001_000_003.jpg,1,abnormal,B_001_019,B_001,B_001_019_20230819,0,test
B_001_019_20230819220318_001_001_000_003.jpg,./data/you_foulbrood/abnormal/B_001_019_20230819220318_001_001_000_003.jpg,1,abnormal,B_001_019,B_001,B_001_019_20230819,0,test
B_001_019_20230819222752_001_003_000_003.jpg,./data/you_foulbrood/abnormal/B_001_019_20230819222752_001_003_000_003.jpg,1,abnormal,B_001_019,B_001,B_001_019_20230819,0,test
B_001_019_20230819224643_001_002_000_003.jpg,./data/you_foulbrood/abnormal/B_001_019_20230819224643_001_002_000_003.jpg,1,abnormal,B_001_019,B_001,B_001_019_20230819,0,train
B_001_019_20230819225941_001_001_000_003.jpg,./data/you_foulbrood/abnormal/B_001_019_20230819225941_001_001_000_003.jpg,1,abnormal,B_001_019,B_001,B_001_019_20230819,0,test
B_001_019_20230912104930_001_001_000_003.jpg,./data/you_foulbrood/abnormal/B_001_019_20230912104930_001_001_000_003.jpg,1,abnormal,B_001_019,B_001,B_001_019_20230912,0,train
B_001_020_20230819182134_001_004_000_003.jpg,./data/you_foulbrood/abnormal/B_001_020_20230819182134_001_004_000_003.jpg,1,abnormal,B_001_020,B_001,B_001_020_20230819,0,val
B_001_020_20230819182342_001_002_000_003.jpg,./data/you_foulbrood/abnormal/B_001_020_20230819182342_001_002_000_003.jpg,1,abnormal,B_001_020,B_001,B_001_020_20230819,0,train
B_001_020_20230819184150_001_003_000_003.jpg,./data/you_foulbrood/abnormal/B_001_020_20230819184150_001_003_000_003.jpg,1,abnormal,B_001_020,B_001,B_001_020_20230819,0,test
B_001_020_20230819184655_001_003_000_003.jpg,./data/you_foulbrood/abnormal/B_001_020_20230819184655_001_003_000_003.jpg,1,abnormal,B_001_020,B_001,B_001_020_20230819,0,test
B_001_020_20230819185615_001_002_000_003.jpg,./data/you_foulbrood/abnormal/B_001_020_20230819185615_001_002_000_003.jpg,1,abnormal,B_001_020,B_001,B_001_020_20230819,0,train
B_001_020_20230819190619_001_002_000_003.jpg,./data/you_foulbrood/abnormal/B_001_020_20230819190619_001_002_000_003.jpg,1,abnormal,B_001_020,B_001,B_001_020_20230819,0,val
B_001_020_20230819192214_001_004_000_003.jpg,./data/you_foulbrood/abnormal/B_001_020_20230819192214_001_004_000_003.jpg,1,abnormal,B_001_020,B_001,B_001_020_20230819,0,val
B_001_020_20230819194151_001_001_000_003.jpg,./data/you_foulbrood/abnormal/B_001_020_20230819194151_001_001_000_003.jpg,1,abnormal,B_001_020,B_001,B_001_020_20230819,0,train
B_001_020_20230819195835_001_001_000_003.jpg,./data/you_foulbrood/abnormal/B_001_020_20230819195835_001_001_000_003.jpg,1,abnormal,B_001_020,B_001,B_001_020_20230819,0,test
B_001_020_20230819212621_001_001_000_003.jpg,./data/you_foulbrood/abnormal/B_001_020_20230819212621_001_001_000_003.jpg,1,abnormal,B_001_020,B_001,B_001_020_20230819,0,train
B_001_020_20230819212834_001_001_000_003.jpg,./data/you_foulbrood/abnormal/B_001_020_20230819212834_001_001_000_003.jpg,1,abnormal,B_001_020,B_001,B_001_020_20230819,0,test
B_001_020_20230819213633_001_003_000_003.jpg,./data/you_foulbrood/abnormal/B_001_020_20230819213633_001_003_000_003.jpg,1,abnormal,B_001_020,B_001,B_001_020_20230819,0,test
B_001_020_20230819222710_001_001_000_003.jpg,./data/you_foulbrood/abnormal/B_001_020_20230819222710_001_001_000_003.jpg,1,abnormal,B_001_020,B_001,B_001_020_20230819,0,test
B_001_020_20230904164255_001_001_000_003.jpg,./data/you_foulbrood/abnormal/B_001_020_20230904164255_001_001_000_003.jpg,1,abnormal,B_001_020,B_001,B_001_020_20230904,0,train
B_001_021_20230819183433_001_004_000_003.jpg,./data/you_foulbrood/abnormal/B_001_021_20230819183433_001_004_000_003.jpg,1,abnormal,B_001_021,B_001,B_001_021_20230819,0,val
B_001_021_20230819183810_001_004_000_003.jpg,./data/you_foulbrood/abnormal/B_001_021_20230819183810_001_004_000_003.jpg,1,abnormal,B_001_021,B_001,B_001_021_20230819,0,train
B_001_021_20230819185409_001_004_000_003.jpg,./data/you_foulbrood/abnormal/B_001_021_20230819185409_001_004_000_003.jpg,1,abnormal,B_001_021,B_001,B_001_021_20230819,0,train
B_001_021_20230819192933_001_003_000_003.jpg,./data/you_foulbrood/abnormal/B_001_021_20230819192933_001_003_000_003.jpg,1,abnormal,B_001_021,B_001,B_001_021_20230819,0,train
B_001_021_20230819193227_001_004_000_003.jpg,./data/you_foulbrood/abnormal/B_001_021_20230819193227_001_004_000_003.jpg,1,abnormal,B_001_021,B_001,B_001_021_20230819,0,train
B_001_021_20230819194238_001_001_000_003.jpg,./data/you_foulbrood/abnormal/B_001_021_20230819194238_001_001_000_003.jpg,1,abnormal,B_001_021,B_001,B_001_021_20230819,0,train
B_001_021_20230819194404_001_004_000_003.jpg,./data/you_foulbrood/abnormal/B_001_021_20230819194404_001_004_000_003.jpg,1,abnormal,B_001_021,B_001,B_001_021_20230819,0,train
B_001_021_20230819195920_001_002_000_003.jpg,./data/you_foulbrood/abnormal/B_001_021_20230819195920_001_002_000_003.jpg,1,abnormal,B_001_021,B_001,B_001_021_20230819,0,test
B_001_021_20230819201016_001_001_000_003.jpg,./data/you_foulbrood/abnormal/B_001_021_20230819201016_001_001_000_003.jpg,1,abnormal,B_001_021,B_001,B_001_021_20230819,0,train
B_001_021_20230819203537_001_004_000_003.jpg,./data/you_foulbrood/abnormal/B_001_021_20230819203537_001_004_000_003.jpg,1,abnormal,B_001_021,B_001,B_001_021_20230819,0,test
B_001_021_20230819203912_001_004_000_003.jpg,./data/you_foulbrood/abnormal/B_001_021_20230819203912_001_004_000_003.jpg,1,abnormal,B_001_021,B_001,B_001_021_20230819,0,train
B_001_021_20230819220157_001_002_000_003.jpg,./data/you_foulbrood/abnormal/B_001_021_20230819220157_001_002_000_003.jpg,1,abnormal,B_001_021,B_001,B_001_021_20230819,0,train
B_001_021_20230819222630_001_001_000_003.jpg,./data/you_foulbrood/abnormal/B_001_021_20230819222630_001_001_000_003.jpg,1,abnormal,B_001_021,B_001,B_001_021_20230819,0,test
B_001_021_20230819223718_001_003_000_003.jpg,./data/you_foulbrood/abnormal/B_001_021_20230819223718_001_003_000_003.jpg,1,abnormal,B_001_021,B_001,B_001_021_20230819,0,train
B_001_021_20230819223718_001_004_000_003.jpg,./data/you_foulbrood/abnormal/B_001_021_20230819223718_001_004_000_003.jpg,1,abnormal,B_001_021,B_001,B_001_021_20230819,0,test
B_001_021_20230819224016_001_003_000_003.jpg,./data/you_foulbrood/abnormal/B_001_021_20230819224016_001_003_000_003.jpg,1,abnormal,B_001_021,B_001,B_001_021_20230819,0,test
B_001_021_20230819224226_001_004_000_003.jpg,./data/you_foulbrood/abnormal/B_001_021_20230819224226_001_004_000_003.jpg,1,abnormal,B_001_021,B_001,B_001_021_20230819,0,train
B_001_021_20230903130514_001_002_000_003.jpg,./data/you_foulbrood/abnormal/B_001_021_20230903130514_001_002_000_003.jpg,1,abnormal,B_001_021,B_001,B_001_021_20230903,0,val
B_001_022_20230819182345_001_003_000_003.jpg,./data/you_foulbrood/abnormal/B_001_022_20230819182345_001_003_000_003.jpg,1,abnormal,B_001_022,B_001,B_001_022_20230819,0,test
B_001_022_20230819182804_001_003_000_003.jpg,./data/you_foulbrood/abnormal/B_001_022_20230819182804_001_003_000_003.jpg,1,abnormal,B_001_022,B_001,B_001_022_20230819,0,train
B_001_022_20230819184532_001_001_000_003.jpg,./data/you_foulbrood/abnormal/B_001_022_20230819184532_001_001_000_003.jpg,1,abnormal,B_001_022,B_001,B_001_022_20230819,0,test
B_001_022_20230819184825_001_001_000_003.jpg,./data/you_foulbrood/abnormal/B_001_022_20230819184825_001_001_000_003.jpg,1,abnormal,B_001_022,B_001,B_001_022_20230819,0,train
B_001_022_20230819185032_001_001_000_003.jpg,./data/you_foulbrood/abnormal/B_001_022_20230819185032_001_001_000_003.jpg,1,abnormal,B_001_022,B_001,B_001_022_20230819,0,val
B_001_022_20230819185536_001_004_000_003.jpg,./data/you_foulbrood/abnormal/B_001_022_20230819185536_001_004_000_003.jpg,1,abnormal,B_001_022,B_001,B_001_022_20230819,0,train
B_001_022_20230819191210_001_003_000_003.jpg,./data/you_foulbrood/abnormal/B_001_022_20230819191210_001_003_000_003.jpg,1,abnormal,B_001_022,B_001,B_001_022_20230819,0,train
B_001_022_20230819192341_001_001_000_003.jpg,./data/you_foulbrood/abnormal/B_001_022_20230819192341_001_001_000_003.jpg,1,abnormal,B_001_022,B_001,B_001_022_20230819,0,val
B_001_022_20230819194745_001_004_000_003.jpg,./data/you_foulbrood/abnormal/B_001_022_20230819194745_001_004_000_003.jpg,1,abnormal,B_001_022,B_001,B_001_022_20230819,0,train
B_001_022_20230819202823_001_002_000_003.jpg,./data/you_foulbrood/abnormal/B_001_022_20230819202823_001_002_000_003.jpg,1,abnormal,B_001_022,B_001,B_001_022_20230819,0,train
B_001_022_20230819203116_001_002_000_003.jpg,./data/you_foulbrood/abnormal/B_001_022_20230819203116_001_002_000_003.jpg,1,abnormal,B_001_022,B_001,B_001_022_20230819,0,train
B_001_022_20230819203619_001_003_000_003.jpg,./data/you_foulbrood/abnormal/B_001_022_20230819203619_001_003_000_003.jpg,1,abnormal,B_001_022,B_001,B_001_022_20230819,0,val
B_001_022_20230819210101_001_001_000_003.jpg,./data/you_foulbrood/abnormal/B_001_022_20230819210101_001_001_000_003.jpg,1,abnormal,B_001_022,B_001,B_001_022_20230819,0,test
B_001_022_20230819211404_001_004_000_003.jpg,./data/you_foulbrood/abnormal/B_001_022_20230819211404_001_004_000_003.jpg,1,abnormal,B_001_022,B_001,B_001_022_20230819,0,train
B_001_022_20230819211952_001_003_000_003.jpg,./data/you_foulbrood/abnormal/B_001_022_20230819211952_001_003_000_003.jpg,1,abnormal,B_001_022,B_001,B_001_022_20230819,0,train
B_001_022_20230819221544_001_001_000_003.jpg,./data/you_foulbrood/abnormal/B_001_022_20230819221544_001_001_000_003.jpg,1,abnormal,B_001_022,B_001,B_001_022_20230819,0,train
B_001_023_20230819183223_001_001_000_003.jpg,./data/you_foulbrood/abnormal/B_001_023_20230819183223_001_001_000_003.jpg,1,abnormal,B_001_023,B_001,B_001_023_20230819,0,train
B_001_023_20230819190918_001_003_000_003.jpg,./data/you_foulbrood/abnormal/B_001_023_20230819190918_001_003_000_003.jpg,1,abnormal,B_001_023,B_001,B_001_023_20230819,0,test
B_001_023_20230819192640_001_002_000_003.jpg,./data/you_foulbrood/abnormal/B_001_023_20230819192640_001_002_000_003.jpg,1,abnormal,B_001_023,B_001,B_001_023_20230819,0,val
B_001_023_20230819193359_001_003_000_003.jpg,./data/you_foulbrood/abnormal/B_001_023_20230819193359_001_003_000_003.jpg,1,abnormal,B_001_023,B_001,B_001_023_20230819,0,val
B_001_023_20230819202033_001_001_000_003.jpg,./data/you_foulbrood/abnormal/B_001_023_20230819202033_001_001_000_003.jpg,1,abnormal,B_001_023,B_001,B_001_023_20230819,0,train
B_001_023_20230819211113_001_002_000_003.jpg,./data/you_foulbrood/abnormal/B_001_023_20230819211113_001_002_000_003.jpg,1,abnormal,B_001_023,B_001,B_001_023_20230819,0,train
B_001_023_20230819211614_001_004_000_003.jpg,./data/you_foulbrood/abnormal/B_001_023_20230819211614_001_004_000_003.jpg,1,abnormal,B_001_023,B_001,B_001_023_20230819,0,val
B_001_023_20230819212330_001_001_000_003.jpg,./data/you_foulbrood/abnormal/B_001_023_20230819212330_001_001_000_003.jpg,1,abnormal,B_001_023,B_001,B_001_023_20230819,0,val
B_001_023_20230819214016_001_003_000_003.jpg,./data/you_foulbrood/abnormal/B_001_023_20230819214016_001_003_000_003.jpg,1,abnormal,B_001_023,B_001,B_001_023_20230819,0,train
B_001_023_20230819224816_001_001_000_003.jpg,./data/you_foulbrood/abnormal/B_001_023_20230819224816_001_001_000_003.jpg,1,abnormal,B_001_023,B_001,B_001_023_20230819,0,val
B_001_023_20230821184356_001_004_000_003.jpg,./data/you_foulbrood/abnormal/B_001_023_20230821184356_001_004_000_003.jpg,1,abnormal,B_001_023,B_001,B_001_023_20230821,0,train
B_001_023_20230821190718_001_003_000_003.jpg,./data/you_foulbrood/abnormal/B_001_023_20230821190718_001_003_000_003.jpg,1,abnormal,B_001_023,B_001,B_001_023_20230821,0,test
B_001_023_20230821190802_001_004_000_003.jpg,./data/you_foulbrood/abnormal/B_001_023_20230821190802_001_004_000_003.jpg,1,abnormal,B_001_023,B_001,B_001_023_20230821,0,train
B_001_023_20230821192319_001_002_000_003.jpg,./data/you_foulbrood/abnormal/B_001_023_20230821192319_001_002_000_003.jpg,1,abnormal,B_001_023,B_001,B_001_023_20230821,0,train
B_001_023_20230821194543_001_004_000_003.jpg,./data/you_foulbrood/abnormal/B_001_023_20230821194543_001_004_000_003.jpg,1,abnormal,B_001_023,B_001,B_001_023_20230821,0,val
B_001_023_20230821195343_001_001_000_003.jpg,./data/you_foulbrood/abnormal/B_001_023_20230821195343_001_001_000_003.jpg,1,abnormal,B_001_023,B_001,B_001_023_20230821,0,train
B_001_023_20230821195511_001_002_000_003.jpg,./data/you_foulbrood/abnormal/B_001_023_20230821195511_001_002_000_003.jpg,1,abnormal,B_001_023,B_001,B_001_023_20230821,0,train
B_001_023_20230821202313_001_003_000_003.jpg,./data/you_foulbrood/abnormal/B_001_023_20230821202313_001_003_000_003.jpg,1,abnormal,B_001_023,B_001,B_001_023_20230821,0,train
B_001_023_20230821210255_001_004_000_003.jpg,./data/you_foulbrood/abnormal/B_001_023_20230821210255_001_004_000_003.jpg,1,abnormal,B_001_023,B_001,B_001_023_20230821,0,train
B_001_023_20230821211002_001_002_000_003.jpg,./data/you_foulbrood/abnormal/B_001_023_20230821211002_001_002_000_003.jpg,1,abnormal,B_001_023,B_001,B_001_023_20230821,0,train
B_001_023_20230821211002_001_003_000_003.jpg,./data/you_foulbrood/abnormal/B_001_023_20230821211002_001_003_000_003.jpg,1,abnormal,B_001_023,B_001,B_001_023_20230821,0,test
B_001_023_20230821215215_001_002_000_003.jpg,./data/you_foulbrood/abnormal/B_001_023_20230821215215_001_002_000_003.jpg,1,abnormal,B_001_023,B_001,B_001_023_20230821,0,test
B_001_023_20230821221013_001_001_000_003.jpg,./data/you_foulbrood/abnormal/B_001_023_20230821221013_001_001_000_003.jpg,1,abnormal,B_001_023,B_001,B_001_023_20230821,0,train
B_001_023_20230821222910_001_004_000_003.jpg,./data/you_foulbrood/abnormal/B_001_023_20230821222910_001_004_000_003.jpg,1,abnormal,B_001_023,B_001,B_001_023_20230821,0,train
B_001_023_20230821223625_001_004_000_003.jpg,./data/you_foulbrood/abnormal/B_001_023_20230821223625_001_004_000_003.jpg,1,abnormal,B_001_023,B_001,B_001_023_20230821,0,train
B_001_023_20230821225056_001_004_000_003.jpg,./data/you_foulbrood/abnormal/B_001_023_20230821225056_001_004_000_003.jpg,1,abnormal,B_001_023,B_001,B_001_023_20230821,0,test
B_001_023_20230822180133_001_003_000_003.jpg,./data/you_foulbrood/abnormal/B_001_023_20230822180133_001_003_000_003.jpg,1,abnormal,B_001_023,B_001,B_001_023_20230822,0,test
B_001_023_20230822182312_001_003_000_003.jpg,./data/you_foulbrood/abnormal/B_001_023_20230822182312_001_003_000_003.jpg,1,abnormal,B_001_023,B_001,B_001_023_20230822,0,train
B_001_023_20230822182441_001_003_000_003.jpg,./data/you_foulbrood/abnormal/B_001_023_20230822182441_001_003_000_003.jpg,1,abnormal,B_001_023,B_001,B_001_023_20230822,0,val
B_001_023_20230822183741_001_002_000_003.jpg,./data/you_foulbrood/abnormal/B_001_023_20230822183741_001_002_000_003.jpg,1,abnormal,B_001_023,B_001,B_001_023_20230822,0,train
B_001_023_20230822185209_001_001_000_003.jpg,./data/you_foulbrood/abnormal/B_001_023_20230822185209_001_001_000_003.jpg,1,abnormal,B_001_023,B_001,B_001_023_20230822,0,train
B_001_023_20230822190514_001_004_000_003.jpg,./data/you_foulbrood/abnormal/B_001_023_20230822190514_001_004_000_003.jpg,1,abnormal,B_001_023,B_001,B_001_023_20230822,0,test
B_001_023_20230822191441_001_002_000_003.jpg,./data/you_foulbrood/abnormal/B_001_023_20230822191441_001_002_000_003.jpg,1,abnormal,B_001_023,B_001,B_001_023_20230822,0,train
B_001_023_20230822191824_001_003_000_003.jpg,./data/you_foulbrood/abnormal/B_001_023_20230822191824_001_003_000_003.jpg,1,abnormal,B_001_023,B_001,B_001_023_20230822,0,train
B_001_023_20230822193717_001_003_000_003.jpg,./data/you_foulbrood/abnormal/B_001_023_20230822193717_001_003_000_003.jpg,1,abnormal,B_001_023,B_001,B_001_023_20230822,0,test
B_001_023_20230822193845_001_001_000_003.jpg,./data/you_foulbrood/abnormal/B_001_023_20230822193845_001_001_000_003.jpg,1,abnormal,B_001_023,B_001,B_001_023_20230822,0,train
B_001_023_20230822195400_001_004_000_003.jpg,./data/you_foulbrood/abnormal/B_001_023_20230822195400_001_004_000_003.jpg,1,abnormal,B_001_023,B_001,B_001_023_20230822,0,train
B_001_023_20230822205709_001_003_000_003.jpg,./data/you_foulbrood/abnormal/B_001_023_20230822205709_001_003_000_003.jpg,1,abnormal,B_001_023,B_001,B_001_023_20230822,0,test
B_001_023_20230902134259_001_003_000_003.jpg,./data/you_foulbrood/abnormal/B_001_023_20230902134259_001_003_000_003.jpg,1,abnormal,B_001_023,B_001,B_001_023_20230902,0,train
B_001_023_20230912105433_001_001_000_003.jpg,./data/you_foulbrood/abnormal/B_001_023_20230912105433_001_001_000_003.jpg,1,abnormal,B_001_023,B_001,B_001_023_20230912,0,test
B_001_023_20230912155519_001_001_000_003.jpg,./data/you_foulbrood/abnormal/B_001_023_20230912155519_001_001_000_003.jpg,1,abnormal,B_001_023,B_001,B_001_023_20230912,0,train
B_001_024_20230819183057_001_003_000_003.jpg,./data/you_foulbrood/abnormal/B_001_024_20230819183057_001_003_000_003.jpg,1,abnormal,B_001_024,B_001,B_001_024_20230819,0,test
B_001_024_20230819191257_001_003_000_003.jpg,./data/you_foulbrood/abnormal/B_001_024_20230819191257_001_003_000_003.jpg,1,abnormal,B_001_024,B_001,B_001_024_20230819,0,val
B_001_024_20230819191506_001_002_000_003.jpg,./data/you_foulbrood/abnormal/B_001_024_20230819191506_001_002_000_003.jpg,1,abnormal,B_001_024,B_001,B_001_024_20230819,0,test
B_001_024_20230819200431_001_003_000_003.jpg,./data/you_foulbrood/abnormal/B_001_024_20230819200431_001_003_000_003.jpg,1,abnormal,B_001_024,B_001,B_001_024_20230819,0,train
B_001_024_20230819205941_001_001_000_003.jpg,./data/you_foulbrood/abnormal/B_001_024_20230819205941_001_001_000_003.jpg,1,abnormal,B_001_024,B_001,B_001_024_20230819,0,train
B_001_024_20230819213218_001_002_000_003.jpg,./data/you_foulbrood/abnormal/B_001_024_20230819213218_001_002_000_003.jpg,1,abnormal,B_001_024,B_001,B_001_024_20230819,0,train
B_001_024_20230819221503_001_003_000_003.jpg,./data/you_foulbrood/abnormal/B_001_024_20230819221503_001_003_000_003.jpg,1,abnormal,B_001_024,B_001,B_001_024_20230819,0,test
B_001_024_20230819222424_001_002_000_003.jpg,./data/you_foulbrood/abnormal/B_001_024_20230819222424_001_002_000_003.jpg,1,abnormal,B_001_024,B_001,B_001_024_20230819,0,test
B_001_024_20230820182214_001_002_000_003.jpg,./data/you_foulbrood/abnormal/B_001_024_20230820182214_001_002_000_003.jpg,1,abnormal,B_001_024,B_001,B_001_024_20230820,0,test
B_001_024_20230820184402_001_001_000_003.jpg,./data/you_foulbrood/abnormal/B_001_024_20230820184402_001_001_000_003.jpg,1,abnormal,B_001_024,B_001,B_001_024_20230820,0,test
B_001_024_20230820185201_001_002_000_003.jpg,./data/you_foulbrood/abnormal/B_001_024_20230820185201_001_002_000_003.jpg,1,abnormal,B_001_024,B_001,B_001_024_20230820,0,train
B_001_024_20230820192946_001_001_000_003.jpg,./data/you_foulbrood/abnormal/B_001_024_20230820192946_001_001_000_003.jpg,1,abnormal,B_001_024,B_001,B_001_024_20230820,0,test
B_001_024_20230821112545_001_002_000_003.jpg,./data/you_foulbrood/abnormal/B_001_024_20230821112545_001_002_000_003.jpg,1,abnormal,B_001_024,B_001,B_001_024_20230821,0,val
B_001_024_20230821112639_001_004_000_003.jpg,./data/you_foulbrood/abnormal/B_001_024_20230821112639_001_004_000_003.jpg,1,abnormal,B_001_024,B_001,B_001_024_20230821,0,train
B_001_024_20230902135704_001_004_000_003.jpg,./data/you_foulbrood/abnormal/B_001_024_20230902135704_001_004_000_003.jpg,1,abnormal,B_001_024,B_001,B_001_024_20230902,0,train
B_001_025_20230819195212_001_001_000_003.jpg,./data/you_foulbrood/abnormal/B_001_025_20230819195212_001_001_000_003.jpg,1,abnormal,B_001_025,B_001,B_001_025_20230819,0,test
B_001_025_20230819215743_001_002_000_003.jpg,./data/you_foulbrood/abnormal/B_001_025_20230819215743_001_002_000_003.jpg,1,abnormal,B_001_025,B_001,B_001_025_20230819,0,test
B_001_025_20230819221925_001_004_000_003.jpg,./data/you_foulbrood/abnormal/B_001_025_20230819221925_001_004_000_003.jpg,1,abnormal,B_001_025,B_001,B_001_025_20230819,0,train
B_001_025_20230819222508_001_004_000_003.jpg,./data/you_foulbrood/abnormal/B_001_025_20230819222508_001_004_000_003.jpg,1,abnormal,B_001_025,B_001,B_001_025_20230819,0,train
B_001_025_20230819224818_001_003_000_003.jpg,./data/you_foulbrood/abnormal/B_001_025_20230819224818_001_003_000_003.jpg,1,abnormal,B_001_025,B_001,B_001_025_20230819,0,train
B_001_025_20230821215010_001_001_000_003.jpg,./data/you_foulbrood/abnormal/B_001_025_20230821215010_001_001_000_003.jpg,1,abnormal,B_001_025,B_001,B_001_025_20230821,0,train
B_001_025_20230821220220_001_004_000_003.jpg,./data/you_foulbrood/abnormal/B_001_025_20230821220220_001_004_000_003.jpg,1,abnormal,B_001_025,B_001,B_001_025_20230821,0,test
B_001_025_20230822185927_001_004_000_003.jpg,./data/you_foulbrood/abnormal/B_001_025_20230822185927_001_004_000_003.jpg,1,abnormal,B_001_025,B_001,B_001_025_20230822,0,train
B_001_025_20230822211943_001_001_000_003.jpg,./data/you_foulbrood/abnormal/B_001_025_20230822211943_001_001_000_003.jpg,1,abnormal,B_001_025,B_001,B_001_025_20230822,0,train
B_001_025_20230822212321_001_002_000_003.jpg,./data/you_foulbrood/abnormal/B_001_025_20230822212321_001_002_000_003.jpg,1,abnormal,B_001_025,B_001,B_001_025_20230822,0,val
B_001_025_20230822212403_001_001_000_003.jpg,./data/you_foulbrood/abnormal/B_001_025_20230822212403_001_001_000_003.jpg,1,abnormal,B_001_025,B_001,B_001_025_20230822,0,train
B_001_025_20230827103306_001_002_000_003.jpg,./data/you_foulbrood/abnormal/B_001_025_20230827103306_001_002_000_003.jpg,1,abnormal,B_001_025,B_001,B_001_025_20230827,0,train
B_001_025_20230827103308_001_003_000_003.jpg,./data/you_foulbrood/abnormal/B_001_025_20230827103308_001_003_000_003.jpg,1,abnormal,B_001_025,B_001,B_001_025_20230827,0,train
B_001_025_20230828111459_001_001_000_003.jpg,./data/you_foulbrood/abnormal/B_001_025_20230828111459_001_001_000_003.jpg,1,abnormal,B_001_025,B_001,B_001_025_20230828,0,test
B_001_025_20230828111747_001_003_000_003.jpg,./data/you_foulbrood/abnormal/B_001_025_20230828111747_001_003_000_003.jpg,1,abnormal,B_001_025,B_001,B_001_025_20230828,0,train
B_001_025_20230829160437_001_001_000_003.jpg,./data/you_foulbrood/abnormal/B_001_025_20230829160437_001_001_000_003.jpg,1,abnormal,B_001_025,B_001,B_001_025_20230829,0,train
B_001_025_20230829163424_001_001_000_003.jpg,./data/you_foulbrood/abnormal/B_001_025_20230829163424_001_001_000_003.jpg,1,abnormal,B_001_025,B_001,B_001_025_20230829,0,test
B_001_025_20230912110452_001_001_000_003.jpg,./data/you_foulbrood/abnormal/B_001_025_20230912110452_001_001_000_003.jpg,1,abnormal,B_001_025,B_001,B_001_025_20230912,0,train
B_001_025_20230912125844_001_001_000_003.jpg,./data/you_foulbrood/abnormal/B_001_025_20230912125844_001_001_000_003.jpg,1,abnormal,B_001_025,B_001,B_001_025_20230912,0,train
B_001_025_20230912155841_001_001_000_003.jpg,./data/you_foulbrood/abnormal/B_001_025_20230912155841_001_001_000_003.jpg,1,abnormal,B_001_025,B_001,B_001_025_20230912,0,val
B_001_026_20230819184200_001_003_000_003.jpg,./data/you_foulbrood/abnormal/B_001_026_20230819184200_001_003_000_003.jpg,1,abnormal,B_001_026,B_001,B_001_026_20230819,0,train
B_001_026_20230819191804_001_001_000_003.jpg,./data/you_foulbrood/abnormal/B_001_026_20230819191804_001_001_000_003.jpg,1,abnormal,B_001_026,B_001,B_001_026_20230819,0,test
B_001_026_20230819200304_001_002_000_003.jpg,./data/you_foulbrood/abnormal/B_001_026_20230819200304_001_002_000_003.jpg,1,abnormal,B_001_026,B_001,B_001_026_20230819,0,val
B_001_026_20230819204424_001_003_000_003.jpg,./data/you_foulbrood/abnormal/B_001_026_20230819204424_001_003_000_003.jpg,1,abnormal,B_001_026,B_001,B_001_026_20230819,0,train
B_001_026_20230819205732_001_001_000_003.jpg,./data/you_foulbrood/abnormal/B_001_026_20230819205732_001_001_000_003.jpg,1,abnormal,B_001_026,B_001,B_001_026_20230819,0,test
B_001_026_20230819224652_001_003_000_003.jpg,./data/you_foulbrood/abnormal/B_001_026_20230819224652_001_003_000_003.jpg,1,abnormal,B_001_026,B_001,B_001_026_20230819,0,test
B_001_026_20230819225615_001_001_000_003.jpg,./data/you_foulbrood/abnormal/B_001_026_20230819225615_001_001_000_003.jpg,1,abnormal,B_001_026,B_001,B_001_026_20230819,0,test
B_001_026_20230820191136_001_003_000_003.jpg,./data/you_foulbrood/abnormal/B_001_026_20230820191136_001_003_000_003.jpg,1,abnormal,B_001_026,B_001,B_001_026_20230820,0,train
B_001_026_20230820192607_001_001_000_003.jpg,./data/you_foulbrood/abnormal/B_001_026_20230820192607_001_001_000_003.jpg,1,abnormal,B_001_026,B_001,B_001_026_20230820,0,train
B_001_026_20230820192649_001_001_000_003.jpg,./data/you_foulbrood/abnormal/B_001_026_20230820192649_001_001_000_003.jpg,1,abnormal,B_001_026,B_001,B_001_026_20230820,0,train
B_001_026_20230820194637_001_001_000_003.jpg,./data/you_foulbrood/abnormal/B_001_026_20230820194637_001_001_000_003.jpg,1,abnormal,B_001_026,B_001,B_001_026_20230820,0,train
B_001_026_20230820195606_001_002_000_003.jpg,./data/you_foulbrood/abnormal/B_001_026_20230820195606_001_002_000_003.jpg,1,abnormal,B_001_026,B_001,B_001_026_20230820,0,test
B_001_026_20230820200449_001_002_000_003.jpg,./data/you_foulbrood/abnormal/B_001_026_20230820200449_001_002_000_003.jpg,1,abnormal,B_001_026,B_001,B_001_026_20230820,0,train
B_001_026_20230820211155_001_002_000_003.jpg,./data/you_foulbrood/abnormal/B_001_026_20230820211155_001_002_000_003.jpg,1,abnormal,B_001_026,B_001,B_001_026_20230820,0,val
B_001_026_20230820211155_001_004_000_003.jpg,./data/you_foulbrood/abnormal/B_001_026_20230820211155_001_004_000_003.jpg,1,abnormal,B_001_026,B_001,B_001_026_20230820,0,val
B_001_026_20230820212749_001_004_000_003.jpg,./data/you_foulbrood/abnormal/B_001_026_20230820212749_001_004_000_003.jpg,1,abnormal,B_001_026,B_001,B_001_026_20230820,0,train
B_001_026_20230820213553_001_001_000_003.jpg,./data/you_foulbrood/abnormal/B_001_026_20230820213553_001_001_000_003.jpg,1,abnormal,B_001_026,B_001,B_001_026_20230820,0,test
B_001_026_20230912113334_001_001_000_003.jpg,./data/you_foulbrood/abnormal/B_001_026_20230912113334_001_001_000_003.jpg,1,abnormal,B_001_026,B_001,B_001_026_20230912,0,train
B_001_027_20230819184245_001_001_000_003.jpg,./data/you_foulbrood/abnormal/B_001_027_20230819184245_001_001_000_003.jpg,1,abnormal,B_001_027,B_001,B_001_027_20230819,0,test
B_001_027_20230819185500_001_001_000_003.jpg,./data/you_foulbrood/abnormal/B_001_027_20230819185500_001_001_000_003.jpg,1,abnormal,B_001_027,B_001,B_001_027_20230819,0,test
B_001_027_20230819191050_001_004_000_003.jpg,./data/you_foulbrood/abnormal/B_001_027_20230819191050_001_004_000_003.jpg,1,abnormal,B_001_027,B_001,B_001_027_20230819,0,test
B_001_027_20230819193023_001_001_000_003.jpg,./data/you_foulbrood/abnormal/B_001_027_20230819193023_001_001_000_003.jpg,1,abnormal,B_001_027,B_001,B_001_027_20230819,0,test
B_001_027_20230819194120_001_003_000_003.jpg,./data/you_foulbrood/abnormal/B_001_027_20230819194120_001_003_000_003.jpg,1,abnormal,B_001_027,B_001,B_001_027_20230819,0,train
B_001_027_20230819194542_001_003_000_003.jpg,./data/you_foulbrood/abnormal/B_001_027_20230819194542_001_003_000_003.jpg,1,abnormal,B_001_027,B_001,B_001_027_20230819,0,test
B_001_027_20230819203754_001_002_000_003.jpg,./data/you_foulbrood/abnormal/B_001_027_20230819203754_001_002_000_003.jpg,1,abnormal,B_001_027,B_001,B_001_027_20230819,0,train
B_001_027_20230819215701_001_001_000_003.jpg,./data/you_foulbrood/abnormal/B_001_027_20230819215701_001_001_000_003.jpg,1,abnormal,B_001_027,B_001,B_001_027_20230819,0,train
B_001_027_20230819222554_001_003_000_003.jpg,./data/you_foulbrood/abnormal/B_001_027_20230819222554_001_003_000_003.jpg,1,abnormal,B_001_027,B_001,B_001_027_20230819,0,test
B_001_027_20230819223940_001_004_000_003.jpg,./data/you_foulbrood/abnormal/B_001_027_20230819223940_001_004_000_003.jpg,1,abnormal,B_001_027,B_001,B_001_027_20230819,0,train
B_001_027_20230819225403_001_003_000_003.jpg,./data/you_foulbrood/abnormal/B_001_027_20230819225403_001_003_000_003.jpg,1,abnormal,B_001_027,B_001,B_001_027_20230819,0,test
B_001_027_20230820221616_001_003_000_003.jpg,./data/you_foulbrood/abnormal/B_001_027_20230820221616_001_003_000_003.jpg,1,abnormal,B_001_027,B_001,B_001_027_20230820,0,test
B_001_027_20230821181209_001_003_000_003.jpg,./data/you_foulbrood/abnormal/B_001_027_20230821181209_001_003_000_003.jpg,1,abnormal,B_001_027,B_001,B_001_027_20230821,0,test
B_001_027_20230821213501_001_004_000_003.jpg,./data/you_foulbrood/abnormal/B_001_027_20230821213501_001_004_000_003.jpg,1,abnormal,B_001_027,B_001,B_001_027_20230821,0,train
B_001_027_20230821214218_001_001_000_003.jpg,./data/you_foulbrood/abnormal/B_001_027_20230821214218_001_001_000_003.jpg,1,abnormal,B_001_027,B_001,B_001_027_20230821,0,train
B_001_027_20230825111912_001_004_000_003.jpg,./data/you_foulbrood/abnormal/B_001_027_20230825111912_001_004_000_003.jpg,1,abnormal,B_001_027,B_001,B_001_027_20230825,0,train
B_001_027_20230912113347_001_001_000_003.jpg,./data/you_foulbrood/abnormal/B_001_027_20230912113347_001_001_000_003.jpg,1,abnormal,B_001_027,B_001,B_001_027_20230912,0,train
B_001_027_20230912130135_001_001_000_003.jpg,./data/you_foulbrood/abnormal/B_001_027_20230912130135_001_001_000_003.jpg,1,abnormal,B_001_027,B_001,B_001_027_20230912,0,train
B_001_028_20230819191135_001_004_000_003.jpg,./data/you_foulbrood/abnormal/B_001_028_20230819191135_001_004_000_003.jpg,1,abnormal,B_001_028,B_001,B_001_028_20230819,0,train
B_001_028_20230819195931_001_004_000_003.jpg,./data/you_foulbrood/abnormal/B_001_028_20230819195931_001_004_000_003.jpg,1,abnormal,B_001_028,B_001,B_001_028_20230819,0,train
B_001_028_20230819200649_001_001_000_003.jpg,./data/you_foulbrood/abnormal/B_001_028_20230819200649_001_001_000_003.jpg,1,abnormal,B_001_028,B_001,B_001_028_20230819,0,train
B_001_028_20230819211622_001_003_000_003.jpg,./data/you_foulbrood/abnormal/B_001_028_20230819211622_001_003_000_003.jpg,1,abnormal,B_001_028,B_001,B_001_028_20230819,0,val
B_001_028_20230819213728_001_001_000_003.jpg,./data/you_foulbrood/abnormal/B_001_028_20230819213728_001_001_000_003.jpg,1,abnormal,B_001_028,B_001,B_001_028_20230819,0,train
B_001_028_20230819221131_001_002_000_003.jpg,./data/you_foulbrood/abnormal/B_001_028_20230819221131_001_002_000_003.jpg,1,abnormal,B_001_028,B_001,B_001_028_20230819,0,val
B_001_028_20230819223515_001_001_000_003.jpg,./data/you_foulbrood/abnormal/B_001_028_20230819223515_001_001_000_003.jpg,1,abnormal,B_001_028,B_001,B_001_028_20230819,0,train
B_001_028_20230819224740_001_001_000_003.jpg,./data/you_foulbrood/abnormal/B_001_028_20230819224740_001_001_000_003.jpg,1,abnormal,B_001_028,B_001,B_001_028_20230819,0,train
B_001_028_20230821115455_001_002_000_003.jpg,./data/you_foulbrood/abnormal/B_001_028_20230821115455_001_002_000_003.jpg,1,abnormal,B_001_028,B_001,B_001_028_20230821,0,train
B_001_028_20230823105529_001_002_000_003.jpg,./data/you_foulbrood/abnormal/B_001_028_20230823105529_001_002_000_003.jpg,1,abnormal,B_001_028,B_001,B_001_028_20230823,0,train
B_001_028_20230823105625_001_002_000_003.jpg,./data/you_foulbrood/abnormal/B_001_028_20230823105625_001_002_000_003.jpg,1,abnormal,B_001_028,B_001,B_001_028_20230823,0,val
B_001_028_20230823105656_001_001_000_003.jpg,./data/you_foulbrood/abnormal/B_001_028_20230823105656_001_001_000_003.jpg,1,abnormal,B_001_028,B_001,B_001_028_20230823,0,train
B_001_028_20230823105707_001_002_000_003.jpg,./data/you_foulbrood/abnormal/B_001_028_20230823105707_001_002_000_003.jpg,1,abnormal,B_001_028,B_001,B_001_028_20230823,0,val
B_001_028_20230902144649_001_003_000_003.jpg,./data/you_foulbrood/abnormal/B_001_028_20230902144649_001_003_000_003.jpg,1,abnormal,B_001_028,B_001,B_001_028_20230902,0,train
B_001_028_20230912160629_001_001_000_003.jpg,./data/you_foulbrood/abnormal/B_001_028_20230912160629_001_001_000_003.jpg,1,abnormal,B_001_028,B_001,B_001_028_20230912,0,val
B_001_029_20230819184709_001_003_000_003.jpg,./data/you_foulbrood/abnormal/B_001_029_20230819184709_001_003_000_003.jpg,1,abnormal,B_001_029,B_001,B_001_029_20230819,0,test
B_001_029_20230819191557_001_001_000_003.jpg,./data/you_foulbrood/abnormal/B_001_029_20230819191557_001_001_000_003.jpg,1,abnormal,B_001_029,B_001,B_001_029_20230819,0,test
B_001_029_20230819192146_001_003_000_003.jpg,./data/you_foulbrood/abnormal/B_001_029_20230819192146_001_003_000_003.jpg,1,abnormal,B_001_029,B_001,B_001_029_20230819,0,train
B_001_029_20230819195724_001_002_000_003.jpg,./data/you_foulbrood/abnormal/B_001_029_20230819195724_001_002_000_003.jpg,1,abnormal,B_001_029,B_001,B_001_029_20230819,0,val
B_001_029_20230819201408_001_001_000_003.jpg,./data/you_foulbrood/abnormal/B_001_029_20230819201408_001_001_000_003.jpg,1,abnormal,B_001_029,B_001,B_001_029_20230819,0,train
B_001_029_20230819201959_001_002_000_003.jpg,./data/you_foulbrood/abnormal/B_001_029_20230819201959_001_002_000_003.jpg,1,abnormal,B_001_029,B_001,B_001_029_20230819,0,train
B_001_029_20230819202834_001_004_000_003.jpg,./data/you_foulbrood/abnormal/B_001_029_20230819202834_001_004_000_003.jpg,1,abnormal,B_001_029,B_001,B_001_029_20230819,0,train
B_001_029_20230819205015_001_002_000_003.jpg,./data/you_foulbrood/abnormal/B_001_029_20230819205015_001_002_000_003.jpg,1,abnormal,B_001_029,B_001,B_001_029_20230819,0,test
B_001_029_20230819205229_001_004_000_003.jpg,./data/you_foulbrood/abnormal/B_001_029_20230819205229_001_004_000_003.jpg,1,abnormal,B_001_029,B_001,B_001_029_20230819,0,test
B_001_029_20230819215915_001_003_000_003.jpg,./data/you_foulbrood/abnormal/B_001_029_20230819215915_001_003_000_003.jpg,1,abnormal,B_001_029,B_001,B_001_029_20230819,0,val
B_001_030_20230819211040_001_001_000_003.jpg,./data/you_foulbrood/abnormal/B_001_030_20230819211040_001_001_000_003.jpg,1,abnormal,B_001_030,B_001,B_001_030_20230819,0,test
B_001_030_20230820182600_001_001_000_003.jpg,./data/you_foulbrood/abnormal/B_001_030_20230820182600_001_001_000_003.jpg,1,abnormal,B_001_030,B_001,B_001_030_20230820,0,train
B_001_030_20230820184246_001_001_000_003.jpg,./data/you_foulbrood/abnormal/B_001_030_20230820184246_001_001_000_003.jpg,1,abnormal,B_001_030,B_001,B_001_030_20230820,0,train
B_001_030_20230820192238_001_001_000_003.jpg,./data/you_foulbrood/abnormal/B_001_030_20230820192238_001_001_000_003.jpg,1,abnormal,B_001_030,B_001,B_001_030_20230820,0,test
B_001_030_20230820193335_001_001_000_003.jpg,./data/you_foulbrood/abnormal/B_001_030_20230820193335_001_001_000_003.jpg,1,abnormal,B_001_030,B_001,B_001_030_20230820,0,train
B_001_030_20230820220406_001_001_000_003.jpg,./data/you_foulbrood/abnormal/B_001_030_20230820220406_001_001_000_003.jpg,1,abnormal,B_001_030,B_001,B_001_030_20230820,0,test
B_001_030_20230820225406_001_001_000_003.jpg,./data/you_foulbrood/abnormal/B_001_030_20230820225406_001_001_000_003.jpg,1,abnormal,B_001_030,B_001,B_001_030_20230820,0,train
B_001_030_20230912161003_001_001_000_003.jpg,./data/you_foulbrood/abnormal/B_001_030_20230912161003_001_001_000_003.jpg,1,abnormal,B_001_030,B_001,B_001_030_20230912,0,test
B_001_030_20230912161011_001_001_000_003.jpg,./data/you_foulbrood/abnormal/B_001_030_20230912161011_001_001_000_003.jpg,1,abnormal,B_001_030,B_001,B_001_030_20230912,0,train
C_001_021_20230904115917_001_001_000_003.jpg,./data/you_foulbrood/abnormal/C_001_021_20230904115917_001_001_000_003.jpg,1,abnormal,C_001_021,C_001,C_001_021_20230904,0,train
C_001_021_20230904115937_001_001_000_003.jpg,./data/you_foulbrood/abnormal/C_001_021_20230904115937_001_001_000_003.jpg,1,abnormal,C_001_021,C_001,C_001_021_20230904,0,train
C_001_021_20230904124851_001_001_000_003.jpg,./data/you_foulbrood/abnormal/C_001_021_20230904124851_001_001_000_003.jpg,1,abnormal,C_001_021,C_001,C_001_021_20230904,0,test
C_001_021_20230904125101_001_001_000_003.jpg,./data/you_foulbrood/abnormal/C_001_021_20230904125101_001_001_000_003.jpg,1,abnormal,C_001_021,C_001,C_001_021_20230904,0,train
C_001_021_20230904125501_001_001_000_003.jpg,./data/you_foulbrood/abnormal/C_001_021_20230904125501_001_001_000_003.jpg,1,abnormal,C_001_021,C_001,C_001_021_20230904,0,val
C_001_021_20230904125603_001_001_000_003.jpg,./data/you_foulbrood/abnormal/C_001_021_20230904125603_001_001_000_003.jpg,1,abnormal,C_001_021,C_001,C_001_021_20230904,0,test
C_001_021_20230904125701_001_001_000_003.jpg,./data/you_foulbrood/abnormal/C_001_021_20230904125701_001_001_000_003.jpg,1,abnormal,C_001_021,C_001,C_001_021_20230904,0,val
C_001_021_20230904204921_001_001_000_003.jpg,./data/you_foulbrood/abnormal/C_001_021_20230904204921_001_001_000_003.jpg,1,abnormal,C_001_021,C_001,C_001_021_20230904,0,val
C_001_021_20230904213706_001_001_000_003.jpg,./data/you_foulbrood/abnormal/C_001_021_20230904213706_001_001_000_003.jpg,1,abnormal,C_001_021,C_001,C_001_021_20230904,0,test
C_001_021_20230904214702_001_001_000_003.jpg,./data/you_foulbrood/abnormal/C_001_021_20230904214702_001_001_000_003.jpg,1,abnormal,C_001_021,C_001,C_001_021_20230904,0,train
C_001_021_20230917140447_001_001_000_003.jpg,./data/you_foulbrood/abnormal/C_001_021_20230917140447_001_001_000_003.jpg,1,abnormal,C_001_021,C_001,C_001_021_20230917,0,train
C_001_021_20230917140703_001_001_000_003.jpg,./data/you_foulbrood/abnormal/C_001_021_20230917140703_001_001_000_003.jpg,1,abnormal,C_001_021,C_001,C_001_021_20230917,0,train
C_001_021_20230917142047_001_001_000_003.jpg,./data/you_foulbrood/abnormal/C_001_021_20230917142047_001_001_000_003.jpg,1,abnormal,C_001_021,C_001,C_001_021_20230917,0,test
C_001_021_20230917142503_001_001_000_003.jpg,./data/you_foulbrood/abnormal/C_001_021_20230917142503_001_001_000_003.jpg,1,abnormal,C_001_021,C_001,C_001_021_20230917,0,train
C_001_021_20231001204527_001_001_000_003.jpg,./data/you_foulbrood/abnormal/C_001_021_20231001204527_001_001_000_003.jpg,1,abnormal,C_001_021,C_001,C_001_021_20231001,0,train
C_001_021_20231001204603_001_001_000_003.jpg,./data/you_foulbrood/abnormal/C_001_021_20231001204603_001_001_000_003.jpg,1,abnormal,C_001_021,C_001,C_001_021_20231001,0,val
C_001_021_20231001205157_001_001_000_003.jpg,./data/you_foulbrood/abnormal/C_001_021_20231001205157_001_001_000_003.jpg,1,abnormal,C_001_021,C_001,C_001_021_20231001,0,train
C_001_021_20231001211427_001_001_000_003.jpg,./data/you_foulbrood/abnormal/C_001_021_20231001211427_001_001_000_003.jpg,1,abnormal,C_001_021,C_001,C_001_021_20231001,0,test
C_001_021_20231001213103_001_001_000_003.jpg,./data/you_foulbrood/abnormal/C_001_021_20231001213103_001_001_000_003.jpg,1,abnormal,C_001_021,C_001,C_001_021_20231001,0,test
C_001_021_20231001214643_001_001_000_003.jpg,./data/you_foulbrood/abnormal/C_001_021_20231001214643_001_001_000_003.jpg,1,abnormal,C_001_021,C_001,C_001_021_20231001,0,train
C_001_021_20231001215257_001_001_000_003.jpg,./data/you_foulbrood/abnormal/C_001_021_20231001215257_001_001_000_003.jpg,1,abnormal,C_001_021,C_001,C_001_021_20231001,0,train
C_001_021_20231001220413_001_001_000_003.jpg,./data/you_foulbrood/abnormal/C_001_021_20231001220413_001_001_000_003.jpg,1,abnormal,C_001_021,C_001,C_001_021_20231001,0,val
C_001_021_20231001220817_001_001_000_003.jpg,./data/you_foulbrood/abnormal/C_001_021_20231001220817_001_001_000_003.jpg,1,abnormal,C_001_021,C_001,C_001_021_20231001,0,train
C_001_021_20231001224255_001_001_000_003.jpg,./data/you_foulbrood/abnormal/C_001_021_20231001224255_001_001_000_003.jpg,1,abnormal,C_001_021,C_001,C_001_021_20231001,0,val
C_001_021_20231001231713_001_001_000_003.jpg,./data/you_foulbrood/abnormal/C_001_021_20231001231713_001_001_000_003.jpg,1,abnormal,C_001_021,C_001,C_001_021_20231001,0,train
C_001_021_20231001235257_001_001_000_003.jpg,./data/you_foulbrood/abnormal/C_001_021_20231001235257_001_001_000_003.jpg,1,abnormal,C_001_021,C_001,C_001_021_20231001,0,test
C_001_021_20231001235405_001_001_000_003.jpg,./data/you_foulbrood/abnormal/C_001_021_20231001235405_001_001_000_003.jpg,1,abnormal,C_001_021,C_001,C_001_021_20231001,0,test
C_001_021_20231001235639_001_001_000_003.jpg,./data/you_foulbrood/abnormal/C_001_021_20231001235639_001_001_000_003.jpg,1,abnormal,C_001_021,C_001,C_001_021_20231001,0,train
C_001_021_20231001235705_001_001_000_003.jpg,./data/you_foulbrood/abnormal/C_001_021_20231001235705_001_001_000_003.jpg,1,abnormal,C_001_021,C_001,C_001_021_20231001,0,train
C_001_022_20230821185842_001_001_000_003.jpg,./data/you_foulbrood/abnormal/C_001_022_20230821185842_001_001_000_003.jpg,1,abnormal,C_001_022,C_001,C_001_022_20230821,0,train
C_001_022_20230821190418_001_001_000_003.jpg,./data/you_foulbrood/abnormal/C_001_022_20230821190418_001_001_000_003.jpg,1,abnormal,C_001_022,C_001,C_001_022_20230821,0,test
C_001_022_20230821191632_001_001_000_003.jpg,./data/you_foulbrood/abnormal/C_001_022_20230821191632_001_001_000_003.jpg,1,abnormal,C_001_022,C_001,C_001_022_20230821,0,train
C_001_022_20230821191750_001_001_000_003.jpg,./data/you_foulbrood/abnormal/C_001_022_20230821191750_001_001_000_003.jpg,1,abnormal,C_001_022,C_001,C_001_022_20230821,0,val
C_001_022_20230821192322_001_001_000_003.jpg,./data/you_foulbrood/abnormal/C_001_022_20230821192322_001_001_000_003.jpg,1,abnormal,C_001_022,C_001,C_001_022_20230821,0,test
C_001_022_20230831153317_001_001_000_003.jpg,./data/you_foulbrood/abnormal/C_001_022_20230831153317_001_001_000_003.jpg,1,abnormal,C_001_022,C_001,C_001_022_20230831,0,val
C_001_022_20230901150654_001_001_000_003.jpg,./data/you_foulbrood/abnormal/C_001_022_20230901150654_001_001_000_003.jpg,1,abnormal,C_001_022,C_001,C_001_022_20230901,0,train
C_001_022_20230901150810_001_001_000_003.jpg,./data/you_foulbrood/abnormal/C_001_022_20230901150810_001_001_000_003.jpg,1,abnormal,C_001_022,C_001,C_001_022_20230901,0,train
C_001_022_20230903110959_001_001_000_003.jpg,./data/you_foulbrood/abnormal/C_001_022_20230903110959_001_001_000_003.jpg,1,abnormal,C_001_022,C_001,C_001_022_20230903,0,train
C_001_022_20230904223128_001_001_000_003.jpg,./data/you_foulbrood/abnormal/C_001_022_20230904223128_001_001_000_003.jpg,1,abnormal,C_001_022,C_001,C_001_022_20230904,0,train
C_001_022_20230904223316_001_001_000_003.jpg,./data/you_foulbrood/abnormal/C_001_022_20230904223316_001_001_000_003.jpg,1,abnormal,C_001_022,C_001,C_001_022_20230904,0,test
C_001_022_20230904223530_001_001_000_003.jpg,./data/you_foulbrood/abnormal/C_001_022_20230904223530_001_001_000_003.jpg,1,abnormal,C_001_022,C_001,C_001_022_20230904,0,test
C_001_022_20230904223952_001_001_000_003.jpg,./data/you_foulbrood/abnormal/C_001_022_20230904223952_001_001_000_003.jpg,1,abnormal,C_001_022,C_001,C_001_022_20230904,0,test
C_001_022_20230904225714_001_001_000_003.jpg,./data/you_foulbrood/abnormal/C_001_022_20230904225714_001_001_000_003.jpg,1,abnormal,C_001_022,C_001,C_001_022_20230904,0,train
C_001_022_20230904230246_001_001_000_003.jpg,./data/you_foulbrood/abnormal/C_001_022_20230904230246_001_001_000_003.jpg,1,abnormal,C_001_022,C_001,C_001_022_20230904,0,test
C_001_022_20230904231226_001_001_000_003.jpg,./data/you_foulbrood/abnormal/C_001_022_20230904231226_001_001_000_003.jpg,1,abnormal,C_001_022,C_001,C_001_022_20230904,0,train
C_001_022_20230904232126_001_001_000_003.jpg,./data/you_foulbrood/abnormal/C_001_022_20230904232126_001_001_000_003.jpg,1,abnormal,C_001_022,C_001,C_001_022_20230904,0,train
C_001_022_20230904233532_001_001_000_003.jpg,./data/you_foulbrood/abnormal/C_001_022_20230904233532_001_001_000_003.jpg,1,abnormal,C_001_022,C_001,C_001_022_20230904,0,val
C_001_023_20230903112915_001_001_000_003.jpg,./data/you_foulbrood/abnormal/C_001_023_20230903112915_001_001_000_003.jpg,1,abnormal,C_001_023,C_001,C_001_023_20230903,0,test
C_001_023_20230904132523_001_001_000_003.jpg,./data/you_foulbrood/abnormal/C_001_023_20230904132523_001_001_000_003.jpg,1,abnormal,C_001_023,C_001,C_001_023_20230904,0,train
C_001_023_20230904133037_001_001_000_003.jpg,./data/you_foulbrood/abnormal/C_001_023_20230904133037_001_001_000_003.jpg,1,abnormal,C_001_023,C_001,C_001_023_20230904,0,test
C_002_001_20230819131224_001_001_000_003.jpg,./data/you_foulbrood/abnormal/C_002_001_20230819131224_001_001_000_003.jpg,1,abnormal,C_002_001,C_002,C_002_001_20230819,0,test
C_002_003_20230819140236_001_001_000_003.jpg,./data/you_foulbrood/abnormal/C_002_003_20230819140236_001_001_000_003.jpg,1,abnormal,C_002_003,C_002,C_002_003_20230819,0,train
C_002_023_20230821193016_001_001_000_003.jpg,./data/you_foulbrood/abnormal/C_002_023_20230821193016_001_001_000_003.jpg,1,abnormal,C_002_023,C_002,C_002_023_20230821,0,train
C_002_023_20230821193632_001_001_000_003.jpg,./data/you_foulbrood/abnormal/C_002_023_20230821193632_001_001_000_003.jpg,1,abnormal,C_002_023,C_002,C_002_023_20230821,0,test
B_001_001_20230905140435_001_002_000_000.jpg,./data/you_foulbrood/normal/B_001_001_20230905140435_001_002_000_000.jpg,0,normal,B_001_001,B_001,B_001_001_20230905,0,train
B_001_001_20230907110744_001_003_000_000.jpg,./data/you_foulbrood/normal/B_001_001_20230907110744_001_003_000_000.jpg,0,normal,B_001_001,B_001,B_001_001_20230907,0,val
B_001_001_20230907111158_001_004_000_000.jpg,./data/you_foulbrood/normal/B_001_001_20230907111158_001_004_000_000.jpg,0,normal,B_001_001,B_001,B_001_001_20230907,0,test
B_001_001_20230909115725_001_003_000_000.jpg,./data/you_foulbrood/normal/B_001_001_20230909115725_001_003_000_000.jpg,0,normal,B_001_001,B_001,B_001_001_20230909,0,train
B_001_001_20230910105435_001_003_000_000.jpg,./data/you_foulbrood/normal/B_001_001_20230910105435_001_003_000_000.jpg,0,normal,B_001_001,B_001,B_001_001_20230910,0,test
B_001_002_20230819140159_001_003_000_000.jpg,./data/you_foulbrood/normal/B_001_002_20230819140159_001_003_000_000.jpg,0,normal,B_001_002,B_001,B_001_002_20230819,0,train
B_001_002_20230825081614_001_001_000_000.jpg,./data/you_foulbrood/normal/B_001_002_20230825081614_001_001_000_000.jpg,0,normal,B_001_002,B_001,B_001_002_20230825,0,train
B_001_002_20230904140309_001_003_000_000.jpg,./data/you_foulbrood/normal/B_001_002_20230904140309_001_003_000_000.jpg,0,normal,B_001_002,B_001,B_001_002_20230904,0,train
B_001_002_20230904140356_001_004_000_000.jpg,./data/you_foulbrood/normal/B_001_002_20230904140356_001_004_000_000.jpg,0,normal,B_001_002,B_001,B_001_002_20230904,0,train
B_001_002_20230908145202_001_001_000_000.jpg,./data/you_foulbrood/normal/B_001_002_20230908145202_001_001_000_000.jpg,0,normal,B_001_002,B_001,B_001_002_20230908,0,train
B_001_003_20230823082835_001_004_000_000.jpg,./data/you_foulbrood/normal/B_001_003_20230823082835_001_004_000_000.jpg,0,normal,B_001_003,B_001,B_001_003_20230823,0,val
B_001_003_20230823082924_001_002_000_000.jpg,./data/you_foulbrood/normal/B_001_003_20230823082924_001_002_000_000.jpg,0,normal,B_001_003,B_001,B_001_003_20230823,0,test
B_001_003_20230823134318_001_002_000_000.jpg,./data/you_foulbrood/normal/B_001_003_20230823134318_001_002_000_000.jpg,0,normal,B_001_003,B_001,B_001_003_20230823,0,train
B_001_003_20230825082123_001_004_000_000.jpg,./data/you_foulbrood/normal/B_001_003_20230825082123_001_004_000_000.jpg,0,normal,B_001_003,B_001,B_001_003_20230825,0,train
B_001_003_20230825131745_001_003_000_000.jpg,./data/you_foulbrood/normal/B_001_003_20230825131745_001_003_000_000.jpg,0,normal,B_001_003,B_001,B_001_003_20230825,0,train
B_001_003_20230829090024_001_001_000_000.jpg,./data/you_foulbrood/normal/B_001_003_20230829090024_001_001_000_000.jpg,0,normal,B_001_003,B_001,B_001_003_20230829,0,train
B_001_003_20230829131553_001_003_000_000.jpg,./data/you_foulbrood/normal/B_001_003_20230829131553_001_003_000_000.jpg,0,normal,B_001_003,B_001,B_001_003_20230829,0,test
B_001_004_20230904142118_001_002_000_000.jpg,./data/you_foulbrood/normal/B_001_004_20230904142118_001_002_000_000.jpg,0,normal,B_001_004,B_001,B_001_004_20230904,0,val
B_001_004_20230910113658_001_004_000_000.jpg,./data/you_foulbrood/normal/B_001_004_20230910113658_001_004_000_000.jpg,0,normal,B_001_004,B_001,B_001_004_20230910,0,val
B_001_004_20230910113855_001_004_000_000.jpg,./data/you_foulbrood/normal/B_001_004_20230910113855_001_004_000_000.jpg,0,normal,B_001_004,B_001,B_001_004_20230910,0,train
B_001_005_20230820200754_001_004_000_000.jpg,./data/you_foulbrood/normal/B_001_005_20230820200754_001_004_000_000.jpg,0,normal,B_001_005,B_001,B_001_005_20230820,0,test
B_001_005_20230821090757_001_003_000_000.jpg,./data/you_foulbrood/normal/B_001_005_20230821090757_001_003_000_000.jpg,0,normal,B_001_005,B_001,B_001_005_20230821,0,train
B_001_005_20230825083223_001_003_000_000.jpg,./data/you_foulbrood/normal/B_001_005_20230825083223_001_003_000_000.jpg,0,normal,B_001_005,B_001,B_001_005_20230825,0,test
B_001_005_20230827132449_001_003_000_000.jpg,./data/you_foulbrood/normal/B_001_005_20230827132449_001_003_000_000.jpg,0,normal,B_001_005,B_001,B_001_005_20230827,0,test
B_001_005_20230907120004_001_002_000_000.jpg,./data/you_foulbrood/normal/B_001_005_20230907120004_001_002_000_000.jpg,0,normal,B_001_005,B_001,B_001_005_20230907,0,train
B_001_005_20230908090123_001_003_000_000.jpg,./data/you_foulbrood/normal/B_001_005_20230908090123_001_003_000_000.jpg,0,normal,B_001_005,B_001,B_001_005_20230908,0,train
B_001_005_20230910114953_001_004_000_000.jpg,./data/you_foulbrood/normal/B_001_005_20230910114953_001_004_000_000.jpg,0,normal,B_001_005,B_001,B_001_005_20230910,0,train
B_001_006_20230823135709_001_002_000_000.jpg,./data/you_foulbrood/normal/B_001_006_20230823135709_001_002_000_000.jpg,0,normal,B_001_006,B_001,B_001_006_20230823,0,val
B_001_006_20230824083226_001_002_000_000.jpg,./data/you_foulbrood/normal/B_001_006_20230824083226_001_002_000_000.jpg,0,normal,B_001_006,B_001,B_001_006_20230824,0,val
B_001_006_20230825133313_001_002_000_000.jpg,./data/you_foulbrood/normal/B_001_006_20230825133313_001_002_000_000.jpg,0,normal,B_001_006,B_001,B_001_006_20230825,0,train
B_001_006_20230825133534_001_004_000_000.jpg,./data/you_foulbrood/normal/B_001_006_20230825133534_001_004_000_000.jpg,0,normal,B_001_006,B_001,B_001_006_20230825,0,test
B_001_006_20230828082609_001_002_000_000.jpg,./data/you_foulbrood/normal/B_001_006_20230828082609_001_002_000_000.jpg,0,normal,B_001_006,B_001,B_001_006_20230828,0,test
B_001_006_20230904143736_001_004_000_000.jpg,./data/you_foulbrood/normal/B_001_006_20230904143736_001_004_000_000.jpg,0,normal,B_001_006,B_001,B_001_006_20230904,0,train
B_001_006_20230904143746_001_004_000_000.jpg,./data/you_foulbrood/normal/B_001_006_20230904143746_001_004_000_000.jpg,0,normal,B_001_006,B_001,B_001_006_20230904,0,train
B_001_006_20230909133859_001_002_000_000.jpg,./data/you_foulbrood/normal/B_001_006_20230909133859_001_002_000_000.jpg,0,normal,B_001_006,B_001,B_001_006_20230909,0,train
B_001_006_20230910115820_001_004_000_000.jpg,./data/you_foulbrood/normal/B_001_006_20230910115820_001_004_000_000.jpg,0,normal,B_001_006,B_001,B_001_006_20230910,0,train
B_001_007_20230826090335_001_001_000_000.jpg,./data/you_foulbrood/normal/B_001_007_20230826090335_001_001_000_000.jpg,0,normal,B_001_007,B_001,B_001_007_20230826,0,test
B_001_007_20230906083655_001_003_000_000.jpg,./data/you_foulbrood/normal/B_001_007_20230906083655_001_003_000_000.jpg,0,normal,B_001_007,B_001,B_001_007_20230906,0,train
B_001_007_20230906151913_001_001_000_000.jpg,./data/you_foulbrood/normal/B_001_007_20230906151913_001_001_000_000.jpg,0,normal,B_001_007,B_001,B_001_007_20230906,0,test
B_001_007_20230906152056_001_004_000_000.jpg,./data/you_foulbrood/normal/B_001_007_20230906152056_001_004_000_000.jpg,0,normal,B_001_007,B_001,B_001_007_20230906,0,train
B_001_008_20230908093637_001_001_000_000.jpg,./data/you_foulbrood/normal/B_001_008_20230908093637_001_001_000_000.jpg,0,normal,B_001_008,B_001,B_001_008_20230908,0,train
B_001_008_20230910135329_001_001_000_000.jpg,./data/you_foulbrood/normal/B_001_008_20230910135329_001_001_000_000.jpg,0,normal,B_001_008,B_001,B_001_008_20230910,0,train
B_001_008_20230910135407_001_003_000_000.jpg,./data/you_foulbrood/normal/B_001_008_20230910135407_001_003_000_000.jpg,0,normal,B_001_008,B_001,B_001_008_20230910,0,test
B_001_009_20230825135357_001_002_000_000.jpg,./data/you_foulbrood/normal/B_001_009_20230825135357_001_002_000_000.jpg,0,normal,B_001_009,B_001,B_001_009_20230825,0,train
B_001_009_20230909140014_001_003_000_000.jpg,./data/you_foulbrood/normal/B_001_009_20230909140014_001_003_000_000.jpg,0,normal,B_001_009,B_001,B_001_009_20230909,0,train
B_001_010_20230826135654_001_003_000_000.jpg,./data/you_foulbrood/normal/B_001_010_20230826135654_001_003_000_000.jpg,0,normal,B_001_010,B_001,B_001_010_20230826,0,train
B_001_010_20230829140515_001_004_000_000.jpg,./data/you_foulbrood/normal/B_001_010_20230829140515_001_004_000_000.jpg,0,normal,B_001_010,B_001,B_001_010_20230829,0,val
B_001_010_20230906091357_001_003_000_000.jpg,./data/you_foulbrood/normal/B_001_010_20230906091357_001_003_000_000.jpg,0,normal,B_001_010,B_001,B_001_010_20230906,0,test
B_001_010_20230910140224_001_003_000_000.jpg,./data/you_foulbrood/normal/B_001_010_20230910140224_001_003_000_000.jpg,0,normal,B_001_010,B_001,B_001_010_20230910,0,train
B_001_011_20230819151024_001_002_000_000.jpg,./data/you_foulbrood/normal/B_001_011_20230819151024_001_002_000_000.jpg,0,normal,B_001_011,B_001,B_001_011_20230819,0,train
B_001_011_20230904153336_001_001_000_000.jpg,./data/you_foulbrood/normal/B_001_011_20230904153336_001_001_000_000.jpg,0,normal,B_001_011,B_001,B_001_011_20230904,0,test
B_001_011_20230908163546_001_002_000_000.jpg,./data/you_foulbrood/normal/B_001_011_20230908163546_001_002_000_000.jpg,0,normal,B_001_011,B_001,B_001_011_20230908,0,train
B_001_011_20230909142653_001_003_000_000.jpg,./data/you_foulbrood/normal/B_001_011_20230909142653_001_003_000_000.jpg,0,normal,B_001_011,B_001,B_001_011_20230909,0,test
B_001_011_20230910141026_001_001_000_000.jpg,./data/you_foulbrood/normal/B_001_011_20230910141026_001_001_000_000.jpg,0,normal,B_001_011,B_001,B_001_011_20230910,0,train
B_001_012_20230819151849_001_001_000_000.jpg,./data/you_foulbrood/normal/B_001_012_20230819151849_001_001_000_000.jpg,0,normal,B_001_012,B_001,B_001_012_20230819,0,train
B_001_012_20230820115323_001_002_000_000.jpg,./data/you_foulbrood/normal/B_001_012_20230820115323_001_002_000_000.jpg,0,normal,B_001_012,B_001,B_001_012_20230820,0,test
B_001_012_20230824141239_001_002_000_000.jpg,./data/you_foulbrood/normal/B_001_012_20230824141239_001_002_000_000.jpg,0,normal,B_001_012,B_001,B_001_012_20230824,0,val
B_001_012_20230826143225_001_002_000_000.jpg,./data/you_foulbrood/normal/B_001_012_20230826143225_001_002_000_000.jpg,0,normal,B_001_012,B_001,B_001_012_20230826,0,test
B_001_012_20230826143225_001_003_000_000.jpg,./data/you_foulbrood/normal/B_001_012_20230826143225_001_003_000_000.jpg,0,normal,B_001_012,B_001,B_001_012_20230826,0,train
B_001_012_20230901132221_001_003_000_000.jpg,./data/you_foulbrood/normal/B_001_012_20230901132221_001_003_000_000.jpg,0,normal,B_001_012,B_001,B_001_012_20230901,0,test
B_001_012_20230904153959_001_003_000_000.jpg,./data/you_foulbrood/normal/B_001_012_20230904153959_001_003_000_000.jpg,0,normal,B_001_012,B_001,B_001_012_20230904,0,test
B_001_012_20230907142616_001_001_000_000.jpg,./data/you_foulbrood/normal/B_001_012_20230907142616_001_001_000_000.jpg,0,normal,B_001_012,B_001,B_001_012_20230907,0,test
B_001_012_20230907142834_001_004_000_000.jpg,./data/you_foulbrood/normal/B_001_012_20230907142834_001_004_000_000.jpg,0,normal,B_001_012,B_001,B_001_012_20230907,0,train
B_001_012_20230907142940_001_001_000_000.jpg,./data/you_foulbrood/normal/B_001_012_20230907142940_001_001_000_000.jpg,0,normal,B_001_012,B_001,B_001_012_20230907,0,val
B_001_012_20230908105653_001_002_000_000.jpg,./data/you_foulbrood/normal/B_001_012_20230908105653_001_002_000_000.jpg,0,normal,B_001_012,B_001,B_001_012_20230908,0,train
B_001_012_20230908163635_001_001_000_000.jpg,./data/you_foulbrood/normal/B_001_012_20230908163635_001_001_000_000.jpg,0,normal,B_001_012,B_001,B_001_012_20230908,0,train
B_001_012_20230909142748_001_004_000_000.jpg,./data/you_foulbrood/normal/B_001_012_20230909142748_001_004_000_000.jpg,0,normal,B_001_012,B_001,B_001_012_20230909,0,train
B_001_013_20230901133944_001_003_000_000.jpg,./data/you_foulbrood/normal/B_001_013_20230901133944_001_003_000_000.jpg,0,normal,B_001_013,B_001,B_001_013_20230901,0,test
B_001_013_20230910142250_001_004_000_000.jpg,./data/you_foulbrood/normal/B_001_013_20230910142250_001_004_000_000.jpg,0,normal,B_001_013,B_001,B_001_013_20230910,0,test
B_001_014_20230831095145_001_001_000_000.jpg,./data/you_foulbrood/normal/B_001_014_20230831095145_001_001_000_000.jpg,0,normal,B_001_014,B_001,B_001_014_20230831,0,train
B_001_014_20230908111304_001_003_000_000.jpg,./data/you_foulbrood/normal/B_001_014_20230908111304_001_003_000_000.jpg,0,normal,B_001_014,B_001,B_001_014_20230908,0,val
B_001_014_20230908111924_001_001_000_000.jpg,./data/you_foulbrood/normal/B_001_014_20230908111924_001_001_000_000.jpg,0,normal,B_001_014,B_001,B_001_014_20230908,0,val
B_001_014_20230909144845_001_001_000_000.jpg,./data/you_foulbrood/normal/B_001_014_20230909144845_001_001_000_000.jpg,0,normal,B_001_014,B_001,B_001_014_20230909,0,val
B_001_015_20230831152816_001_004_000_000.jpg,./data/you_foulbrood/normal/B_001_015_20230831152816_001_004_000_000.jpg,0,normal,B_001_015,B_001,B_001_015_20230831,0,test
B_001_015_20230902112524_001_003_000_000.jpg,./data/you_foulbrood/normal/B_001_015_20230902112524_001_003_000_000.jpg,0,normal,B_001_015,B_001,B_001_015_20230902,0,train
B_001_015_20230909082731_001_004_000_000.jpg,./data/you_foulbrood/normal/B_001_015_20230909082731_001_004_000_000.jpg,0,normal,B_001_015,B_001,B_001_015_20230909,0,test
B_001_015_20230909145357_001_002_000_000.jpg,./data/you_foulbrood/normal/B_001_015_20230909145357_001_002_000_000.jpg,0,normal,B_001_015,B_001,B_001_015_20230909,0,test
B_001_016_20230906163226_001_002_000_000.jpg,./data/you_foulbrood/normal/B_001_016_20230906163226_001_002_000_000.jpg,0,normal,B_001_016,B_001,B_001_016_20230906,0,val
B_001_018_20230826103249_001_003_000_000.jpg,./data/you_foulbrood/normal/B_001_018_20230826103249_001_003_000_000.jpg,0,normal,B_001_018,B_001,B_001_018_20230826,0,test
B_001_018_20230826152230_001_001_000_000.jpg,./data/you_foulbrood/normal/B_001_018_20230826152230_001_001_000_000.jpg,0,normal,B_001_018,B_001,B_001_018_20230826,0,val
B_001_018_20230827100708_001_003_000_000.jpg,./data/you_foulbrood/normal/B_001_018_20230827100708_001_003_000_000.jpg,0,normal,B_001_018,B_001,B_001_018_20230827,0,val
B_001_018_20230827151426_001_001_000_000.jpg,./data/you_foulbrood/normal/B_001_018_20230827151426_001_001_000_000.jpg,0,normal,B_001_018,B_001,B_001_018_20230827,0,train
B_001_018_20230827151808_001_004_000_000.jpg,./data/you_foulbrood/normal/B_001_018_20230827151808_001_004_000_000.jpg,0,normal,B_001_018,B_001,B_001_018_20230827,0,test
B_001_018_20230830131904_001_004_000_000.jpg,./data/you_foulbrood/normal/B_001_018_20230830131904_001_004_000_000.jpg,0,normal,B_001_018,B_001,B_001_018_20230830,0,train
B_001_018_20230909085843_001_004_000_000.jpg,./data/you_foulbrood/normal/B_001_018_20230909085843_001_004_000_000.jpg,0,normal,B_001_018,B_001,B_001_018_20230909,0,test
B_001_019_20230823160925_001_003_000_000.jpg,./data/you_foulbrood/normal/B_001_019_20230823160925_001_003_000_000.jpg,0,normal,B_001_019,B_001,B_001_019_20230823,0,train
B_001_019_20230824101340_001_001_000_000.jpg,./data/you_foulbrood/normal/B_001_019_20230824101340_001_001_000_000.jpg,0,normal,B_001_019,B_001,B_001_019_20230824,0,test
B_001_019_20230824101352_001_003_000_000.jpg,./data/you_foulbrood/normal/B_001_019_20230824101352_001_003_000_000.jpg,0,normal,B_001_019,B_001,B_001_019_20230824,0,test
B_001_019_20230824151340_001_004_000_000.jpg,./data/you_foulbrood/normal/B_001_019_20230824151340_001_004_000_000.jpg,0,normal,B_001_019,B_001,B_001_019_20230824,0,val
B_001_019_20230825102333_001_002_000_000.jpg,./data/you_foulbrood/normal/B_001_019_20230825102333_001_002_000_000.jpg,0,normal,B_001_019,B_001,B_001_019_20230825,0,test
B_001_019_20230828153457_001_004_000_000.jpg,./data/you_foulbrood/normal/B_001_019_20230828153457_001_004_000_000.jpg,0,normal,B_001_019,B_001,B_001_019_20230828,0,train
B_001_019_20230904163710_001_002_000_000.jpg,./data/you_foulbrood/normal/B_001_019_20230904163710_001_002_000_000.jpg,0,normal,B_001_019,B_001,B_001_019_20230904,0,train
B_001_019_20230906113636_001_002_000_000.jpg,./data/you_foulbrood/normal/B_001_019_20230906113636_001_002_000_000.jpg,0,normal,B_001_019,B_001,B_001_019_20230906,0,train
B_001_019_20230906165336_001_001_000_000.jpg,./data/you_foulbrood/normal/B_001_019_20230906165336_001_001_000_000.jpg,0,normal,B_001_019,B_001,B_001_019_20230906,0,val
B_001_020_20230907082431_001_004_000_000.jpg,./data/you_foulbrood/normal/B_001_020_20230907082431_001_004_000_000.jpg,0,normal,B_001_020,B_001,B_001_020_20230907,0,train
B_001_020_20230907082614_001_003_000_000.jpg,./data/you_foulbrood/normal/B_001_020_20230907082614_001_003_000_000.jpg,0,normal,B_001_020,B_001,B_001_020_20230907,0,val
B_001_021_20230910084354_001_001_000_000.jpg,./data/you_foulbrood/normal/B_001_021_20230910084354_001_001_000_000.jpg,0,normal,B_001_021,B_001,B_001_021_20230910,0,train
B_001_021_20230910153211_001_001_000_000.jpg,./data/you_foulbrood/normal/B_001_021_20230910153211_001_001_000_000.jpg,0,normal,B_001_021,B_001,B_001_021_20230910,0,train
B_001_021_20230910153249_001_002_000_000.jpg,./data/you_foulbrood/normal/B_001_021_20230910153249_001_002_000_000.jpg,0,normal,B_001_021,B_001,B_001_021_20230910,0,train
B_001_021_20230910153637_001_004_000_000.jpg,./data/you_foulbrood/normal/B_001_021_20230910153637_001_004_000_000.jpg,0,normal,B_001_021,B_001,B_001_021_20230910,0,train
B_001_022_20230824102655_001_004_000_000.jpg,./data/you_foulbrood/normal/B_001_022_20230824102655_001_004_000_000.jpg,0,normal,B_001_022,B_001,B_001_022_20230824,0,test
B_001_022_20230824103008_001_001_000_000.jpg,./data/you_foulbrood/normal/B_001_022_20230824103008_001_001_000_000.jpg,0,normal,B_001_022,B_001,B_001_022_20230824,0,train
B_001_022_20230826154804_001_003_000_000.jpg,./data/you_foulbrood/normal/B_001_022_20230826154804_001_003_000_000.jpg,0,normal,B_001_022,B_001,B_001_022_20230826,0,train
B_001_022_20230905081518_001_001_000_000.jpg,./data/you_foulbrood/normal/B_001_022_20230905081518_001_001_000_000.jpg,0,normal,B_001_022,B_001,B_001_022_20230905,0,val
B_001_022_20230908133419_001_002_000_000.jpg,./data/you_foulbrood/normal/B_001_022_20230908133419_001_002_000_000.jpg,0,normal,B_001_022,B_001,B_001_022_20230908,0,test
B_001_022_20230908134025_001_001_000_000.jpg,./data/you_foulbrood/normal/B_001_022_20230908134025_001_001_000_000.jpg,0,normal,B_001_022,B_001,B_001_022_20230908,0,test
B_001_022_20230910084719_001_001_000_000.jpg,./data/you_foulbrood/normal/B_001_022_20230910084719_001_001_000_000.jpg,0,normal,B_001_022,B_001,B_001_022_20230910,0,train
B_001_023_20230820090148_001_001_000_000.jpg,./data/you_foulbrood/normal/B_001_023_20230820090148_001_001_000_000.jpg,0,normal,B_001_023,B_001,B_001_023_20230820,0,test
B_001_023_20230821111634_001_002_000_000.jpg,./data/you_foulbrood/normal/B_001_023_20230821111634_001_002_000_000.jpg,0,normal,B_001_023,B_001,B_001_023_20230821,0,test
B_001_023_20230907155815_001_003_000_000.jpg,./data/you_foulbrood/normal/B_001_023_20230907155815_001_003_000_000.jpg,0,normal,B_001_023,B_001,B_001_023_20230907,0,test
B_001_023_20230910090617_001_003_000_000.jpg,./data/you_foulbrood/normal/B_001_023_20230910090617_001_003_000_000.jpg,0,normal,B_001_023,B_001,B_001_023_20230910,0,train
B_001_023_20230910154640_001_004_000_000.jpg,./data/you_foulbrood/normal/B_001_023_20230910154640_001_004_000_000.jpg,0,normal,B_001_023,B_001,B_001_023_20230910,0,train
B_001_023_20230910154714_001_002_000_000.jpg,./data/you_foulbrood/normal/B_001_023_20230910154714_001_002_000_000.jpg,0,normal,B_001_023,B_001,B_001_023_20230910,0,train
B_001_023_20230910155035_001_001_000_000.jpg,./data/you_foulbrood/normal/B_001_023_20230910155035_001_001_000_000.jpg,0,normal,B_001_023,B_001,B_001_023_20230910,0,test
B_001_024_20230909102810_001_003_000_000.jpg,./data/you_foulbrood/normal/B_001_024_20230909102810_001_003_000_000.jpg,0,normal,B_001_024,B_001,B_001_024_20230909,0,train
B_001_024_20230909162709_001_003_000_000.jpg,./data/you_foulbrood/normal/B_001_024_20230909162709_001_003_000_000.jpg,0,normal,B_001_024,B_001,B_001_024_20230909,0,test
B_001_024_20230910155651_001_002_000_000.jpg,./data/you_foulbrood/normal/B_001_024_20230910155651_001_002_000_000.jpg,0,normal,B_001_024,B_001,B_001_024_20230910,0,test
B_001_025_20230907161202_001_001_000_000.jpg,./data/you_foulbrood/normal/B_001_025_20230907161202_001_001_000_000.jpg,0,normal,B_001_025,B_001,B_001_025_20230907,0,train
B_001_025_20230907161231_001_001_000_000.jpg,./data/you_foulbrood/normal/B_001_025_20230907161231_001_001_000_000.jpg,0,normal,B_001_025,B_001,B_001_025_20230907,0,test
B_001_025_20230909104609_001_003_000_000.jpg,./data/you_foulbrood/normal/B_001_025_20230909104609_001_003_000_000.jpg,0,normal,B_001_025,B_001,B_001_025_20230909,0,test
B_001_025_20230910092131_001_001_000_000.jpg,./data/you_foulbrood/normal/B_001_025_20230910092131_001_001_000_000.jpg,0,normal,B_001_025,B_001,B_001_025_20230910,0,train
B_001_025_20230910092353_001_004_000_000.jpg,./data/you_foulbrood/normal/B_001_025_20230910092353_001_004_000_000.jpg,0,normal,B_001_025,B_001,B_001_025_20230910,0,train
B_001_026_20230904131603_001_002_000_000.jpg,./data/you_foulbrood/normal/B_001_026_20230904131603_001_002_000_000.jpg,0,normal,B_001_026,B_001,B_001_026_20230904,0,val
B_001_026_20230905103502_001_004_000_000.jpg,./data/you_foulbrood/normal/B_001_026_20230905103502_001_004_000_000.jpg,0,normal,B_001_026,B_001,B_001_026_20230905,0,train
B_001_026_20230905103507_001_002_000_000.jpg,./data/you_foulbrood/normal/B_001_026_20230905103507_001_002_000_000.jpg,0,normal,B_001_026,B_001,B_001_026_20230905,0,test
B_001_026_20230905103704_001_004_000_000.jpg,./data/you_foulbrood/normal/B_001_026_20230905103704_001_004_000_000.jpg,0,normal,B_001_026,B_001,B_001_026_20230905,0,train
B_001_026_20230905103906_001_004_000_000.jpg,./data/you_foulbrood/normal/B_001_026_20230905103906_001_004_000_000.jpg,0,normal,B_001_026,B_001,B_001_026_20230905,0,train
B_001_027_20230825112011_001_002_000_000.jpg,./data/you_foulbrood/normal/B_001_027_20230825112011_001_002_000_000.jpg,0,normal,B_001_027,B_001,B_001_027_20230825,0,train
B_001_027_20230829112851_001_002_000_000.jpg,./data/you_foulbrood/normal/B_001_027_20230829112851_001_002_000_000.jpg,0,normal,B_001_027,B_001,B_001_027_20230829,0,test
B_001_027_20230909110210_001_002_000_000.jpg,./data/you_foulbrood/normal/B_001_027_20230909110210_001_002_000_000.jpg,0,normal,B_001_027,B_001,B_001_027_20230909,0,train
B_001_028_20230824110025_001_003_000_000.jpg,./data/you_foulbrood/normal/B_001_028_20230824110025_001_003_000_000.jpg,0,normal,B_001_028,B_001,B_001_028_20230824,0,train
B_001_028_20230825164058_001_003_000_000.jpg,./data/you_foulbrood/normal/B_001_028_20230825164058_001_003_000_000.jpg,0,normal,B_001_028,B_001,B_001_028_20230825,0,val
B_001_028_20230826164149_001_004_000_000.jpg,./data/you_foulbrood/normal/B_001_028_20230826164149_001_004_000_000.jpg,0,normal,B_001_028,B_001,B_001_028_20230826,0,test
B_001_028_20230827163459_001_001_000_000.jpg,./data/you_foulbrood/normal/B_001_028_20230827163459_001_001_000_000.jpg,0,normal,B_001_028,B_001,B_001_028_20230827,0,val
B_001_028_20230831130614_001_004_000_000.jpg,./data/you_foulbrood/normal/B_001_028_20230831130614_001_004_000_000.jpg,0,normal,B_001_028,B_001,B_001_028_20230831,0,train
B_001_028_20230907162943_001_003_000_000.jpg,./data/you_foulbrood/normal/B_001_028_20230907162943_001_003_000_000.jpg,0,normal,B_001_028,B_001,B_001_028_20230907,0,test
B_001_029_20230822113144_001_001_000_000.jpg,./data/you_foulbrood/normal/B_001_029_20230822113144_001_001_000_000.jpg,0,normal,B_001_029,B_001,B_001_029_20230822,0,train
B_001_029_20230907102218_001_004_000_000.jpg,./data/you_foulbrood/normal/B_001_029_20230907102218_001_004_000_000.jpg,0,normal,B_001_029,B_001,B_001_029_20230907,0,val
B_001_029_20230907103847_001_002_000_000.jpg,./data/you_foulbrood/normal/B_001_029_20230907103847_001_002_000_000.jpg,0,normal,B_001_029,B_001,B_001_029_20230907,0,train
B_001_029_20230907163310_001_002_000_000.jpg,./data/you_foulbrood/normal/B_001_029_20230907163310_001_002_000_000.jpg,0,normal,B_001_029,B_001,B_001_029_20230907,0,train
B_001_029_20230907163319_001_001_000_000.jpg,./data/you_foulbrood/normal/B_001_029_20230907163319_001_001_000_000.jpg,0,normal,B_001_029,B_001,B_001_029_20230907,0,test
B_001_029_20230909113306_001_001_000_000.jpg,./data/you_foulbrood/normal/B_001_029_20230909113306_001_001_000_000.jpg,0,normal,B_001_029,B_001,B_001_029_20230909,0,train
B_001_030_20230905135551_001_001_000_000.jpg,./data/you_foulbrood/normal/B_001_030_20230905135551_001_001_000_000.jpg,0,normal,B_001_030,B_001,B_001_030_20230905,0,train
B_001_030_20230906141225_001_004_000_000.jpg,./data/you_foulbrood/normal/B_001_030_20230906141225_001_004_000_000.jpg,0,normal,B_001_030,B_001,B_001_030_20230906,0,train
B_001_030_20230910104623_001_001_000_000.jpg,./data/you_foulbrood/normal/B_001_030_20230910104623_001_001_000_000.jpg,0,normal,B_001_030,B_001,B_001_030_20230910,0,train
C_001_001_20230831140409_001_001_000_000.jpg,./data/you_foulbrood/normal/C_001_001_20230831140409_001_001_000_000.jpg,0,normal,C_001_001,C_001,C_001_001_20230831,0,train
C_001_002_20230829145715_001_001_000_000.jpg,./data/you_foulbrood/normal/C_001_002_20230829145715_001_001_000_000.jpg,0,normal,C_001_002,C_001,C_001_002_20230829,0,test
C_001_002_20230829145737_001_001_000_000.jpg,./data/you_foulbrood/normal/C_001_002_20230829145737_001_001_000_000.jpg,0,normal,C_001_002,C_001,C_001_002_20230829,0,val
C_001_005_20230821171650_001_001_000_000.jpg,./data/you_foulbrood/normal/C_001_005_20230821171650_001_001_000_000.jpg,0,normal,C_001_005,C_001,C_001_005_20230821,0,train
C_001_005_20230821171952_001_001_000_000.jpg,./data/you_foulbrood/normal/C_001_005_20230821171952_001_001_000_000.jpg,0,normal,C_001_005,C_001,C_001_005_20230821,0,train
C_001_005_20230821172456_001_001_000_000.jpg,./data/you_foulbrood/normal/C_001_005_20230821172456_001_001_000_000.jpg,0,normal,C_001_005,C_001,C_001_005_20230821,0,val
C_001_005_20230821172540_001_001_000_000.jpg,./data/you_foulbrood/normal/C_001_005_20230821172540_001_001_000_000.jpg,0,normal,C_001_005,C_001,C_001_005_20230821,0,train
C_001_005_20230821175515_001_001_000_000.jpg,./data/you_foulbrood/normal/C_001_005_20230821175515_001_001_000_000.jpg,0,normal,C_001_005,C_001,C_001_005_20230821,0,train
C_001_005_20230821181255_001_001_000_000.jpg,./data/you_foulbrood/normal/C_001_005_20230821181255_001_001_000_000.jpg,0,normal,C_001_005,C_001,C_001_005_20230821,0,val
C_001_006_20230822163518_001_001_000_000.jpg,./data/you_foulbrood/normal/C_001_006_20230822163518_001_001_000_000.jpg,0,normal,C_001_006,C_001,C_001_006_20230822,0,val
C_001_013_20230822164044_001_001_000_000.jpg,./data/you_foulbrood/normal/C_001_013_20230822164044_001_001_000_000.jpg,0,normal,C_001_013,C_001,C_001_013_20230822,0,test
C_001_013_20230822164124_001_001_000_000.jpg,./data/you_foulbrood/normal/C_001_013_20230822164124_001_001_000_000.jpg,0,normal,C_001_013,C_001,C_001_013_20230822,0,train
C_001_015_20230828145032_001_001_000_000.jpg,./data/you_foulbrood/normal/C_001_015_20230828145032_001_001_000_000.jpg,0,normal,C_001_015,C_001,C_001_015_20230828,0,train
C_001_017_20231011133646_001_001_000_000.jpg,./data/you_foulbrood/normal/C_001_017_20231011133646_001_001_000_000.jpg,0,normal,C_001_017,C_001,C_001_017_20231011,0,test
C_001_017_20231011140334_001_001_000_000.jpg,./data/you_foulbrood/normal/C_001_017_20231011140334_001_001_000_000.jpg,0,normal,C_001_017,C_001,C_001_017_20231011,0,train
C_001_017_20231011142748_001_001_000_000.jpg,./data/you_foulbrood/normal/C_001_017_20231011142748_001_001_000_000.jpg,0,normal,C_001_017,C_001,C_001_017_20231011,0,train
C_001_017_20231011143806_001_001_000_000.jpg,./data/you_foulbrood/normal/C_001_017_20231011143806_001_001_000_000.jpg,0,normal,C_001_017,C_001,C_001_017_20231011,0,train
C_001_018_20230826160933_001_001_000_000.jpg,./data/you_foulbrood/normal/C_001_018_20230826160933_001_001_000_000.jpg,0,normal,C_001_018,C_001,C_001_018_20230826,0,test
C_001_018_20230826161023_001_001_000_000.jpg,./data/you_foulbrood/normal/C_001_018_20230826161023_001_001_000_000.jpg,0,normal,C_001_018,C_001,C_001_018_20230826,0,train
C_001_018_20230826162125_001_001_000_000.jpg,./data/you_foulbrood/normal/C_001_018_20230826162125_001_001_000_000.jpg,0,normal,C_001_018,C_001,C_001_018_20230826,0,test
C_001_018_20230826162655_001_001_000_000.jpg,./data/you_foulbrood/normal/C_001_018_20230826162655_001_001_000_000.jpg,0,normal,C_001_018,C_001,C_001_018_20230826,0,train
C_001_018_20230826162705_001_001_000_000.jpg,./data/you_foulbrood/normal/C_001_018_20230826162705_001_001_000_000.jpg,0,normal,C_001_018,C_001,C_001_018_20230826,0,train
C_001_018_20230826164937_001_001_000_000.jpg,./data/you_foulbrood/normal/C_001_018_20230826164937_001_001_000_000.jpg,0,normal,C_001_018,C_001,C_001_018_20230826,0,train
C_001_018_20231012104840_001_001_000_000.jpg,./data/you_foulbrood/normal/C_001_018_20231012104840_001_001_000_000.jpg,0,normal,C_001_018,C_001,C_001_018_20231012,0,train
C_001_018_20231012110234_001_001_000_000.jpg,./data/you_foulbrood/normal/C_001_018_20231012110234_001_001_000_000.jpg,0,normal,C_001_018,C_001,C_001_018_20231012,0,train
C_001_018_20231012111524_001_001_000_000.jpg,./data/you_foulbrood/normal/C_001_018_20231012111524_001_001_000_000.jpg,0,normal,C_001_018,C_001,C_001_018_20231012,0,test
C_001_018_20231012114428_001_001_000_000.jpg,./data/you_foulbrood/normal/C_001_018_20231012114428_001_001_000_000.jpg,0,normal,C_001_018,C_001,C_001_018_20231012,0,test
C_001_018_20231012132436_001_001_000_000.jpg,./data/you_foulbrood/normal/C_001_018_20231012132436_001_001_000_000.jpg,0,normal,C_001_018,C_001,C_001_018_20231012,0,train
C_001_018_20231012134814_001_001_000_000.jpg,./data/you_foulbrood/normal/C_001_018_20231012134814_001_001_000_000.jpg,0,normal,C_001_018,C_001,C_001_018_20231012,0,train
C_001_018_20231012142320_001_001_000_000.jpg,./data/you_foulbrood/normal/C_001_018_20231012142320_001_001_000_000.jpg,0,normal,C_001_018,C_001,C_001_018_20231012,0,train
C_001_018_20231012143714_001_001_000_000.jpg,./data/you_foulbrood/normal/C_001_018_20231012143714_001_001_000_000.jpg,0,normal,C_001_018,C_001,C_001_018_20231012,0,test
C_001_018_20231012150622_001_001_000_000.jpg,./data/you_foulbrood/normal/C_001_018_20231012150622_001_001_000_000.jpg,0,normal,C_001_018,C_001,C_001_018_20231012,0,test
C_001_018_20231012153632_001_001_000_000.jpg,./data/you_foulbrood/normal/C_001_018_20231012153632_001_001_000_000.jpg,0,normal,C_001_018,C_001,C_001_018_20231012,0,test
C_001_018_20231012160316_001_001_000_000.jpg,./data/you_foulbrood/normal/C_001_018_20231012160316_001_001_000_000.jpg,0,normal,C_001_018,C_001,C_001_018_20231012,0,val
C_001_018_20231012161804_001_001_000_000.jpg,./data/you_foulbrood/normal/C_001_018_20231012161804_001_001_000_000.jpg,0,normal,C_001_018,C_001,C_001_018_20231012,0,test
C_001_018_20231012162240_001_001_000_000.jpg,./data/you_foulbrood/normal/C_001_018_20231012162240_001_001_000_000.jpg,0,normal,C_001_018,C_001,C_001_018_20231012,0,test
C_001_018_20231012164100_001_001_000_000.jpg,./data/you_foulbrood/normal/C_001_018_20231012164100_001_001_000_000.jpg,0,normal,C_001_018,C_001,C_001_018_20231012,0,train
C_001_018_20231012164852_001_001_000_000.jpg,./data/you_foulbrood/normal/C_001_018_20231012164852_001_001_000_000.jpg,0,normal,C_001_018,C_001,C_001_018_20231012,0,train
C_001_019_20230909155531_001_001_000_000.jpg,./data/you_foulbrood/normal/C_001_019_20230909155531_001_001_000_000.jpg,0,normal,C_001_019,C_001,C_001_019_20230909,0,train
C_001_019_20231013104650_001_001_000_000.jpg,./data/you_foulbrood/normal/C_001_019_20231013104650_001_001_000_000.jpg,0,normal,C_001_019,C_001,C_001_019_20231013,0,test
C_001_019_20231013104752_001_001_000_000.jpg,./data/you_foulbrood/normal/C_001_019_20231013104752_001_001_000_000.jpg,0,normal,C_001_019,C_001,C_001_019_20231013,0,train
C_001_019_20231013112220_001_001_000_000.jpg,./data/you_foulbrood/normal/C_001_019_20231013112220_001_001_000_000.jpg,0,normal,C_001_019,C_001,C_001_019_20231013,0,train
C_001_019_20231013113554_001_001_000_000.jpg,./data/you_foulbrood/normal/C_001_019_20231013113554_001_001_000_000.jpg,0,normal,C_001_019,C_001,C_001_019_20231013,0,train
C_001_019_20231013114920_001_001_000_000.jpg,./data/you_foulbrood/normal/C_001_019_20231013114920_001_001_000_000.jpg,0,normal,C_001_019,C_001,C_001_019_20231013,0,val
C_001_019_20231013132952_001_001_000_000.jpg,./data/you_foulbrood/normal/C_001_019_20231013132952_001_001_000_000.jpg,0,normal,C_001_019,C_001,C_001_019_20231013,0,train
C_001_019_20231013134852_001_001_000_000.jpg,./data/you_foulbrood/normal/C_001_019_20231013134852_001_001_000_000.jpg,0,normal,C_001_019,C_001,C_001_019_20231013,0,test
C_001_019_20231013135444_001_001_000_000.jpg,./data/you_foulbrood/normal/C_001_019_20231013135444_001_001_000_000.jpg,0,normal,C_001_019,C_001,C_001_019_20231013,0,test
C_001_019_20231013141058_001_001_000_000.jpg,./data/you_foulbrood/normal/C_001_019_20231013141058_001_001_000_000.jpg,0,normal,C_001_019,C_001,C_001_019_20231013,0,val
C_001_019_20231013142908_001_001_000_000.jpg,./data/you_foulbrood/normal/C_001_019_20231013142908_001_001_000_000.jpg,0,normal,C_001_019,C_001,C_001_019_20231013,0,train
C_001_019_20231013144757_001_001_000_000.jpg,./data/you_foulbrood/normal/C_001_019_20231013144757_001_001_000_000.jpg,0,normal,C_001_019,C_001,C_001_019_20231013,0,test
C_001_019_20231013145309_001_001_000_000.jpg,./data/you_foulbrood/normal/C_001_019_20231013145309_001_001_000_000.jpg,0,normal,C_001_019,C_001,C_001_019_20231013,0,test
C_001_019_20231013145841_001_001_000_000.jpg,./data/you_foulbrood/normal/C_001_019_20231013145841_001_001_000_000.jpg,0,normal,C_001_019,C_001,C_001_019_20231013,0,train
C_001_019_20231013152347_001_001_000_000.jpg,./data/you_foulbrood/normal/C_001_019_20231013152347_001_001_000_000.jpg,0,normal,C_001_019,C_001,C_001_019_20231013,0,test
C_001_019_20231013160357_001_001_000_000.jpg,./data/you_foulbrood/normal/C_001_019_20231013160357_001_001_000_000.jpg,0,normal,C_001_019,C_001,C_001_019_20231013,0,val
C_001_019_20231013161221_001_001_000_000.jpg,./data/you_foulbrood/normal/C_001_019_20231013161221_001_001_000_000.jpg,0,normal,C_001_019,C_001,C_001_019_20231013,0,test
C_001_019_20231013163521_001_001_000_000.jpg,./data/you_foulbrood/normal/C_001_019_20231013163521_001_001_000_000.jpg,0,normal,C_001_019,C_001,C_001_019_20231013,0,test
C_001_019_20231013164317_001_001_000_000.jpg,./data/you_foulbrood/normal/C_001_019_20231013164317_001_001_000_000.jpg,0,normal,C_001_019,C_001,C_001_019_20231013,0,test
C_002_001_20231011090903_001_002_000_000.jpg,./data/you_foulbrood/normal/C_002_001_20231011090903_001_002_000_000.jpg,0,normal,C_002_001,C_002,C_002_001_20231011,0,train
C_002_001_20231011093915_001_002_000_000.jpg,./data/you_foulbrood/normal/C_002_001_20231011093915_001_002_000_000.jpg,0,normal,C_002_001,C_002,C_002_001_20231011,0,train
C_002_001_20231011102223_001_002_000_000.jpg,./data/you_foulbrood/normal/C_002_001_20231011102223_001_002_000_000.jpg,0,normal,C_002_001,C_002,C_002_001_20231011,0,train
C_002_001_20231011110646_001_002_000_000.jpg,./data/you_foulbrood/normal/C_002_001_20231011110646_001_002_000_000.jpg,0,normal,C_002_001,C_002,C_002_001_20231011,0,train
C_002_001_20231011112308_001_002_000_000.jpg,./data/you_foulbrood/normal/C_002_001_20231011112308_001_002_000_000.jpg,0,normal,C_002_001,C_002,C_002_001_20231011,0,test
C_002_001_20231011132119_001_002_000_000.jpg,./data/you_foulbrood/normal/C_002_001_20231011132119_001_002_000_000.jpg,0,normal,C_002_001,C_002,C_002_001_20231011,0,train
C_002_001_20231011150909_001_002_000_000.jpg,./data/you_foulbrood/normal/C_002_001_20231011150909_001_002_000_000.jpg,0,normal,C_002_001,C_002,C_002_001_20231011,0,train
C_002_001_20231011152913_001_002_000_000.jpg,./data/you_foulbrood/normal/C_002_001_20231011152913_001_002_000_000.jpg,0,normal,C_002_001,C_002,C_002_001_20231011,0,train
C_002_002_20230909154257_001_001_000_000.jpg,./data/you_foulbrood/normal/C_002_002_20230909154257_001_001_000_000.jpg,0,normal,C_002_002,C_002,C_002_002_20230909,0,test
C_002_002_20231012092226_001_002_000_000.jpg,./data/you_foulbrood/normal/C_002_002_20231012092226_001_002_000_000.jpg,0,normal,C_002_002,C_002,C_002_002_20231012,0,test
C_002_002_20231012093047_001_002_000_000.jpg,./data/you_foulbrood/normal/C_002_002_20231012093047_001_002_000_000.jpg,0,normal,C_002_002,C_002,C_002_002_20231012,0,val
C_002_002_20231012142600_001_002_000_000.jpg,./data/you_foulbrood/normal/C_002_002_20231012142600_001_002_000_000.jpg,0,normal,C_002_002,C_002,C_002_002_20231012,0,train
C_002_002_20231012143424_001_002_000_000.jpg,./data/you_foulbrood/normal/C_002_002_20231012143424_001_002_000_000.jpg,0,normal,C_002_002,C_002,C_002_002_20231012,0,test
C_002_002_20231012154244_001_002_000_000.jpg,./data/you_foulbrood/normal/C_002_002_20231012154244_001_002_000_000.jpg,0,normal,C_002_002,C_002,C_002_002_20231012,0,train
C_002_002_20231012161523_001_002_000_000.jpg,./data/you_foulbrood/normal/C_002_002_20231012161523_001_002_000_000.jpg,0,normal,C_002_002,C_002,C_002_002_20231012,0,test
C_002_002_20231012161738_001_002_000_000.jpg,./data/you_foulbrood/normal/C_002_002_20231012161738_001_002_000_000.jpg,0,normal,C_002_002,C_002,C_002_002_20231012,0,train
C_002_002_20231012161941_001_002_000_000.jpg,./data/you_foulbrood/normal/C_002_002_20231012161941_001_002_000_000.jpg,0,normal,C_002_002,C_002,C_002_002_20231012,0,val
C_002_003_20231013081500_001_002_000_000.jpg,./data/you_foulbrood/normal/C_002_003_20231013081500_001_002_000_000.jpg,0,normal,C_002_003,C_002,C_002_003_20231013,0,test
C_002_003_20231013103401_001_002_000_000.jpg,./data/you_foulbrood/normal/C_002_003_20231013103401_001_002_000_000.jpg,0,normal,C_002_003,C_002,C_002_003_20231013,0,test
C_002_003_20231013110701_001_002_000_000.jpg,./data/you_foulbrood/normal/C_002_003_20231013110701_001_002_000_000.jpg,0,normal,C_002_003,C_002,C_002_003_20231013,0,train
C_002_003_20231013132759_001_002_000_000.jpg,./data/you_foulbrood/normal/C_002_003_20231013132759_001_002_000_000.jpg,0,normal,C_002_003,C_002,C_002_003_20231013,0,test
C_002_003_20231013163343_001_002_000_000.jpg,./data/you_foulbrood/normal/C_002_003_20231013163343_001_002_000_000.jpg,0,normal,C_002_003,C_002,C_002_003_20231013,0,test
C_002_004_20230821191947_001_001_000_000.jpg,./data/you_foulbrood/normal/C_002_004_20230821191947_001_001_000_000.jpg,0,normal,C_002_004,C_002,C_002_004_20230821,0,train
C_002_007_20230820094742_001_001_000_000.jpg,./data/you_foulbrood/normal/C_002_007_20230820094742_001_001_000_000.jpg,0,normal,C_002_007,C_002,C_002_007_20230820,0,test
C_002_012_20230828141638_001_001_000_000.jpg,./data/you_foulbrood/normal/C_002_012_20230828141638_001_001_000_000.jpg,0,normal,C_002_012,C_002,C_002_012_20230828,0,test
C_002_012_20230828143809_001_001_000_000.jpg,./data/you_foulbrood/normal/C_002_012_20230828143809_001_001_000_000.jpg,0,normal,C_002_012,C_002,C_002_012_20230828,0,test
C_002_025_20230826153446_001_001_000_000.jpg,./data/you_foulbrood/normal/C_002_025_20230826153446_001_001_000_000.jpg,0,normal,C_002_025,C_002,C_002_025_20230826,0,val
C_002_025_20230826155212_001_001_000_000.jpg,./data/you_foulbrood/normal/C_002_025_20230826155212_001_001_000_000.jpg,0,normal,C_002_025,C_002,C_002_025_20230826,0,val
C_002_026_20230826160733_001_001_000_000.jpg,./data/you_foulbrood/normal/C_002_026_20230826160733_001_001_000_000.jpg,0,normal,C_002_026,C_002,C_002_026_20230826,0,train
C_002_026_20230826164907_001_001_000_000.jpg,./data/you_foulbrood/normal/C_002_026_20230826164907_001_001_000_000.jpg,0,normal,C_002_026,C_002,C_002_026_20230826,0,train
C_002_027_20230826172400_001_001_000_000.jpg,./data/you_foulbrood/normal/C_002_027_20230826172400_001_001_000_000.jpg,0,normal,C_002_027,C_002,C_002_027_20230826,0,test
C_002_027_20230826172608_001_001_000_000.jpg,./data/you_foulbrood/normal/C_002_027_20230826172608_001_001_000_000.jpg,0,normal,C_002_027,C_002,C_002_027_20230826,0,train
C_003_001_20230831152203_001_003_000_000.jpg,./data/you_foulbrood/normal/C_003_001_20230831152203_001_003_000_000.jpg,0,normal,C_003_001,C_003,C_003_001_20230831,0,val
C_003_001_20230908172303_001_003_000_000.jpg,./data/you_foulbrood/normal/C_003_001_20230908172303_001_003_000_000.jpg,0,normal,C_003_001,C_003,C_003_001_20230908,0,train
C_003_001_20230908173155_001_003_000_000.jpg,./data/you_foulbrood/normal/C_003_001_20230908173155_001_003_000_000.jpg,0,normal,C_003_001,C_003,C_003_001_20230908,0,val
C_003_001_20230910160130_001_003_000_000.jpg,./data/you_foulbrood/normal/C_003_001_20230910160130_001_003_000_000.jpg,0,normal,C_003_001,C_003,C_003_001_20230910,0,test
C_003_001_20230912151133_001_003_000_000.jpg,./data/you_foulbrood/normal/C_003_001_20230912151133_001_003_000_000.jpg,0,normal,C_003_001,C_003,C_003_001_20230912,0,train
C_003_001_20230912152046_001_003_000_000.jpg,./data/you_foulbrood/normal/C_003_001_20230912152046_001_003_000_000.jpg,0,normal,C_003_001,C_003,C_003_001_20230912,0,test
C_003_002_20230831152300_001_003_000_000.jpg,./data/you_foulbrood/normal/C_003_002_20230831152300_001_003_000_000.jpg,0,normal,C_003_002,C_003,C_003_002_20230831,0,train
C_003_002_20230905070240_001_003_000_000.jpg,./data/you_foulbrood/normal/C_003_002_20230905070240_001_003_000_000.jpg,0,normal,C_003_002,C_003,C_003_002_20230905,0,train
C_003_002_20230905080423_001_003_000_000.jpg,./data/you_foulbrood/normal/C_003_002_20230905080423_001_003_000_000.jpg,0,normal,C_003_002,C_003,C_003_002_20230905,0,test
C_003_002_20230906153902_001_003_000_000.jpg,./data/you_foulbrood/normal/C_003_002_20230906153902_001_003_000_000.jpg,0,normal,C_003_002,C_003,C_003_002_20230906,0,val
C_003_002_20230908154544_001_003_000_000.jpg,./data/you_foulbrood/normal/C_003_002_20230908154544_001_003_000_000.jpg,0,normal,C_003_002,C_003,C_003_002_20230908,0,train
C_003_002_20230912133250_001_003_000_000.jpg,./data/you_foulbrood/normal/C_003_002_20230912133250_001_003_000_000.jpg,0,normal,C_003_002,C_003,C_003_002_20230912,0,train
C_003_003_20230827152345_001_003_000_000.jpg,./data/you_foulbrood/normal/C_003_003_20230827152345_001_003_000_000.jpg,0,normal,C_003_003,C_003,C_003_003_20230827,0,train
C_003_003_20230829161404_001_003_000_000.jpg,./data/you_foulbrood/normal/C_003_003_20230829161404_001_003_000_000.jpg,0,normal,C_003_003,C_003,C_003_003_20230829,0,train
C_003_003_20230904155518_001_003_000_000.jpg,./data/you_foulbrood/normal/C_003_003_20230904155518_001_003_000_000.jpg,0,normal,C_003_003,C_003,C_003_003_20230904,0,test
C_003_003_20230904160809_001_003_000_000.jpg,./data/you_foulbrood/normal/C_003_003_20230904160809_001_003_000_000.jpg,0,normal,C_003_003,C_003,C_003_003_20230904,0,train
C_003_003_20230904171936_001_003_000_000.jpg,./data/you_foulbrood/normal/C_003_003_20230904171936_001_003_000_000.jpg,0,normal,C_003_003,C_003,C_003_003_20230904,0,test
C_003_003_20230912135900_001_003_000_000.jpg,./data/you_foulbrood/normal/C_003_003_20230912135900_001_003_000_000.jpg,0,normal,C_003_003,C_003,C_003_003_20230912,0,train
C_003_003_20230912150829_001_003_000_000.jpg,./data/you_foulbrood/normal/C_003_003_20230912150829_001_003_000_000.jpg,0,normal,C_003_003,C_003,C_003_003_20230912,0,train
C_004_003_20230831145035_001_004_000_000.jpg,./data/you_foulbrood/normal/C_004_003_20230831145035_001_004_000_000.jpg,0,normal,C_004_003,C_004,C_004_003_20230831,0,train
C_004_004_20230826161427_001_004_000_000.jpg,./data/you_foulbrood/normal/C_004_004_20230826161427_001_004_000_000.jpg,0,normal,C_004_004,C_004,C_004_004_20230826,0,train
C_004_004_20230827154914_001_004_000_000.jpg,./data/you_foulbrood/normal/C_004_004_20230827154914_001_004_000_000.jpg,0,normal,C_004_004,C_004,C_004_004_20230827,0,val
C_004_004_20230827173124_001_004_000_000.jpg,./data/you_foulbrood/normal/C_004_004_20230827173124_001_004_000_000.jpg,0,normal,C_004_004,C_004,C_004_004_20230827,0,test
C_004_004_20230831170002_001_004_000_000.jpg,./data/you_foulbrood/normal/C_004_004_20230831170002_001_004_000_000.jpg,0,normal,C_004_004,C_004,C_004_004_20230831,0,test
C_004_004_20230903064536_001_004_000_000.jpg,./data/you_foulbrood/normal/C_004_004_20230903064536_001_004_000_000.jpg,0,normal,C_004_004,C_004,C_004_004_20230903,0,val
C_004_004_20230906151016_001_004_000_000.jpg,./data/you_foulbrood/normal/C_004_004_20230906151016_001_004_000_000.jpg,0,normal,C_004_004,C_004,C_004_004_20230906,0,val
C_004_004_20230907074853_001_004_000_000.jpg,./data/you_foulbrood/normal/C_004_004_20230907074853_001_004_000_000.jpg,0,normal,C_004_004,C_004,C_004_004_20230907,0,train
C_004_004_20230910162535_001_004_000_000.jpg,./data/you_foulbrood/normal/C_004_004_20230910162535_001_004_000_000.jpg,0,normal,C_004_004,C_004,C_004_004_20230910,0,test
C_004_005_20230824095844_001_004_000_000.jpg,./data/you_foulbrood/normal/C_004_005_20230824095844_001_004_000_000.jpg,0,normal,C_004_005,C_004,C_004_005_20230824,0,test
C_004_005_20230829142824_001_004_000_000.jpg,./data/you_foulbrood/normal/C_004_005_20230829142824_001_004_000_000.jpg,0,normal,C_004_005,C_004,C_004_005_20230829,0,test
C_004_005_20230907090319_001_004_000_000.jpg,./data/you_foulbrood/normal/C_004_005_20230907090319_001_004_000_000.jpg,0,normal,C_004_005,C_004,C_004_005_20230907,0,train
C_004_005_20230910165009_001_004_000_000.jpg,./data/you_foulbrood/normal/C_004_005_20230910165009_001_004_000_000.jpg,0,normal,C_004_005,C_004,C_004_005_20230910,0,train
C_004_005_20230910165631_001_004_000_000.jpg,./data/you_foulbrood/normal/C_004_005_20230910165631_001_004_000_000.jpg,0,normal,C_004_005,C_004,C_004_005_20230910,0,train
C_004_005_20230911071727_001_004_000_000.jpg,./data/you_foulbrood/normal/C_004_005_20230911071727_001_004_000_000.jpg,0,normal,C_004_005,C_004,C_004_005_20230911,0,train
C_004_006_20230824075645_001_004_000_000.jpg,./data/you_foulbrood/normal/C_004_006_20230824075645_001_004_000_000.jpg,0,normal,C_004_006,C_004,C_004_006_20230824,0,train
C_004_006_20230825181727_001_004_000_000.jpg,./data/you_foulbrood/normal/C_004_006_20230825181727_001_004_000_000.jpg,0,normal,C_004_006,C_004,C_004_006_20230825,0,val
C_004_006_20230828085128_001_004_000_000.jpg,./data/you_foulbrood/normal/C_004_006_20230828085128_001_004_000_000.jpg,0,normal,C_004_006,C_004,C_004_006_20230828,0,test
C_004_006_20230908160411_001_004_000_000.jpg,./data/you_foulbrood/normal/C_004_006_20230908160411_001_004_000_000.jpg,0,normal,C_004_006,C_004,C_004_006_20230908,0,train
C_004_006_20230910153213_001_004_000_000.jpg,./data/you_foulbrood/normal/C_004_006_20230910153213_001_004_000_000.jpg,0,normal,C_004_006,C_004,C_004_006_20230910,0,val
C_004_006_20230912155425_001_004_000_000.jpg,./data/you_foulbrood/normal/C_004_006_20230912155425_001_004_000_000.jpg,0,normal,C_004_006,C_004,C_004_006_20230912,0,train
C_005_006_20230904174635_001_005_000_000.jpg,./data/you_foulbrood/normal/C_005_006_20230904174635_001_005_000_000.jpg,0,normal,C_005_006,C_005,C_005_006_20230904,0,val
C_005_006_20230905082116_001_005_000_000.jpg,./data/you_foulbrood/normal/C_005_006_20230905082116_001_005_000_000.jpg,0,normal,C_005_006,C_005,C_005_006_20230905,0,test
C_005_006_20230910165454_001_005_000_000.jpg,./data/you_foulbrood/normal/C_005_006_20230910165454_001_005_000_000.jpg,0,normal,C_005_006,C_005,C_005_006_20230910,0,test
C_005_007_20230825180004_001_005_000_000.jpg,./data/you_foulbrood/normal/C_005_007_20230825180004_001_005_000_000.jpg,0,normal,C_005_007,C_005,C_005_007_20230825,0,train
C_005_007_20230828152845_001_005_000_000.jpg,./data/you_foulbrood/normal/C_005_007_20230828152845_001_005_000_000.jpg,0,normal,C_005_007,C_005,C_005_007_20230828,0,train
C_005_007_20230831153100_001_005_000_000.jpg,./data/you_foulbrood/normal/C_005_007_20230831153100_001_005_000_000.jpg,0,normal,C_005_007,C_005,C_005_007_20230831,0,test
C_005_007_20230902173015_001_005_000_000.jpg,./data/you_foulbrood/normal/C_005_007_20230902173015_001_005_000_000.jpg,0,normal,C_005_007,C_005,C_005_007_20230902,0,train
C_005_007_20230910160846_001_005_000_000.jpg,./data/you_foulbrood/normal/C_005_007_20230910160846_001_005_000_000.jpg,0,normal,C_005_007,C_005,C_005_007_20230910,0,val
C_005_008_20230825172041_001_005_000_000.jpg,./data/you_foulbrood/normal/C_005_008_20230825172041_001_005_000_000.jpg,0,normal,C_005_008,C_005,C_005_008_20230825,0,train
C_005_008_20230826100415_001_005_000_000.jpg,./data/you_foulbrood/normal/C_005_008_20230826100415_001_005_000_000.jpg,0,normal,C_005_008,C_005,C_005_008_20230826,0,val
C_005_008_20230827175703_001_005_000_000.jpg,./data/you_foulbrood/normal/C_005_008_20230827175703_001_005_000_000.jpg,0,normal,C_005_008,C_005,C_005_008_20230827,0,val
C_005_008_20230831152245_001_005_000_000.jpg,./data/you_foulbrood/normal/C_005_008_20230831152245_001_005_000_000.jpg,0,normal,C_005_008,C_005,C_005_008_20230831,0,test
C_005_008_20230902163704_001_005_000_000.jpg,./data/you_foulbrood/normal/C_005_008_20230902163704_001_005_000_000.jpg,0,normal,C_005_008,C_005,C_005_008_20230902,0,val
C_005_008_20230903074840_001_005_000_000.jpg,./data/you_foulbrood/normal/C_005_008_20230903074840_001_005_000_000.jpg,0,normal,C_005_008,C_005,C_005_008_20230903,0,train
C_005_008_20230907085106_001_005_000_000.jpg,./data/you_foulbrood/normal/C_005_008_20230907085106_001_005_000_000.jpg,0,normal,C_005_008,C_005,C_005_008_20230907,0,test
C_005_008_20230908174319_001_005_000_000.jpg,./data/you_foulbrood/normal/C_005_008_20230908174319_001_005_000_000.jpg,0,normal,C_005_008,C_005,C_005_008_20230908,0,test
C_005_009_20230831162826_001_005_000_000.jpg,./data/you_foulbrood/normal/C_005_009_20230831162826_001_005_000_000.jpg,0,normal,C_005_009,C_005,C_005_009_20230831,0,train
C_005_009_20230908164206_001_005_000_000.jpg,./data/you_foulbrood/normal/C_005_009_20230908164206_001_005_000_000.jpg,0,normal,C_005_009,C_005,C_005_009_20230908,0,train
C_005_009_20230908174822_001_005_000_000.jpg,./data/you_foulbrood/normal/C_005_009_20230908174822_001_005_000_000.jpg,0,normal,C_005_009,C_005,C_005_009_20230908,0,train
C_005_009_20230912133734_001_005_000_000.jpg,./data/you_foulbrood/normal/C_005_009_20230912133734_001_005_000_000.jpg,0,normal,C_005_009,C_005,C_005_009_20230912,0,train
C_006_009_20230827185042_001_006_000_000.jpg,./data/you_foulbrood/normal/C_006_009_20230827185042_001_006_000_000.jpg,0,normal,C_006_009,C_006,C_006_009_20230827,0,test
C_006_009_20230827190556_001_006_000_000.jpg,./data/you_foulbrood/normal/C_006_009_20230827190556_001_006_000_000.jpg,0,normal,C_006_009,C_006,C_006_009_20230827,0,train
C_006_010_20230825164628_001_006_000_000.jpg,./data/you_foulbrood/normal/C_006_010_20230825164628_001_006_000_000.jpg,0,normal,C_006_010,C_006,C_006_010_20230825,0,train
C_006_010_20230825165936_001_006_000_000.jpg,./data/you_foulbrood/normal/C_006_010_20230825165936_001_006_000_000.jpg,0,normal,C_006_010,C_006,C_006_010_20230825,0,test
C_006_010_20230827163818_001_006_000_000.jpg,./data/you_foulbrood/normal/C_006_010_20230827163818_001_006_000_000.jpg,0,normal,C_006_010,C_006,C_006_010_20230827,0,train
C_006_010_20230829163456_001_006_000_000.jpg,./data/you_foulbrood/normal/C_006_010_20230829163456_001_006_000_000.jpg,0,normal,C_006_010,C_006,C_006_010_20230829,0,train
C_006_010_20230831144344_001_006_000_000.jpg,./data/you_foulbrood/normal/C_006_010_20230831144344_001_006_000_000.jpg,0,normal,C_006_010,C_006,C_006_010_20230831,0,test
C_006_010_20230902190737_001_006_000_000.jpg,./data/you_foulbrood/normal/C_006_010_20230902190737_001_006_000_000.jpg,0,normal,C_006_010,C_006,C_006_010_20230902,0,test
C_006_010_20230904160625_001_006_000_000.jpg,./data/you_foulbrood/normal/C_006_010_20230904160625_001_006_000_000.jpg,0,normal,C_006_010,C_006,C_006_010_20230904,0,test
C_006_010_20230908155225_001_006_000_000.jpg,./data/you_foulbrood/normal/C_006_010_20230908155225_001_006_000_000.jpg,0,normal,C_006_010,C_006,C_006_010_20230908,0,train
C_006_011_20230831145112_001_006_000_000.jpg,./data/you_foulbrood/normal/C_006_011_20230831145112_001_006_000_000.jpg,0,normal,C_006_011,C_006,C_006_011_20230831,0,train
C_006_011_20230902164018_001_006_000_000.jpg,./data/you_foulbrood/normal/C_006_011_20230902164018_001_006_000_000.jpg,0,normal,C_006_011,C_006,C_006_011_20230902,0,train
C_006_011_20230903074114_001_006_000_000.jpg,./data/you_foulbrood/normal/C_006_011_20230903074114_001_006_000_000.jpg,0,normal,C_006_011,C_006,C_006_011_20230903,0,test
C_006_012_20230829140159_001_006_000_000.jpg,./data/you_foulbrood/normal/C_006_012_20230829140159_001_006_000_000.jpg,0,normal,C_006_012,C_006,C_006_012_20230829,0,val
C_006_012_20230830062603_001_006_000_000.jpg,./data/you_foulbrood/normal/C_006_012_20230830062603_001_006_000_000.jpg,0,normal,C_006_012,C_006,C_006_012_20230830,0,train
C_006_012_20230906155811_001_006_000_000.jpg,./data/you_foulbrood/normal/C_006_012_20230906155811_001_006_000_000.jpg,0,normal,C_006_012,C_006,C_006_012_20230906,0,test
C_006_012_20230907064844_001_006_000_000.jpg,./data/you_foulbrood/normal/C_006_012_20230907064844_001_006_000_000.jpg,0,normal,C_006_012,C_006,C_006_012_20230907,0,test
C_006_012_20230912135645_001_006_000_000.jpg,./data/you_foulbrood/normal/C_006_012_20230912135645_001_006_000_000.jpg,0,normal,C_006_012,C_006,C_006_012_20230912,0,train
C_007_012_20230829150411_001_007_000_000.jpg,./data/you_foulbrood/normal/C_007_012_20230829150411_001_007_000_000.jpg,0,normal,C_007_012,C_007,C_007_012_20230829,0,val
C_007_013_20230826122523_001_007_000_000.jpg,./data/you_foulbrood/normal/C_007_013_20230826122523_001_007_000_000.jpg,0,normal,C_007_013,C_007,C_007_013_20230826,0,train
C_007_013_20230904152327_001_007_000_000.jpg,./data/you_foulbrood/normal/C_007_013_20230904152327_001_007_000_000.jpg,0,normal,C_007_013,C_007,C_007_013_20230904,0,test
C_007_013_20230908163934_001_007_000_000.jpg,./data/you_foulbrood/normal/C_007_013_20230908163934_001_007_000_000.jpg,0,normal,C_007_013,C_007,C_007_013_20230908,0,train
C_007_014_20230829171109_001_007_000_000.jpg,./data/you_foulbrood/normal/C_007_014_20230829171109_001_007_000_000.jpg,0,normal,C_007_014,C_007,C_007_014_20230829,0,test
C_007_014_20230903111405_001_007_000_000.jpg,./data/you_foulbrood/normal/C_007_014_20230903111405_001_007_000_000.jpg,0,normal,C_007_014,C_007,C_007_014_20230903,0,test
C_007_014_20230906153028_001_007_000_000.jpg,./data/you_foulbrood/normal/C_007_014_20230906153028_001_007_000_000.jpg,0,normal,C_007_014,C_007,C_007_014_20230906,0,train
C_007_014_20230906170251_001_007_000_000.jpg,./data/you_foulbrood/normal/C_007_014_20230906170251_001_007_000_000.jpg,0,normal,C_007_014,C_007,C_007_014_20230906,0,train
C_007_014_20230910170136_001_007_000_000.jpg,./data/you_foulbrood/normal/C_007_014_20230910170136_001_007_000_000.jpg,0,normal,C_007_014,C_007,C_007_014_20230910,0,test
C_007_014_20230912154409_001_007_000_000.jpg,./data/you_foulbrood/normal/C_007_014_20230912154409_001_007_000_000.jpg,0,normal,C_007_014,C_007,C_007_014_20230912,0,train
C_008_015_20230903075201_001_008_000_000.jpg,./data/you_foulbrood/normal/C_008_015_20230903075201_001_008_000_000.jpg,0,normal,C_008_015,C_008,C_008_015_20230903,0,test
C_008_015_20230907122602_001_008_000_000.jpg,./data/you_foulbrood/normal/C_008_015_20230907122602_001_008_000_000.jpg,0,normal,C_008_015,C_008,C_008_015_20230907,0,val
C_008_016_20230908160809_001_008_000_000.jpg,./data/you_foulbrood/normal/C_008_016_20230908160809_001_008_000_000.jpg,0,normal,C_008_016,C_008,C_008_016_20230908,0,train
C_008_016_20230908194332_001_008_000_000.jpg,./data/you_foulbrood/normal/C_008_016_20230908194332_001_008_000_000.jpg,0,normal,C_008_016,C_008,C_008_016_20230908,0,test
C_008_017_20230825181031_001_008_000_000.jpg,./data/you_foulbrood/normal/C_008_017_20230825181031_001_008_000_000.jpg,0,normal,C_008_017,C_008,C_008_017_20230825,0,val
C_008_017_20230827165600_001_008_000_000.jpg,./data/you_foulbrood/normal/C_008_017_20230827165600_001_008_000_000.jpg,0,normal,C_008_017,C_008,C_008_017_20230827,0,val
C_008_017_20230904153838_001_008_000_000.jpg,./data/you_foulbrood/normal/C_008_017_20230904153838_001_008_000_000.jpg,0,normal,C_008_017,C_008,C_008_017_20230904,0,train
C_008_017_20230904162244_001_008_000_000.jpg,./data/you_foulbrood/normal/C_008_017_20230904162244_001_008_000_000.jpg,0,normal,C_008_017,C_008,C_008_017_20230904,0,val
C_008_017_20230905075623_001_008_000_000.jpg,./data/you_foulbrood/normal/C_008_017_20230905075623_001_008_000_000.jpg,0,normal,C_008_017,C_008,C_008_017_20230905,0,test
C_008_017_20230910153826_001_008_000_000.jpg,./data/you_foulbrood/normal/C_008_017_20230910153826_001_008_000_000.jpg,0,normal,C_008_017,C_008,C_008_017_20230910,0,train
C_008_017_20230912133133_001_008_000_000.jpg,./data/you_foulbrood/normal/C_008_017_20230912133133_001_008_000_000.jpg,0,normal,C_008_017,C_008,C_008_017_20230912,0,train
C_008_018_20230829165345_001_008_000_000.jpg,./data/you_foulbrood/normal/C_008_018_20230829165345_001_008_000_000.jpg,0,normal,C_008_018,C_008,C_008_018_20230829,0,test
C_009_018_20230907080358_001_009_000_000.jpg,./data/you_foulbrood/normal/C_009_018_20230907080358_001_009_000_000.jpg,0,normal,C_009_018,C_009,C_009_018_20230907,0,train
C_009_018_20230908172734_001_009_000_000.jpg,./data/you_foulbrood/normal/C_009_018_20230908172734_001_009_000_000.jpg,0,normal,C_009_018,C_009,C_009_018_20230908,0,train
C_009_018_20230912142048_001_009_000_000.jpg,./data/you_foulbrood/normal/C_009_018_20230912142048_001_009_000_000.jpg,0,normal,C_009_018,C_009,C_009_018_20230912,0,train
C_009_019_20230827181905_001_009_000_000.jpg,./data/you_foulbrood/normal/C_009_019_20230827181905_001_009_000_000.jpg,0,normal,C_009_019,C_009,C_009_019_20230827,0,train
C_009_019_20230829155551_001_009_000_000.jpg,./data/you_foulbrood/normal/C_009_019_20230829155551_001_009_000_000.jpg,0,normal,C_009_019,C_009,C_009_019_20230829,0,val
C_009_019_20230829160507_001_009_000_000.jpg,./data/you_foulbrood/normal/C_009_019_20230829160507_001_009_000_000.jpg,0,normal,C_009_019,C_009,C_009_019_20230829,0,val
C_009_019_20230829164306_001_009_000_000.jpg,./data/you_foulbrood/normal/C_009_019_20230829164306_001_009_000_000.jpg,0,normal,C_009_019,C_009,C_009_019_20230829,0,val
C_009_019_20230830063113_001_009_000_000.jpg,./data/you_foulbrood/normal/C_009_019_20230830063113_001_009_000_000.jpg,0,normal,C_009_019,C_009,C_009_019_20230830,0,train
C_009_019_20230831143213_001_009_000_000.jpg,./data/you_foulbrood/normal/C_009_019_20230831143213_001_009_000_000.jpg,0,normal,C_009_019,C_009,C_009_019_20230831,0,val
C_009_019_20230831144113_001_009_000_000.jpg,./data/you_foulbrood/normal/C_009_019_20230831144113_001_009_000_000.jpg,0,normal,C_009_019,C_009,C_009_019_20230831,0,train
C_009_019_20230904151913_001_009_000_000.jpg,./data/you_foulbrood/normal/C_009_019_20230904151913_001_009_000_000.jpg,0,normal,C_009_019,C_009,C_009_019_20230904,0,val
C_009_019_20230910155219_001_009_000_000.jpg,./data/you_foulbrood/normal/C_009_019_20230910155219_001_009_000_000.jpg,0,normal,C_009_019,C_009,C_009_019_20230910,0,train
C_009_019_20230910162410_001_009_000_000.jpg,./data/you_foulbrood/normal/C_009_019_20230910162410_001_009_000_000.jpg,0,normal,C_009_019,C_009,C_009_019_20230910,0,test
C_009_019_20230912153450_001_009_000_000.jpg,./data/you_foulbrood/normal/C_009_019_20230912153450_001_009_000_000.jpg,0,normal,C_009_019,C_009,C_009_019_20230912,0,train
C_009_020_20230827151913_001_009_000_000.jpg,./data/you_foulbrood/normal/C_009_020_20230827151913_001_009_000_000.jpg,0,normal,C_009_020,C_009,C_009_020_20230827,0,test
C_009_020_20230827175922_001_009_000_000.jpg,./data/you_foulbrood/normal/C_009_020_20230827175922_001_009_000_000.jpg,0,normal,C_009_020,C_009,C_009_020_20230827,0,train
C_009_020_20230829134758_001_009_000_000.jpg,./data/you_foulbrood/normal/C_009_020_20230829134758_001_009_000_000.jpg,0,normal,C_009_020,C_009,C_009_020_20230829,0,train
C_009_020_20230829155422_001_009_000_000.jpg,./data/you_foulbrood/normal/C_009_020_20230829155422_001_009_000_000.jpg,0,normal,C_009_020,C_009,C_009_020_20230829,0,test
C_009_020_20230831141322_001_009_000_000.jpg,./data/you_foulbrood/normal/C_009_020_20230831141322_001_009_000_000.jpg,0,normal,C_009_020,C_009,C_009_020_20230831,0,test
C_009_021_20230905063227_001_009_000_000.jpg,./data/you_foulbrood/normal/C_009_021_20230905063227_001_009_000_000.jpg,0,normal,C_009_021,C_009,C_009_021_20230905,0,train
C_010_021_20230824094131_001_010_000_000.jpg,./data/you_foulbrood/normal/C_010_021_20230824094131_001_010_000_000.jpg,0,normal,C_010_021,C_010,C_010_021_20230824,0,train
C_010_021_20230825184019_001_010_000_000.jpg,./data/you_foulbrood/normal/C_010_021_20230825184019_001_010_000_000.jpg,0,normal,C_010_021,C_010,C_010_021_20230825,0,train
C_010_021_20230829160808_001_010_000_000.jpg,./data/you_foulbrood/normal/C_010_021_20230829160808_001_010_000_000.jpg,0,normal,C_010_021,C_010,C_010_021_20230829,0,train
C_010_021_20230830073117_001_010_000_000.jpg,./data/you_foulbrood/normal/C_010_021_20230830073117_001_010_000_000.jpg,0,normal,C_010_021,C_010,C_010_021_20230830,0,val
C_010_021_20230902174734_001_010_000_000.jpg,./data/you_foulbrood/normal/C_010_021_20230902174734_001_010_000_000.jpg,0,normal,C_010_021,C_010,C_010_021_20230902,0,train
C_010_021_20230903062150_001_010_000_000.jpg,./data/you_foulbrood/normal/C_010_021_20230903062150_001_010_000_000.jpg,0,normal,C_010_021,C_010,C_010_021_20230903,0,train
C_010_021_20230910141750_001_010_000_000.jpg,./data/you_foulbrood/normal/C_010_021_20230910141750_001_010_000_000.jpg,0,normal,C_010_021,C_010,C_010_021_20230910,0,test
C_010_021_20230912160454_001_010_000_000.jpg,./data/you_foulbrood/normal/C_010_021_20230912160454_001_010_000_000.jpg,0,normal,C_010_021,C_010,C_010_021_20230912,0,test
C_010_022_20230825174839_001_010_000_000.jpg,./data/you_foulbrood/normal/C_010_022_20230825174839_001_010_000_000.jpg,0,normal,C_010_022,C_010,C_010_022_20230825,0,train
C_010_022_20230825181700_001_010_000_000.jpg,./data/you_foulbrood/normal/C_010_022_20230825181700_001_010_000_000.jpg,0,normal,C_010_022,C_010,C_010_022_20230825,0,train
C_010_022_20230827174722_001_010_000_000.jpg,./data/you_foulbrood/normal/C_010_022_20230827174722_001_010_000_000.jpg,0,normal,C_010_022,C_010,C_010_022_20230827,0,test
C_010_022_20230830065155_001_010_000_000.jpg,./data/you_foulbrood/normal/C_010_022_20230830065155_001_010_000_000.jpg,0,normal,C_010_022,C_010,C_010_022_20230830,0,test
C_010_022_20230831160954_001_010_000_000.jpg,./data/you_foulbrood/normal/C_010_022_20230831160954_001_010_000_000.jpg,0,normal,C_010_022,C_010,C_010_022_20230831,0,train
C_010_022_20230908165427_001_010_000_000.jpg,./data/you_foulbrood/normal/C_010_022_20230908165427_001_010_000_000.jpg,0,normal,C_010_022,C_010,C_010_022_20230908,0,train
C_010_023_20230827161003_001_010_000_000.jpg,./data/you_foulbrood/normal/C_010_023_20230827161003_001_010_000_000.jpg,0,normal,C_010_023,C_010,C_010_023_20230827,0,test
C_010_023_20230827170100_001_010_000_000.jpg,./data/you_foulbrood/normal/C_010_023_20230827170100_001_010_000_000.jpg,0,normal,C_010_023,C_010,C_010_023_20230827,0,train
C_010_023_20230827174700_001_010_000_000.jpg,./data/you_foulbrood/normal/C_010_023_20230827174700_001_010_000_000.jpg,0,normal,C_010_023,C_010,C_010_023_20230827,0,test
C_010_023_20230829143457_001_010_000_000.jpg,./data/you_foulbrood/normal/C_010_023_20230829143457_001_010_000_000.jpg,0,normal,C_010_023,C_010,C_010_023_20230829,0,train
C_010_023_20230904162229_001_010_000_000.jpg,./data/you_foulbrood/normal/C_010_023_20230904162229_001_010_000_000.jpg,0,normal,C_010_023,C_010,C_010_023_20230904,0,train
C_010_023_20230910153647_001_010_000_000.jpg,./data/you_foulbrood/normal/C_010_023_20230910153647_001_010_000_000.jpg,0,normal,C_010_023,C_010,C_010_023_20230910,0,val
C_010_024_20230906180935_001_010_000_000.jpg,./data/you_foulbrood/normal/C_010_024_20230906180935_001_010_000_000.jpg,0,normal,C_010_024,C_010,C_010_024_20230906,0,test
C_010_024_20230910145410_001_010_000_000.jpg,./data/you_foulbrood/normal/C_010_024_20230910145410_001_010_000_000.jpg,0,normal,C_010_024,C_010,C_010_024_20230910,0,test
C_011_024_20230829142705_001_011_000_000.jpg,./data/you_foulbrood/normal/C_011_024_20230829142705_001_011_000_000.jpg,0,normal,C_011_024,C_011,C_011_024_20230829,0,train
C_011_024_20230906180227_001_011_000_000.jpg,./data/you_foulbrood/normal/C_011_024_20230906180227_001_011_000_000.jpg,0,normal,C_011_024,C_011,C_011_024_20230906,0,train
C_011_024_20230910155736_001_011_000_000.jpg,./data/you_foulbrood/normal/C_011_024_20230910155736_001_011_000_000.jpg,0,normal,C_011_024,C_011,C_011_024_20230910,0,train
C_011_024_20230912134519_001_011_000_000.jpg,./data/you_foulbrood/normal/C_011_024_20230912134519_001_011_000_000.jpg,0,normal,C_011_024,C_011,C_011_024_20230912,0,val
C_011_025_20230904144624_001_011_000_000.jpg,./data/you_foulbrood/normal/C_011_025_20230904144624_001_011_000_000.jpg,0,normal,C_011_025,C_011,C_011_025_20230904,0,test
C_011_025_20230908153435_001_011_000_000.jpg,./data/you_foulbrood/normal/C_011_025_20230908153435_001_011_000_000.jpg,0,normal,C_011_025,C_011,C_011_025_20230908,0,test
C_011_026_20230903072244_001_011_000_000.jpg,./data/you_foulbrood/normal/C_011_026_20230903072244_001_011_000_000.jpg,0,normal,C_011_026,C_011,C_011_026_20230903,0,train
C_011_026_20230907075409_001_011_000_000.jpg,./data/you_foulbrood/normal/C_011_026_20230907075409_001_011_000_000.jpg,0,normal,C_011_026,C_011,C_011_026_20230907,0,test
C_012_027_20230831192908_001_012_000_000.jpg,./data/you_foulbrood/normal/C_012_027_20230831192908_001_012_000_000.jpg,0,normal,C_012_027,C_012,C_012_027_20230831,0,test
C_012_027_20230902154458_001_012_000_000.jpg,./data/you_foulbrood/normal/C_012_027_20230902154458_001_012_000_000.jpg,0,normal,C_012_027,C_012,C_012_027_20230902,0,train
C_012_028_20230826083905_001_012_000_000.jpg,./data/you_foulbrood/normal/C_012_028_20230826083905_001_012_000_000.jpg,0,normal,C_012_028,C_012,C_012_028_20230826,0,val
C_012_028_20230829151953_001_012_000_000.jpg,./data/you_foulbrood/normal/C_012_028_20230829151953_001_012_000_000.jpg,0,normal,C_012_028,C_012,C_012_028_20230829,0,train
C_012_028_20230906181336_001_012_000_000.jpg,./data/you_foulbrood/normal/C_012_028_20230906181336_001_012_000_000.jpg,0,normal,C_012_028,C_012,C_012_028_20230906,0,val
C_012_029_20230828132942_001_012_000_000.jpg,./data/you_foulbrood/normal/C_012_029_20230828132942_001_012_000_000.jpg,0,normal,C_012_029,C_012,C_012_029_20230828,0,test
C_012_029_20230906161554_001_012_000_000.jpg,./data/you_foulbrood/normal/C_012_029_20230906161554_001_012_000_000.jpg,0,normal,C_012_029,C_012,C_012_029_20230906,0,train
C_012_029_20230908181102_001_012_000_000.jpg,./data/you_foulbrood/normal/C_012_029_20230908181102_001_012_000_000.jpg,0,normal,C_012_029,C_012,C_012_029_20230908,0,test
B_001_001_20230819184543_001_004_000_003.jpg,./data/you_foulbrood/abnormal/B_001_001_20230819184543_001_004_000_003.jpg,1,abnormal,B_001_001,B_001,B_001_001_20230819,1,val
B_001_001_20230819185339_001_002_000_003.jpg,./data/you_foulbrood/abnormal/B_001_001_20230819185339_001_002_000_003.jpg,1,abnormal,B_001_001,B_001,B_001_001_20230819,1,train
B_001_001_20230819221134_001_004_000_003.jpg,./data/you_foulbrood/abnormal/B_001_001_20230819221134_001_004_000_003.jpg,1,abnormal,B_001_001,B_001,B_001_001_20230819,1,train
B_001_001_20230819221722_001_002_000_003.jpg,./data/you_foulbrood/abnormal/B_001_001_20230819221722_001_002_000_003.jpg,1,abnormal,B_001_001,B_001,B_001_001_20230819,1,train
B_001_001_20230819222852_001_003_000_003.jpg,./data/you_foulbrood/abnormal/B_001_001_20230819222852_001_003_000_003.jpg,1,abnormal,B_001_001,B_001,B_001_001_20230819,1,val
B_001_001_20230819223943_001_002_000_003.jpg,./data/you_foulbrood/abnormal/B_001_001_20230819223943_001_002_000_003.jpg,1,abnormal,B_001_001,B_001,B_001_001_20230819,1,train
B_001_001_20230819224112_001_002_000_003.jpg,./data/you_foulbrood/abnormal/B_001_001_20230819224112_001_002_000_003.jpg,1,abnormal,B_001_001,B_001,B_001_001_20230819,1,train
B_001_001_20230820211410_001_002_000_003.jpg,./data/you_foulbrood/abnormal/B_001_001_20230820211410_001_002_000_003.jpg,1,abnormal,B_001_001,B_001,B_001_001_20230820,1,train
B_001_001_20230820212924_001_002_000_003.jpg,./data/you_foulbrood/abnormal/B_001_001_20230820212924_001_002_000_003.jpg,1,abnormal,B_001_001,B_001,B_001_001_20230820,1,train
B_001_001_20230820222754_001_004_000_003.jpg,./data/you_foulbrood/abnormal/B_001_001_20230820222754_001_004_000_003.jpg,1,abnormal,B_001_001,B_001,B_001_001_20230820,1,train
B_001_001_20230821180326_001_004_000_003.jpg,./data/you_foulbrood/abnormal/B_001_001_20230821180326_001_004_000_003.jpg,1,abnormal,B_001_001,B_001,B_001_001_20230821,1,train
B_001_001_20230821181213_001_004_000_003.jpg,./data/you_foulbrood/abnormal/B_001_001_20230821181213_001_004_000_003.jpg,1,abnormal,B_001_001,B_001,B_001_001_20230821,1,test
B_001_001_20230821184615_001_002_000_003.jpg,./data/you_foulbrood/abnormal/B_001_001_20230821184615_001_002_000_003.jpg,1,abnormal,B_001_001,B_001,B_001_001_20230821,1,train
B_001_001_20230821185038_001_002_000_003.jpg,./data/you_foulbrood/abnormal/B_001_001_20230821185038_001_002_000_003.jpg,1,abnormal,B_001_001,B_001,B_001_001_20230821,1,val
B_001_001_20230821185245_001_002_000_003.jpg,./data/you_foulbrood/abnormal/B_001_001_20230821185245_001_002_000_003.jpg,1,abnormal,B_001_001,B_001,B_001_001_20230821,1,train
B_001_001_20230821190433_001_003_000_003.jpg,./data/you_foulbrood/abnormal/B_001_001_20230821190433_001_003_000_003.jpg,1,abnormal,B_001_001,B_001,B_001_001_20230821,1,train
B_001_001_20230821213547_001_004_000_003.jpg,./data/you_foulbrood/abnormal/B_001_001_20230821213547_001_004_000_003.jpg,1,abnormal,B_001_001,B_001,B_001_001_20230821,1,train
B_001_001_20230821221829_001_003_000_003.jpg,./data/you_foulbrood/abnormal/B_001_001_20230821221829_001_003_000_003.jpg,1,abnormal,B_001_001,B_001,B_001_001_20230821,1,train
B_001_001_20230821222418_001_002_000_003.jpg,./data/you_foulbrood/abnormal/B_001_001_20230821222418_001_002_000_003.jpg,1,abnormal,B_001_001,B_001,B_001_001_20230821,1,test
B_001_001_20230821223931_001_002_000_003.jpg,./data/you_foulbrood/abnormal/B_001_001_20230821223931_001_002_000_003.jpg,1,abnormal,B_001_001,B_001,B_001_001_20230821,1,train
B_001_001_20230821224138_001_003_000_003.jpg,./data/you_foulbrood/abnormal/B_001_001_20230821224138_001_003_000_003.jpg,1,abnormal,B_001_001,B_001,B_001_001_20230821,1,train
B_001_001_20230821225359_001_003_000_003.jpg,./data/you_foulbrood/abnormal/B_001_001_20230821225359_001_003_000_003.jpg,1,abnormal,B_001_001,B_001,B_001_001_20230821,1,val
B_001_001_20230822181106_001_002_000_003.jpg,./data/you_foulbrood/abnormal/B_001_001_20230822181106_001_002_000_003.jpg,1,abnormal,B_001_001,B_001,B_001_001_20230822,1,test
B_001_001_20230822182954_001_002_000_003.jpg,./data/you_foulbrood/abnormal/B_001_001_20230822182954_001_002_000_003.jpg,1,abnormal,B_001_001,B_001,B_001_001_20230822,1,train
B_001_001_20230822205550_001_002_000_003.jpg,./data/you_foulbrood/abnormal/B_001_001_20230822205550_001_002_000_003.jpg,1,abnormal,B_001_001,B_001,B_001_001_20230822,1,train
B_001_001_20230903152138_001_004_000_003.jpg,./data/you_foulbrood/abnormal/B_001_001_20230903152138_001_004_000_003.jpg,1,abnormal,B_001_001,B_001,B_001_001_20230903,1,train
B_001_001_20230912094654_001_001_000_003.jpg,./data/you_foulbrood/abnormal/B_001_001_20230912094654_001_001_000_003.jpg,1,abnormal,B_001_001,B_001,B_001_001_20230912,1,train
B_001_001_20230912131457_001_001_000_003.jpg,./data/you_foulbrood/abnormal/B_001_001_20230912131457_001_001_000_003.jpg,1,abnormal,B_001_001,B_001,B_001_001_20230912,1,test
B_001_001_20230912181039_001_001_000_003.jpg,./data/you_foulbrood/abnormal/B_001_001_20230912181039_001_001_000_003.jpg,1,abnormal,B_001_001,B_001,B_001_001_20230912,1,train
B_001_002_20230819182109_001_001_000_003.jpg,./data/you_foulbrood/abnormal/B_001_002_20230819182109_001_001_000_003.jpg,1,abnormal,B_001_002,B_001,B_001_002_20230819,1,val
B_001_002_20230819182441_001_002_000_003.jpg,./data/you_foulbrood/abnormal/B_001_002_20230819182441_001_002_000_003.jpg,1,abnormal,B_001_002,B_001,B_001_002_20230819,1,train
B_001_002_20230819190509_001_001_000_003.jpg,./data/you_foulbrood/abnormal/B_001_002_20230819190509_001_001_000_003.jpg,1,abnormal,B_001_002,B_001,B_001_002_20230819,1,train
B_001_002_20230819193326_001_004_000_003.jpg,./data/you_foulbrood/abnormal/B_001_002_20230819193326_001_004_000_003.jpg,1,abnormal,B_001_002,B_001,B_001_002_20230819,1,val
B_001_002_20230819201411_001_001_000_003.jpg,./data/you_foulbrood/abnormal/B_001_002_20230819201411_001_001_000_003.jpg,1,abnormal,B_001_002,B_001,B_001_002_20230819,1,test
B_001_002_20230819221724_001_004_000_003.jpg,./data/you_foulbrood/abnormal/B_001_002_20230819221724_001_004_000_003.jpg,1,abnormal,B_001_002,B_001,B_001_002_20230819,1,train
B_001_002_20230819222517_001_002_000_003.jpg,./data/you_foulbrood/abnormal/B_001_002_20230819222517_001_002_000_003.jpg,1,abnormal,B_001_002,B_001,B_001_002_20230819,1,test
B_001_002_20230819224743_001_001_000_003.jpg,./data/you_foulbrood/abnormal/B_001_002_20230819224743_001_001_000_003.jpg,1,abnormal,B_001_002,B_001,B_001_002_20230819,1,train
B_001_002_20230819225453_001_001_000_003.jpg,./data/you_foulbrood/abnormal/B_001_002_20230819225453_001_001_000_003.jpg,1,abnormal,B_001_002,B_001,B_001_002_20230819,1,train
B_001_002_20230820185716_001_003_000_003.jpg,./data/you_foulbrood/abnormal/B_001_002_20230820185716_001_003_000_003.jpg,1,abnormal,B_001_002,B_001,B_001_002_20230820,1,test
B_001_002_20230820191227_001_002_000_003.jpg,./data/you_foulbrood/abnormal/B_001_002_20230820191227_001_002_000_003.jpg,1,abnormal,B_001_002,B_001,B_001_002_20230820,1,train
B_001_002_20230820192322_001_003_000_003.jpg,./data/you_foulbrood/abnormal/B_001_002_20230820192322_001_003_000_003.jpg,1,abnormal,B_001_002,B_001,B_001_002_20230820,1,train
B_001_002_20230820193633_001_002_000_003.jpg,./data/you_foulbrood/abnormal/B_001_002_20230820193633_001_002_000_003.jpg,1,abnormal,B_001_002,B_001,B_001_002_20230820,1,train
B_001_002_20230820200413_001_001_000_003.jpg,./data/you_foulbrood/abnormal/B_001_002_20230820200413_001_001_000_003.jpg,1,abnormal,B_001_002,B_001,B_001_002_20230820,1,val
B_001_002_20230820201043_001_001_000_003.jpg,./data/you_foulbrood/abnormal/B_001_002_20230820201043_001_001_000_003.jpg,1,abnormal,B_001_002,B_001,B_001_002_20230820,1,test
B_001_002_20230820202429_001_001_000_003.jpg,./data/you_foulbrood/abnormal/B_001_002_20230820202429_001_001_000_003.jpg,1,abnormal,B_001_002,B_001,B_001_002_20230820,1,train
B_001_002_20230820214139_001_002_000_003.jpg,./data/you_foulbrood/abnormal/B_001_002_20230820214139_001_002_000_003.jpg,1,abnormal,B_001_002,B_001,B_001_002_20230820,1,train
B_001_002_20230820215655_001_004_000_003.jpg,./data/you_foulbrood/abnormal/B_001_002_20230820215655_001_004_000_003.jpg,1,abnormal,B_001_002,B_001,B_001_002_20230820,1,val
B_001_002_20230820221705_001_001_000_003.jpg,./data/you_foulbrood/abnormal/B_001_002_20230820221705_001_001_000_003.jpg,1,abnormal,B_001_002,B_001,B_001_002_20230820,1,train
B_001_002_20230820222923_001_004_000_003.jpg,./data/you_foulbrood/abnormal/B_001_002_20230820222923_001_004_000_003.jpg,1,abnormal,B_001_002,B_001,B_001_002_20230820,1,train
B_001_002_20230820224146_001_002_000_003.jpg,./data/you_foulbrood/abnormal/B_001_002_20230820224146_001_002_000_003.jpg,1,abnormal,B_001_002,B_001,B_001_002_20230820,1,train
B_001_002_20230820225111_001_004_000_003.jpg,./data/you_foulbrood/abnormal/B_001_002_20230820225111_001_004_000_003.jpg,1,abnormal,B_001_002,B_001,B_001_002_20230820,1,train
B_001_002_20230821183109_001_004_000_003.jpg,./data/you_foulbrood/abnormal/B_001_002_20230821183109_001_004_000_003.jpg,1,abnormal,B_001_002,B_001,B_001_002_20230821,1,test
B_001_002_20230821191024_001_003_000_003.jpg,./data/you_foulbrood/abnormal/B_001_002_20230821191024_001_003_000_003.jpg,1,abnormal,B_001_002,B_001,B_001_002_20230821,1,train
B_001_002_20230821200814_001_001_000_003.jpg,./data/you_foulbrood/abnormal/B_001_002_20230821200814_001_001_000_003.jpg,1,abnormal,B_001_002,B_001,B_001_002_20230821,1,train
B_001_002_20230821204036_001_001_000_003.jpg,./data/you_foulbrood/abnormal/B_001_002_20230821204036_001_001_000_003.jpg,1,abnormal,B_001_002,B_001,B_001_002_20230821,1,test
B_001_002_20230821205339_001_002_000_003.jpg,./data/you_foulbrood/abnormal/B_001_002_20230821205339_001_002_000_003.jpg,1,abnormal,B_001_002,B_001,B_001_002_20230821,1,train
B_001_002_20230821205804_001_004_000_003.jpg,./data/you_foulbrood/abnormal/B_001_002_20230821205804_001_004_000_003.jpg,1,abnormal,B_001_002,B_001,B_001_002_20230821,1,val
B_001_002_20230821210014_001_001_000_003.jpg,./data/you_foulbrood/abnormal/B_001_002_20230821210014_001_001_000_003.jpg,1,abnormal,B_001_002,B_001,B_001_002_20230821,1,val
B_001_002_20230821214643_001_004_000_003.jpg,./data/you_foulbrood/abnormal/B_001_002_20230821214643_001_004_000_003.jpg,1,abnormal,B_001_002,B_001,B_001_002_20230821,1,test
B_001_002_20230822181439_001_001_000_003.jpg,./data/you_foulbrood/abnormal/B_001_002_20230822181439_001_001_000_003.jpg,1,abnormal,B_001_002,B_001,B_001_002_20230822,1,train
B_001_002_20230822182535_001_001_000_003.jpg,./data/you_foulbrood/abnormal/B_001_002_20230822182535_001_001_000_003.jpg,1,abnormal,B_001_002,B_001,B_001_002_20230822,1,train
B_001_002_20230822185639_001_001_000_003.jpg,./data/you_foulbrood/abnormal/B_001_002_20230822185639_001_001_000_003.jpg,1,abnormal,B_001_002,B_001,B_001_002_20230822,1,test
B_001_002_20230822190230_001_001_000_003.jpg,./data/you_foulbrood/abnormal/B_001_002_20230822190230_001_001_000_003.jpg,1,abnormal,B_001_002,B_001,B_001_002_20230822,1,test
B_001_002_20230822190650_001_004_000_003.jpg,./data/you_foulbrood/abnormal/B_001_002_20230822190650_001_004_000_003.jpg,1,abnormal,B_001_002,B_001,B_001_002_20230822,1,val
B_001_003_20230819183447_001_002_000_003.jpg,./data/you_foulbrood/abnormal/B_001_003_20230819183447_001_002_000_003.jpg,1,abnormal,B_001_003,B_001,B_001_003_20230819,1,val
B_001_003_20230819185843_001_004_000_003.jpg,./data/you_foulbrood/abnormal/B_001_003_20230819185843_001_004_000_003.jpg,1,abnormal,B_001_003,B_001,B_001_003_20230819,1,val
B_001_003_20230819192526_001_002_000_003.jpg,./data/you_foulbrood/abnormal/B_001_003_20230819192526_001_002_000_003.jpg,1,abnormal,B_001_003,B_001,B_001_003_20230819,1,train
B_001_003_20230819212215_001_004_000_003.jpg,./data/you_foulbrood/abnormal/B_001_003_20230819212215_001_004_000_003.jpg,1,abnormal,B_001_003,B_001,B_001_003_20230819,1,test
B_001_003_20230819224034_001_003_000_003.jpg,./data/you_foulbrood/abnormal/B_001_003_20230819224034_001_003_000_003.jpg,1,abnormal,B_001_003,B_001,B_001_003_20230819,1,train
B_001_003_20230820182354_001_003_000_003.jpg,./data/you_foulbrood/abnormal/B_001_003_20230820182354_001_003_000_003.jpg,1,abnormal,B_001_003,B_001,B_001_003_20230820,1,train
B_001_003_20230820185843_001_002_000_003.jpg,./data/you_foulbrood/abnormal/B_001_003_20230820185843_001_002_000_003.jpg,1,abnormal,B_001_003,B_001,B_001_003_20230820,1,val
B_001_003_20230820190055_001_004_000_003.jpg,./data/you_foulbrood/abnormal/B_001_003_20230820190055_001_004_000_003.jpg,1,abnormal,B_001_003,B_001,B_001_003_20230820,1,test
B_001_003_20230820192407_001_003_000_003.jpg,./data/you_foulbrood/abnormal/B_001_003_20230820192407_001_003_000_003.jpg,1,abnormal,B_001_003,B_001,B_001_003_20230820,1,test
B_001_003_20230820192657_001_004_000_003.jpg,./data/you_foulbrood/abnormal/B_001_003_20230820192657_001_004_000_003.jpg,1,abnormal,B_001_003,B_001,B_001_003_20230820,1,test
B_001_003_20230820193253_001_002_000_003.jpg,./data/you_foulbrood/abnormal/B_001_003_20230820193253_001_002_000_003.jpg,1,abnormal,B_001_003,B_001,B_001_003_20230820,1,test
B_001_003_20230820195320_001_003_000_003.jpg,./data/you_foulbrood/abnormal/B_001_003_20230820195320_001_003_000_003.jpg,1,abnormal,B_001_003,B_001,B_001_003_20230820,1,test
B_001_003_20230820205522_001_002_000_003.jpg,./data/you_foulbrood/abnormal/B_001_003_20230820205522_001_002_000_003.jpg,1,abnormal,B_001_003,B_001,B_001_003_20230820,1,train
B_001_003_20230820215020_001_001_000_003.jpg,./data/you_foulbrood/abnormal/B_001_003_20230820215020_001_001_000_003.jpg,1,abnormal,B_001_003,B_001,B_001_003_20230820,1,val
B_001_003_20230820224902_001_002_000_003.jpg,./data/you_foulbrood/abnormal/B_001_003_20230820224902_001_002_000_003.jpg,1,abnormal,B_001_003,B_001,B_001_003_20230820,1,train
B_001_003_20230821182102_001_002_000_003.jpg,./data/you_foulbrood/abnormal/B_001_003_20230821182102_001_002_000_003.jpg,1,abnormal,B_001_003,B_001,B_001_003_20230821,1,train
B_001_003_20230821184703_001_002_000_003.jpg,./data/you_foulbrood/abnormal/B_001_003_20230821184703_001_002_000_003.jpg,1,abnormal,B_001_003,B_001,B_001_003_20230821,1,val
B_001_003_20230821190606_001_003_000_003.jpg,./data/you_foulbrood/abnormal/B_001_003_20230821190606_001_003_000_003.jpg,1,abnormal,B_001_003,B_001,B_001_003_20230821,1,train
B_001_003_20230821190732_001_003_000_003.jpg,./data/you_foulbrood/abnormal/B_001_003_20230821190732_001_003_000_003.jpg,1,abnormal,B_001_003,B_001,B_001_003_20230821,1,test
B_001_003_20230821190815_001_001_000_003.jpg,./data/you_foulbrood/abnormal/B_001_003_20230821190815_001_001_000_003.jpg,1,abnormal,B_001_003,B_001,B_001_003_20230821,1,test
B_001_003_20230821194137_001_002_000_003.jpg,./data/you_foulbrood/abnormal/B_001_003_20230821194137_001_002_000_003.jpg,1,abnormal,B_001_003,B_001,B_001_003_20230821,1,train
B_001_003_20230821200648_001_004_000_003.jpg,./data/you_foulbrood/abnormal/B_001_003_20230821200648_001_004_000_003.jpg,1,abnormal,B_001_003,B_001,B_001_003_20230821,1,test
B_001_003_20230821202832_001_002_000_003.jpg,./data/you_foulbrood/abnormal/B_001_003_20230821202832_001_002_000_003.jpg,1,abnormal,B_001_003,B_001,B_001_003_20230821,1,train
B_001_003_20230821203706_001_004_000_003.jpg,./data/you_foulbrood/abnormal/B_001_003_20230821203706_001_004_000_003.jpg,1,abnormal,B_001_003,B_001,B_001_003_20230821,1,test
B_001_003_20230821204839_001_003_000_003.jpg,./data/you_foulbrood/abnormal/B_001_003_20230821204839_001_003_000_003.jpg,1,abnormal,B_001_003,B_001,B_001_003_20230821,1,test
B_001_003_20230821204839_001_004_000_003.jpg,./data/you_foulbrood/abnormal/B_001_003_20230821204839_001_004_000_003.jpg,1,abnormal,B_001_003,B_001,B_001_003_20230821,1,train
B_001_003_20230821225236_001_003_000_003.jpg,./data/you_foulbrood/abnormal/B_001_003_20230821225236_001_003_000_003.jpg,1,abnormal,B_001_003,B_001,B_001_003_20230821,1,train
B_001_003_20230822183124_001_004_000_003.jpg,./data/you_foulbrood/abnormal/B_001_003_20230822183124_001_004_000_003.jpg,1,abnormal,B_001_003,B_001,B_001_003_20230822,1,val
B_001_003_20230822183337_001_003_000_003.jpg,./data/you_foulbrood/abnormal/B_001_003_20230822183337_001_003_000_003.jpg,1,abnormal,B_001_003,B_001,B_001_003_20230822,1,test
B_001_003_20230822184803_001_003_000_003.jpg,./data/you_foulbrood/abnormal/B_001_003_20230822184803_001_003_000_003.jpg,1,abnormal,B_001_003,B_001,B_001_003_20230822,1,train
B_001_003_20230822190652_001_002_000_003.jpg,./data/you_foulbrood/abnormal/B_001_003_20230822190652_001_002_000_003.jpg,1,abnormal,B_001_003,B_001,B_001_003_20230822,1,train
B_001_003_20230822194612_001_003_000_003.jpg,./data/you_foulbrood/abnormal/B_001_003_20230822194612_001_003_000_003.jpg,1,abnormal,B_001_003,B_001,B_001_003_20230822,1,train
B_001_003_20230822201225_001_003_000_003.jpg,./data/you_foulbrood/abnormal/B_001_003_20230822201225_001_003_000_003.jpg,1,abnormal,B_001_003,B_001,B_001_003_20230822,1,train
B_001_003_20230822201433_001_003_000_003.jpg,./data/you_foulbrood/abnormal/B_001_003_20230822201433_001_003_000_003.jpg,1,abnormal,B_001_003,B_001,B_001_003_20230822,1,train
B_001_003_20230822202319_001_001_000_003.jpg,./data/you_foulbrood/abnormal/B_001_003_20230822202319_001_001_000_003.jpg,1,abnormal,B_001_003,B_001,B_001_003_20230822,1,train
B_001_003_20230822210525_001_004_000_003.jpg,./data/you_foulbrood/abnormal/B_001_003_20230822210525_001_004_000_003.jpg,1,abnormal,B_001_003,B_001,B_001_003_20230822,1,test
B_001_003_20230822210608_001_003_000_003.jpg,./data/you_foulbrood/abnormal/B_001_003_20230822210608_001_003_000_003.jpg,1,abnormal,B_001_003,B_001,B_001_003_20230822,1,val
B_001_003_20230822210731_001_004_000_003.jpg,./data/you_foulbrood/abnormal/B_001_003_20230822210731_001_004_000_003.jpg,1,abnormal,B_001_003,B_001,B_001_003_20230822,1,train
B_001_003_20230822210817_001_001_000_003.jpg,./data/you_foulbrood/abnormal/B_001_003_20230822210817_001_001_000_003.jpg,1,abnormal,B_001_003,B_001,B_001_003_20230822,1,test
B_001_003_20230822211156_001_004_000_003.jpg,./data/you_foulbrood/abnormal/B_001_003_20230822211156_001_004_000_003.jpg,1,abnormal,B_001_003,B_001,B_001_003_20230822,1,test
B_001_004_20230819183239_001_001_000_003.jpg,./data/you_foulbrood/abnormal/B_001_004_20230819183239_001_001_000_003.jpg,1,abnormal,B_001_004,B_001,B_001_004_20230819,1,train
B_001_004_20230819183449_001_001_000_003.jpg,./data/you_foulbrood/abnormal/B_001_004_20230819183449_001_001_000_003.jpg,1,abnormal,B_001_004,B_001,B_001_004_20230819,1,test
B_001_004_20230819183449_001_003_000_003.jpg,./data/you_foulbrood/abnormal/B_001_004_20230819183449_001_003_000_003.jpg,1,abnormal,B_001_004,B_001,B_001_004_20230819,1,test
B_001_004_20230819184254_001_004_000_003.jpg,./data/you_foulbrood/abnormal/B_001_004_20230819184254_001_004_000_003.jpg,1,abnormal,B_001_004,B_001,B_001_004_20230819,1,test
B_001_004_20230819191226_001_001_000_003.jpg,./data/you_foulbrood/abnormal/B_001_004_20230819191226_001_001_000_003.jpg,1,abnormal,B_001_004,B_001,B_001_004_20230819,1,train
B_001_004_20230819193458_001_004_000_003.jpg,./data/you_foulbrood/abnormal/B_001_004_20230819193458_001_004_000_003.jpg,1,abnormal,B_001_004,B_001,B_001_004_20230819,1,train
B_001_004_20230819203345_001_003_000_003.jpg,./data/you_foulbrood/abnormal/B_001_004_20230819203345_001_003_000_003.jpg,1,abnormal,B_001_004,B_001,B_001_004_20230819,1,train
B_001_004_20230819203845_001_004_000_003.jpg,./data/you_foulbrood/abnormal/B_001_004_20230819203845_001_004_000_003.jpg,1,abnormal,B_001_004,B_001,B_001_004_20230819,1,train
B_001_004_20230819205910_001_002_000_003.jpg,./data/you_foulbrood/abnormal/B_001_004_20230819205910_001_002_000_003.jpg,1,abnormal,B_001_004,B_001,B_001_004_20230819,1,train
B_001_004_20230819214114_001_001_000_003.jpg,./data/you_foulbrood/abnormal/B_001_004_20230819214114_001_001_000_003.jpg,1,abnormal,B_001_004,B_001,B_001_004_20230819,1,train
B_001_004_20230819220636_001_003_000_003.jpg,./data/you_foulbrood/abnormal/B_001_004_20230819220636_001_003_000_003.jpg,1,abnormal,B_001_004,B_001,B_001_004_20230819,1,test
B_001_004_20230819221305_001_001_000_003.jpg,./data/you_foulbrood/abnormal/B_001_004_20230819221305_001_001_000_003.jpg,1,abnormal,B_001_004,B_001,B_001_004_20230819,1,test
B_001_004_20230819222227_001_004_000_003.jpg,./data/you_foulbrood/abnormal/B_001_004_20230819222227_001_004_000_003.jpg,1,abnormal,B_001_004,B_001,B_001_004_20230819,1,test
B_001_004_20230819222731_001_004_000_003.jpg,./data/you_foulbrood/abnormal/B_001_004_20230819222731_001_004_000_003.jpg,1,abnormal,B_001_004,B_001,B_001_004_20230819,1,train
B_001_004_20230819223652_001_004_000_003.jpg,./data/you_foulbrood/abnormal/B_001_004_20230819223652_001_004_000_003.jpg,1,abnormal,B_001_004,B_001,B_001_004_20230819,1,val
B_001_004_20230819225040_001_001_000_003.jpg,./data/you_foulbrood/abnormal/B_001_004_20230819225040_001_001_000_003.jpg,1,abnormal,B_001_004,B_001,B_001_004_20230819,1,test
B_001_004_20230819225124_001_004_000_003.jpg,./data/you_foulbrood/abnormal/B_001_004_20230819225124_001_004_000_003.jpg,1,abnormal,B_001_004,B_001,B_001_004_20230819,1,test
B_001_004_20230819225206_001_003_000_003.jpg,./data/you_foulbrood/abnormal/B_001_004_20230819225206_001_003_000_003.jpg,1,abnormal,B_001_004,B_001,B_001_004_20230819,1,test
B_001_004_20230820181259_001_002_000_003.jpg,./data/you_foulbrood/abnormal/B_001_004_20230820181259_001_002_000_003.jpg,1,abnormal,B_001_004,B_001,B_001_004_20230820,1,train
B_001_004_20230820184039_001_004_000_003.jpg,./data/you_foulbrood/abnormal/B_001_004_20230820184039_001_004_000_003.jpg,1,abnormal,B_001_004,B_001,B_001_004_20230820,1,test
B_001_004_20230820184627_001_004_000_003.jpg,./data/you_foulbrood/abnormal/B_001_004_20230820184627_001_004_000_003.jpg,1,abnormal,B_001_004,B_001,B_001_004_20230820,1,test
B_001_004_20230820185719_001_003_000_003.jpg,./data/you_foulbrood/abnormal/B_001_004_20230820185719_001_003_000_003.jpg,1,abnormal,B_001_004,B_001,B_001_004_20230820,1,train
B_001_004_20230820191605_001_001_000_003.jpg,./data/you_foulbrood/abnormal/B_001_004_20230820191605_001_001_000_003.jpg,1,abnormal,B_001_004,B_001,B_001_004_20230820,1,test
B_001_004_20230820192408_001_001_000_003.jpg,./data/you_foulbrood/abnormal/B_001_004_20230820192408_001_001_000_003.jpg,1,abnormal,B_001_004,B_001,B_001_004_20230820,1,val
B_001_004_20230820193845_001_002_000_003.jpg,./data/you_foulbrood/abnormal/B_001_004_20230820193845_001_002_000_003.jpg,1,abnormal,B_001_004,B_001,B_001_004_20230820,1,test
B_001_004_20230820201508_001_004_000_003.jpg,./data/you_foulbrood/abnormal/B_001_004_20230820201508_001_004_000_003.jpg,1,abnormal,B_001_004,B_001,B_001_004_20230820,1,train
B_001_004_20230820221753_001_003_000_003.jpg,./data/you_foulbrood/abnormal/B_001_004_20230820221753_001_003_000_003.jpg,1,abnormal,B_001_004,B_001,B_001_004_20230820,1,train
B_001_004_20230821183407_001_001_000_003.jpg,./data/you_foulbrood/abnormal/B_001_004_20230821183407_001_001_000_003.jpg,1,abnormal,B_001_004,B_001,B_001_004_20230821,1,val
B_001_004_20230821185249_001_002_000_003.jpg,./data/you_foulbrood/abnormal/B_001_004_20230821185249_001_002_000_003.jpg,1,abnormal,B_001_004,B_001,B_001_004_20230821,1,test
B_001_004_20230821202749_001_004_000_003.jpg,./data/you_foulbrood/abnormal/B_001_004_20230821202749_001_004_000_003.jpg,1,abnormal,B_001_004,B_001,B_001_004_20230821,1,train
B_001_004_20230821203707_001_002_000_003.jpg,./data/you_foulbrood/abnormal/B_001_004_20230821203707_001_002_000_003.jpg,1,abnormal,B_001_004,B_001,B_001_004_20230821,1,train
B_001_004_20230821210725_001_003_000_003.jpg,./data/you_foulbrood/abnormal/B_001_004_20230821210725_001_003_000_003.jpg,1,abnormal,B_001_004,B_001,B_001_004_20230821,1,test
B_001_004_20230821223512_001_004_000_003.jpg,./data/you_foulbrood/abnormal/B_001_004_20230821223512_001_004_000_003.jpg,1,abnormal,B_001_004,B_001,B_001_004_20230821,1,train
B_001_004_20230821224351_001_001_000_003.jpg,./data/you_foulbrood/abnormal/B_001_004_20230821224351_001_001_000_003.jpg,1,abnormal,B_001_004,B_001,B_001_004_20230821,1,val
B_001_004_20230822184804_001_001_000_003.jpg,./data/you_foulbrood/abnormal/B_001_004_20230822184804_001_001_000_003.jpg,1,abnormal,B_001_004,B_001,B_001_004_20230822,1,test
B_001_004_20230822195118_001_001_000_003.jpg,./data/you_foulbrood/abnormal/B_001_004_20230822195118_001_001_000_003.jpg,1,abnormal,B_001_004,B_001,B_001_004_20230822,1,train
B_001_004_20230822200714_001_001_000_003.jpg,./data/you_foulbrood/abnormal/B_001_004_20230822200714_001_001_000_003.jpg,1,abnormal,B_001_004,B_001,B_001_004_20230822,1,test
B_001_004_20230822201858_001_004_000_003.jpg,./data/you_foulbrood/abnormal/B_001_004_20230822201858_001_004_000_003.jpg,1,abnormal,B_001_004,B_001,B_001_004_20230822,1,train
B_001_004_20230822212248_001_002_000_003.jpg,./data/you_foulbrood/abnormal/B_001_004_20230822212248_001_002_000_003.jpg,1,abnormal,B_001_004,B_001,B_001_004_20230822,1,train
B_001_004_20230824193216_001_001_000_003.jpg,./data/you_foulbrood/abnormal/B_001_004_20230824193216_001_001_000_003.jpg,1,abnormal,B_001_004,B_001,B_001_004_20230824,1,test
B_001_004_20230908152003_001_004_000_003.jpg,./data/you_foulbrood/abnormal/B_001_004_20230908152003_001_004_000_003.jpg,1,abnormal,B_001_004,B_001,B_001_004_20230908,1,test
B_001_004_20230912144417_001_001_000_003.jpg,./data/you_foulbrood/abnormal/B_001_004_20230912144417_001_001_000_003.jpg,1,abnormal,B_001_004,B_001,B_001_004_20230912,1,train
B_001_005_20230820184841_001_004_000_003.jpg,./data/you_foulbrood/abnormal/B_001_005_20230820184841_001_004_000_003.jpg,1,abnormal,B_001_005,B_001,B_001_005_20230820,1,test
B_001_005_20230820185047_001_002_000_003.jpg,./data/you_foulbrood/abnormal/B_001_005_20230820185047_001_002_000_003.jpg,1,abnormal,B_001_005,B_001,B_001_005_20230820,1,test
B_001_005_20230820185047_001_003_000_003.jpg,./data/you_foulbrood/abnormal/B_001_005_20230820185047_001_003_000_003.jpg,1,abnormal,B_001_005,B_001,B_001_005_20230820,1,val
B_001_005_20230820185133_001_001_000_003.jpg,./data/you_foulbrood/abnormal/B_001_005_20230820185133_001_001_000_003.jpg,1,abnormal,B_001_005,B_001,B_001_005_20230820,1,train
B_001_005_20230820191819_001_003_000_003.jpg,./data/you_foulbrood/abnormal/B_001_005_20230820191819_001_003_000_003.jpg,1,abnormal,B_001_005,B_001,B_001_005_20230820,1,val
B_001_005_20230820204814_001_003_000_003.jpg,./data/you_foulbrood/abnormal/B_001_005_20230820204814_001_003_000_003.jpg,1,abnormal,B_001_005,B_001,B_001_005_20230820,1,val
B_001_005_20230904142517_001_001_000_003.jpg,./data/you_foulbrood/abnormal/B_001_005_20230904142517_001_001_000_003.jpg,1,abnormal,B_001_005,B_001,B_001_005_20230904,1,train
B_001_006_20230824224546_001_003_000_003.jpg,./data/you_foulbrood/abnormal/B_001_006_20230824224546_001_003_000_003.jpg,1,abnormal,B_001_006,B_001,B_001_006_20230824,1,val
B_001_006_20230912102608_001_001_000_003.jpg,./data/you_foulbrood/abnormal/B_001_006_20230912102608_001_001_000_003.jpg,1,abnormal,B_001_006,B_001,B_001_006_20230912,1,train
B_001_007_20230903092632_001_004_000_003.jpg,./data/you_foulbrood/abnormal/B_001_007_20230903092632_001_004_000_003.jpg,1,abnormal,B_001_007,B_001,B_001_007_20230903,1,val
B_001_007_20230903093414_001_004_000_003.jpg,./data/you_foulbrood/abnormal/B_001_007_20230903093414_001_004_000_003.jpg,1,abnormal,B_001_007,B_001,B_001_007_20230903,1,test
B_001_007_20230912114450_001_001_000_003.jpg,./data/you_foulbrood/abnormal/B_001_007_20230912114450_001_001_000_003.jpg,1,abnormal,B_001_007,B_001,B_001_007_20230912,1,train
B_001_008_20230908093555_001_003_000_003.jpg,./data/you_foulbrood/abnormal/B_001_008_20230908093555_001_003_000_003.jpg,1,abnormal,B_001_008,B_001,B_001_008_20230908,1,train
B_001_009_20230902100119_001_002_000_003.jpg,./data/you_foulbrood/abnormal/B_001_009_20230902100119_001_002_000_003.jpg,1,abnormal,B_001_009,B_001,B_001_009_20230902,1,test
B_001_009_20230912145517_001_001_000_003.jpg,./data/you_foulbrood/abnormal/B_001_009_20230912145517_001_001_000_003.jpg,1,abnormal,B_001_009,B_001,B_001_009_20230912,1,train
B_001_009_20230912145529_001_001_000_003.jpg,./data/you_foulbrood/abnormal/B_001_009_20230912145529_001_001_000_003.jpg,1,abnormal,B_001_009,B_001,B_001_009_20230912,1,train
B_001_009_20230912145532_001_001_000_003.jpg,./data/you_foulbrood/abnormal/B_001_009_20230912145532_001_001_000_003.jpg,1,abnormal,B_001_009,B_001,B_001_009_20230912,1,train
B_001_011_20230912122802_001_001_000_003.jpg,./data/you_foulbrood/abnormal/B_001_011_20230912122802_001_001_000_003.jpg,1,abnormal,B_001_011,B_001,B_001_011_20230912,1,train
B_001_012_20230820221008_001_004_000_003.jpg,./data/you_foulbrood/abnormal/B_001_012_20230820221008_001_004_000_003.jpg,1,abnormal,B_001_012,B_001,B_001_012_20230820,1,train
B_001_012_20230820225422_001_004_000_003.jpg,./data/you_foulbrood/abnormal/B_001_012_20230820225422_001_004_000_003.jpg,1,abnormal,B_001_012,B_001,B_001_012_20230820,1,val
B_001_012_20230821180805_001_004_000_003.jpg,./data/you_foulbrood/abnormal/B_001_012_20230821180805_001_004_000_003.jpg,1,abnormal,B_001_012,B_001,B_001_012_20230821,1,val
B_001_012_20230821181145_001_002_000_003.jpg,./data/you_foulbrood/abnormal/B_001_012_20230821181145_001_002_000_003.jpg,1,abnormal,B_001_012,B_001,B_001_012_20230821,1,train
B_001_012_20230821185940_001_002_000_003.jpg,./data/you_foulbrood/abnormal/B_001_012_20230821185940_001_002_000_003.jpg,1,abnormal,B_001_012,B_001,B_001_012_20230821,1,val
B_001_012_20230821191717_001_001_000_003.jpg,./data/you_foulbrood/abnormal/B_001_012_20230821191717_001_001_000_003.jpg,1,abnormal,B_001_012,B_001,B_001_012_20230821,1,train
B_001_012_20230821192346_001_004_000_003.jpg,./data/you_foulbrood/abnormal/B_001_012_20230821192346_001_004_000_003.jpg,1,abnormal,B_001_012,B_001,B_001_012_20230821,1,val
B_001_012_20230821194109_001_004_000_003.jpg,./data/you_foulbrood/abnormal/B_001_012_20230821194109_001_004_000_003.jpg,1,abnormal,B_001_012,B_001,B_001_012_20230821,1,train
B_001_012_20230821203719_001_001_000_003.jpg,./data/you_foulbrood/abnormal/B_001_012_20230821203719_001_001_000_003.jpg,1,abnormal,B_001_012,B_001,B_001_012_20230821,1,val
B_001_012_20230821211028_001_001_000_003.jpg,./data/you_foulbrood/abnormal/B_001_012_20230821211028_001_001_000_003.jpg,1,abnormal,B_001_012,B_001,B_001_012_20230821,1,test
B_001_012_20230821211028_001_002_000_003.jpg,./data/you_foulbrood/abnormal/B_001_012_20230821211028_001_002_000_003.jpg,1,abnormal,B_001_012,B_001,B_001_012_20230821,1,val
B_001_012_20230821221039_001_004_000_003.jpg,./data/you_foulbrood/abnormal/B_001_012_20230821221039_001_004_000_003.jpg,1,abnormal,B_001_012,B_001,B_001_012_20230821,1,test
B_001_012_20230821224154_001_002_000_003.jpg,./data/you_foulbrood/abnormal/B_001_012_20230821224154_001_002_000_003.jpg,1,abnormal,B_001_012,B_001,B_001_012_20230821,1,val
B_001_012_20230821224827_001_003_000_003.jpg,./data/you_foulbrood/abnormal/B_001_012_20230821224827_001_003_000_003.jpg,1,abnormal,B_001_012,B_001,B_001_012_20230821,1,val
B_001_012_20230822180827_001_002_000_003.jpg,./data/you_foulbrood/abnormal/B_001_012_20230822180827_001_002_000_003.jpg,1,abnormal,B_001_012,B_001,B_001_012_20230822,1,train
B_001_012_20230822202629_001_002_000_003.jpg,./data/you_foulbrood/abnormal/B_001_012_20230822202629_001_002_000_003.jpg,1,abnormal,B_001_012,B_001,B_001_012_20230822,1,test
B_001_012_20230822210200_001_003_000_003.jpg,./data/you_foulbrood/abnormal/B_001_012_20230822210200_001_003_000_003.jpg,1,abnormal,B_001_012,B_001,B_001_012_20230822,1,val
B_001_012_20230822211756_001_001_000_003.jpg,./data/you_foulbrood/abnormal/B_001_012_20230822211756_001_001_000_003.jpg,1,abnormal,B_001_012,B_001,B_001_012_20230822,1,test
B_001_013_20230819190946_001_003_000_003.jpg,./data/you_foulbrood/abnormal/B_001_013_20230819190946_001_003_000_003.jpg,1,abnormal,B_001_013,B_001,B_001_013_20230819,1,train
B_001_013_20230819191617_001_002_000_003.jpg,./data/you_foulbrood/abnormal/B_001_013_20230819191617_001_002_000_003.jpg,1,abnormal,B_001_013,B_001,B_001_013_20230819,1,train
B_001_013_20230819194224_001_004_000_003.jpg,./data/you_foulbrood/abnormal/B_001_013_20230819194224_001_004_000_003.jpg,1,abnormal,B_001_013,B_001,B_001_013_20230819,1,train
B_001_013_20230819205758_001_002_000_003.jpg,./data/you_foulbrood/abnormal/B_001_013_20230819205758_001_002_000_003.jpg,1,abnormal,B_001_013,B_001,B_001_013_20230819,1,train
B_001_013_20230819214211_001_001_000_003.jpg,./data/you_foulbrood/abnormal/B_001_013_20230819214211_001_001_000_003.jpg,1,abnormal,B_001_013,B_001,B_001_013_20230819,1,test
B_001_013_20230819225511_001_004_000_003.jpg,./data/you_foulbrood/abnormal/B_001_013_20230819225511_001_004_000_003.jpg,1,abnormal,B_001_013,B_001,B_001_013_20230819,1,test
B_001_013_20230820194245_001_002_000_003.jpg,./data/you_foulbrood/abnormal/B_001_013_20230820194245_001_002_000_003.jpg,1,abnormal,B_001_013,B_001,B_001_013_20230820,1,train
B_001_013_20230820194410_001_003_000_003.jpg,./data/you_foulbrood/abnormal/B_001_013_20230820194410_001_003_000_003.jpg,1,abnormal,B_001_013,B_001,B_001_013_20230820,1,train
B_001_013_20230820203027_001_003_000_003.jpg,./data/you_foulbrood/abnormal/B_001_013_20230820203027_001_003_000_003.jpg,1,abnormal,B_001_013,B_001,B_001_013_20230820,1,train
B_001_013_20230820205117_001_001_000_003.jpg,./data/you_foulbrood/abnormal/B_001_013_20230820205117_001_001_000_003.jpg,1,abnormal,B_001_013,B_001,B_001_013_20230820,1,test
B_001_013_20230820213615_001_001_000_003.jpg,./data/you_foulbrood/abnormal/B_001_013_20230820213615_001_001_000_003.jpg,1,abnormal,B_001_013,B_001,B_001_013_20230820,1,train
B_001_016_20230909084107_001_004_000_003.jpg,./data/you_foulbrood/abnormal/B_001_016_20230909084107_001_004_000_003.jpg,1,abnormal,B_001_016,B_001,B_001_016_20230909,1,test
B_001_016_20230909084151_001_003_000_003.jpg,./data/you_foulbrood/abnormal/B_001_016_20230909084151_001_003_000_003.jpg,1,abnormal,B_001_016,B_001,B_001_016_20230909,1,train
B_001_016_20230909084350_001_001_000_003.jpg,./data/you_foulbrood/abnormal/B_001_016_20230909084350_001_001_000_003.jpg,1,abnormal,B_001_016,B_001,B_001_016_20230909,1,train
B_001_018_20230819182714_001_004_000_003.jpg,./data/you_foulbrood/abnormal/B_001_018_20230819182714_001_004_000_003.jpg,1,abnormal,B_001_018,B_001,B_001_018_20230819,1,train
B_001_018_20230819183849_001_003_000_003.jpg,./data/you_foulbrood/abnormal/B_001_018_20230819183849_001_003_000_003.jpg,1,abnormal,B_001_018,B_001,B_001_018_20230819,1,val
B_001_018_20230819184527_001_004_000_003.jpg,./data/you_foulbrood/abnormal/B_001_018_20230819184527_001_004_000_003.jpg,1,abnormal,B_001_018,B_001,B_001_018_20230819,1,val
B_001_018_20230819185152_001_004_000_003.jpg,./data/you_foulbrood/abnormal/B_001_018_20230819185152_001_004_000_003.jpg,1,abnormal,B_001_018,B_001,B_001_018_20230819,1,test
B_001_018_20230819185613_001_001_000_003.jpg,./data/you_foulbrood/abnormal/B_001_018_20230819185613_001_001_000_003.jpg,1,abnormal,B_001_018,B_001,B_001_018_20230819,1,val
B_001_018_20230819193854_001_001_000_003.jpg,./data/you_foulbrood/abnormal/B_001_018_20230819193854_001_001_000_003.jpg,1,abnormal,B_001_018,B_001,B_001_018_20230819,1,val
B_001_018_20230819212154_001_001_000_003.jpg,./data/you_foulbrood/abnormal/B_001_018_20230819212154_001_001_000_003.jpg,1,abnormal,B_001_018,B_001,B_001_018_20230819,1,test
B_001_018_20230819223043_001_001_000_003.jpg,./data/you_foulbrood/abnormal/B_001_018_20230819223043_001_001_000_003.jpg,1,abnormal,B_001_018,B_001,B_001_018_20230819,1,test
B_001_018_20230819223756_001_002_000_003.jpg,./data/you_foulbrood/abnormal/B_001_018_20230819223756_001_002_000_003.jpg,1,abnormal,B_001_018,B_001,B_001_018_20230819,1,train
B_001_018_20230819224138_001_002_000_003.jpg,./data/you_foulbrood/abnormal/B_001_018_20230819224138_001_002_000_003.jpg,1,abnormal,B_001_018,B_001,B_001_018_20230819,1,val
B_001_018_20230819225351_001_002_000_003.jpg,./data/you_foulbrood/abnormal/B_001_018_20230819225351_001_002_000_003.jpg,1,abnormal,B_001_018,B_001,B_001_018_20230819,1,train
B_001_018_20230819225351_001_003_000_003.jpg,./data/you_foulbrood/abnormal/B_001_018_20230819225351_001_003_000_003.jpg,1,abnormal,B_001_018,B_001,B_001_018_20230819,1,test
B_001_018_20230819225648_001_002_000_003.jpg,./data/you_foulbrood/abnormal/B_001_018_20230819225648_001_002_000_003.jpg,1,abnormal,B_001_018,B_001,B_001_018_20230819,1,train
B_001_018_20230821195335_001_004_000_003.jpg,./data/you_foulbrood/abnormal/B_001_018_20230821195335_001_004_000_003.jpg,1,abnormal,B_001_018,B_001,B_001_018_20230821,1,test
B_001_018_20230912153845_001_001_000_003.jpg,./data/you_foulbrood/abnormal/B_001_018_20230912153845_001_001_000_003.jpg,1,abnormal,B_001_018,B_001,B_001_018_20230912,1,test
B_001_019_20230819190159_001_004_000_003.jpg,./data/you_foulbrood/abnormal/B_001_019_20230819190159_001_004_000_003.jpg,1,abnormal,B_001_019,B_001,B_001_019_20230819,1,test
B_001_019_20230819190406_001_003_000_003.jpg,./data/you_foulbrood/abnormal/B_001_019_20230819190406_001_003_000_003.jpg,1,abnormal,B_001_019,B_001,B_001_019_20230819,1,val
B_001_019_20230819191627_001_001_000_003.jpg,./data/you_foulbrood/abnormal/B_001_019_20230819191627_001_001_000_003.jpg,1,abnormal,B_001_019,B_001,B_001_019_20230819,1,train
B_001_019_20230819192004_001_002_000_003.jpg,./data/you_foulbrood/abnormal/B_001_019_20230819192004_001_002_000_003.jpg,1,abnormal,B_001_019,B_001,B_001_019_20230819,1,test
B_001_019_20230819195035_001_004_000_003.jpg,./data/you_foulbrood/abnormal/B_001_019_20230819195035_001_004_000_003.jpg,1,abnormal,B_001_019,B_001,B_001_019_20230819,1,train
B_001_019_20230819200254_001_003_000_003.jpg,./data/you_foulbrood/abnormal/B_001_019_20230819200254_001_003_000_003.jpg,1,abnormal,B_001_019,B_001,B_001_019_20230819,1,test
B_001_019_20230819200337_001_001_000_003.jpg,./data/you_foulbrood/abnormal/B_001_019_20230819200337_001_001_000_003.jpg,1,abnormal,B_001_019,B_001,B_001_019_20230819,1,val
B_001_019_20230819200719_001_002_000_003.jpg,./data/you_foulbrood/abnormal/B_001_019_20230819200719_001_002_000_003.jpg,1,abnormal,B_001_019,B_001,B_001_019_20230819,1,test
B_001_019_20230819201520_001_001_000_003.jpg,./data/you_foulbrood/abnormal/B_001_019_20230819201520_001_001_000_003.jpg,1,abnormal,B_001_019,B_001,B_001_019_20230819,1,val
B_001_019_20230819202026_001_004_000_003.jpg,./data/you_foulbrood/abnormal/B_001_019_20230819202026_001_004_000_003.jpg,1,abnormal,B_001_019,B_001,B_001_019_20230819,1,test
B_001_019_20230819203111_001_004_000_003.jpg,./data/you_foulbrood/abnormal/B_001_019_20230819203111_001_004_000_003.jpg,1,abnormal,B_001_019,B_001,B_001_019_20230819,1,train
B_001_019_20230819203155_001_001_000_003.jpg,./data/you_foulbrood/abnormal/B_001_019_20230819203155_001_001_000_003.jpg,1,abnormal,B_001_019,B_001,B_001_019_20230819,1,train
B_001_019_20230819203407_001_001_000_003.jpg,./data/you_foulbrood/abnormal/B_001_019_20230819203407_001_001_000_003.jpg,1,abnormal,B_001_019,B_001,B_001_019_20230819,1,test
B_001_019_20230819210939_001_001_000_003.jpg,./data/you_foulbrood/abnormal/B_001_019_20230819210939_001_001_000_003.jpg,1,abnormal,B_001_019,B_001,B_001_019_20230819,1,train
B_001_019_20230819214723_001_001_000_003.jpg,./data/you_foulbrood/abnormal/B_001_019_20230819214723_001_001_000_003.jpg,1,abnormal,B_001_019,B_001,B_001_019_20230819,1,test
B_001_019_20230819215315_001_001_000_003.jpg,./data/you_foulbrood/abnormal/B_001_019_20230819215315_001_001_000_003.jpg,1,abnormal,B_001_019,B_001,B_001_019_20230819,1,val
B_001_019_20230819220318_001_001_000_003.jpg,./data/you_foulbrood/abnormal/B_001_019_20230819220318_001_001_000_003.jpg,1,abnormal,B_001_019,B_001,B_001_019_20230819,1,train
B_001_019_20230819222752_001_003_000_003.jpg,./data/you_foulbrood/abnormal/B_001_019_20230819222752_001_003_000_003.jpg,1,abnormal,B_001_019,B_001,B_001_019_20230819,1,train
B_001_019_20230819224643_001_002_000_003.jpg,./data/you_foulbrood/abnormal/B_001_019_20230819224643_001_002_000_003.jpg,1,abnormal,B_001_019,B_001,B_001_019_20230819,1,train
B_001_019_20230819225941_001_001_000_003.jpg,./data/you_foulbrood/abnormal/B_001_019_20230819225941_001_001_000_003.jpg,1,abnormal,B_001_019,B_001,B_001_019_20230819,1,train
B_001_019_20230912104930_001_001_000_003.jpg,./data/you_foulbrood/abnormal/B_001_019_20230912104930_001_001_000_003.jpg,1,abnormal,B_001_019,B_001,B_001_019_20230912,1,train
B_001_020_20230819182134_001_004_000_003.jpg,./data/you_foulbrood/abnormal/B_001_020_20230819182134_001_004_000_003.jpg,1,abnormal,B_001_020,B_001,B_001_020_20230819,1,train
B_001_020_20230819182342_001_002_000_003.jpg,./data/you_foulbrood/abnormal/B_001_020_20230819182342_001_002_000_003.jpg,1,abnormal,B_001_020,B_001,B_001_020_20230819,1,train
B_001_020_20230819184150_001_003_000_003.jpg,./data/you_foulbrood/abnormal/B_001_020_20230819184150_001_003_000_003.jpg,1,abnormal,B_001_020,B_001,B_001_020_20230819,1,train
B_001_020_20230819184655_001_003_000_003.jpg,./data/you_foulbrood/abnormal/B_001_020_20230819184655_001_003_000_003.jpg,1,abnormal,B_001_020,B_001,B_001_020_20230819,1,train
B_001_020_20230819185615_001_002_000_003.jpg,./data/you_foulbrood/abnormal/B_001_020_20230819185615_001_002_000_003.jpg,1,abnormal,B_001_020,B_001,B_001_020_20230819,1,test
B_001_020_20230819190619_001_002_000_003.jpg,./data/you_foulbrood/abnormal/B_001_020_20230819190619_001_002_000_003.jpg,1,abnormal,B_001_020,B_001,B_001_020_20230819,1,train
B_001_020_20230819192214_001_004_000_003.jpg,./data/you_foulbrood/abnormal/B_001_020_20230819192214_001_004_000_003.jpg,1,abnormal,B_001_020,B_001,B_001_020_20230819,1,test
B_001_020_20230819194151_001_001_000_003.jpg,./data/you_foulbrood/abnormal/B_001_020_20230819194151_001_001_000_003.jpg,1,abnormal,B_001_020,B_001,B_001_020_20230819,1,train
B_001_020_20230819195835_001_001_000_003.jpg,./data/you_foulbrood/abnormal/B_001_020_20230819195835_001_001_000_003.jpg,1,abnormal,B_001_020,B_001,B_001_020_20230819,1,val
B_001_020_20230819212621_001_001_000_003.jpg,./data/you_foulbrood/abnormal/B_001_020_20230819212621_001_001_000_003.jpg,1,abnormal,B_001_020,B_001,B_001_020_20230819,1,train
B_001_020_20230819212834_001_001_000_003.jpg,./data/you_foulbrood/abnormal/B_001_020_20230819212834_001_001_000_003.jpg,1,abnormal,B_001_020,B_001,B_001_020_20230819,1,train
B_001_020_20230819213633_001_003_000_003.jpg,./data/you_foulbrood/abnormal/B_001_020_20230819213633_001_003_000_003.jpg,1,abnormal,B_001_020,B_001,B_001_020_20230819,1,val
B_001_020_20230819222710_001_001_000_003.jpg,./data/you_foulbrood/abnormal/B_001_020_20230819222710_001_001_000_003.jpg,1,abnormal,B_001_020,B_001,B_001_020_20230819,1,train
B_001_020_20230904164255_001_001_000_003.jpg,./data/you_foulbrood/abnormal/B_001_020_20230904164255_001_001_000_003.jpg,1,abnormal,B_001_020,B_001,B_001_020_20230904,1,test
B_001_021_20230819183433_001_004_000_003.jpg,./data/you_foulbrood/abnormal/B_001_021_20230819183433_001_004_000_003.jpg,1,abnormal,B_001_021,B_001,B_001_021_20230819,1,test
B_001_021_20230819183810_001_004_000_003.jpg,./data/you_foulbrood/abnormal/B_001_021_20230819183810_001_004_000_003.jpg,1,abnormal,B_001_021,B_001,B_001_021_20230819,1,train
B_001_021_20230819185409_001_004_000_003.jpg,./data/you_foulbrood/abnormal/B_001_021_20230819185409_001_004_000_003.jpg,1,abnormal,B_001_021,B_001,B_001_021_20230819,1,test
B_001_021_20230819192933_001_003_000_003.jpg,./data/you_foulbrood/abnormal/B_001_021_20230819192933_001_003_000_003.jpg,1,abnormal,B_001_021,B_001,B_001_021_20230819,1,val
B_001_021_20230819193227_001_004_000_003.jpg,./data/you_foulbrood/abnormal/B_001_021_20230819193227_001_004_000_003.jpg,1,abnormal,B_001_021,B_001,B_001_021_20230819,1,test
B_001_021_20230819194238_001_001_000_003.jpg,./data/you_foulbrood/abnormal/B_001_021_20230819194238_001_001_000_003.jpg,1,abnormal,B_001_021,B_001,B_001_021_20230819,1,test
B_001_021_20230819194404_001_004_000_003.jpg,./data/you_foulbrood/abnormal/B_001_021_20230819194404_001_004_000_003.jpg,1,abnormal,B_001_021,B_001,B_001_021_20230819,1,train
B_001_021_20230819195920_001_002_000_003.jpg,./data/you_foulbrood/abnormal/B_001_021_20230819195920_001_002_000_003.jpg,1,abnormal,B_001_021,B_001,B_001_021_20230819,1,train
B_001_021_20230819201016_001_001_000_003.jpg,./data/you_foulbrood/abnormal/B_001_021_20230819201016_001_001_000_003.jpg,1,abnormal,B_001_021,B_001,B_001_021_20230819,1,train
B_001_021_20230819203537_001_004_000_003.jpg,./data/you_foulbrood/abnormal/B_001_021_20230819203537_001_004_000_003.jpg,1,abnormal,B_001_021,B_001,B_001_021_20230819,1,val
B_001_021_20230819203912_001_004_000_003.jpg,./data/you_foulbrood/abnormal/B_001_021_20230819203912_001_004_000_003.jpg,1,abnormal,B_001_021,B_001,B_001_021_20230819,1,train
B_001_021_20230819220157_001_002_000_003.jpg,./data/you_foulbrood/abnormal/B_001_021_20230819220157_001_002_000_003.jpg,1,abnormal,B_001_021,B_001,B_001_021_20230819,1,test
B_001_021_20230819222630_001_001_000_003.jpg,./data/you_foulbrood/abnormal/B_001_021_20230819222630_001_001_000_003.jpg,1,abnormal,B_001_021,B_001,B_001_021_20230819,1,train
B_001_021_20230819223718_001_003_000_003.jpg,./data/you_foulbrood/abnormal/B_001_021_20230819223718_001_003_000_003.jpg,1,abnormal,B_001_021,B_001,B_001_021_20230819,1,train
B_001_021_20230819223718_001_004_000_003.jpg,./data/you_foulbrood/abnormal/B_001_021_20230819223718_001_004_000_003.jpg,1,abnormal,B_001_021,B_001,B_001_021_20230819,1,train
B_001_021_20230819224016_001_003_000_003.jpg,./data/you_foulbrood/abnormal/B_001_021_20230819224016_001_003_000_003.jpg,1,abnormal,B_001_021,B_001,B_001_021_20230819,1,val
B_001_021_20230819224226_001_004_000_003.jpg,./data/you_foulbrood/abnormal/B_001_021_20230819224226_001_004_000_003.jpg,1,abnormal,B_001_021,B_001,B_001_021_20230819,1,test
B_001_021_20230903130514_001_002_000_003.jpg,./data/you_foulbrood/abnormal/B_001_021_20230903130514_001_002_000_003.jpg,1,abnormal,B_001_021,B_001,B_001_021_20230903,1,val
B_001_022_20230819182345_001_003_000_003.jpg,./data/you_foulbrood/abnormal/B_001_022_20230819182345_001_003_000_003.jpg,1,abnormal,B_001_022,B_001,B_001_022_20230819,1,train
B_001_022_20230819182804_001_003_000_003.jpg,./data/you_foulbrood/abnormal/B_001_022_20230819182804_001_003_000_003.jpg,1,abnormal,B_001_022,B_001,B_001_022_20230819,1,train
B_001_022_20230819184532_001_001_000_003.jpg,./data/you_foulbrood/abnormal/B_001_022_20230819184532_001_001_000_003.jpg,1,abnormal,B_001_022,B_001,B_001_022_20230819,1,val
B_001_022_20230819184825_001_001_000_003.jpg,./data/you_foulbrood/abnormal/B_001_022_20230819184825_001_001_000_003.jpg,1,abnormal,B_001_022,B_001,B_001_022_20230819,1,test
B_001_022_20230819185032_001_001_000_003.jpg,./data/you_foulbrood/abnormal/B_001_022_20230819185032_001_001_000_003.jpg,1,abnormal,B_001_022,B_001,B_001_022_20230819,1,test
B_001_022_20230819185536_001_004_000_003.jpg,./data/you_foulbrood/abnormal/B_001_022_20230819185536_001_004_000_003.jpg,1,abnormal,B_001_022,B_001,B_001_022_20230819,1,test
B_001_022_20230819191210_001_003_000_003.jpg,./data/you_foulbrood/abnormal/B_001_022_20230819191210_001_003_000_003.jpg,1,abnormal,B_001_022,B_001,B_001_022_20230819,1,test
B_001_022_20230819192341_001_001_000_003.jpg,./data/you_foulbrood/abnormal/B_001_022_20230819192341_001_001_000_003.jpg,1,abnormal,B_001_022,B_001,B_001_022_20230819,1,test
B_001_022_20230819194745_001_004_000_003.jpg,./data/you_foulbrood/abnormal/B_001_022_20230819194745_001_004_000_003.jpg,1,abnormal,B_001_022,B_001,B_001_022_20230819,1,val
B_001_022_20230819202823_001_002_000_003.jpg,./data/you_foulbrood/abnormal/B_001_022_20230819202823_001_002_000_003.jpg,1,abnormal,B_001_022,B_001,B_001_022_20230819,1,train
B_001_022_20230819203116_001_002_000_003.jpg,./data/you_foulbrood/abnormal/B_001_022_20230819203116_001_002_000_003.jpg,1,abnormal,B_001_022,B_001,B_001_022_20230819,1,val
B_001_022_20230819203619_001_003_000_003.jpg,./data/you_foulbrood/abnormal/B_001_022_20230819203619_001_003_000_003.jpg,1,abnormal,B_001_022,B_001,B_001_022_20230819,1,test
B_001_022_20230819210101_001_001_000_003.jpg,./data/you_foulbrood/abnormal/B_001_022_20230819210101_001_001_000_003.jpg,1,abnormal,B_001_022,B_001,B_001_022_20230819,1,train
B_001_022_20230819211404_001_004_000_003.jpg,./data/you_foulbrood/abnormal/B_001_022_20230819211404_001_004_000_003.jpg,1,abnormal,B_001_022,B_001,B_001_022_20230819,1,test
B_001_022_20230819211952_001_003_000_003.jpg,./data/you_foulbrood/abnormal/B_001_022_20230819211952_001_003_000_003.jpg,1,abnormal,B_001_022,B_001,B_001_022_20230819,1,test
B_001_022_20230819221544_001_001_000_003.jpg,./data/you_foulbrood/abnormal/B_001_022_20230819221544_001_001_000_003.jpg,1,abnormal,B_001_022,B_001,B_001_022_20230819,1,train
B_001_023_20230819183223_001_001_000_003.jpg,./data/you_foulbrood/abnormal/B_001_023_20230819183223_001_001_000_003.jpg,1,abnormal,B_001_023,B_001,B_001_023_20230819,1,test
B_001_023_20230819190918_001_003_000_003.jpg,./data/you_foulbrood/abnormal/B_001_023_20230819190918_001_003_000_003.jpg,1,abnormal,B_001_023,B_001,B_001_023_20230819,1,train
B_001_023_20230819192640_001_002_000_003.jpg,./data/you_foulbrood/abnormal/B_001_023_20230819192640_001_002_000_003.jpg,1,abnormal,B_001_023,B_001,B_001_023_20230819,1,val
B_001_023_20230819193359_001_003_000_003.jpg,./data/you_foulbrood/abnormal/B_001_023_20230819193359_001_003_000_003.jpg,1,abnormal,B_001_023,B_001,B_001_023_20230819,1,test
B_001_023_20230819202033_001_001_000_003.jpg,./data/you_foulbrood/abnormal/B_001_023_20230819202033_001_001_000_003.jpg,1,abnormal,B_001_023,B_001,B_001_023_20230819,1,train
B_001_023_20230819211113_001_002_000_003.jpg,./data/you_foulbrood/abnormal/B_001_023_20230819211113_001_002_000_003.jpg,1,abnormal,B_001_023,B_001,B_001_023_20230819,1,train
B_001_023_20230819211614_001_004_000_003.jpg,./data/you_foulbrood/abnormal/B_001_023_20230819211614_001_004_000_003.jpg,1,abnormal,B_001_023,B_001,B_001_023_20230819,1,test
B_001_023_20230819212330_001_001_000_003.jpg,./data/you_foulbrood/abnormal/B_001_023_20230819212330_001_001_000_003.jpg,1,abnormal,B_001_023,B_001,B_001_023_20230819,1,train
B_001_023_20230819214016_001_003_000_003.jpg,./data/you_foulbrood/abnormal/B_001_023_20230819214016_001_003_000_003.jpg,1,abnormal,B_001_023,B_001,B_001_023_20230819,1,test
B_001_023_20230819224816_001_001_000_003.jpg,./data/you_foulbrood/abnormal/B_001_023_20230819224816_001_001_000_003.jpg,1,abnormal,B_001_023,B_001,B_001_023_20230819,1,train
B_001_023_20230821184356_001_004_000_003.jpg,./data/you_foulbrood/abnormal/B_001_023_20230821184356_001_004_000_003.jpg,1,abnormal,B_001_023,B_001,B_001_023_20230821,1,train
B_001_023_20230821190718_001_003_000_003.jpg,./data/you_foulbrood/abnormal/B_001_023_20230821190718_001_003_000_003.jpg,1,abnormal,B_001_023,B_001,B_001_023_20230821,1,train
B_001_023_20230821190802_001_004_000_003.jpg,./data/you_foulbrood/abnormal/B_001_023_20230821190802_001_004_000_003.jpg,1,abnormal,B_001_023,B_001,B_001_023_20230821,1,test
B_001_023_20230821192319_001_002_000_003.jpg,./data/you_foulbrood/abnormal/B_001_023_20230821192319_001_002_000_003.jpg,1,abnormal,B_001_023,B_001,B_001_023_20230821,1,test
B_001_023_20230821194543_001_004_000_003.jpg,./data/you_foulbrood/abnormal/B_001_023_20230821194543_001_004_000_003.jpg,1,abnormal,B_001_023,B_001,B_001_023_20230821,1,train
B_001_023_20230821195343_001_001_000_003.jpg,./data/you_foulbrood/abnormal/B_001_023_20230821195343_001_001_000_003.jpg,1,abnormal,B_001_023,B_001,B_001_023_20230821,1,train
B_001_023_20230821195511_001_002_000_003.jpg,./data/you_foulbrood/abnormal/B_001_023_20230821195511_001_002_000_003.jpg,1,abnormal,B_001_023,B_001,B_001_023_20230821,1,train
B_001_023_20230821202313_001_003_000_003.jpg,./data/you_foulbrood/abnormal/B_001_023_20230821202313_001_003_000_003.jpg,1,abnormal,B_001_023,B_001,B_001_023_20230821,1,val
B_001_023_20230821210255_001_004_000_003.jpg,./data/you_foulbrood/abnormal/B_001_023_20230821210255_001_004_000_003.jpg,1,abnormal,B_001_023,B_001,B_001_023_20230821,1,test
B_001_023_20230821211002_001_002_000_003.jpg,./data/you_foulbrood/abnormal/B_001_023_20230821211002_001_002_000_003.jpg,1,abnormal,B_001_023,B_001,B_001_023_20230821,1,test
B_001_023_20230821211002_001_003_000_003.jpg,./data/you_foulbrood/abnormal/B_001_023_20230821211002_001_003_000_003.jpg,1,abnormal,B_001_023,B_001,B_001_023_20230821,1,train
B_001_023_20230821215215_001_002_000_003.jpg,./data/you_foulbrood/abnormal/B_001_023_20230821215215_001_002_000_003.jpg,1,abnormal,B_001_023,B_001,B_001_023_20230821,1,train
B_001_023_20230821221013_001_001_000_003.jpg,./data/you_foulbrood/abnormal/B_001_023_20230821221013_001_001_000_003.jpg,1,abnormal,B_001_023,B_001,B_001_023_20230821,1,test
B_001_023_20230821222910_001_004_000_003.jpg,./data/you_foulbrood/abnormal/B_001_023_20230821222910_001_004_000_003.jpg,1,abnormal,B_001_023,B_001,B_001_023_20230821,1,test
B_001_023_20230821223625_001_004_000_003.jpg,./data/you_foulbrood/abnormal/B_001_023_20230821223625_001_004_000_003.jpg,1,abnormal,B_001_023,B_001,B_001_023_20230821,1,test
B_001_023_20230821225056_001_004_000_003.jpg,./data/you_foulbrood/abnormal/B_001_023_20230821225056_001_004_000_003.jpg,1,abnormal,B_001_023,B_001,B_001_023_20230821,1,train
B_001_023_20230822180133_001_003_000_003.jpg,./data/you_foulbrood/abnormal/B_001_023_20230822180133_001_003_000_003.jpg,1,abnormal,B_001_023,B_001,B_001_023_20230822,1,train
B_001_023_20230822182312_001_003_000_003.jpg,./data/you_foulbrood/abnormal/B_001_023_20230822182312_001_003_000_003.jpg,1,abnormal,B_001_023,B_001,B_001_023_20230822,1,train
B_001_023_20230822182441_001_003_000_003.jpg,./data/you_foulbrood/abnormal/B_001_023_20230822182441_001_003_000_003.jpg,1,abnormal,B_001_023,B_001,B_001_023_20230822,1,test
B_001_023_20230822183741_001_002_000_003.jpg,./data/you_foulbrood/abnormal/B_001_023_20230822183741_001_002_000_003.jpg,1,abnormal,B_001_023,B_001,B_001_023_20230822,1,train
B_001_023_20230822185209_001_001_000_003.jpg,./data/you_foulbrood/abnormal/B_001_023_20230822185209_001_001_000_003.jpg,1,abnormal,B_001_023,B_001,B_001_023_20230822,1,train
B_001_023_20230822190514_001_004_000_003.jpg,./data/you_foulbrood/abnormal/B_001_023_20230822190514_001_004_000_003.jpg,1,abnormal,B_001_023,B_001,B_001_023_20230822,1,train
B_001_023_20230822191441_001_002_000_003.jpg,./data/you_foulbrood/abnormal/B_001_023_20230822191441_001_002_000_003.jpg,1,abnormal,B_001_023,B_001,B_001_023_20230822,1,test
B_001_023_20230822191824_001_003_000_003.jpg,./data/you_foulbrood/abnormal/B_001_023_20230822191824_001_003_000_003.jpg,1,abnormal,B_001_023,B_001,B_001_023_20230822,1,val
B_001_023_20230822193717_001_003_000_003.jpg,./data/you_foulbrood/abnormal/B_001_023_20230822193717_001_003_000_003.jpg,1,abnormal,B_001_023,B_001,B_001_023_20230822,1,train
B_001_023_20230822193845_001_001_000_003.jpg,./data/you_foulbrood/abnormal/B_001_023_20230822193845_001_001_000_003.jpg,1,abnormal,B_001_023,B_001,B_001_023_20230822,1,train
B_001_023_20230822195400_001_004_000_003.jpg,./data/you_foulbrood/abnormal/B_001_023_20230822195400_001_004_000_003.jpg,1,abnormal,B_001_023,B_001,B_001_023_20230822,1,test
B_001_023_20230822205709_001_003_000_003.jpg,./data/you_foulbrood/abnormal/B_001_023_20230822205709_001_003_000_003.jpg,1,abnormal,B_001_023,B_001,B_001_023_20230822,1,train
B_001_023_20230902134259_001_003_000_003.jpg,./data/you_foulbrood/abnormal/B_001_023_20230902134259_001_003_000_003.jpg,1,abnormal,B_001_023,B_001,B_001_023_20230902,1,train
B_001_023_20230912105433_001_001_000_003.jpg,./data/you_foulbrood/abnormal/B_001_023_20230912105433_001_001_000_003.jpg,1,abnormal,B_001_023,B_001,B_001_023_20230912,1,val
B_001_023_20230912155519_001_001_000_003.jpg,./data/you_foulbrood/abnormal/B_001_023_20230912155519_001_001_000_003.jpg,1,abnormal,B_001_023,B_001,B_001_023_20230912,1,train
B_001_024_20230819183057_001_003_000_003.jpg,./data/you_foulbrood/abnormal/B_001_024_20230819183057_001_003_000_003.jpg,1,abnormal,B_001_024,B_001,B_001_024_20230819,1,train
B_001_024_20230819191257_001_003_000_003.jpg,./data/you_foulbrood/abnormal/B_001_024_20230819191257_001_003_000_003.jpg,1,abnormal,B_001_024,B_001,B_001_024_20230819,1,test
B_001_024_20230819191506_001_002_000_003.jpg,./data/you_foulbrood/abnormal/B_001_024_20230819191506_001_002_000_003.jpg,1,abnormal,B_001_024,B_001,B_001_024_20230819,1,train
B_001_024_20230819200431_001_003_000_003.jpg,./data/you_foulbrood/abnormal/B_001_024_20230819200431_001_003_000_003.jpg,1,abnormal,B_001_024,B_001,B_001_024_20230819,1,test
B_001_024_20230819205941_001_001_000_003.jpg,./data/you_foulbrood/abnormal/B_001_024_20230819205941_001_001_000_003.jpg,1,abnormal,B_001_024,B_001,B_001_024_20230819,1,test
B_001_024_20230819213218_001_002_000_003.jpg,./data/you_foulbrood/abnormal/B_001_024_20230819213218_001_002_000_003.jpg,1,abnormal,B_001_024,B_001,B_001_024_20230819,1,train
B_001_024_20230819221503_001_003_000_003.jpg,./data/you_foulbrood/abnormal/B_001_024_20230819221503_001_003_000_003.jpg,1,abnormal,B_001_024,B_001,B_001_024_20230819,1,train
B_001_024_20230819222424_001_002_000_003.jpg,./data/you_foulbrood/abnormal/B_001_024_20230819222424_001_002_000_003.jpg,1,abnormal,B_001_024,B_001,B_001_024_20230819,1,train
B_001_024_20230820182214_001_002_000_003.jpg,./data/you_foulbrood/abnormal/B_001_024_20230820182214_001_002_000_003.jpg,1,abnormal,B_001_024,B_001,B_001_024_20230820,1,train
B_001_024_20230820184402_001_001_000_003.jpg,./data/you_foulbrood/abnormal/B_001_024_20230820184402_001_001_000_003.jpg,1,abnormal,B_001_024,B_001,B_001_024_20230820,1,train
B_001_024_20230820185201_001_002_000_003.jpg,./data/you_foulbrood/abnormal/B_001_024_20230820185201_001_002_000_003.jpg,1,abnormal,B_001_024,B_001,B_001_024_20230820,1,test
B_001_024_20230820192946_001_001_000_003.jpg,./data/you_foulbrood/abnormal/B_001_024_20230820192946_001_001_000_003.jpg,1,abnormal,B_001_024,B_001,B_001_024_20230820,1,val
B_001_024_20230821112545_001_002_000_003.jpg,./data/you_foulbrood/abnormal/B_001_024_20230821112545_001_002_000_003.jpg,1,abnormal,B_001_024,B_001,B_001_024_20230821,1,train
B_001_024_20230821112639_001_004_000_003.jpg,./data/you_foulbrood/abnormal/B_001_024_20230821112639_001_004_000_003.jpg,1,abnormal,B_001_024,B_001,B_001_024_20230821,1,train
B_001_024_20230902135704_001_004_000_003.jpg,./data/you_foulbrood/abnormal/B_001_024_20230902135704_001_004_000_003.jpg,1,abnormal,B_001_024,B_001,B_001_024_20230902,1,test
B_001_025_20230819195212_001_001_000_003.jpg,./data/you_foulbrood/abnormal/B_001_025_20230819195212_001_001_000_003.jpg,1,abnormal,B_001_025,B_001,B_001_025_20230819,1,train
B_001_025_20230819215743_001_002_000_003.jpg,./data/you_foulbrood/abnormal/B_001_025_20230819215743_001_002_000_003.jpg,1,abnormal,B_001_025,B_001,B_001_025_20230819,1,train
B_001_025_20230819221925_001_004_000_003.jpg,./data/you_foulbrood/abnormal/B_001_025_20230819221925_001_004_000_003.jpg,1,abnormal,B_001_025,B_001,B_001_025_20230819,1,test
B_001_025_20230819222508_001_004_000_003.jpg,./data/you_foulbrood/abnormal/B_001_025_20230819222508_001_004_000_003.jpg,1,abnormal,B_001_025,B_001,B_001_025_20230819,1,train
B_001_025_20230819224818_001_003_000_003.jpg,./data/you_foulbrood/abnormal/B_001_025_20230819224818_001_003_000_003.jpg,1,abnormal,B_001_025,B_001,B_001_025_20230819,1,train
B_001_025_20230821215010_001_001_000_003.jpg,./data/you_foulbrood/abnormal/B_001_025_20230821215010_001_001_000_003.jpg,1,abnormal,B_001_025,B_001,B_001_025_20230821,1,test
B_001_025_20230821220220_001_004_000_003.jpg,./data/you_foulbrood/abnormal/B_001_025_20230821220220_001_004_000_003.jpg,1,abnormal,B_001_025,B_001,B_001_025_20230821,1,train
B_001_025_20230822185927_001_004_000_003.jpg,./data/you_foulbrood/abnormal/B_001_025_20230822185927_001_004_000_003.jpg,1,abnormal,B_001_025,B_001,B_001_025_20230822,1,val
B_001_025_20230822211943_001_001_000_003.jpg,./data/you_foulbrood/abnormal/B_001_025_20230822211943_001_001_000_003.jpg,1,abnormal,B_001_025,B_001,B_001_025_20230822,1,train
B_001_025_20230822212321_001_002_000_003.jpg,./data/you_foulbrood/abnormal/B_001_025_20230822212321_001_002_000_003.jpg,1,abnormal,B_001_025,B_001,B_001_025_20230822,1,test
B_001_025_20230822212403_001_001_000_003.jpg,./data/you_foulbrood/abnormal/B_001_025_20230822212403_001_001_000_003.jpg,1,abnormal,B_001_025,B_001,B_001_025_20230822,1,test
B_001_025_20230827103306_001_002_000_003.jpg,./data/you_foulbrood/abnormal/B_001_025_20230827103306_001_002_000_003.jpg,1,abnormal,B_001_025,B_001,B_001_025_20230827,1,test
B_001_025_20230827103308_001_003_000_003.jpg,./data/you_foulbrood/abnormal/B_001_025_20230827103308_001_003_000_003.jpg,1,abnormal,B_001_025,B_001,B_001_025_20230827,1,val
B_001_025_20230828111459_001_001_000_003.jpg,./data/you_foulbrood/abnormal/B_001_025_20230828111459_001_001_000_003.jpg,1,abnormal,B_001_025,B_001,B_001_025_20230828,1,train
B_001_025_20230828111747_001_003_000_003.jpg,./data/you_foulbrood/abnormal/B_001_025_20230828111747_001_003_000_003.jpg,1,abnormal,B_001_025,B_001,B_001_025_20230828,1,test
B_001_025_20230829160437_001_001_000_003.jpg,./data/you_foulbrood/abnormal/B_001_025_20230829160437_001_001_000_003.jpg,1,abnormal,B_001_025,B_001,B_001_025_20230829,1,train
B_001_025_20230829163424_001_001_000_003.jpg,./data/you_foulbrood/abnormal/B_001_025_20230829163424_001_001_000_003.jpg,1,abnormal,B_001_025,B_001,B_001_025_20230829,1,train
B_001_025_20230912110452_001_001_000_003.jpg,./data/you_foulbrood/abnormal/B_001_025_20230912110452_001_001_000_003.jpg,1,abnormal,B_001_025,B_001,B_001_025_20230912,1,test
B_001_025_20230912125844_001_001_000_003.jpg,./data/you_foulbrood/abnormal/B_001_025_20230912125844_001_001_000_003.jpg,1,abnormal,B_001_025,B_001,B_001_025_20230912,1,train
B_001_025_20230912155841_001_001_000_003.jpg,./data/you_foulbrood/abnormal/B_001_025_20230912155841_001_001_000_003.jpg,1,abnormal,B_001_025,B_001,B_001_025_20230912,1,test
B_001_026_20230819184200_001_003_000_003.jpg,./data/you_foulbrood/abnormal/B_001_026_20230819184200_001_003_000_003.jpg,1,abnormal,B_001_026,B_001,B_001_026_20230819,1,test
B_001_026_20230819191804_001_001_000_003.jpg,./data/you_foulbrood/abnormal/B_001_026_20230819191804_001_001_000_003.jpg,1,abnormal,B_001_026,B_001,B_001_026_20230819,1,train
B_001_026_20230819200304_001_002_000_003.jpg,./data/you_foulbrood/abnormal/B_001_026_20230819200304_001_002_000_003.jpg,1,abnormal,B_001_026,B_001,B_001_026_20230819,1,test
B_001_026_20230819204424_001_003_000_003.jpg,./data/you_foulbrood/abnormal/B_001_026_20230819204424_001_003_000_003.jpg,1,abnormal,B_001_026,B_001,B_001_026_20230819,1,test
B_001_026_20230819205732_001_001_000_003.jpg,./data/you_foulbrood/abnormal/B_001_026_20230819205732_001_001_000_003.jpg,1,abnormal,B_001_026,B_001,B_001_026_20230819,1,train
B_001_026_20230819224652_001_003_000_003.jpg,./data/you_foulbrood/abnormal/B_001_026_20230819224652_001_003_000_003.jpg,1,abnormal,B_001_026,B_001,B_001_026_20230819,1,val
B_001_026_20230819225615_001_001_000_003.jpg,./data/you_foulbrood/abnormal/B_001_026_20230819225615_001_001_000_003.jpg,1,abnormal,B_001_026,B_001,B_001_026_20230819,1,val
B_001_026_20230820191136_001_003_000_003.jpg,./data/you_foulbrood/abnormal/B_001_026_20230820191136_001_003_000_003.jpg,1,abnormal,B_001_026,B_001,B_001_026_20230820,1,test
B_001_026_20230820192607_001_001_000_003.jpg,./data/you_foulbrood/abnormal/B_001_026_20230820192607_001_001_000_003.jpg,1,abnormal,B_001_026,B_001,B_001_026_20230820,1,test
B_001_026_20230820192649_001_001_000_003.jpg,./data/you_foulbrood/abnormal/B_001_026_20230820192649_001_001_000_003.jpg,1,abnormal,B_001_026,B_001,B_001_026_20230820,1,test
B_001_026_20230820194637_001_001_000_003.jpg,./data/you_foulbrood/abnormal/B_001_026_20230820194637_001_001_000_003.jpg,1,abnormal,B_001_026,B_001,B_001_026_20230820,1,train
B_001_026_20230820195606_001_002_000_003.jpg,./data/you_foulbrood/abnormal/B_001_026_20230820195606_001_002_000_003.jpg,1,abnormal,B_001_026,B_001,B_001_026_20230820,1,train
B_001_026_20230820200449_001_002_000_003.jpg,./data/you_foulbrood/abnormal/B_001_026_20230820200449_001_002_000_003.jpg,1,abnormal,B_001_026,B_001,B_001_026_20230820,1,train
B_001_026_20230820211155_001_002_000_003.jpg,./data/you_foulbrood/abnormal/B_001_026_20230820211155_001_002_000_003.jpg,1,abnormal,B_001_026,B_001,B_001_026_20230820,1,test
B_001_026_20230820211155_001_004_000_003.jpg,./data/you_foulbrood/abnormal/B_001_026_20230820211155_001_004_000_003.jpg,1,abnormal,B_001_026,B_001,B_001_026_20230820,1,test
B_001_026_20230820212749_001_004_000_003.jpg,./data/you_foulbrood/abnormal/B_001_026_20230820212749_001_004_000_003.jpg,1,abnormal,B_001_026,B_001,B_001_026_20230820,1,test
B_001_026_20230820213553_001_001_000_003.jpg,./data/you_foulbrood/abnormal/B_001_026_20230820213553_001_001_000_003.jpg,1,abnormal,B_001_026,B_001,B_001_026_20230820,1,train
B_001_026_20230912113334_001_001_000_003.jpg,./data/you_foulbrood/abnormal/B_001_026_20230912113334_001_001_000_003.jpg,1,abnormal,B_001_026,B_001,B_001_026_20230912,1,train
B_001_027_20230819184245_001_001_000_003.jpg,./data/you_foulbrood/abnormal/B_001_027_20230819184245_001_001_000_003.jpg,1,abnormal,B_001_027,B_001,B_001_027_20230819,1,train
B_001_027_20230819185500_001_001_000_003.jpg,./data/you_foulbrood/abnormal/B_001_027_20230819185500_001_001_000_003.jpg,1,abnormal,B_001_027,B_001,B_001_027_20230819,1,train
B_001_027_20230819191050_001_004_000_003.jpg,./data/you_foulbrood/abnormal/B_001_027_20230819191050_001_004_000_003.jpg,1,abnormal,B_001_027,B_001,B_001_027_20230819,1,train
B_001_027_20230819193023_001_001_000_003.jpg,./data/you_foulbrood/abnormal/B_001_027_20230819193023_001_001_000_003.jpg,1,abnormal,B_001_027,B_001,B_001_027_20230819,1,train
B_001_027_20230819194120_001_003_000_003.jpg,./data/you_foulbrood/abnormal/B_001_027_20230819194120_001_003_000_003.jpg,1,abnormal,B_001_027,B_001,B_001_027_20230819,1,train
B_001_027_20230819194542_001_003_000_003.jpg,./data/you_foulbrood/abnormal/B_001_027_20230819194542_001_003_000_003.jpg,1,abnormal,B_001_027,B_001,B_001_027_20230819,1,train
B_001_027_20230819203754_001_002_000_003.jpg,./data/you_foulbrood/abnormal/B_001_027_20230819203754_001_002_000_003.jpg,1,abnormal,B_001_027,B_001,B_001_027_20230819,1,test
B_001_027_20230819215701_001_001_000_003.jpg,./data/you_foulbrood/abnormal/B_001_027_20230819215701_001_001_000_003.jpg,1,abnormal,B_001_027,B_001,B_001_027_20230819,1,train
B_001_027_20230819222554_001_003_000_003.jpg,./data/you_foulbrood/abnormal/B_001_027_20230819222554_001_003_000_003.jpg,1,abnormal,B_001_027,B_001,B_001_027_20230819,1,train
B_001_027_20230819223940_001_004_000_003.jpg,./data/you_foulbrood/abnormal/B_001_027_20230819223940_001_004_000_003.jpg,1,abnormal,B_001_027,B_001,B_001_027_20230819,1,test
B_001_027_20230819225403_001_003_000_003.jpg,./data/you_foulbrood/abnormal/B_001_027_20230819225403_001_003_000_003.jpg,1,abnormal,B_001_027,B_001,B_001_027_20230819,1,train
B_001_027_20230820221616_001_003_000_003.jpg,./data/you_foulbrood/abnormal/B_001_027_20230820221616_001_003_000_003.jpg,1,abnormal,B_001_027,B_001,B_001_027_20230820,1,val
B_001_027_20230821181209_001_003_000_003.jpg,./data/you_foulbrood/abnormal/B_001_027_20230821181209_001_003_000_003.jpg,1,abnormal,B_001_027,B_001,B_001_027_20230821,1,train
B_001_027_20230821213501_001_004_000_003.jpg,./data/you_foulbrood/abnormal/B_001_027_20230821213501_001_004_000_003.jpg,1,abnormal,B_001_027,B_001,B_001_027_20230821,1,val
B_001_027_20230821214218_001_001_000_003.jpg,./data/you_foulbrood/abnormal/B_001_027_20230821214218_001_001_000_003.jpg,1,abnormal,B_001_027,B_001,B_001_027_20230821,1,train
B_001_027_20230825111912_001_004_000_003.jpg,./data/you_foulbrood/abnormal/B_001_027_20230825111912_001_004_000_003.jpg,1,abnormal,B_001_027,B_001,B_001_027_20230825,1,train
B_001_027_20230912113347_001_001_000_003.jpg,./data/you_foulbrood/abnormal/B_001_027_20230912113347_001_001_000_003.jpg,1,abnormal,B_001_027,B_001,B_001_027_20230912,1,test
B_001_027_20230912130135_001_001_000_003.jpg,./data/you_foulbrood/abnormal/B_001_027_20230912130135_001_001_000_003.jpg,1,abnormal,B_001_027,B_001,B_001_027_20230912,1,test
B_001_028_20230819191135_001_004_000_003.jpg,./data/you_foulbrood/abnormal/B_001_028_20230819191135_001_004_000_003.jpg,1,abnormal,B_001_028,B_001,B_001_028_20230819,1,train
B_001_028_20230819195931_001_004_000_003.jpg,./data/you_foulbrood/abnormal/B_001_028_20230819195931_001_004_000_003.jpg,1,abnormal,B_001_028,B_001,B_001_028_20230819,1,train
B_001_028_20230819200649_001_001_000_003.jpg,./data/you_foulbrood/abnormal/B_001_028_20230819200649_001_001_000_003.jpg,1,abnormal,B_001_028,B_001,B_001_028_20230819,1,val
B_001_028_20230819211622_001_003_000_003.jpg,./data/you_foulbrood/abnormal/B_001_028_20230819211622_001_003_000_003.jpg,1,abnormal,B_001_028,B_001,B_001_028_20230819,1,test
B_001_028_20230819213728_001_001_000_003.jpg,./data/you_foulbrood/abnormal/B_001_028_20230819213728_001_001_000_003.jpg,1,abnormal,B_001_028,B_001,B_001_028_20230819,1,test
B_001_028_20230819221131_001_002_000_003.jpg,./data/you_foulbrood/abnormal/B_001_028_20230819221131_001_002_000_003.jpg,1,abnormal,B_001_028,B_001,B_001_028_20230819,1,test
B_001_028_20230819223515_001_001_000_003.jpg,./data/you_foulbrood/abnormal/B_001_028_20230819223515_001_001_000_003.jpg,1,abnormal,B_001_028,B_001,B_001_028_20230819,1,test
B_001_028_20230819224740_001_001_000_003.jpg,./data/you_foulbrood/abnormal/B_001_028_20230819224740_001_001_000_003.jpg,1,abnormal,B_001_028,B_001,B_001_028_20230819,1,train
B_001_028_20230821115455_001_002_000_003.jpg,./data/you_foulbrood/abnormal/B_001_028_20230821115455_001_002_000_003.jpg,1,abnormal,B_001_028,B_001,B_001_028_20230821,1,test
B_001_028_20230823105529_001_002_000_003.jpg,./data/you_foulbrood/abnormal/B_001_028_20230823105529_001_002_000_003.jpg,1,abnormal,B_001_028,B_001,B_001_028_20230823,1,val
B_001_028_20230823105625_001_002_000_003.jpg,./data/you_foulbrood/abnormal/B_001_028_20230823105625_001_002_000_003.jpg,1,abnormal,B_001_028,B_001,B_001_028_20230823,1,train
B_001_028_20230823105656_001_001_000_003.jpg,./data/you_foulbrood/abnormal/B_001_028_20230823105656_001_001_000_003.jpg,1,abnormal,B_001_028,B_001,B_001_028_20230823,1,test
B_001_028_20230823105707_001_002_000_003.jpg,./data/you_foulbrood/abnormal/B_001_028_20230823105707_001_002_000_003.jpg,1,abnormal,B_001_028,B_001,B_001_028_20230823,1,val
B_001_028_20230902144649_001_003_000_003.jpg,./data/you_foulbrood/abnormal/B_001_028_20230902144649_001_003_000_003.jpg,1,abnormal,B_001_028,B_001,B_001_028_20230902,1,test
B_001_028_20230912160629_001_001_000_003.jpg,./data/you_foulbrood/abnormal/B_001_028_20230912160629_001_001_000_003.jpg,1,abnormal,B_001_028,B_001,B_001_028_20230912,1,test
B_001_029_20230819184709_001_003_000_003.jpg,./data/you_foulbrood/abnormal/B_001_029_20230819184709_001_003_000_003.jpg,1,abnormal,B_001_029,B_001,B_001_029_20230819,1,train
B_001_029_20230819191557_001_001_000_003.jpg,./data/you_foulbrood/abnormal/B_001_029_20230819191557_001_001_000_003.jpg,1,abnormal,B_001_029,B_001,B_001_029_20230819,1,val
B_001_029_20230819192146_001_003_000_003.jpg,./data/you_foulbrood/abnormal/B_001_029_20230819192146_001_003_000_003.jpg,1,abnormal,B_001_029,B_001,B_001_029_20230819,1,test
B_001_029_20230819195724_001_002_000_003.jpg,./data/you_foulbrood/abnormal/B_001_029_20230819195724_001_002_000_003.jpg,1,abnormal,B_001_029,B_001,B_001_029_20230819,1,train
B_001_029_20230819201408_001_001_000_003.jpg,./data/you_foulbrood/abnormal/B_001_029_20230819201408_001_001_000_003.jpg,1,abnormal,B_001_029,B_001,B_001_029_20230819,1,test
B_001_029_20230819201959_001_002_000_003.jpg,./data/you_foulbrood/abnormal/B_001_029_20230819201959_001_002_000_003.jpg,1,abnormal,B_001_029,B_001,B_001_029_20230819,1,test
B_001_029_20230819202834_001_004_000_003.jpg,./data/you_foulbrood/abnormal/B_001_029_20230819202834_001_004_000_003.jpg,1,abnormal,B_001_029,B_001,B_001_029_20230819,1,test
B_001_029_20230819205015_001_002_000_003.jpg,./data/you_foulbrood/abnormal/B_001_029_20230819205015_001_002_000_003.jpg,1,abnormal,B_001_029,B_001,B_001_029_20230819,1,train
B_001_029_20230819205229_001_004_000_003.jpg,./data/you_foulbrood/abnormal/B_001_029_20230819205229_001_004_000_003.jpg,1,abnormal,B_001_029,B_001,B_001_029_20230819,1,train
B_001_029_20230819215915_001_003_000_003.jpg,./data/you_foulbrood/abnormal/B_001_029_20230819215915_001_003_000_003.jpg,1,abnormal,B_001_029,B_001,B_001_029_20230819,1,val
B_001_030_20230819211040_001_001_000_003.jpg,./data/you_foulbrood/abnormal/B_001_030_20230819211040_001_001_000_003.jpg,1,abnormal,B_001_030,B_001,B_001_030_20230819,1,train
B_001_030_20230820182600_001_001_000_003.jpg,./data/you_foulbrood/abnormal/B_001_030_20230820182600_001_001_000_003.jpg,1,abnormal,B_001_030,B_001,B_001_030_20230820,1,train
B_001_030_20230820184246_001_001_000_003.jpg,./data/you_foulbrood/abnormal/B_001_030_20230820184246_001_001_000_003.jpg,1,abnormal,B_001_030,B_001,B_001_030_20230820,1,train
B_001_030_20230820192238_001_001_000_003.jpg,./data/you_foulbrood/abnormal/B_001_030_20230820192238_001_001_000_003.jpg,1,abnormal,B_001_030,B_001,B_001_030_20230820,1,train
B_001_030_20230820193335_001_001_000_003.jpg,./data/you_foulbrood/abnormal/B_001_030_20230820193335_001_001_000_003.jpg,1,abnormal,B_001_030,B_001,B_001_030_20230820,1,train
B_001_030_20230820220406_001_001_000_003.jpg,./data/you_foulbrood/abnormal/B_001_030_20230820220406_001_001_000_003.jpg,1,abnormal,B_001_030,B_001,B_001_030_20230820,1,train
B_001_030_20230820225406_001_001_000_003.jpg,./data/you_foulbrood/abnormal/B_001_030_20230820225406_001_001_000_003.jpg,1,abnormal,B_001_030,B_001,B_001_030_20230820,1,test
B_001_030_20230912161003_001_001_000_003.jpg,./data/you_foulbrood/abnormal/B_001_030_20230912161003_001_001_000_003.jpg,1,abnormal,B_001_030,B_001,B_001_030_20230912,1,train
B_001_030_20230912161011_001_001_000_003.jpg,./data/you_foulbrood/abnormal/B_001_030_20230912161011_001_001_000_003.jpg,1,abnormal,B_001_030,B_001,B_001_030_20230912,1,test
C_001_021_20230904115917_001_001_000_003.jpg,./data/you_foulbrood/abnormal/C_001_021_20230904115917_001_001_000_003.jpg,1,abnormal,C_001_021,C_001,C_001_021_20230904,1,train
C_001_021_20230904115937_001_001_000_003.jpg,./data/you_foulbrood/abnormal/C_001_021_20230904115937_001_001_000_003.jpg,1,abnormal,C_001_021,C_001,C_001_021_20230904,1,val
C_001_021_20230904124851_001_001_000_003.jpg,./data/you_foulbrood/abnormal/C_001_021_20230904124851_001_001_000_003.jpg,1,abnormal,C_001_021,C_001,C_001_021_20230904,1,val
C_001_021_20230904125101_001_001_000_003.jpg,./data/you_foulbrood/abnormal/C_001_021_20230904125101_001_001_000_003.jpg,1,abnormal,C_001_021,C_001,C_001_021_20230904,1,val
C_001_021_20230904125501_001_001_000_003.jpg,./data/you_foulbrood/abnormal/C_001_021_20230904125501_001_001_000_003.jpg,1,abnormal,C_001_021,C_001,C_001_021_20230904,1,val
C_001_021_20230904125603_001_001_000_003.jpg,./data/you_foulbrood/abnormal/C_001_021_20230904125603_001_001_000_003.jpg,1,abnormal,C_001_021,C_001,C_001_021_20230904,1,train
C_001_021_20230904125701_001_001_000_003.jpg,./data/you_foulbrood/abnormal/C_001_021_20230904125701_001_001_000_003.jpg,1,abnormal,C_001_021,C_001,C_001_021_20230904,1,train
C_001_021_20230904204921_001_001_000_003.jpg,./data/you_foulbrood/abnormal/C_001_021_20230904204921_001_001_000_003.jpg,1,abnormal,C_001_021,C_001,C_001_021_20230904,1,test
C_001_021_20230904213706_001_001_000_003.jpg,./data/you_foulbrood/abnormal/C_001_021_20230904213706_001_001_000_003.jpg,1,abnormal,C_001_021,C_001,C_001_021_20230904,1,train
C_001_021_20230904214702_001_001_000_003.jpg,./data/you_foulbrood/abnormal/C_001_021_20230904214702_001_001_000_003.jpg,1,abnormal,C_001_021,C_001,C_001_021_20230904,1,test
C_001_021_20230917140447_001_001_000_003.jpg,./data/you_foulbrood/abnormal/C_001_021_20230917140447_001_001_000_003.jpg,1,abnormal,C_001_021,C_001,C_001_021_20230917,1,test
C_001_021_20230917140703_001_001_000_003.jpg,./data/you_foulbrood/abnormal/C_001_021_20230917140703_001_001_000_003.jpg,1,abnormal,C_001_021,C_001,C_001_021_20230917,1,train
C_001_021_20230917142047_001_001_000_003.jpg,./data/you_foulbrood/abnormal/C_001_021_20230917142047_001_001_000_003.jpg,1,abnormal,C_001_021,C_001,C_001_021_20230917,1,val
C_001_021_20230917142503_001_001_000_003.jpg,./data/you_foulbrood/abnormal/C_001_021_20230917142503_001_001_000_003.jpg,1,abnormal,C_001_021,C_001,C_001_021_20230917,1,test
C_001_021_20231001204527_001_001_000_003.jpg,./data/you_foulbrood/abnormal/C_001_021_20231001204527_001_001_000_003.jpg,1,abnormal,C_001_021,C_001,C_001_021_20231001,1,train
C_001_021_20231001204603_001_001_000_003.jpg,./data/you_foulbrood/abnormal/C_001_021_20231001204603_001_001_000_003.jpg,1,abnormal,C_001_021,C_001,C_001_021_20231001,1,test
C_001_021_20231001205157_001_001_000_003.jpg,./data/you_foulbrood/abnormal/C_001_021_20231001205157_001_001_000_003.jpg,1,abnormal,C_001_021,C_001,C_001_021_20231001,1,test
C_001_021_20231001211427_001_001_000_003.jpg,./data/you_foulbrood/abnormal/C_001_021_20231001211427_001_001_000_003.jpg,1,abnormal,C_001_021,C_001,C_001_021_20231001,1,train
C_001_021_20231001213103_001_001_000_003.jpg,./data/you_foulbrood/abnormal/C_001_021_20231001213103_001_001_000_003.jpg,1,abnormal,C_001_021,C_001,C_001_021_20231001,1,train
C_001_021_20231001214643_001_001_000_003.jpg,./data/you_foulbrood/abnormal/C_001_021_20231001214643_001_001_000_003.jpg,1,abnormal,C_001_021,C_001,C_001_021_20231001,1,val
C_001_021_20231001215257_001_001_000_003.jpg,./data/you_foulbrood/abnormal/C_001_021_20231001215257_001_001_000_003.jpg,1,abnormal,C_001_021,C_001,C_001_021_20231001,1,test
C_001_021_20231001220413_001_001_000_003.jpg,./data/you_foulbrood/abnormal/C_001_021_20231001220413_001_001_000_003.jpg,1,abnormal,C_001_021,C_001,C_001_021_20231001,1,train
C_001_021_20231001220817_001_001_000_003.jpg,./data/you_foulbrood/abnormal/C_001_021_20231001220817_001_001_000_003.jpg,1,abnormal,C_001_021,C_001,C_001_021_20231001,1,test
C_001_021_20231001224255_001_001_000_003.jpg,./data/you_foulbrood/abnormal/C_001_021_20231001224255_001_001_000_003.jpg,1,abnormal,C_001_021,C_001,C_001_021_20231001,1,val
C_001_021_20231001231713_001_001_000_003.jpg,./data/you_foulbrood/abnormal/C_001_021_20231001231713_001_001_000_003.jpg,1,abnormal,C_001_021,C_001,C_001_021_20231001,1,test
C_001_021_20231001235257_001_001_000_003.jpg,./data/you_foulbrood/abnormal/C_001_021_20231001235257_001_001_000_003.jpg,1,abnormal,C_001_021,C_001,C_001_021_20231001,1,train
C_001_021_20231001235405_001_001_000_003.jpg,./data/you_foulbrood/abnormal/C_001_021_20231001235405_001_001_000_003.jpg,1,abnormal,C_001_021,C_001,C_001_021_20231001,1,train
C_001_021_20231001235639_001_001_000_003.jpg,./data/you_foulbrood/abnormal/C_001_021_20231001235639_001_001_000_003.jpg,1,abnormal,C_001_021,C_001,C_001_021_20231001,1,train
C_001_021_20231001235705_001_001_000_003.jpg,./data/you_foulbrood/abnormal/C_001_021_20231001235705_001_001_000_003.jpg,1,abnormal,C_001_021,C_001,C_001_021_20231001,1,test
C_001_022_20230821185842_001_001_000_003.jpg,./data/you_foulbrood/abnormal/C_001_022_20230821185842_001_001_000_003.jpg,1,abnormal,C_001_022,C_001,C_001_022_20230821,1,test
C_001_022_20230821190418_001_001_000_003.jpg,./data/you_foulbrood/abnormal/C_001_022_20230821190418_001_001_000_003.jpg,1,abnormal,C_001_022,C_001,C_001_022_20230821,1,train
C_001_022_20230821191632_001_001_000_003.jpg,./data/you_foulbrood/abnormal/C_001_022_20230821191632_001_001_000_003.jpg,1,abnormal,C_001_022,C_001,C_001_022_20230821,1,test
C_001_022_20230821191750_001_001_000_003.jpg,./data/you_foulbrood/abnormal/C_001_022_20230821191750_001_001_000_003.jpg,1,abnormal,C_001_022,C_001,C_001_022_20230821,1,train
C_001_022_20230821192322_001_001_000_003.jpg,./data/you_foulbrood/abnormal/C_001_022_20230821192322_001_001_000_003.jpg,1,abnormal,C_001_022,C_001,C_001_022_20230821,1,train
C_001_022_20230831153317_001_001_000_003.jpg,./data/you_foulbrood/abnormal/C_001_022_20230831153317_001_001_000_003.jpg,1,abnormal,C_001_022,C_001,C_001_022_20230831,1,test
C_001_022_20230901150654_001_001_000_003.jpg,./data/you_foulbrood/abnormal/C_001_022_20230901150654_001_001_000_003.jpg,1,abnormal,C_001_022,C_001,C_001_022_20230901,1,test
C_001_022_20230901150810_001_001_000_003.jpg,./data/you_foulbrood/abnormal/C_001_022_20230901150810_001_001_000_003.jpg,1,abnormal,C_001_022,C_001,C_001_022_20230901,1,train
C_001_022_20230903110959_001_001_000_003.jpg,./data/you_foulbrood/abnormal/C_001_022_20230903110959_001_001_000_003.jpg,1,abnormal,C_001_022,C_001,C_001_022_20230903,1,val
C_001_022_20230904223128_001_001_000_003.jpg,./data/you_foulbrood/abnormal/C_001_022_20230904223128_001_001_000_003.jpg,1,abnormal,C_001_022,C_001,C_001_022_20230904,1,test
C_001_022_20230904223316_001_001_000_003.jpg,./data/you_foulbrood/abnormal/C_001_022_20230904223316_001_001_000_003.jpg,1,abnormal,C_001_022,C_001,C_001_022_20230904,1,val
C_001_022_20230904223530_001_001_000_003.jpg,./data/you_foulbrood/abnormal/C_001_022_20230904223530_001_001_000_003.jpg,1,abnormal,C_001_022,C_001,C_001_022_20230904,1,train
C_001_022_20230904223952_001_001_000_003.jpg,./data/you_foulbrood/abnormal/C_001_022_20230904223952_001_001_000_003.jpg,1,abnormal,C_001_022,C_001,C_001_022_20230904,1,train
C_001_022_20230904225714_001_001_000_003.jpg,./data/you_foulbrood/abnormal/C_001_022_20230904225714_001_001_000_003.jpg,1,abnormal,C_001_022,C_001,C_001_022_20230904,1,train
C_001_022_20230904230246_001_001_000_003.jpg,./data/you_foulbrood/abnormal/C_001_022_20230904230246_001_001_000_003.jpg,1,abnormal,C_001_022,C_001,C_001_022_20230904,1,train
C_001_022_20230904231226_001_001_000_003.jpg,./data/you_foulbrood/abnormal/C_001_022_20230904231226_001_001_000_003.jpg,1,abnormal,C_001_022,C_001,C_001_022_20230904,1,train
C_001_022_20230904232126_001_001_000_003.jpg,./data/you_foulbrood/abnormal/C_001_022_20230904232126_001_001_000_003.jpg,1,abnormal,C_001_022,C_001,C_001_022_20230904,1,train
C_001_022_20230904233532_001_001_000_003.jpg,./data/you_foulbrood/abnormal/C_001_022_20230904233532_001_001_000_003.jpg,1,abnormal,C_001_022,C_001,C_001_022_20230904,1,test
C_001_023_20230903112915_001_001_000_003.jpg,./data/you_foulbrood/abnormal/C_001_023_20230903112915_001_001_000_003.jpg,1,abnormal,C_001_023,C_001,C_001_023_20230903,1,val
C_001_023_20230904132523_001_001_000_003.jpg,./data/you_foulbrood/abnormal/C_001_023_20230904132523_001_001_000_003.jpg,1,abnormal,C_001_023,C_001,C_001_023_20230904,1,val
C_001_023_20230904133037_001_001_000_003.jpg,./data/you_foulbrood/abnormal/C_001_023_20230904133037_001_001_000_003.jpg,1,abnormal,C_001_023,C_001,C_001_023_20230904,1,train
C_002_001_20230819131224_001_001_000_003.jpg,./data/you_foulbrood/abnormal/C_002_001_20230819131224_001_001_000_003.jpg,1,abnormal,C_002_001,C_002,C_002_001_20230819,1,train
C_002_003_20230819140236_001_001_000_003.jpg,./data/you_foulbrood/abnormal/C_002_003_20230819140236_001_001_000_003.jpg,1,abnormal,C_002_003,C_002,C_002_003_20230819,1,test
C_002_023_20230821193016_001_001_000_003.jpg,./data/you_foulbrood/abnormal/C_002_023_20230821193016_001_001_000_003.jpg,1,abnormal,C_002_023,C_002,C_002_023_20230821,1,train
C_002_023_20230821193632_001_001_000_003.jpg,./data/you_foulbrood/abnormal/C_002_023_20230821193632_001_001_000_003.jpg,1,abnormal,C_002_023,C_002,C_002_023_20230821,1,train
B_001_001_20230905140435_001_002_000_000.jpg,./data/you_foulbrood/normal/B_001_001_20230905140435_001_002_000_000.jpg,0,normal,B_001_001,B_001,B_001_001_20230905,1,test
B_001_001_20230907110744_001_003_000_000.jpg,./data/you_foulbrood/normal/B_001_001_20230907110744_001_003_000_000.jpg,0,normal,B_001_001,B_001,B_001_001_20230907,1,train
B_001_001_20230907111158_001_004_000_000.jpg,./data/you_foulbrood/normal/B_001_001_20230907111158_001_004_000_000.jpg,0,normal,B_001_001,B_001,B_001_001_20230907,1,val
B_001_001_20230909115725_001_003_000_000.jpg,./data/you_foulbrood/normal/B_001_001_20230909115725_001_003_000_000.jpg,0,normal,B_001_001,B_001,B_001_001_20230909,1,test
B_001_001_20230910105435_001_003_000_000.jpg,./data/you_foulbrood/normal/B_001_001_20230910105435_001_003_000_000.jpg,0,normal,B_001_001,B_001,B_001_001_20230910,1,train
B_001_002_20230819140159_001_003_000_000.jpg,./data/you_foulbrood/normal/B_001_002_20230819140159_001_003_000_000.jpg,0,normal,B_001_002,B_001,B_001_002_20230819,1,train
B_001_002_20230825081614_001_001_000_000.jpg,./data/you_foulbrood/normal/B_001_002_20230825081614_001_001_000_000.jpg,0,normal,B_001_002,B_001,B_001_002_20230825,1,train
B_001_002_20230904140309_001_003_000_000.jpg,./data/you_foulbrood/normal/B_001_002_20230904140309_001_003_000_000.jpg,0,normal,B_001_002,B_001,B_001_002_20230904,1,train
B_001_002_20230904140356_001_004_000_000.jpg,./data/you_foulbrood/normal/B_001_002_20230904140356_001_004_000_000.jpg,0,normal,B_001_002,B_001,B_001_002_20230904,1,train
B_001_002_20230908145202_001_001_000_000.jpg,./data/you_foulbrood/normal/B_001_002_20230908145202_001_001_000_000.jpg,0,normal,B_001_002,B_001,B_001_002_20230908,1,test
B_001_003_20230823082835_001_004_000_000.jpg,./data/you_foulbrood/normal/B_001_003_20230823082835_001_004_000_000.jpg,0,normal,B_001_003,B_001,B_001_003_20230823,1,test
B_001_003_20230823082924_001_002_000_000.jpg,./data/you_foulbrood/normal/B_001_003_20230823082924_001_002_000_000.jpg,0,normal,B_001_003,B_001,B_001_003_20230823,1,train
B_001_003_20230823134318_001_002_000_000.jpg,./data/you_foulbrood/normal/B_001_003_20230823134318_001_002_000_000.jpg,0,normal,B_001_003,B_001,B_001_003_20230823,1,test
B_001_003_20230825082123_001_004_000_000.jpg,./data/you_foulbrood/normal/B_001_003_20230825082123_001_004_000_000.jpg,0,normal,B_001_003,B_001,B_001_003_20230825,1,val
B_001_003_20230825131745_001_003_000_000.jpg,./data/you_foulbrood/normal/B_001_003_20230825131745_001_003_000_000.jpg,0,normal,B_001_003,B_001,B_001_003_20230825,1,train
B_001_003_20230829090024_001_001_000_000.jpg,./data/you_foulbrood/normal/B_001_003_20230829090024_001_001_000_000.jpg,0,normal,B_001_003,B_001,B_001_003_20230829,1,train
B_001_003_20230829131553_001_003_000_000.jpg,./data/you_foulbrood/normal/B_001_003_20230829131553_001_003_000_000.jpg,0,normal,B_001_003,B_001,B_001_003_20230829,1,train
B_001_004_20230904142118_001_002_000_000.jpg,./data/you_foulbrood/normal/B_001_004_20230904142118_001_002_000_000.jpg,0,normal,B_001_004,B_001,B_001_004_20230904,1,train
B_001_004_20230910113658_001_004_000_000.jpg,./data/you_foulbrood/normal/B_001_004_20230910113658_001_004_000_000.jpg,0,normal,B_001_004,B_001,B_001_004_20230910,1,test
B_001_004_20230910113855_001_004_000_000.jpg,./data/you_foulbrood/normal/B_001_004_20230910113855_001_004_000_000.jpg,0,normal,B_001_004,B_001,B_001_004_20230910,1,test
B_001_005_20230820200754_001_004_000_000.jpg,./data/you_foulbrood/normal/B_001_005_20230820200754_001_004_000_000.jpg,0,normal,B_001_005,B_001,B_001_005_20230820,1,val
B_001_005_20230821090757_001_003_000_000.jpg,./data/you_foulbrood/normal/B_001_005_20230821090757_001_003_000_000.jpg,0,normal,B_001_005,B_001,B_001_005_20230821,1,val
B_001_005_20230825083223_001_003_000_000.jpg,./data/you_foulbrood/normal/B_001_005_20230825083223_001_003_000_000.jpg,0,normal,B_001_005,B_001,B_001_005_20230825,1,train
B_001_005_20230827132449_001_003_000_000.jpg,./data/you_foulbrood/normal/B_001_005_20230827132449_001_003_000_000.jpg,0,normal,B_001_005,B_001,B_001_005_20230827,1,train
B_001_005_20230907120004_001_002_000_000.jpg,./data/you_foulbrood/normal/B_001_005_20230907120004_001_002_000_000.jpg,0,normal,B_001_005,B_001,B_001_005_20230907,1,test
B_001_005_20230908090123_001_003_000_000.jpg,./data/you_foulbrood/normal/B_001_005_20230908090123_001_003_000_000.jpg,0,normal,B_001_005,B_001,B_001_005_20230908,1,test
B_001_005_20230910114953_001_004_000_000.jpg,./data/you_foulbrood/normal/B_001_005_20230910114953_001_004_000_000.jpg,0,normal,B_001_005,B_001,B_001_005_20230910,1,train
B_001_006_20230823135709_001_002_000_000.jpg,./data/you_foulbrood/normal/B_001_006_20230823135709_001_002_000_000.jpg,0,normal,B_001_006,B_001,B_001_006_20230823,1,train
B_001_006_20230824083226_001_002_000_000.jpg,./data/you_foulbrood/normal/B_001_006_20230824083226_001_002_000_000.jpg,0,normal,B_001_006,B_001,B_001_006_20230824,1,train
B_001_006_20230825133313_001_002_000_000.jpg,./data/you_foulbrood/normal/B_001_006_20230825133313_001_002_000_000.jpg,0,normal,B_001_006,B_001,B_001_006_20230825,1,val
B_001_006_20230825133534_001_004_000_000.jpg,./data/you_foulbrood/normal/B_001_006_20230825133534_001_004_000_000.jpg,0,normal,B_001_006,B_001,B_001_006_20230825,1,val
B_001_006_20230828082609_001_002_000_000.jpg,./data/you_foulbrood/normal/B_001_006_20230828082609_001_002_000_000.jpg,0,normal,B_001_006,B_001,B_001_006_20230828,1,train
B_001_006_20230904143736_001_004_000_000.jpg,./data/you_foulbrood/normal/B_001_006_20230904143736_001_004_000_000.jpg,0,normal,B_001_006,B_001,B_001_006_20230904,1,test
B_001_006_20230904143746_001_004_000_000.jpg,./data/you_foulbrood/normal/B_001_006_20230904143746_001_004_000_000.jpg,0,normal,B_001_006,B_001,B_001_006_20230904,1,test
B_001_006_20230909133859_001_002_000_000.jpg,./data/you_foulbrood/normal/B_001_006_20230909133859_001_002_000_000.jpg,0,normal,B_001_006,B_001,B_001_006_20230909,1,train
B_001_006_20230910115820_001_004_000_000.jpg,./data/you_foulbrood/normal/B_001_006_20230910115820_001_004_000_000.jpg,0,normal,B_001_006,B_001,B_001_006_20230910,1,test
B_001_007_20230826090335_001_001_000_000.jpg,./data/you_foulbrood/normal/B_001_007_20230826090335_001_001_000_000.jpg,0,normal,B_001_007,B_001,B_001_007_20230826,1,train
B_001_007_20230906083655_001_003_000_000.jpg,./data/you_foulbrood/normal/B_001_007_20230906083655_001_003_000_000.jpg,0,normal,B_001_007,B_001,B_001_007_20230906,1,test
B_001_007_20230906151913_001_001_000_000.jpg,./data/you_foulbrood/normal/B_001_007_20230906151913_001_001_000_000.jpg,0,normal,B_001_007,B_001,B_001_007_20230906,1,train
B_001_007_20230906152056_001_004_000_000.jpg,./data/you_foulbrood/normal/B_001_007_20230906152056_001_004_000_000.jpg,0,normal,B_001_007,B_001,B_001_007_20230906,1,test
B_001_008_20230908093637_001_001_000_000.jpg,./data/you_foulbrood/normal/B_001_008_20230908093637_001_001_000_000.jpg,0,normal,B_001_008,B_001,B_001_008_20230908,1,test
B_001_008_20230910135329_001_001_000_000.jpg,./data/you_foulbrood/normal/B_001_008_20230910135329_001_001_000_000.jpg,0,normal,B_001_008,B_001,B_001_008_20230910,1,test
B_001_008_20230910135407_001_003_000_000.jpg,./data/you_foulbrood/normal/B_001_008_20230910135407_001_003_000_000.jpg,0,normal,B_001_008,B_001,B_001_008_20230910,1,train
B_001_009_20230825135357_001_002_000_000.jpg,./data/you_foulbrood/normal/B_001_009_20230825135357_001_002_000_000.jpg,0,normal,B_001_009,B_001,B_001_009_20230825,1,test
B_001_009_20230909140014_001_003_000_000.jpg,./data/you_foulbrood/normal/B_001_009_20230909140014_001_003_000_000.jpg,0,normal,B_001_009,B_001,B_001_009_20230909,1,train
B_001_010_20230826135654_001_003_000_000.jpg,./data/you_foulbrood/normal/B_001_010_20230826135654_001_003_000_000.jpg,0,normal,B_001_010,B_001,B_001_010_20230826,1,train
B_001_010_20230829140515_001_004_000_000.jpg,./data/you_foulbrood/normal/B_001_010_20230829140515_001_004_000_000.jpg,0,normal,B_001_010,B_001,B_001_010_20230829,1,train
B_001_010_20230906091357_001_003_000_000.jpg,./data/you_foulbrood/normal/B_001_010_20230906091357_001_003_000_000.jpg,0,normal,B_001_010,B_001,B_001_010_20230906,1,train
B_001_010_20230910140224_001_003_000_000.jpg,./data/you_foulbrood/normal/B_001_010_20230910140224_001_003_000_000.jpg,0,normal,B_001_010,B_001,B_001_010_20230910,1,train
B_001_011_20230819151024_001_002_000_000.jpg,./data/you_foulbrood/normal/B_001_011_20230819151024_001_002_000_000.jpg,0,normal,B_001_011,B_001,B_001_011_20230819,1,test
B_001_011_20230904153336_001_001_000_000.jpg,./data/you_foulbrood/normal/B_001_011_20230904153336_001_001_000_000.jpg,0,normal,B_001_011,B_001,B_001_011_20230904,1,train
B_001_011_20230908163546_001_002_000_000.jpg,./data/you_foulbrood/normal/B_001_011_20230908163546_001_002_000_000.jpg,0,normal,B_001_011,B_001,B_001_011_20230908,1,train
B_001_011_20230909142653_001_003_000_000.jpg,./data/you_foulbrood/normal/B_001_011_20230909142653_001_003_000_000.jpg,0,normal,B_001_011,B_001,B_001_011_20230909,1,val
B_001_011_20230910141026_001_001_000_000.jpg,./data/you_foulbrood/normal/B_001_011_20230910141026_001_001_000_000.jpg,0,normal,B_001_011,B_001,B_001_011_20230910,1,train
B_001_012_20230819151849_001_001_000_000.jpg,./data/you_foulbrood/normal/B_001_012_20230819151849_001_001_000_000.jpg,0,normal,B_001_012,B_001,B_001_012_20230819,1,test
B_001_012_20230820115323_001_002_000_000.jpg,./data/you_foulbrood/normal/B_001_012_20230820115323_001_002_000_000.jpg,0,normal,B_001_012,B_001,B_001_012_20230820,1,train
B_001_012_20230824141239_001_002_000_000.jpg,./data/you_foulbrood/normal/B_001_012_20230824141239_001_002_000_000.jpg,0,normal,B_001_012,B_001,B_001_012_20230824,1,test
B_001_012_20230826143225_001_002_000_000.jpg,./data/you_foulbrood/normal/B_001_012_20230826143225_001_002_000_000.jpg,0,normal,B_001_012,B_001,B_001_012_20230826,1,train
B_001_012_20230826143225_001_003_000_000.jpg,./data/you_foulbrood/normal/B_001_012_20230826143225_001_003_000_000.jpg,0,normal,B_001_012,B_001,B_001_012_20230826,1,test
B_001_012_20230901132221_001_003_000_000.jpg,./data/you_foulbrood/normal/B_001_012_20230901132221_001_003_000_000.jpg,0,normal,B_001_012,B_001,B_001_012_20230901,1,train
B_001_012_20230904153959_001_003_000_000.jpg,./data/you_foulbrood/normal/B_001_012_20230904153959_001_003_000_000.jpg,0,normal,B_001_012,B_001,B_001_012_20230904,1,train
B_001_012_20230907142616_001_001_000_000.jpg,./data/you_foulbrood/normal/B_001_012_20230907142616_001_001_000_000.jpg,0,normal,B_001_012,B_001,B_001_012_20230907,1,val
B_001_012_20230907142834_001_004_000_000.jpg,./data/you_foulbrood/normal/B_001_012_20230907142834_001_004_000_000.jpg,0,normal,B_001_012,B_001,B_001_012_20230907,1,train
B_001_012_20230907142940_001_001_000_000.jpg,./data/you_foulbrood/normal/B_001_012_20230907142940_001_001_000_000.jpg,0,normal,B_001_012,B_001,B_001_012_20230907,1,train
B_001_012_20230908105653_001_002_000_000.jpg,./data/you_foulbrood/normal/B_001_012_20230908105653_001_002_000_000.jpg,0,normal,B_001_012,B_001,B_001_012_20230908,1,test
B_001_012_20230908163635_001_001_000_000.jpg,./data/you_foulbrood/normal/B_001_012_20230908163635_001_001_000_000.jpg,0,normal,B_001_012,B_001,B_001_012_20230908,1,test
B_001_012_20230909142748_001_004_000_000.jpg,./data/you_foulbrood/normal/B_001_012_20230909142748_001_004_000_000.jpg,0,normal,B_001_012,B_001,B_001_012_20230909,1,val
B_001_013_20230901133944_001_003_000_000.jpg,./data/you_foulbrood/normal/B_001_013_20230901133944_001_003_000_000.jpg,0,normal,B_001_013,B_001,B_001_013_20230901,1,train
B_001_013_20230910142250_001_004_000_000.jpg,./data/you_foulbrood/normal/B_001_013_20230910142250_001_004_000_000.jpg,0,normal,B_001_013,B_001,B_001_013_20230910,1,train
B_001_014_20230831095145_001_001_000_000.jpg,./data/you_foulbrood/normal/B_001_014_20230831095145_001_001_000_000.jpg,0,normal,B_001_014,B_001,B_001_014_20230831,1,test
B_001_014_20230908111304_001_003_000_000.jpg,./data/you_foulbrood/normal/B_001_014_20230908111304_001_003_000_000.jpg,0,normal,B_001_014,B_001,B_001_014_20230908,1,train
B_001_014_20230908111924_001_001_000_000.jpg,./data/you_foulbrood/normal/B_001_014_20230908111924_001_001_000_000.jpg,0,normal,B_001_014,B_001,B_001_014_20230908,1,train
B_001_014_20230909144845_001_001_000_000.jpg,./data/you_foulbrood/normal/B_001_014_20230909144845_001_001_000_000.jpg,0,normal,B_001_014,B_001,B_001_014_20230909,1,test
B_001_015_20230831152816_001_004_000_000.jpg,./data/you_foulbrood/normal/B_001_015_20230831152816_001_004_000_000.jpg,0,normal,B_001_015,B_001,B_001_015_20230831,1,val
B_001_015_20230902112524_001_003_000_000.jpg,./data/you_foulbrood/normal/B_001_015_20230902112524_001_003_000_000.jpg,0,normal,B_001_015,B_001,B_001_015_20230902,1,val
B_001_015_20230909082731_001_004_000_000.jpg,./data/you_foulbrood/normal/B_001_015_20230909082731_001_004_000_000.jpg,0,normal,B_001_015,B_001,B_001_015_20230909,1,val
B_001_015_20230909145357_001_002_000_000.jpg,./data/you_foulbrood/normal/B_001_015_20230909145357_001_002_000_000.jpg,0,normal,B_001_015,B_001,B_001_015_20230909,1,train
B_001_016_20230906163226_001_002_000_000.jpg,./data/you_foulbrood/normal/B_001_016_20230906163226_001_002_000_000.jpg,0,normal,B_001_016,B_001,B_001_016_20230906,1,test
B_001_018_20230826103249_001_003_000_000.jpg,./data/you_foulbrood/normal/B_001_018_20230826103249_001_003_000_000.jpg,0,normal,B_001_018,B_001,B_001_018_20230826,1,val
B_001_018_20230826152230_001_001_000_000.jpg,./data/you_foulbrood/normal/B_001_018_20230826152230_001_001_000_000.jpg,0,normal,B_001_018,B_001,B_001_018_20230826,1,test
B_001_018_20230827100708_001_003_000_000.jpg,./data/you_foulbrood/normal/B_001_018_20230827100708_001_003_000_000.jpg,0,normal,B_001_018,B_001,B_001_018_20230827,1,test
B_001_018_20230827151426_001_001_000_000.jpg,./data/you_foulbrood/normal/B_001_018_20230827151426_001_001_000_000.jpg,0,normal,B_001_018,B_001,B_001_018_20230827,1,val
B_001_018_20230827151808_001_004_000_000.jpg,./data/you_foulbrood/normal/B_001_018_20230827151808_001_004_000_000.jpg,0,normal,B_001_018,B_001,B_001_018_20230827,1,val
B_001_018_20230830131904_001_004_000_000.jpg,./data/you_foulbrood/normal/B_001_018_20230830131904_001_004_000_000.jpg,0,normal,B_001_018,B_001,B_001_018_20230830,1,test
B_001_018_20230909085843_001_004_000_000.jpg,./data/you_foulbrood/normal/B_001_018_20230909085843_001_004_000_000.jpg,0,normal,B_001_018,B_001,B_001_018_20230909,1,train
B_001_019_20230823160925_001_003_000_000.jpg,./data/you_foulbrood/normal/B_001_019_20230823160925_001_003_000_000.jpg,0,normal,B_001_019,B_001,B_001_019_20230823,1,test
B_001_019_20230824101340_001_001_000_000.jpg,./data/you_foulbrood/normal/B_001_019_20230824101340_001_001_000_000.jpg,0,normal,B_001_019,B_001,B_001_019_20230824,1,train
B_001_019_20230824101352_001_003_000_000.jpg,./data/you_foulbrood/normal/B_001_019_20230824101352_001_003_000_000.jpg,0,normal,B_001_019,B_001,B_001_019_20230824,1,train
B_001_019_20230824151340_001_004_000_000.jpg,./data/you_foulbrood/normal/B_001_019_20230824151340_001_004_000_000.jpg,0,normal,B_001_019,B_001,B_001_019_20230824,1,test
B_001_019_20230825102333_001_002_000_000.jpg,./data/you_foulbrood/normal/B_001_019_20230825102333_001_002_000_000.jpg,0,normal,B_001_019,B_001,B_001_019_20230825,1,val
B_001_019_20230828153457_001_004_000_000.jpg,./data/you_foulbrood/normal/B_001_019_20230828153457_001_004_000_000.jpg,0,normal,B_001_019,B_001,B_001_019_20230828,1,train
B_001_019_20230904163710_001_002_000_000.jpg,./data/you_foulbrood/normal/B_001_019_20230904163710_001_002_000_000.jpg,0,normal,B_001_019,B_001,B_001_019_20230904,1,train
B_001_019_20230906113636_001_002_000_000.jpg,./data/you_foulbrood/normal/B_001_019_20230906113636_001_002_000_000.jpg,0,normal,B_001_019,B_001,B_001_019_20230906,1,test
B_001_019_20230906165336_001_001_000_000.jpg,./data/you_foulbrood/normal/B_001_019_20230906165336_001_001_000_000.jpg,0,normal,B_001_019,B_001,B_001_019_20230906,1,test
B_001_020_20230907082431_001_004_000_000.jpg,./data/you_foulbrood/normal/B_001_020_20230907082431_001_004_000_000.jpg,0,normal,B_001_020,B_001,B_001_020_20230907,1,test
B_001_020_20230907082614_001_003_000_000.jpg,./data/you_foulbrood/normal/B_001_020_20230907082614_001_003_000_000.jpg,0,normal,B_001_020,B_001,B_001_020_20230907,1,test
B_001_021_20230910084354_001_001_000_000.jpg,./data/you_foulbrood/normal/B_001_021_20230910084354_001_001_000_000.jpg,0,normal,B_001_021,B_001,B_001_021_20230910,1,test
B_001_021_20230910153211_001_001_000_000.jpg,./data/you_foulbrood/normal/B_001_021_20230910153211_001_001_000_000.jpg,0,normal,B_001_021,B_001,B_001_021_20230910,1,test
B_001_021_20230910153249_001_002_000_000.jpg,./data/you_foulbrood/normal/B_001_021_20230910153249_001_002_000_000.jpg,0,normal,B_001_021,B_001,B_001_021_20230910,1,train
B_001_021_20230910153637_001_004_000_000.jpg,./data/you_foulbrood/normal/B_001_021_20230910153637_001_004_000_000.jpg,0,normal,B_001_021,B_001,B_001_021_20230910,1,test
B_001_022_20230824102655_001_004_000_000.jpg,./data/you_foulbrood/normal/B_001_022_20230824102655_001_004_000_000.jpg,0,normal,B_001_022,B_001,B_001_022_20230824,1,val
B_001_022_20230824103008_001_001_000_000.jpg,./data/you_foulbrood/normal/B_001_022_20230824103008_001_001_000_000.jpg,0,normal,B_001_022,B_001,B_001_022_20230824,1,train
B_001_022_20230826154804_001_003_000_000.jpg,./data/you_foulbrood/normal/B_001_022_20230826154804_001_003_000_000.jpg,0,normal,B_001_022,B_001,B_001_022_20230826,1,test
B_001_022_20230905081518_001_001_000_000.jpg,./data/you_foulbrood/normal/B_001_022_20230905081518_001_001_000_000.jpg,0,normal,B_001_022,B_001,B_001_022_20230905,1,val
B_001_022_20230908133419_001_002_000_000.jpg,./data/you_foulbrood/normal/B_001_022_20230908133419_001_002_000_000.jpg,0,normal,B_001_022,B_001,B_001_022_20230908,1,train
B_001_022_20230908134025_001_001_000_000.jpg,./data/you_foulbrood/normal/B_001_022_20230908134025_001_001_000_000.jpg,0,normal,B_001_022,B_001,B_001_022_20230908,1,train
B_001_022_20230910084719_001_001_000_000.jpg,./data/you_foulbrood/normal/B_001_022_20230910084719_001_001_000_000.jpg,0,normal,B_001_022,B_001,B_001_022_20230910,1,test
B_001_023_20230820090148_001_001_000_000.jpg,./data/you_foulbrood/normal/B_001_023_20230820090148_001_001_000_000.jpg,0,normal,B_001_023,B_001,B_001_023_20230820,1,train
B_001_023_20230821111634_001_002_000_000.jpg,./data/you_foulbrood/normal/B_001_023_20230821111634_001_002_000_000.jpg,0,normal,B_001_023,B_001,B_001_023_20230821,1,train
B_001_023_20230907155815_001_003_000_000.jpg,./data/you_foulbrood/normal/B_001_023_20230907155815_001_003_000_000.jpg,0,normal,B_001_023,B_001,B_001_023_20230907,1,train
B_001_023_20230910090617_001_003_000_000.jpg,./data/you_foulbrood/normal/B_001_023_20230910090617_001_003_000_000.jpg,0,normal,B_001_023,B_001,B_001_023_20230910,1,test
B_001_023_20230910154640_001_004_000_000.jpg,./data/you_foulbrood/normal/B_001_023_20230910154640_001_004_000_000.jpg,0,normal,B_001_023,B_001,B_001_023_20230910,1,test
B_001_023_20230910154714_001_002_000_000.jpg,./data/you_foulbrood/normal/B_001_023_20230910154714_001_002_000_000.jpg,0,normal,B_001_023,B_001,B_001_023_20230910,1,test
B_001_023_20230910155035_001_001_000_000.jpg,./data/you_foulbrood/normal/B_001_023_20230910155035_001_001_000_000.jpg,0,normal,B_001_023,B_001,B_001_023_20230910,1,train
B_001_024_20230909102810_001_003_000_000.jpg,./data/you_foulbrood/normal/B_001_024_20230909102810_001_003_000_000.jpg,0,normal,B_001_024,B_001,B_001_024_20230909,1,test
B_001_024_20230909162709_001_003_000_000.jpg,./data/you_foulbrood/normal/B_001_024_20230909162709_001_003_000_000.jpg,0,normal,B_001_024,B_001,B_001_024_20230909,1,val
B_001_024_20230910155651_001_002_000_000.jpg,./data/you_foulbrood/normal/B_001_024_20230910155651_001_002_000_000.jpg,0,normal,B_001_024,B_001,B_001_024_20230910,1,train
B_001_025_20230907161202_001_001_000_000.jpg,./data/you_foulbrood/normal/B_001_025_20230907161202_001_001_000_000.jpg,0,normal,B_001_025,B_001,B_001_025_20230907,1,test
B_001_025_20230907161231_001_001_000_000.jpg,./data/you_foulbrood/normal/B_001_025_20230907161231_001_001_000_000.jpg,0,normal,B_001_025,B_001,B_001_025_20230907,1,train
B_001_025_20230909104609_001_003_000_000.jpg,./data/you_foulbrood/normal/B_001_025_20230909104609_001_003_000_000.jpg,0,normal,B_001_025,B_001,B_001_025_20230909,1,train
B_001_025_20230910092131_001_001_000_000.jpg,./data/you_foulbrood/normal/B_001_025_20230910092131_001_001_000_000.jpg,0,normal,B_001_025,B_001,B_001_025_20230910,1,test
B_001_025_20230910092353_001_004_000_000.jpg,./data/you_foulbrood/normal/B_001_025_20230910092353_001_004_000_000.jpg,0,normal,B_001_025,B_001,B_001_025_20230910,1,test
B_001_026_20230904131603_001_002_000_000.jpg,./data/you_foulbrood/normal/B_001_026_20230904131603_001_002_000_000.jpg,0,normal,B_001_026,B_001,B_001_026_20230904,1,train
B_001_026_20230905103502_001_004_000_000.jpg,./data/you_foulbrood/normal/B_001_026_20230905103502_001_004_000_000.jpg,0,normal,B_001_026,B_001,B_001_026_20230905,1,test
B_001_026_20230905103507_001_002_000_000.jpg,./data/you_foulbrood/normal/B_001_026_20230905103507_001_002_000_000.jpg,0,normal,B_001_026,B_001,B_001_026_20230905,1,train
B_001_026_20230905103704_001_004_000_000.jpg,./data/you_foulbrood/normal/B_001_026_20230905103704_001_004_000_000.jpg,0,normal,B_001_026,B_001,B_001_026_20230905,1,test
B_001_026_20230905103906_001_004_000_000.jpg,./data/you_foulbrood/normal/B_001_026_20230905103906_001_004_000_000.jpg,0,normal,B_001_026,B_001,B_001_026_20230905,1,train
B_001_027_20230825112011_001_002_000_000.jpg,./data/you_foulbrood/normal/B_001_027_20230825112011_001_002_000_000.jpg,0,normal,B_001_027,B_001,B_001_027_20230825,1,train
B_001_027_20230829112851_001_002_000_000.jpg,./data/you_foulbrood/normal/B_001_027_20230829112851_001_002_000_000.jpg,0,normal,B_001_027,B_001,B_001_027_20230829,1,train
B_001_027_20230909110210_001_002_000_000.jpg,./data/you_foulbrood/normal/B_001_027_20230909110210_001_002_000_000.jpg,0,normal,B_001_027,B_001,B_001_027_20230909,1,val
B_001_028_20230824110025_001_003_000_000.jpg,./data/you_foulbrood/normal/B_001_028_20230824110025_001_003_000_000.jpg,0,normal,B_001_028,B_001,B_001_028_20230824,1,test
B_001_028_20230825164058_001_003_000_000.jpg,./data/you_foulbrood/normal/B_001_028_20230825164058_001_003_000_000.jpg,0,normal,B_001_028,B_001,B_001_028_20230825,1,train
B_001_028_20230826164149_001_004_000_000.jpg,./data/you_foulbrood/normal/B_001_028_20230826164149_001_004_000_000.jpg,0,normal,B_001_028,B_001,B_001_028_20230826,1,train
B_001_028_20230827163459_001_001_000_000.jpg,./data/you_foulbrood/normal/B_001_028_20230827163459_001_001_000_000.jpg,0,normal,B_001_028,B_001,B_001_028_20230827,1,test
B_001_028_20230831130614_001_004_000_000.jpg,./data/you_foulbrood/normal/B_001_028_20230831130614_001_004_000_000.jpg,0,normal,B_001_028,B_001,B_001_028_20230831,1,train
B_001_028_20230907162943_001_003_000_000.jpg,./data/you_foulbrood/normal/B_001_028_20230907162943_001_003_000_000.jpg,0,normal,B_001_028,B_001,B_001_028_20230907,1,train
B_001_029_20230822113144_001_001_000_000.jpg,./data/you_foulbrood/normal/B_001_029_20230822113144_001_001_000_000.jpg,0,normal,B_001_029,B_001,B_001_029_20230822,1,train
B_001_029_20230907102218_001_004_000_000.jpg,./data/you_foulbrood/normal/B_001_029_20230907102218_001_004_000_000.jpg,0,normal,B_001_029,B_001,B_001_029_20230907,1,train
B_001_029_20230907103847_001_002_000_000.jpg,./data/you_foulbrood/normal/B_001_029_20230907103847_001_002_000_000.jpg,0,normal,B_001_029,B_001,B_001_029_20230907,1,val
B_001_029_20230907163310_001_002_000_000.jpg,./data/you_foulbrood/normal/B_001_029_20230907163310_001_002_000_000.jpg,0,normal,B_001_029,B_001,B_001_029_20230907,1,val
B_001_029_20230907163319_001_001_000_000.jpg,./data/you_foulbrood/normal/B_001_029_20230907163319_001_001_000_000.jpg,0,normal,B_001_029,B_001,B_001_029_20230907,1,train
B_001_029_20230909113306_001_001_000_000.jpg,./data/you_foulbrood/normal/B_001_029_20230909113306_001_001_000_000.jpg,0,normal,B_001_029,B_001,B_001_029_20230909,1,test
B_001_030_20230905135551_001_001_000_000.jpg,./data/you_foulbrood/normal/B_001_030_20230905135551_001_001_000_000.jpg,0,normal,B_001_030,B_001,B_001_030_20230905,1,train
B_001_030_20230906141225_001_004_000_000.jpg,./data/you_foulbrood/normal/B_001_030_20230906141225_001_004_000_000.jpg,0,normal,B_001_030,B_001,B_001_030_20230906,1,val
B_001_030_20230910104623_001_001_000_000.jpg,./data/you_foulbrood/normal/B_001_030_20230910104623_001_001_000_000.jpg,0,normal,B_001_030,B_001,B_001_030_20230910,1,test
C_001_001_20230831140409_001_001_000_000.jpg,./data/you_foulbrood/normal/C_001_001_20230831140409_001_001_000_000.jpg,0,normal,C_001_001,C_001,C_001_001_20230831,1,test
C_001_002_20230829145715_001_001_000_000.jpg,./data/you_foulbrood/normal/C_001_002_20230829145715_001_001_000_000.jpg,0,normal,C_001_002,C_001,C_001_002_20230829,1,train
C_001_002_20230829145737_001_001_000_000.jpg,./data/you_foulbrood/normal/C_001_002_20230829145737_001_001_000_000.jpg,0,normal,C_001_002,C_001,C_001_002_20230829,1,train
C_001_005_20230821171650_001_001_000_000.jpg,./data/you_foulbrood/normal/C_001_005_20230821171650_001_001_000_000.jpg,0,normal,C_001_005,C_001,C_001_005_20230821,1,train
C_001_005_20230821171952_001_001_000_000.jpg,./data/you_foulbrood/normal/C_001_005_20230821171952_001_001_000_000.jpg,0,normal,C_001_005,C_001,C_001_005_20230821,1,test
C_001_005_20230821172456_001_001_000_000.jpg,./data/you_foulbrood/normal/C_001_005_20230821172456_001_001_000_000.jpg,0,normal,C_001_005,C_001,C_001_005_20230821,1,train
C_001_005_20230821172540_001_001_000_000.jpg,./data/you_foulbrood/normal/C_001_005_20230821172540_001_001_000_000.jpg,0,normal,C_001_005,C_001,C_001_005_20230821,1,test
C_001_005_20230821175515_001_001_000_000.jpg,./data/you_foulbrood/normal/C_001_005_20230821175515_001_001_000_000.jpg,0,normal,C_001_005,C_001,C_001_005_20230821,1,test
C_001_005_20230821181255_001_001_000_000.jpg,./data/you_foulbrood/normal/C_001_005_20230821181255_001_001_000_000.jpg,0,normal,C_001_005,C_001,C_001_005_20230821,1,train
C_001_006_20230822163518_001_001_000_000.jpg,./data/you_foulbrood/normal/C_001_006_20230822163518_001_001_000_000.jpg,0,normal,C_001_006,C_001,C_001_006_20230822,1,train
C_001_013_20230822164044_001_001_000_000.jpg,./data/you_foulbrood/normal/C_001_013_20230822164044_001_001_000_000.jpg,0,normal,C_001_013,C_001,C_001_013_20230822,1,train
C_001_013_20230822164124_001_001_000_000.jpg,./data/you_foulbrood/normal/C_001_013_20230822164124_001_001_000_000.jpg,0,normal,C_001_013,C_001,C_001_013_20230822,1,val
C_001_015_20230828145032_001_001_000_000.jpg,./data/you_foulbrood/normal/C_001_015_20230828145032_001_001_000_000.jpg,0,normal,C_001_015,C_001,C_001_015_20230828,1,train
C_001_017_20231011133646_001_001_000_000.jpg,./data/you_foulbrood/normal/C_001_017_20231011133646_001_001_000_000.jpg,0,normal,C_001_017,C_001,C_001_017_20231011,1,train
C_001_017_20231011140334_001_001_000_000.jpg,./data/you_foulbrood/normal/C_001_017_20231011140334_001_001_000_000.jpg,0,normal,C_001_017,C_001,C_001_017_20231011,1,val
C_001_017_20231011142748_001_001_000_000.jpg,./data/you_foulbrood/normal/C_001_017_20231011142748_001_001_000_000.jpg,0,normal,C_001_017,C_001,C_001_017_20231011,1,train
C_001_017_20231011143806_001_001_000_000.jpg,./data/you_foulbrood/normal/C_001_017_20231011143806_001_001_000_000.jpg,0,normal,C_001_017,C_001,C_001_017_20231011,1,test
C_001_018_20230826160933_001_001_000_000.jpg,./data/you_foulbrood/normal/C_001_018_20230826160933_001_001_000_000.jpg,0,normal,C_001_018,C_001,C_001_018_20230826,1,train
C_001_018_20230826161023_001_001_000_000.jpg,./data/you_foulbrood/normal/C_001_018_20230826161023_001_001_000_000.jpg,0,normal,C_001_018,C_001,C_001_018_20230826,1,test
C_001_018_20230826162125_001_001_000_000.jpg,./data/you_foulbrood/normal/C_001_018_20230826162125_001_001_000_000.jpg,0,normal,C_001_018,C_001,C_001_018_20230826,1,val
C_001_018_20230826162655_001_001_000_000.jpg,./data/you_foulbrood/normal/C_001_018_20230826162655_001_001_000_000.jpg,0,normal,C_001_018,C_001,C_001_018_20230826,1,test
C_001_018_20230826162705_001_001_000_000.jpg,./data/you_foulbrood/normal/C_001_018_20230826162705_001_001_000_000.jpg,0,normal,C_001_018,C_001,C_001_018_20230826,1,test
C_001_018_20230826164937_001_001_000_000.jpg,./data/you_foulbrood/normal/C_001_018_20230826164937_001_001_000_000.jpg,0,normal,C_001_018,C_001,C_001_018_20230826,1,val
C_001_018_20231012104840_001_001_000_000.jpg,./data/you_foulbrood/normal/C_001_018_20231012104840_001_001_000_000.jpg,0,normal,C_001_018,C_001,C_001_018_20231012,1,train
C_001_018_20231012110234_001_001_000_000.jpg,./data/you_foulbrood/normal/C_001_018_20231012110234_001_001_000_000.jpg,0,normal,C_001_018,C_001,C_001_018_20231012,1,train
C_001_018_20231012111524_001_001_000_000.jpg,./data/you_foulbrood/normal/C_001_018_20231012111524_001_001_000_000.jpg,0,normal,C_001_018,C_001,C_001_018_20231012,1,train
C_001_018_20231012114428_001_001_000_000.jpg,./data/you_foulbrood/normal/C_001_018_20231012114428_001_001_000_000.jpg,0,normal,C_001_018,C_001,C_001_018_20231012,1,train
C_001_018_20231012132436_001_001_000_000.jpg,./data/you_foulbrood/normal/C_001_018_20231012132436_001_001_000_000.jpg,0,normal,C_001_018,C_001,C_001_018_20231012,1,train
C_001_018_20231012134814_001_001_000_000.jpg,./data/you_foulbrood/normal/C_001_018_20231012134814_001_001_000_000.jpg,0,normal,C_001_018,C_001,C_001_018_20231012,1,test
C_001_018_20231012142320_001_001_000_000.jpg,./data/you_foulbrood/normal/C_001_018_20231012142320_001_001_000_000.jpg,0,normal,C_001_018,C_001,C_001_018_20231012,1,test
C_001_018_20231012143714_001_001_000_000.jpg,./data/you_foulbrood/normal/C_001_018_20231012143714_001_001_000_000.jpg,0,normal,C_001_018,C_001,C_001_018_20231012,1,train
C_001_018_20231012150622_001_001_000_000.jpg,./data/you_foulbrood/normal/C_001_018_20231012150622_001_001_000_000.jpg,0,normal,C_001_018,C_001,C_001_018_20231012,1,train
C_001_018_20231012153632_001_001_000_000.jpg,./data/you_foulbrood/normal/C_001_018_20231012153632_001_001_000_000.jpg,0,normal,C_001_018,C_001,C_001_018_20231012,1,train
C_001_018_20231012160316_001_001_000_000.jpg,./data/you_foulbrood/normal/C_001_018_20231012160316_001_001_000_000.jpg,0,normal,C_001_018,C_001,C_001_018_20231012,1,train
C_001_018_20231012161804_001_001_000_000.jpg,./data/you_foulbrood/normal/C_001_018_20231012161804_001_001_000_000.jpg,0,normal,C_001_018,C_001,C_001_018_20231012,1,train
C_001_018_20231012162240_001_001_000_000.jpg,./data/you_foulbrood/normal/C_001_018_20231012162240_001_001_000_000.jpg,0,normal,C_001_018,C_001,C_001_018_20231012,1,train
C_001_018_20231012164100_001_001_000_000.jpg,./data/you_foulbrood/normal/C_001_018_20231012164100_001_001_000_000.jpg,0,normal,C_001_018,C_001,C_001_018_20231012,1,train
C_001_018_20231012164852_001_001_000_000.jpg,./data/you_foulbrood/normal/C_001_018_20231012164852_001_001_000_000.jpg,0,normal,C_001_018,C_001,C_001_018_20231012,1,train
C_001_019_20230909155531_001_001_000_000.jpg,./data/you_foulbrood/normal/C_001_019_20230909155531_001_001_000_000.jpg,0,normal,C_001_019,C_001,C_001_019_20230909,1,test
C_001_019_20231013104650_001_001_000_000.jpg,./data/you_foulbrood/normal/C_001_019_20231013104650_001_001_000_000.jpg,0,normal,C_001_019,C_001,C_001_019_20231013,1,train
C_001_019_20231013104752_001_001_000_000.jpg,./data/you_foulbrood/normal/C_001_019_20231013104752_001_001_000_000.jpg,0,normal,C_001_019,C_001,C_001_019_20231013,1,test
C_001_019_20231013112220_001_001_000_000.jpg,./data/you_foulbrood/normal/C_001_019_20231013112220_001_001_000_000.jpg,0,normal,C_001_019,C_001,C_001_019_20231013,1,val
C_001_019_20231013113554_001_001_000_000.jpg,./data/you_foulbrood/normal/C_001_019_20231013113554_001_001_000_000.jpg,0,normal,C_001_019,C_001,C_001_019_20231013,1,test
C_001_019_20231013114920_001_001_000_000.jpg,./data/you_foulbrood/normal/C_001_019_20231013114920_001_001_000_000.jpg,0,normal,C_001_019,C_001,C_001_019_20231013,1,test
C_001_019_20231013132952_001_001_000_000.jpg,./data/you_foulbrood/normal/C_001_019_20231013132952_001_001_000_000.jpg,0,normal,C_001_019,C_001,C_001_019_20231013,1,test
C_001_019_20231013134852_001_001_000_000.jpg,./data/you_foulbrood/normal/C_001_019_20231013134852_001_001_000_000.jpg,0,normal,C_001_019,C_001,C_001_019_20231013,1,train
C_001_019_20231013135444_001_001_000_000.jpg,./data/you_foulbrood/normal/C_001_019_20231013135444_001_001_000_000.jpg,0,normal,C_001_019,C_001,C_001_019_20231013,1,train
C_001_019_20231013141058_001_001_000_000.jpg,./data/you_foulbrood/normal/C_001_019_20231013141058_001_001_000_000.jpg,0,normal,C_001_019,C_001,C_001_019_20231013,1,test
C_001_019_20231013142908_001_001_000_000.jpg,./data/you_foulbrood/normal/C_001_019_20231013142908_001_001_000_000.jpg,0,normal,C_001_019,C_001,C_001_019_20231013,1,test
C_001_019_20231013144757_001_001_000_000.jpg,./data/you_foulbrood/normal/C_001_019_20231013144757_001_001_000_000.jpg,0,normal,C_001_019,C_001,C_001_019_20231013,1,train
C_001_019_20231013145309_001_001_000_000.jpg,./data/you_foulbrood/normal/C_001_019_20231013145309_001_001_000_000.jpg,0,normal,C_001_019,C_001,C_001_019_20231013,1,train
C_001_019_20231013145841_001_001_000_000.jpg,./data/you_foulbrood/normal/C_001_019_20231013145841_001_001_000_000.jpg,0,normal,C_001_019,C_001,C_001_019_20231013,1,test
C_001_019_20231013152347_001_001_000_000.jpg,./data/you_foulbrood/normal/C_001_019_20231013152347_001_001_000_000.jpg,0,normal,C_001_019,C_001,C_001_019_20231013,1,train
C_001_019_20231013160357_001_001_000_000.jpg,./data/you_foulbrood/normal/C_001_019_20231013160357_001_001_000_000.jpg,0,normal,C_001_019,C_001,C_001_019_20231013,1,test
C_001_019_20231013161221_001_001_000_000.jpg,./data/you_foulbrood/normal/C_001_019_20231013161221_001_001_000_000.jpg,0,normal,C_001_019,C_001,C_001_019_20231013,1,train
C_001_019_20231013163521_001_001_000_000.jpg,./data/you_foulbrood/normal/C_001_019_20231013163521_001_001_000_000.jpg,0,normal,C_001_019,C_001,C_001_019_20231013,1,val
C_001_019_20231013164317_001_001_000_000.jpg,./data/you_foulbrood/normal/C_001_019_20231013164317_001_001_000_000.jpg,0,normal,C_001_019,C_001,C_001_019_20231013,1,train
C_002_001_20231011090903_001_002_000_000.jpg,./data/you_foulbrood/normal/C_002_001_20231011090903_001_002_000_000.jpg,0,normal,C_002_001,C_002,C_002_001_20231011,1,test
C_002_001_20231011093915_001_002_000_000.jpg,./data/you_foulbrood/normal/C_002_001_20231011093915_001_002_000_000.jpg,0,normal,C_002_001,C_002,C_002_001_20231011,1,train
C_002_001_20231011102223_001_002_000_000.jpg,./data/you_foulbrood/normal/C_002_001_20231011102223_001_002_000_000.jpg,0,normal,C_002_001,C_002,C_002_001_20231011,1,test
C_002_001_20231011110646_001_002_000_000.jpg,./data/you_foulbrood/normal/C_002_001_20231011110646_001_002_000_000.jpg,0,normal,C_002_001,C_002,C_002_001_20231011,1,train
C_002_001_20231011112308_001_002_000_000.jpg,./data/you_foulbrood/normal/C_002_001_20231011112308_001_002_000_000.jpg,0,normal,C_002_001,C_002,C_002_001_20231011,1,val
C_002_001_20231011132119_001_002_000_000.jpg,./data/you_foulbrood/normal/C_002_001_20231011132119_001_002_000_000.jpg,0,normal,C_002_001,C_002,C_002_001_20231011,1,train
C_002_001_20231011150909_001_002_000_000.jpg,./data/you_foulbrood/normal/C_002_001_20231011150909_001_002_000_000.jpg,0,normal,C_002_001,C_002,C_002_001_20231011,1,train
C_002_001_20231011152913_001_002_000_000.jpg,./data/you_foulbrood/normal/C_002_001_20231011152913_001_002_000_000.jpg,0,normal,C_002_001,C_002,C_002_001_20231011,1,train
C_002_002_20230909154257_001_001_000_000.jpg,./data/you_foulbrood/normal/C_002_002_20230909154257_001_001_000_000.jpg,0,normal,C_002_002,C_002,C_002_002_20230909,1,train
C_002_002_20231012092226_001_002_000_000.jpg,./data/you_foulbrood/normal/C_002_002_20231012092226_001_002_000_000.jpg,0,normal,C_002_002,C_002,C_002_002_20231012,1,train
C_002_002_20231012093047_001_002_000_000.jpg,./data/you_foulbrood/normal/C_002_002_20231012093047_001_002_000_000.jpg,0,normal,C_002_002,C_002,C_002_002_20231012,1,train
C_002_002_20231012142600_001_002_000_000.jpg,./data/you_foulbrood/normal/C_002_002_20231012142600_001_002_000_000.jpg,0,normal,C_002_002,C_002,C_002_002_20231012,1,test
C_002_002_20231012143424_001_002_000_000.jpg,./data/you_foulbrood/normal/C_002_002_20231012143424_001_002_000_000.jpg,0,normal,C_002_002,C_002,C_002_002_20231012,1,val
C_002_002_20231012154244_001_002_000_000.jpg,./data/you_foulbrood/normal/C_002_002_20231012154244_001_002_000_000.jpg,0,normal,C_002_002,C_002,C_002_002_20231012,1,test
C_002_002_20231012161523_001_002_000_000.jpg,./data/you_foulbrood/normal/C_002_002_20231012161523_001_002_000_000.jpg,0,normal,C_002_002,C_002,C_002_002_20231012,1,train
C_002_002_20231012161738_001_002_000_000.jpg,./data/you_foulbrood/normal/C_002_002_20231012161738_001_002_000_000.jpg,0,normal,C_002_002,C_002,C_002_002_20231012,1,val
C_002_002_20231012161941_001_002_000_000.jpg,./data/you_foulbrood/normal/C_002_002_20231012161941_001_002_000_000.jpg,0,normal,C_002_002,C_002,C_002_002_20231012,1,train
C_002_003_20231013081500_001_002_000_000.jpg,./data/you_foulbrood/normal/C_002_003_20231013081500_001_002_000_000.jpg,0,normal,C_002_003,C_002,C_002_003_20231013,1,train
C_002_003_20231013103401_001_002_000_000.jpg,./data/you_foulbrood/normal/C_002_003_20231013103401_001_002_000_000.jpg,0,normal,C_002_003,C_002,C_002_003_20231013,1,train
C_002_003_20231013110701_001_002_000_000.jpg,./data/you_foulbrood/normal/C_002_003_20231013110701_001_002_000_000.jpg,0,normal,C_002_003,C_002,C_002_003_20231013,1,test
C_002_003_20231013132759_001_002_000_000.jpg,./data/you_foulbrood/normal/C_002_003_20231013132759_001_002_000_000.jpg,0,normal,C_002_003,C_002,C_002_003_20231013,1,val
C_002_003_20231013163343_001_002_000_000.jpg,./data/you_foulbrood/normal/C_002_003_20231013163343_001_002_000_000.jpg,0,normal,C_002_003,C_002,C_002_003_20231013,1,train
C_002_004_20230821191947_001_001_000_000.jpg,./data/you_foulbrood/normal/C_002_004_20230821191947_001_001_000_000.jpg,0,normal,C_002_004,C_002,C_002_004_20230821,1,train
C_002_007_20230820094742_001_001_000_000.jpg,./data/you_foulbrood/normal/C_002_007_20230820094742_001_001_000_000.jpg,0,normal,C_002_007,C_002,C_002_007_20230820,1,val
C_002_012_20230828141638_001_001_000_000.jpg,./data/you_foulbrood/normal/C_002_012_20230828141638_001_001_000_000.jpg,0,normal,C_002_012,C_002,C_002_012_20230828,1,val
C_002_012_20230828143809_001_001_000_000.jpg,./data/you_foulbrood/normal/C_002_012_20230828143809_001_001_000_000.jpg,0,normal,C_002_012,C_002,C_002_012_20230828,1,train
C_002_025_20230826153446_001_001_000_000.jpg,./data/you_foulbrood/normal/C_002_025_20230826153446_001_001_000_000.jpg,0,normal,C_002_025,C_002,C_002_025_20230826,1,train
C_002_025_20230826155212_001_001_000_000.jpg,./data/you_foulbrood/normal/C_002_025_20230826155212_001_001_000_000.jpg,0,normal,C_002_025,C_002,C_002_025_20230826,1,test
C_002_026_20230826160733_001_001_000_000.jpg,./data/you_foulbrood/normal/C_002_026_20230826160733_001_001_000_000.jpg,0,normal,C_002_026,C_002,C_002_026_20230826,1,val
C_002_026_20230826164907_001_001_000_000.jpg,./data/you_foulbrood/normal/C_002_026_20230826164907_001_001_000_000.jpg,0,normal,C_002_026,C_002,C_002_026_20230826,1,train
C_002_027_20230826172400_001_001_000_000.jpg,./data/you_foulbrood/normal/C_002_027_20230826172400_001_001_000_000.jpg,0,normal,C_002_027,C_002,C_002_027_20230826,1,train
C_002_027_20230826172608_001_001_000_000.jpg,./data/you_foulbrood/normal/C_002_027_20230826172608_001_001_000_000.jpg,0,normal,C_002_027,C_002,C_002_027_20230826,1,val
C_003_001_20230831152203_001_003_000_000.jpg,./data/you_foulbrood/normal/C_003_001_20230831152203_001_003_000_000.jpg,0,normal,C_003_001,C_003,C_003_001_20230831,1,test
C_003_001_20230908172303_001_003_000_000.jpg,./data/you_foulbrood/normal/C_003_001_20230908172303_001_003_000_000.jpg,0,normal,C_003_001,C_003,C_003_001_20230908,1,test
C_003_001_20230908173155_001_003_000_000.jpg,./data/you_foulbrood/normal/C_003_001_20230908173155_001_003_000_000.jpg,0,normal,C_003_001,C_003,C_003_001_20230908,1,test
C_003_001_20230910160130_001_003_000_000.jpg,./data/you_foulbrood/normal/C_003_001_20230910160130_001_003_000_000.jpg,0,normal,C_003_001,C_003,C_003_001_20230910,1,train
C_003_001_20230912151133_001_003_000_000.jpg,./data/you_foulbrood/normal/C_003_001_20230912151133_001_003_000_000.jpg,0,normal,C_003_001,C_003,C_003_001_20230912,1,test
C_003_001_20230912152046_001_003_000_000.jpg,./data/you_foulbrood/normal/C_003_001_20230912152046_001_003_000_000.jpg,0,normal,C_003_001,C_003,C_003_001_20230912,1,train
C_003_002_20230831152300_001_003_000_000.jpg,./data/you_foulbrood/normal/C_003_002_20230831152300_001_003_000_000.jpg,0,normal,C_003_002,C_003,C_003_002_20230831,1,val
C_003_002_20230905070240_001_003_000_000.jpg,./data/you_foulbrood/normal/C_003_002_20230905070240_001_003_000_000.jpg,0,normal,C_003_002,C_003,C_003_002_20230905,1,train
C_003_002_20230905080423_001_003_000_000.jpg,./data/you_foulbrood/normal/C_003_002_20230905080423_001_003_000_000.jpg,0,normal,C_003_002,C_003,C_003_002_20230905,1,train
C_003_002_20230906153902_001_003_000_000.jpg,./data/you_foulbrood/normal/C_003_002_20230906153902_001_003_000_000.jpg,0,normal,C_003_002,C_003,C_003_002_20230906,1,test
C_003_002_20230908154544_001_003_000_000.jpg,./data/you_foulbrood/normal/C_003_002_20230908154544_001_003_000_000.jpg,0,normal,C_003_002,C_003,C_003_002_20230908,1,test
C_003_002_20230912133250_001_003_000_000.jpg,./data/you_foulbrood/normal/C_003_002_20230912133250_001_003_000_000.jpg,0,normal,C_003_002,C_003,C_003_002_20230912,1,test
C_003_003_20230827152345_001_003_000_000.jpg,./data/you_foulbrood/normal/C_003_003_20230827152345_001_003_000_000.jpg,0,normal,C_003_003,C_003,C_003_003_20230827,1,test
C_003_003_20230829161404_001_003_000_000.jpg,./data/you_foulbrood/normal/C_003_003_20230829161404_001_003_000_000.jpg,0,normal,C_003_003,C_003,C_003_003_20230829,1,train
C_003_003_20230904155518_001_003_000_000.jpg,./data/you_foulbrood/normal/C_003_003_20230904155518_001_003_000_000.jpg,0,normal,C_003_003,C_003,C_003_003_20230904,1,train
C_003_003_20230904160809_001_003_000_000.jpg,./data/you_foulbrood/normal/C_003_003_20230904160809_001_003_000_000.jpg,0,normal,C_003_003,C_003,C_003_003_20230904,1,train
C_003_003_20230904171936_001_003_000_000.jpg,./data/you_foulbrood/normal/C_003_003_20230904171936_001_003_000_000.jpg,0,normal,C_003_003,C_003,C_003_003_20230904,1,train
C_003_003_20230912135900_001_003_000_000.jpg,./data/you_foulbrood/normal/C_003_003_20230912135900_001_003_000_000.jpg,0,normal,C_003_003,C_003,C_003_003_20230912,1,train
C_003_003_20230912150829_001_003_000_000.jpg,./data/you_foulbrood/normal/C_003_003_20230912150829_001_003_000_000.jpg,0,normal,C_003_003,C_003,C_003_003_20230912,1,train
C_004_003_20230831145035_001_004_000_000.jpg,./data/you_foulbrood/normal/C_004_003_20230831145035_001_004_000_000.jpg,0,normal,C_004_003,C_004,C_004_003_20230831,1,train
C_004_004_20230826161427_001_004_000_000.jpg,./data/you_foulbrood/normal/C_004_004_20230826161427_001_004_000_000.jpg,0,normal,C_004_004,C_004,C_004_004_20230826,1,test
C_004_004_20230827154914_001_004_000_000.jpg,./data/you_foulbrood/normal/C_004_004_20230827154914_001_004_000_000.jpg,0,normal,C_004_004,C_004,C_004_004_20230827,1,train
C_004_004_20230827173124_001_004_000_000.jpg,./data/you_foulbrood/normal/C_004_004_20230827173124_001_004_000_000.jpg,0,normal,C_004_004,C_004,C_004_004_20230827,1,val
C_004_004_20230831170002_001_004_000_000.jpg,./data/you_foulbrood/normal/C_004_004_20230831170002_001_004_000_000.jpg,0,normal,C_004_004,C_004,C_004_004_20230831,1,val
C_004_004_20230903064536_001_004_000_000.jpg,./data/you_foulbrood/normal/C_004_004_20230903064536_001_004_000_000.jpg,0,normal,C_004_004,C_004,C_004_004_20230903,1,val
C_004_004_20230906151016_001_004_000_000.jpg,./data/you_foulbrood/normal/C_004_004_20230906151016_001_004_000_000.jpg,0,normal,C_004_004,C_004,C_004_004_20230906,1,val
C_004_004_20230907074853_001_004_000_000.jpg,./data/you_foulbrood/normal/C_004_004_20230907074853_001_004_000_000.jpg,0,normal,C_004_004,C_004,C_004_004_20230907,1,test
C_004_004_20230910162535_001_004_000_000.jpg,./data/you_foulbrood/normal/C_004_004_20230910162535_001_004_000_000.jpg,0,normal,C_004_004,C_004,C_004_004_20230910,1,train
C_004_005_20230824095844_001_004_000_000.jpg,./data/you_foulbrood/normal/C_004_005_20230824095844_001_004_000_000.jpg,0,normal,C_004_005,C_004,C_004_005_20230824,1,train
C_004_005_20230829142824_001_004_000_000.jpg,./data/you_foulbrood/normal/C_004_005_20230829142824_001_004_000_000.jpg,0,normal,C_004_005,C_004,C_004_005_20230829,1,train
C_004_005_20230907090319_001_004_000_000.jpg,./data/you_foulbrood/normal/C_004_005_20230907090319_001_004_000_000.jpg,0,normal,C_004_005,C_004,C_004_005_20230907,1,train
C_004_005_20230910165009_001_004_000_000.jpg,./data/you_foulbrood/normal/C_004_005_20230910165009_001_004_000_000.jpg,0,normal,C_004_005,C_004,C_004_005_20230910,1,train
C_004_005_20230910165631_001_004_000_000.jpg,./data/you_foulbrood/normal/C_004_005_20230910165631_001_004_000_000.jpg,0,normal,C_004_005,C_004,C_004_005_20230910,1,train
C_004_005_20230911071727_001_004_000_000.jpg,./data/you_foulbrood/normal/C_004_005_20230911071727_001_004_000_000.jpg,0,normal,C_004_005,C_004,C_004_005_20230911,1,test
C_004_006_20230824075645_001_004_000_000.jpg,./data/you_foulbrood/normal/C_004_006_20230824075645_001_004_000_000.jpg,0,normal,C_004_006,C_004,C_004_006_20230824,1,test
C_004_006_20230825181727_001_004_000_000.jpg,./data/you_foulbrood/normal/C_004_006_20230825181727_001_004_000_000.jpg,0,normal,C_004_006,C_004,C_004_006_20230825,1,test
C_004_006_20230828085128_001_004_000_000.jpg,./data/you_foulbrood/normal/C_004_006_20230828085128_001_004_000_000.jpg,0,normal,C_004_006,C_004,C_004_006_20230828,1,train
C_004_006_20230908160411_001_004_000_000.jpg,./data/you_foulbrood/normal/C_004_006_20230908160411_001_004_000_000.jpg,0,normal,C_004_006,C_004,C_004_006_20230908,1,test
C_004_006_20230910153213_001_004_000_000.jpg,./data/you_foulbrood/normal/C_004_006_20230910153213_001_004_000_000.jpg,0,normal,C_004_006,C_004,C_004_006_20230910,1,test
C_004_006_20230912155425_001_004_000_000.jpg,./data/you_foulbrood/normal/C_004_006_20230912155425_001_004_000_000.jpg,0,normal,C_004_006,C_004,C_004_006_20230912,1,val
C_005_006_20230904174635_001_005_000_000.jpg,./data/you_foulbrood/normal/C_005_006_20230904174635_001_005_000_000.jpg,0,normal,C_005_006,C_005,C_005_006_20230904,1,train
C_005_006_20230905082116_001_005_000_000.jpg,./data/you_foulbrood/normal/C_005_006_20230905082116_001_005_000_000.jpg,0,normal,C_005_006,C_005,C_005_006_20230905,1,val
C_005_006_20230910165454_001_005_000_000.jpg,./data/you_foulbrood/normal/C_005_006_20230910165454_001_005_000_000.jpg,0,normal,C_005_006,C_005,C_005_006_20230910,1,train
C_005_007_20230825180004_001_005_000_000.jpg,./data/you_foulbrood/normal/C_005_007_20230825180004_001_005_000_000.jpg,0,normal,C_005_007,C_005,C_005_007_20230825,1,test
C_005_007_20230828152845_001_005_000_000.jpg,./data/you_foulbrood/normal/C_005_007_20230828152845_001_005_000_000.jpg,0,normal,C_005_007,C_005,C_005_007_20230828,1,test
C_005_007_20230831153100_001_005_000_000.jpg,./data/you_foulbrood/normal/C_005_007_20230831153100_001_005_000_000.jpg,0,normal,C_005_007,C_005,C_005_007_20230831,1,train
C_005_007_20230902173015_001_005_000_000.jpg,./data/you_foulbrood/normal/C_005_007_20230902173015_001_005_000_000.jpg,0,normal,C_005_007,C_005,C_005_007_20230902,1,test
C_005_007_20230910160846_001_005_000_000.jpg,./data/you_foulbrood/normal/C_005_007_20230910160846_001_005_000_000.jpg,0,normal,C_005_007,C_005,C_005_007_20230910,1,train
C_005_008_20230825172041_001_005_000_000.jpg,./data/you_foulbrood/normal/C_005_008_20230825172041_001_005_000_000.jpg,0,normal,C_005_008,C_005,C_005_008_20230825,1,test
C_005_008_20230826100415_001_005_000_000.jpg,./data/you_foulbrood/normal/C_005_008_20230826100415_001_005_000_000.jpg,0,normal,C_005_008,C_005,C_005_008_20230826,1,val
C_005_008_20230827175703_001_005_000_000.jpg,./data/you_foulbrood/normal/C_005_008_20230827175703_001_005_000_000.jpg,0,normal,C_005_008,C_005,C_005_008_20230827,1,val
C_005_008_20230831152245_001_005_000_000.jpg,./data/you_foulbrood/normal/C_005_008_20230831152245_001_005_000_000.jpg,0,normal,C_005_008,C_005,C_005_008_20230831,1,val
C_005_008_20230902163704_001_005_000_000.jpg,./data/you_foulbrood/normal/C_005_008_20230902163704_001_005_000_000.jpg,0,normal,C_005_008,C_005,C_005_008_20230902,1,val
C_005_008_20230903074840_001_005_000_000.jpg,./data/you_foulbrood/normal/C_005_008_20230903074840_001_005_000_000.jpg,0,normal,C_005_008,C_005,C_005_008_20230903,1,train
C_005_008_20230907085106_001_005_000_000.jpg,./data/you_foulbrood/normal/C_005_008_20230907085106_001_005_000_000.jpg,0,normal,C_005_008,C_005,C_005_008_20230907,1,train
C_005_008_20230908174319_001_005_000_000.jpg,./data/you_foulbrood/normal/C_005_008_20230908174319_001_005_000_000.jpg,0,normal,C_005_008,C_005,C_005_008_20230908,1,train
C_005_009_20230831162826_001_005_000_000.jpg,./data/you_foulbrood/normal/C_005_009_20230831162826_001_005_000_000.jpg,0,normal,C_005_009,C_005,C_005_009_20230831,1,test
C_005_009_20230908164206_001_005_000_000.jpg,./data/you_foulbrood/normal/C_005_009_20230908164206_001_005_000_000.jpg,0,normal,C_005_009,C_005,C_005_009_20230908,1,test
C_005_009_20230908174822_001_005_000_000.jpg,./data/you_foulbrood/normal/C_005_009_20230908174822_001_005_000_000.jpg,0,normal,C_005_009,C_005,C_005_009_20230908,1,test
C_005_009_20230912133734_001_005_000_000.jpg,./data/you_foulbrood/normal/C_005_009_20230912133734_001_005_000_000.jpg,0,normal,C_005_009,C_005,C_005_009_20230912,1,test
C_006_009_20230827185042_001_006_000_000.jpg,./data/you_foulbrood/normal/C_006_009_20230827185042_001_006_000_000.jpg,0,normal,C_006_009,C_006,C_006_009_20230827,1,train
C_006_009_20230827190556_001_006_000_000.jpg,./data/you_foulbrood/normal/C_006_009_20230827190556_001_006_000_000.jpg,0,normal,C_006_009,C_006,C_006_009_20230827,1,test
C_006_010_20230825164628_001_006_000_000.jpg,./data/you_foulbrood/normal/C_006_010_20230825164628_001_006_000_000.jpg,0,normal,C_006_010,C_006,C_006_010_20230825,1,test
C_006_010_20230825165936_001_006_000_000.jpg,./data/you_foulbrood/normal/C_006_010_20230825165936_001_006_000_000.jpg,0,normal,C_006_010,C_006,C_006_010_20230825,1,train
C_006_010_20230827163818_001_006_000_000.jpg,./data/you_foulbrood/normal/C_006_010_20230827163818_001_006_000_000.jpg,0,normal,C_006_010,C_006,C_006_010_20230827,1,train
C_006_010_20230829163456_001_006_000_000.jpg,./data/you_foulbrood/normal/C_006_010_20230829163456_001_006_000_000.jpg,0,normal,C_006_010,C_006,C_006_010_20230829,1,test
C_006_010_20230831144344_001_006_000_000.jpg,./data/you_foulbrood/normal/C_006_010_20230831144344_001_006_000_000.jpg,0,normal,C_006_010,C_006,C_006_010_20230831,1,train
C_006_010_20230902190737_001_006_000_000.jpg,./data/you_foulbrood/normal/C_006_010_20230902190737_001_006_000_000.jpg,0,normal,C_006_010,C_006,C_006_010_20230902,1,train
C_006_010_20230904160625_001_006_000_000.jpg,./data/you_foulbrood/normal/C_006_010_20230904160625_001_006_000_000.jpg,0,normal,C_006_010,C_006,C_006_010_20230904,1,train
C_006_010_20230908155225_001_006_000_000.jpg,./data/you_foulbrood/normal/C_006_010_20230908155225_001_006_000_000.jpg,0,normal,C_006_010,C_006,C_006_010_20230908,1,test
C_006_011_20230831145112_001_006_000_000.jpg,./data/you_foulbrood/normal/C_006_011_20230831145112_001_006_000_000.jpg,0,normal,C_006_011,C_006,C_006_011_20230831,1,test
C_006_011_20230902164018_001_006_000_000.jpg,./data/you_foulbrood/normal/C_006_011_20230902164018_001_006_000_000.jpg,0,normal,C_006_011,C_006,C_006_011_20230902,1,train
C_006_011_20230903074114_001_006_000_000.jpg,./data/you_foulbrood/normal/C_006_011_20230903074114_001_006_000_000.jpg,0,normal,C_006_011,C_006,C_006_011_20230903,1,train
C_006_012_20230829140159_001_006_000_000.jpg,./data/you_foulbrood/normal/C_006_012_20230829140159_001_006_000_000.jpg,0,normal,C_006_012,C_006,C_006_012_20230829,1,test
C_006_012_20230830062603_001_006_000_000.jpg,./data/you_foulbrood/normal/C_006_012_20230830062603_001_006_000_000.jpg,0,normal,C_006_012,C_006,C_006_012_20230830,1,val
C_006_012_20230906155811_001_006_000_000.jpg,./data/you_foulbrood/normal/C_006_012_20230906155811_001_006_000_000.jpg,0,normal,C_006_012,C_006,C_006_012_20230906,1,val
C_006_012_20230907064844_001_006_000_000.jpg,./data/you_foulbrood/normal/C_006_012_20230907064844_001_006_000_000.jpg,0,normal,C_006_012,C_006,C_006_012_20230907,1,train
C_006_012_20230912135645_001_006_000_000.jpg,./data/you_foulbrood/normal/C_006_012_20230912135645_001_006_000_000.jpg,0,normal,C_006_012,C_006,C_006_012_20230912,1,test
C_007_012_20230829150411_001_007_000_000.jpg,./data/you_foulbrood/normal/C_007_012_20230829150411_001_007_000_000.jpg,0,normal,C_007_012,C_007,C_007_012_20230829,1,test
C_007_013_20230826122523_001_007_000_000.jpg,./data/you_foulbrood/normal/C_007_013_20230826122523_001_007_000_000.jpg,0,normal,C_007_013,C_007,C_007_013_20230826,1,val
C_007_013_20230904152327_001_007_000_000.jpg,./data/you_foulbrood/normal/C_007_013_20230904152327_001_007_000_000.jpg,0,normal,C_007_013,C_007,C_007_013_20230904,1,val
C_007_013_20230908163934_001_007_000_000.jpg,./data/you_foulbrood/normal/C_007_013_20230908163934_001_007_000_000.jpg,0,normal,C_007_013,C_007,C_007_013_20230908,1,test
C_007_014_20230829171109_001_007_000_000.jpg,./data/you_foulbrood/normal/C_007_014_20230829171109_001_007_000_000.jpg,0,normal,C_007_014,C_007,C_007_014_20230829,1,train
C_007_014_20230903111405_001_007_000_000.jpg,./data/you_foulbrood/normal/C_007_014_20230903111405_001_007_000_000.jpg,0,normal,C_007_014,C_007,C_007_014_20230903,1,train
C_007_014_20230906153028_001_007_000_000.jpg,./data/you_foulbrood/normal/C_007_014_20230906153028_001_007_000_000.jpg,0,normal,C_007_014,C_007,C_007_014_20230906,1,train
C_007_014_20230906170251_001_007_000_000.jpg,./data/you_foulbrood/normal/C_007_014_20230906170251_001_007_000_000.jpg,0,normal,C_007_014,C_007,C_007_014_20230906,1,train
C_007_014_20230910170136_001_007_000_000.jpg,./data/you_foulbrood/normal/C_007_014_20230910170136_001_007_000_000.jpg,0,normal,C_007_014,C_007,C_007_014_20230910,1,val
C_007_014_20230912154409_001_007_000_000.jpg,./data/you_foulbrood/normal/C_007_014_20230912154409_001_007_000_000.jpg,0,normal,C_007_014,C_007,C_007_014_20230912,1,val
C_008_015_20230903075201_001_008_000_000.jpg,./data/you_foulbrood/normal/C_008_015_20230903075201_001_008_000_000.jpg,0,normal,C_008_015,C_008,C_008_015_20230903,1,train
C_008_015_20230907122602_001_008_000_000.jpg,./data/you_foulbrood/normal/C_008_015_20230907122602_001_008_000_000.jpg,0,normal,C_008_015,C_008,C_008_015_20230907,1,val
C_008_016_20230908160809_001_008_000_000.jpg,./data/you_foulbrood/normal/C_008_016_20230908160809_001_008_000_000.jpg,0,normal,C_008_016,C_008,C_008_016_20230908,1,val
C_008_016_20230908194332_001_008_000_000.jpg,./data/you_foulbrood/normal/C_008_016_20230908194332_001_008_000_000.jpg,0,normal,C_008_016,C_008,C_008_016_20230908,1,train
C_008_017_20230825181031_001_008_000_000.jpg,./data/you_foulbrood/normal/C_008_017_20230825181031_001_008_000_000.jpg,0,normal,C_008_017,C_008,C_008_017_20230825,1,test
C_008_017_20230827165600_001_008_000_000.jpg,./data/you_foulbrood/normal/C_008_017_20230827165600_001_008_000_000.jpg,0,normal,C_008_017,C_008,C_008_017_20230827,1,test
C_008_017_20230904153838_001_008_000_000.jpg,./data/you_foulbrood/normal/C_008_017_20230904153838_001_008_000_000.jpg,0,normal,C_008_017,C_008,C_008_017_20230904,1,test
C_008_017_20230904162244_001_008_000_000.jpg,./data/you_foulbrood/normal/C_008_017_20230904162244_001_008_000_000.jpg,0,normal,C_008_017,C_008,C_008_017_20230904,1,test
C_008_017_20230905075623_001_008_000_000.jpg,./data/you_foulbrood/normal/C_008_017_20230905075623_001_008_000_000.jpg,0,normal,C_008_017,C_008,C_008_017_20230905,1,train
C_008_017_20230910153826_001_008_000_000.jpg,./data/you_foulbrood/normal/C_008_017_20230910153826_001_008_000_000.jpg,0,normal,C_008_017,C_008,C_008_017_20230910,1,test
C_008_017_20230912133133_001_008_000_000.jpg,./data/you_foulbrood/normal/C_008_017_20230912133133_001_008_000_000.jpg,0,normal,C_008_017,C_008,C_008_017_20230912,1,val
C_008_018_20230829165345_001_008_000_000.jpg,./data/you_foulbrood/normal/C_008_018_20230829165345_001_008_000_000.jpg,0,normal,C_008_018,C_008,C_008_018_20230829,1,val
C_009_018_20230907080358_001_009_000_000.jpg,./data/you_foulbrood/normal/C_009_018_20230907080358_001_009_000_000.jpg,0,normal,C_009_018,C_009,C_009_018_20230907,1,train
C_009_018_20230908172734_001_009_000_000.jpg,./data/you_foulbrood/normal/C_009_018_20230908172734_001_009_000_000.jpg,0,normal,C_009_018,C_009,C_009_018_20230908,1,val
C_009_018_20230912142048_001_009_000_000.jpg,./data/you_foulbrood/normal/C_009_018_20230912142048_001_009_000_000.jpg,0,normal,C_009_018,C_009,C_009_018_20230912,1,val
C_009_019_20230827181905_001_009_000_000.jpg,./data/you_foulbrood/normal/C_009_019_20230827181905_001_009_000_000.jpg,0,normal,C_009_019,C_009,C_009_019_20230827,1,val
C_009_019_20230829155551_001_009_000_000.jpg,./data/you_foulbrood/normal/C_009_019_20230829155551_001_009_000_000.jpg,0,normal,C_009_019,C_009,C_009_019_20230829,1,test
C_009_019_20230829160507_001_009_000_000.jpg,./data/you_foulbrood/normal/C_009_019_20230829160507_001_009_000_000.jpg,0,normal,C_009_019,C_009,C_009_019_20230829,1,test
C_009_019_20230829164306_001_009_000_000.jpg,./data/you_foulbrood/normal/C_009_019_20230829164306_001_009_000_000.jpg,0,normal,C_009_019,C_009,C_009_019_20230829,1,train
C_009_019_20230830063113_001_009_000_000.jpg,./data/you_foulbrood/normal/C_009_019_20230830063113_001_009_000_000.jpg,0,normal,C_009_019,C_009,C_009_019_20230830,1,train
C_009_019_20230831143213_001_009_000_000.jpg,./data/you_foulbrood/normal/C_009_019_20230831143213_001_009_000_000.jpg,0,normal,C_009_019,C_009,C_009_019_20230831,1,val
C_009_019_20230831144113_001_009_000_000.jpg,./data/you_foulbrood/normal/C_009_019_20230831144113_001_009_000_000.jpg,0,normal,C_009_019,C_009,C_009_019_20230831,1,test
C_009_019_20230904151913_001_009_000_000.jpg,./data/you_foulbrood/normal/C_009_019_20230904151913_001_009_000_000.jpg,0,normal,C_009_019,C_009,C_009_019_20230904,1,train
C_009_019_20230910155219_001_009_000_000.jpg,./data/you_foulbrood/normal/C_009_019_20230910155219_001_009_000_000.jpg,0,normal,C_009_019,C_009,C_009_019_20230910,1,train
C_009_019_20230910162410_001_009_000_000.jpg,./data/you_foulbrood/normal/C_009_019_20230910162410_001_009_000_000.jpg,0,normal,C_009_019,C_009,C_009_019_20230910,1,train
C_009_019_20230912153450_001_009_000_000.jpg,./data/you_foulbrood/normal/C_009_019_20230912153450_001_009_000_000.jpg,0,normal,C_009_019,C_009,C_009_019_20230912,1,test
C_009_020_20230827151913_001_009_000_000.jpg,./data/you_foulbrood/normal/C_009_020_20230827151913_001_009_000_000.jpg,0,normal,C_009_020,C_009,C_009_020_20230827,1,train
C_009_020_20230827175922_001_009_000_000.jpg,./data/you_foulbrood/normal/C_009_020_20230827175922_001_009_000_000.jpg,0,normal,C_009_020,C_009,C_009_020_20230827,1,train
C_009_020_20230829134758_001_009_000_000.jpg,./data/you_foulbrood/normal/C_009_020_20230829134758_001_009_000_000.jpg,0,normal,C_009_020,C_009,C_009_020_20230829,1,train
C_009_020_20230829155422_001_009_000_000.jpg,./data/you_foulbrood/normal/C_009_020_20230829155422_001_009_000_000.jpg,0,normal,C_009_020,C_009,C_009_020_20230829,1,train
C_009_020_20230831141322_001_009_000_000.jpg,./data/you_foulbrood/normal/C_009_020_20230831141322_001_009_000_000.jpg,0,normal,C_009_020,C_009,C_009_020_20230831,1,val
C_009_021_20230905063227_001_009_000_000.jpg,./data/you_foulbrood/normal/C_009_021_20230905063227_001_009_000_000.jpg,0,normal,C_009_021,C_009,C_009_021_20230905,1,train
C_010_021_20230824094131_001_010_000_000.jpg,./data/you_foulbrood/normal/C_010_021_20230824094131_001_010_000_000.jpg,0,normal,C_010_021,C_010,C_010_021_20230824,1,train
C_010_021_20230825184019_001_010_000_000.jpg,./data/you_foulbrood/normal/C_010_021_20230825184019_001_010_000_000.jpg,0,normal,C_010_021,C_010,C_010_021_20230825,1,test
C_010_021_20230829160808_001_010_000_000.jpg,./data/you_foulbrood/normal/C_010_021_20230829160808_001_010_000_000.jpg,0,normal,C_010_021,C_010,C_010_021_20230829,1,test
C_010_021_20230830073117_001_010_000_000.jpg,./data/you_foulbrood/normal/C_010_021_20230830073117_001_010_000_000.jpg,0,normal,C_010_021,C_010,C_010_021_20230830,1,test
C_010_021_20230902174734_001_010_000_000.jpg,./data/you_foulbrood/normal/C_010_021_20230902174734_001_010_000_000.jpg,0,normal,C_010_021,C_010,C_010_021_20230902,1,val
C_010_021_20230903062150_001_010_000_000.jpg,./data/you_foulbrood/normal/C_010_021_20230903062150_001_010_000_000.jpg,0,normal,C_010_021,C_010,C_010_021_20230903,1,train
C_010_021_20230910141750_001_010_000_000.jpg,./data/you_foulbrood/normal/C_010_021_20230910141750_001_010_000_000.jpg,0,normal,C_010_021,C_010,C_010_021_20230910,1,val
C_010_021_20230912160454_001_010_000_000.jpg,./data/you_foulbrood/normal/C_010_021_20230912160454_001_010_000_000.jpg,0,normal,C_010_021,C_010,C_010_021_20230912,1,train
C_010_022_20230825174839_001_010_000_000.jpg,./data/you_foulbrood/normal/C_010_022_20230825174839_001_010_000_000.jpg,0,normal,C_010_022,C_010,C_010_022_20230825,1,test
C_010_022_20230825181700_001_010_000_000.jpg,./data/you_foulbrood/normal/C_010_022_20230825181700_001_010_000_000.jpg,0,normal,C_010_022,C_010,C_010_022_20230825,1,train
C_010_022_20230827174722_001_010_000_000.jpg,./data/you_foulbrood/normal/C_010_022_20230827174722_001_010_000_000.jpg,0,normal,C_010_022,C_010,C_010_022_20230827,1,train
C_010_022_20230830065155_001_010_000_000.jpg,./data/you_foulbrood/normal/C_010_022_20230830065155_001_010_000_000.jpg,0,normal,C_010_022,C_010,C_010_022_20230830,1,train
C_010_022_20230831160954_001_010_000_000.jpg,./data/you_foulbrood/normal/C_010_022_20230831160954_001_010_000_000.jpg,0,normal,C_010_022,C_010,C_010_022_20230831,1,train
C_010_022_20230908165427_001_010_000_000.jpg,./data/you_foulbrood/normal/C_010_022_20230908165427_001_010_000_000.jpg,0,normal,C_010_022,C_010,C_010_022_20230908,1,train
C_010_023_20230827161003_001_010_000_000.jpg,./data/you_foulbrood/normal/C_010_023_20230827161003_001_010_000_000.jpg,0,normal,C_010_023,C_010,C_010_023_20230827,1,train
C_010_023_20230827170100_001_010_000_000.jpg,./data/you_foulbrood/normal/C_010_023_20230827170100_001_010_000_000.jpg,0,normal,C_010_023,C_010,C_010_023_20230827,1,test
C_010_023_20230827174700_001_010_000_000.jpg,./data/you_foulbrood/normal/C_010_023_20230827174700_001_010_000_000.jpg,0,normal,C_010_023,C_010,C_010_023_20230827,1,train
C_010_023_20230829143457_001_010_000_000.jpg,./data/you_foulbrood/normal/C_010_023_20230829143457_001_010_000_000.jpg,0,normal,C_010_023,C_010,C_010_023_20230829,1,train
C_010_023_20230904162229_001_010_000_000.jpg,./data/you_foulbrood/normal/C_010_023_20230904162229_001_010_000_000.jpg,0,normal,C_010_023,C_010,C_010_023_20230904,1,test
C_010_023_20230910153647_001_010_000_000.jpg,./data/you_foulbrood/normal/C_010_023_20230910153647_001_010_000_000.jpg,0,normal,C_010_023,C_010,C_010_023_20230910,1,test
C_010_024_20230906180935_001_010_000_000.jpg,./data/you_foulbrood/normal/C_010_024_20230906180935_001_010_000_000.jpg,0,normal,C_010_024,C_010,C_010_024_20230906,1,val
C_010_024_20230910145410_001_010_000_000.jpg,./data/you_foulbrood/normal/C_010_024_20230910145410_001_010_000_000.jpg,0,normal,C_010_024,C_010,C_010_024_20230910,1,train
C_011_024_20230829142705_001_011_000_000.jpg,./data/you_foulbrood/normal/C_011_024_20230829142705_001_011_000_000.jpg,0,normal,C_011_024,C_011,C_011_024_20230829,1,val
C_011_024_20230906180227_001_011_000_000.jpg,./data/you_foulbrood/normal/C_011_024_20230906180227_001_011_000_000.jpg,0,normal,C_011_024,C_011,C_011_024_20230906,1,train
C_011_024_20230910155736_001_011_000_000.jpg,./data/you_foulbrood/normal/C_011_024_20230910155736_001_011_000_000.jpg,0,normal,C_011_024,C_011,C_011_024_20230910,1,test
C_011_024_20230912134519_001_011_000_000.jpg,./data/you_foulbrood/normal/C_011_024_20230912134519_001_011_000_000.jpg,0,normal,C_011_024,C_011,C_011_024_20230912,1,test
C_011_025_20230904144624_001_011_000_000.jpg,./data/you_foulbrood/normal/C_011_025_20230904144624_001_011_000_000.jpg,0,normal,C_011_025,C_011,C_011_025_20230904,1,train
C_011_025_20230908153435_001_011_000_000.jpg,./data/you_foulbrood/normal/C_011_025_20230908153435_001_011_000_000.jpg,0,normal,C_011_025,C_011,C_011_025_20230908,1,train
C_011_026_20230903072244_001_011_000_000.jpg,./data/you_foulbrood/normal/C_011_026_20230903072244_001_011_000_000.jpg,0,normal,C_011_026,C_011,C_011_026_20230903,1,test
C_011_026_20230907075409_001_011_000_000.jpg,./data/you_foulbrood/normal/C_011_026_20230907075409_001_011_000_000.jpg,0,normal,C_011_026,C_011,C_011_026_20230907,1,val
C_012_027_20230831192908_001_012_000_000.jpg,./data/you_foulbrood/normal/C_012_027_20230831192908_001_012_000_000.jpg,0,normal,C_012_027,C_012,C_012_027_20230831,1,train
C_012_027_20230902154458_001_012_000_000.jpg,./data/you_foulbrood/normal/C_012_027_20230902154458_001_012_000_000.jpg,0,normal,C_012_027,C_012,C_012_027_20230902,1,train
C_012_028_20230826083905_001_012_000_000.jpg,./data/you_foulbrood/normal/C_012_028_20230826083905_001_012_000_000.jpg,0,normal,C_012_028,C_012,C_012_028_20230826,1,test
C_012_028_20230829151953_001_012_000_000.jpg,./data/you_foulbrood/normal/C_012_028_20230829151953_001_012_000_000.jpg,0,normal,C_012_028,C_012,C_012_028_20230829,1,test
C_012_028_20230906181336_001_012_000_000.jpg,./data/you_foulbrood/normal/C_012_028_20230906181336_001_012_000_000.jpg,0,normal,C_012_028,C_012,C_012_028_20230906,1,test
C_012_029_20230828132942_001_012_000_000.jpg,./data/you_foulbrood/normal/C_012_029_20230828132942_001_012_000_000.jpg,0,normal,C_012_029,C_012,C_012_029_20230828,1,train
C_012_029_20230906161554_001_012_000_000.jpg,./data/you_foulbrood/normal/C_012_029_20230906161554_001_012_000_000.jpg,0,normal,C_012_029,C_012,C_012_029_20230906,1,test
C_012_029_20230908181102_001_012_000_000.jpg,./data/you_foulbrood/normal/C_012_029_20230908181102_001_012_000_000.jpg,0,normal,C_012_029,C_012,C_012_029_20230908,1,val
B_001_001_20230819184543_001_004_000_003.jpg,./data/you_foulbrood/abnormal/B_001_001_20230819184543_001_004_000_003.jpg,1,abnormal,B_001_001,B_001,B_001_001_20230819,2,test
B_001_001_20230819185339_001_002_000_003.jpg,./data/you_foulbrood/abnormal/B_001_001_20230819185339_001_002_000_003.jpg,1,abnormal,B_001_001,B_001,B_001_001_20230819,2,val
B_001_001_20230819221134_001_004_000_003.jpg,./data/you_foulbrood/abnormal/B_001_001_20230819221134_001_004_000_003.jpg,1,abnormal,B_001_001,B_001,B_001_001_20230819,2,test
B_001_001_20230819221722_001_002_000_003.jpg,./data/you_foulbrood/abnormal/B_001_001_20230819221722_001_002_000_003.jpg,1,abnormal,B_001_001,B_001,B_001_001_20230819,2,train
B_001_001_20230819222852_001_003_000_003.jpg,./data/you_foulbrood/abnormal/B_001_001_20230819222852_001_003_000_003.jpg,1,abnormal,B_001_001,B_001,B_001_001_20230819,2,train
B_001_001_20230819223943_001_002_000_003.jpg,./data/you_foulbrood/abnormal/B_001_001_20230819223943_001_002_000_003.jpg,1,abnormal,B_001_001,B_001,B_001_001_20230819,2,test
B_001_001_20230819224112_001_002_000_003.jpg,./data/you_foulbrood/abnormal/B_001_001_20230819224112_001_002_000_003.jpg,1,abnormal,B_001_001,B_001,B_001_001_20230819,2,test
B_001_001_20230820211410_001_002_000_003.jpg,./data/you_foulbrood/abnormal/B_001_001_20230820211410_001_002_000_003.jpg,1,abnormal,B_001_001,B_001,B_001_001_20230820,2,train
B_001_001_20230820212924_001_002_000_003.jpg,./data/you_foulbrood/abnormal/B_001_001_20230820212924_001_002_000_003.jpg,1,abnormal,B_001_001,B_001,B_001_001_20230820,2,val
B_001_001_20230820222754_001_004_000_003.jpg,./data/you_foulbrood/abnormal/B_001_001_20230820222754_001_004_000_003.jpg,1,abnormal,B_001_001,B_001,B_001_001_20230820,2,test
B_001_001_20230821180326_001_004_000_003.jpg,./data/you_foulbrood/abnormal/B_001_001_20230821180326_001_004_000_003.jpg,1,abnormal,B_001_001,B_001,B_001_001_20230821,2,train
B_001_001_20230821181213_001_004_000_003.jpg,./data/you_foulbrood/abnormal/B_001_001_20230821181213_001_004_000_003.jpg,1,abnormal,B_001_001,B_001,B_001_001_20230821,2,train
B_001_001_20230821184615_001_002_000_003.jpg,./data/you_foulbrood/abnormal/B_001_001_20230821184615_001_002_000_003.jpg,1,abnormal,B_001_001,B_001,B_001_001_20230821,2,test
B_001_001_20230821185038_001_002_000_003.jpg,./data/you_foulbrood/abnormal/B_001_001_20230821185038_001_002_000_003.jpg,1,abnormal,B_001_001,B_001,B_001_001_20230821,2,train
B_001_001_20230821185245_001_002_000_003.jpg,./data/you_foulbrood/abnormal/B_001_001_20230821185245_001_002_000_003.jpg,1,abnormal,B_001_001,B_001,B_001_001_20230821,2,test
B_001_001_20230821190433_001_003_000_003.jpg,./data/you_foulbrood/abnormal/B_001_001_20230821190433_001_003_000_003.jpg,1,abnormal,B_001_001,B_001,B_001_001_20230821,2,test
B_001_001_20230821213547_001_004_000_003.jpg,./data/you_foulbrood/abnormal/B_001_001_20230821213547_001_004_000_003.jpg,1,abnormal,B_001_001,B_001,B_001_001_20230821,2,test
B_001_001_20230821221829_001_003_000_003.jpg,./data/you_foulbrood/abnormal/B_001_001_20230821221829_001_003_000_003.jpg,1,abnormal,B_001_001,B_001,B_001_001_20230821,2,train
B_001_001_20230821222418_001_002_000_003.jpg,./data/you_foulbrood/abnormal/B_001_001_20230821222418_001_002_000_003.jpg,1,abnormal,B_001_001,B_001,B_001_001_20230821,2,train
B_001_001_20230821223931_001_002_000_003.jpg,./data/you_foulbrood/abnormal/B_001_001_20230821223931_001_002_000_003.jpg,1,abnormal,B_001_001,B_001,B_001_001_20230821,2,test
B_001_001_20230821224138_001_003_000_003.jpg,./data/you_foulbrood/abnormal/B_001_001_20230821224138_001_003_000_003.jpg,1,abnormal,B_001_001,B_001,B_001_001_20230821,2,test
B_001_001_20230821225359_001_003_000_003.jpg,./data/you_foulbrood/abnormal/B_001_001_20230821225359_001_003_000_003.jpg,1,abnormal,B_001_001,B_001,B_001_001_20230821,2,test
B_001_001_20230822181106_001_002_000_003.jpg,./data/you_foulbrood/abnormal/B_001_001_20230822181106_001_002_000_003.jpg,1,abnormal,B_001_001,B_001,B_001_001_20230822,2,train
B_001_001_20230822182954_001_002_000_003.jpg,./data/you_foulbrood/abnormal/B_001_001_20230822182954_001_002_000_003.jpg,1,abnormal,B_001_001,B_001,B_001_001_20230822,2,test
B_001_001_20230822205550_001_002_000_003.jpg,./data/you_foulbrood/abnormal/B_001_001_20230822205550_001_002_000_003.jpg,1,abnormal,B_001_001,B_001,B_001_001_20230822,2,train
B_001_001_20230903152138_001_004_000_003.jpg,./data/you_foulbrood/abnormal/B_001_001_20230903152138_001_004_000_003.jpg,1,abnormal,B_001_001,B_001,B_001_001_20230903,2,test
B_001_001_20230912094654_001_001_000_003.jpg,./data/you_foulbrood/abnormal/B_001_001_20230912094654_001_001_000_003.jpg,1,abnormal,B_001_001,B_001,B_001_001_20230912,2,test
B_001_001_20230912131457_001_001_000_003.jpg,./data/you_foulbrood/abnormal/B_001_001_20230912131457_001_001_000_003.jpg,1,abnormal,B_001_001,B_001,B_001_001_20230912,2,val
B_001_001_20230912181039_001_001_000_003.jpg,./data/you_foulbrood/abnormal/B_001_001_20230912181039_001_001_000_003.jpg,1,abnormal,B_001_001,B_001,B_001_001_20230912,2,train
B_001_002_20230819182109_001_001_000_003.jpg,./data/you_foulbrood/abnormal/B_001_002_20230819182109_001_001_000_003.jpg,1,abnormal,B_001_002,B_001,B_001_002_20230819,2,test
B_001_002_20230819182441_001_002_000_003.jpg,./data/you_foulbrood/abnormal/B_001_002_20230819182441_001_002_000_003.jpg,1,abnormal,B_001_002,B_001,B_001_002_20230819,2,test
B_001_002_20230819190509_001_001_000_003.jpg,./data/you_foulbrood/abnormal/B_001_002_20230819190509_001_001_000_003.jpg,1,abnormal,B_001_002,B_001,B_001_002_20230819,2,test
B_001_002_20230819193326_001_004_000_003.jpg,./data/you_foulbrood/abnormal/B_001_002_20230819193326_001_004_000_003.jpg,1,abnormal,B_001_002,B_001,B_001_002_20230819,2,test
B_001_002_20230819201411_001_001_000_003.jpg,./data/you_foulbrood/abnormal/B_001_002_20230819201411_001_001_000_003.jpg,1,abnormal,B_001_002,B_001,B_001_002_20230819,2,train
B_001_002_20230819221724_001_004_000_003.jpg,./data/you_foulbrood/abnormal/B_001_002_20230819221724_001_004_000_003.jpg,1,abnormal,B_001_002,B_001,B_001_002_20230819,2,train
B_001_002_20230819222517_001_002_000_003.jpg,./data/you_foulbrood/abnormal/B_001_002_20230819222517_001_002_000_003.jpg,1,abnormal,B_001_002,B_001,B_001_002_20230819,2,train
B_001_002_20230819224743_001_001_000_003.jpg,./data/you_foulbrood/abnormal/B_001_002_20230819224743_001_001_000_003.jpg,1,abnormal,B_001_002,B_001,B_001_002_20230819,2,test
B_001_002_20230819225453_001_001_000_003.jpg,./data/you_foulbrood/abnormal/B_001_002_20230819225453_001_001_000_003.jpg,1,abnormal,B_001_002,B_001,B_001_002_20230819,2,train
B_001_002_20230820185716_001_003_000_003.jpg,./data/you_foulbrood/abnormal/B_001_002_20230820185716_001_003_000_003.jpg,1,abnormal,B_001_002,B_001,B_001_002_20230820,2,train
B_001_002_20230820191227_001_002_000_003.jpg,./data/you_foulbrood/abnormal/B_001_002_20230820191227_001_002_000_003.jpg,1,abnormal,B_001_002,B_001,B_001_002_20230820,2,val
B_001_002_20230820192322_001_003_000_003.jpg,./data/you_foulbrood/abnormal/B_001_002_20230820192322_001_003_000_003.jpg,1,abnormal,B_001_002,B_001,B_001_002_20230820,2,test
B_001_002_20230820193633_001_002_000_003.jpg,./data/you_foulbrood/abnormal/B_001_002_20230820193633_001_002_000_003.jpg,1,abnormal,B_001_002,B_001,B_001_002_20230820,2,train
B_001_002_20230820200413_001_001_000_003.jpg,./data/you_foulbrood/abnormal/B_001_002_20230820200413_001_001_000_003.jpg,1,abnormal,B_001_002,B_001,B_001_002_20230820,2,test
B_001_002_20230820201043_001_001_000_003.jpg,./data/you_foulbrood/abnormal/B_001_002_20230820201043_001_001_000_003.jpg,1,abnormal,B_001_002,B_001,B_001_002_20230820,2,train
B_001_002_20230820202429_001_001_000_003.jpg,./data/you_foulbrood/abnormal/B_001_002_20230820202429_001_001_000_003.jpg,1,abnormal,B_001_002,B_001,B_001_002_20230820,2,train
B_001_002_20230820214139_001_002_000_003.jpg,./data/you_foulbrood/abnormal/B_001_002_20230820214139_001_002_000_003.jpg,1,abnormal,B_001_002,B_001,B_001_002_20230820,2,train
B_001_002_20230820215655_001_004_000_003.jpg,./data/you_foulbrood/abnormal/B_001_002_20230820215655_001_004_000_003.jpg,1,abnormal,B_001_002,B_001,B_001_002_20230820,2,train
B_001_002_20230820221705_001_001_000_003.jpg,./data/you_foulbrood/abnormal/B_001_002_20230820221705_001_001_000_003.jpg,1,abnormal,B_001_002,B_001,B_001_002_20230820,2,val
B_001_002_20230820222923_001_004_000_003.jpg,./data/you_foulbrood/abnormal/B_001_002_20230820222923_001_004_000_003.jpg,1,abnormal,B_001_002,B_001,B_001_002_20230820,2,test
B_001_002_20230820224146_001_002_000_003.jpg,./data/you_foulbrood/abnormal/B_001_002_20230820224146_001_002_000_003.jpg,1,abnormal,B_001_002,B_001,B_001_002_20230820,2,train
B_001_002_20230820225111_001_004_000_003.jpg,./data/you_foulbrood/abnormal/B_001_002_20230820225111_001_004_000_003.jpg,1,abnormal,B_001_002,B_001,B_001_002_20230820,2,train
B_001_002_20230821183109_001_004_000_003.jpg,./data/you_foulbrood/abnormal/B_001_002_20230821183109_001_004_000_003.jpg,1,abnormal,B_001_002,B_001,B_001_002_20230821,2,val
B_001_002_20230821191024_001_003_000_003.jpg,./data/you_foulbrood/abnormal/B_001_002_20230821191024_001_003_000_003.jpg,1,abnormal,B_001_002,B_001,B_001_002_20230821,2,train
B_001_002_20230821200814_001_001_000_003.jpg,./data/you_foulbrood/abnormal/B_001_002_20230821200814_001_001_000_003.jpg,1,abnormal,B_001_002,B_001,B_001_002_20230821,2,test
B_001_002_20230821204036_001_001_000_003.jpg,./data/you_foulbrood/abnormal/B_001_002_20230821204036_001_001_000_003.jpg,1,abnormal,B_001_002,B_001,B_001_002_20230821,2,train
B_001_002_20230821205339_001_002_000_003.jpg,./data/you_foulbrood/abnormal/B_001_002_20230821205339_001_002_000_003.jpg,1,abnormal,B_001_002,B_001,B_001_002_20230821,2,train
B_001_002_20230821205804_001_004_000_003.jpg,./data/you_foulbrood/abnormal/B_001_002_20230821205804_001_004_000_003.jpg,1,abnormal,B_001_002,B_001,B_001_002_20230821,2,train
B_001_002_20230821210014_001_001_000_003.jpg,./data/you_foulbrood/abnormal/B_001_002_20230821210014_001_001_000_003.jpg,1,abnormal,B_001_002,B_001,B_001_002_20230821,2,train
B_001_002_20230821214643_001_004_000_003.jpg,./data/you_foulbrood/abnormal/B_001_002_20230821214643_001_004_000_003.jpg,1,abnormal,B_001_002,B_001,B_001_002_20230821,2,train
B_001_002_20230822181439_001_001_000_003.jpg,./data/you_foulbrood/abnormal/B_001_002_20230822181439_001_001_000_003.jpg,1,abnormal,B_001_002,B_001,B_001_002_20230822,2,val
B_001_002_20230822182535_001_001_000_003.jpg,./data/you_foulbrood/abnormal/B_001_002_20230822182535_001_001_000_003.jpg,1,abnormal,B_001_002,B_001,B_001_002_20230822,2,test
B_001_002_20230822185639_001_001_000_003.jpg,./data/you_foulbrood/abnormal/B_001_002_20230822185639_001_001_000_003.jpg,1,abnormal,B_001_002,B_001,B_001_002_20230822,2,train
B_001_002_20230822190230_001_001_000_003.jpg,./data/you_foulbrood/abnormal/B_001_002_20230822190230_001_001_000_003.jpg,1,abnormal,B_001_002,B_001,B_001_002_20230822,2,train
B_001_002_20230822190650_001_004_000_003.jpg,./data/you_foulbrood/abnormal/B_001_002_20230822190650_001_004_000_003.jpg,1,abnormal,B_001_002,B_001,B_001_002_20230822,2,test
B_001_003_20230819183447_001_002_000_003.jpg,./data/you_foulbrood/abnormal/B_001_003_20230819183447_001_002_000_003.jpg,1,abnormal,B_001_003,B_001,B_001_003_20230819,2,train
B_001_003_20230819185843_001_004_000_003.jpg,./data/you_foulbrood/abnormal/B_001_003_20230819185843_001_004_000_003.jpg,1,abnormal,B_001_003,B_001,B_001_003_20230819,2,test
B_001_003_20230819192526_001_002_000_003.jpg,./data/you_foulbrood/abnormal/B_001_003_20230819192526_001_002_000_003.jpg,1,abnormal,B_001_003,B_001,B_001_003_20230819,2,train
B_001_003_20230819212215_001_004_000_003.jpg,./data/you_foulbrood/abnormal/B_001_003_20230819212215_001_004_000_003.jpg,1,abnormal,B_001_003,B_001,B_001_003_20230819,2,train
B_001_003_20230819224034_001_003_000_003.jpg,./data/you_foulbrood/abnormal/B_001_003_20230819224034_001_003_000_003.jpg,1,abnormal,B_001_003,B_001,B_001_003_20230819,2,test
B_001_003_20230820182354_001_003_000_003.jpg,./data/you_foulbrood/abnormal/B_001_003_20230820182354_001_003_000_003.jpg,1,abnormal,B_001_003,B_001,B_001_003_20230820,2,test
B_001_003_20230820185843_001_002_000_003.jpg,./data/you_foulbrood/abnormal/B_001_003_20230820185843_001_002_000_003.jpg,1,abnormal,B_001_003,B_001,B_001_003_20230820,2,test
B_001_003_20230820190055_001_004_000_003.jpg,./data/you_foulbrood/abnormal/B_001_003_20230820190055_001_004_000_003.jpg,1,abnormal,B_001_003,B_001,B_001_003_20230820,2,train
B_001_003_20230820192407_001_003_000_003.jpg,./data/you_foulbrood/abnormal/B_001_003_20230820192407_001_003_000_003.jpg,1,abnormal,B_001_003,B_001,B_001_003_20230820,2,train
B_001_003_20230820192657_001_004_000_003.jpg,./data/you_foulbrood/abnormal/B_001_003_20230820192657_001_004_000_003.jpg,1,abnormal,B_001_003,B_001,B_001_003_20230820,2,train
B_001_003_20230820193253_001_002_000_003.jpg,./data/you_foulbrood/abnormal/B_001_003_20230820193253_001_002_000_003.jpg,1,abnormal,B_001_003,B_001,B_001_003_20230820,2,train
B_001_003_20230820195320_001_003_000_003.jpg,./data/you_foulbrood/abnormal/B_001_003_20230820195320_001_003_000_003.jpg,1,abnormal,B_001_003,B_001,B_001_003_20230820,2,val
B_001_003_20230820205522_001_002_000_003.jpg,./data/you_foulbrood/abnormal/B_001_003_20230820205522_001_002_000_003.jpg,1,abnormal,B_001_003,B_001,B_001_003_20230820,2,val
B_001_003_20230820215020_001_001_000_003.jpg,./data/you_foulbrood/abnormal/B_001_003_20230820215020_001_001_000_003.jpg,1,abnormal,B_001_003,B_001,B_001_003_20230820,2,test
B_001_003_20230820224902_001_002_000_003.jpg,./data/you_foulbrood/abnormal/B_001_003_20230820224902_001_002_000_003.jpg,1,abnormal,B_001_003,B_001,B_001_003_20230820,2,test
B_001_003_20230821182102_001_002_000_003.jpg,./data/you_foulbrood/abnormal/B_001_003_20230821182102_001_002_000_003.jpg,1,abnormal,B_001_003,B_001,B_001_003_20230821,2,train
B_001_003_20230821184703_001_002_000_003.jpg,./data/you_foulbrood/abnormal/B_001_003_20230821184703_001_002_000_003.jpg,1,abnormal,B_001_003,B_001,B_001_003_20230821,2,train
B_001_003_20230821190606_001_003_000_003.jpg,./data/you_foulbrood/abnormal/B_001_003_20230821190606_001_003_000_003.jpg,1,abnormal,B_001_003,B_001,B_001_003_20230821,2,test
B_001_003_20230821190732_001_003_000_003.jpg,./data/you_foulbrood/abnormal/B_001_003_20230821190732_001_003_000_003.jpg,1,abnormal,B_001_003,B_001,B_001_003_20230821,2,val
B_001_003_20230821190815_001_001_000_003.jpg,./data/you_foulbrood/abnormal/B_001_003_20230821190815_001_001_000_003.jpg,1,abnormal,B_001_003,B_001,B_001_003_20230821,2,train
B_001_003_20230821194137_001_002_000_003.jpg,./data/you_foulbrood/abnormal/B_001_003_20230821194137_001_002_000_003.jpg,1,abnormal,B_001_003,B_001,B_001_003_20230821,2,val
B_001_003_20230821200648_001_004_000_003.jpg,./data/you_foulbrood/abnormal/B_001_003_20230821200648_001_004_000_003.jpg,1,abnormal,B_001_003,B_001,B_001_003_20230821,2,val
B_001_003_20230821202832_001_002_000_003.jpg,./data/you_foulbrood/abnormal/B_001_003_20230821202832_001_002_000_003.jpg,1,abnormal,B_001_003,B_001,B_001_003_20230821,2,test
B_001_003_20230821203706_001_004_000_003.jpg,./data/you_foulbrood/abnormal/B_001_003_20230821203706_001_004_000_003.jpg,1,abnormal,B_001_003,B_001,B_001_003_20230821,2,train
B_001_003_20230821204839_001_003_000_003.jpg,./data/you_foulbrood/abnormal/B_001_003_20230821204839_001_003_000_003.jpg,1,abnormal,B_001_003,B_001,B_001_003_20230821,2,train
B_001_003_20230821204839_001_004_000_003.jpg,./data/you_foulbrood/abnormal/B_001_003_20230821204839_001_004_000_003.jpg,1,abnormal,B_001_003,B_001,B_001_003_20230821,2,test
B_001_003_20230821225236_001_003_000_003.jpg,./data/you_foulbrood/abnormal/B_001_003_20230821225236_001_003_000_003.jpg,1,abnormal,B_001_003,B_001,B_001_003_20230821,2,test
B_001_003_20230822183124_001_004_000_003.jpg,./data/you_foulbrood/abnormal/B_001_003_20230822183124_001_004_000_003.jpg,1,abnormal,B_001_003,B_001,B_001_003_20230822,2,test
B_001_003_20230822183337_001_003_000_003.jpg,./data/you_foulbrood/abnormal/B_001_003_20230822183337_001_003_000_003.jpg,1,abnormal,B_001_003,B_001,B_001_003_20230822,2,train
B_001_003_20230822184803_001_003_000_003.jpg,./data/you_foulbrood/abnormal/B_001_003_20230822184803_001_003_000_003.jpg,1,abnormal,B_001_003,B_001,B_001_003_20230822,2,test
B_001_003_20230822190652_001_002_000_003.jpg,./data/you_foulbrood/abnormal/B_001_003_20230822190652_001_002_000_003.jpg,1,abnormal,B_001_003,B_001,B_001_003_20230822,2,test
B_001_003_20230822194612_001_003_000_003.jpg,./data/you_foulbrood/abnormal/B_001_003_20230822194612_001_003_000_003.jpg,1,abnormal,B_001_003,B_001,B_001_003_20230822,2,val
B_001_003_20230822201225_001_003_000_003.jpg,./data/you_foulbrood/abnormal/B_001_003_20230822201225_001_003_000_003.jpg,1,abnormal,B_001_003,B_001,B_001_003_20230822,2,train
B_001_003_20230822201433_001_003_000_003.jpg,./data/you_foulbrood/abnormal/B_001_003_20230822201433_001_003_000_003.jpg,1,abnormal,B_001_003,B_001,B_001_003_20230822,2,test
B_001_003_20230822202319_001_001_000_003.jpg,./data/you_foulbrood/abnormal/B_001_003_20230822202319_001_001_000_003.jpg,1,abnormal,B_001_003,B_001,B_001_003_20230822,2,val
B_001_003_20230822210525_001_004_000_003.jpg,./data/you_foulbrood/abnormal/B_001_003_20230822210525_001_004_000_003.jpg,1,abnormal,B_001_003,B_001,B_001_003_20230822,2,train
B_001_003_20230822210608_001_003_000_003.jpg,./data/you_foulbrood/abnormal/B_001_003_20230822210608_001_003_000_003.jpg,1,abnormal,B_001_003,B_001,B_001_003_20230822,2,test
B_001_003_20230822210731_001_004_000_003.jpg,./data/you_foulbrood/abnormal/B_001_003_20230822210731_001_004_000_003.jpg,1,abnormal,B_001_003,B_001,B_001_003_20230822,2,train
B_001_003_20230822210817_001_001_000_003.jpg,./data/you_foulbrood/abnormal/B_001_003_20230822210817_001_001_000_003.jpg,1,abnormal,B_001_003,B_001,B_001_003_20230822,2,val
B_001_003_20230822211156_001_004_000_003.jpg,./data/you_foulbrood/abnormal/B_001_003_20230822211156_001_004_000_003.jpg,1,abnormal,B_001_003,B_001,B_001_003_20230822,2,train
B_001_004_20230819183239_001_001_000_003.jpg,./data/you_foulbrood/abnormal/B_001_004_20230819183239_001_001_000_003.jpg,1,abnormal,B_001_004,B_001,B_001_004_20230819,2,train
B_001_004_20230819183449_001_001_000_003.jpg,./data/you_foulbrood/abnormal/B_001_004_20230819183449_001_001_000_003.jpg,1,abnormal,B_001_004,B_001,B_001_004_20230819,2,train
B_001_004_20230819183449_001_003_000_003.jpg,./data/you_foulbrood/abnormal/B_001_004_20230819183449_001_003_000_003.jpg,1,abnormal,B_001_004,B_001,B_001_004_20230819,2,train
B_001_004_20230819184254_001_004_000_003.jpg,./data/you_foulbrood/abnormal/B_001_004_20230819184254_001_004_000_003.jpg,1,abnormal,B_001_004,B_001,B_001_004_20230819,2,train
B_001_004_20230819191226_001_001_000_003.jpg,./data/you_foulbrood/abnormal/B_001_004_20230819191226_001_001_000_003.jpg,1,abnormal,B_001_004,B_001,B_001_004_20230819,2,val
B_001_004_20230819193458_001_004_000_003.jpg,./data/you_foulbrood/abnormal/B_001_004_20230819193458_001_004_000_003.jpg,1,abnormal,B_001_004,B_001,B_001_004_20230819,2,train
B_001_004_20230819203345_001_003_000_003.jpg,./data/you_foulbrood/abnormal/B_001_004_20230819203345_001_003_000_003.jpg,1,abnormal,B_001_004,B_001,B_001_004_20230819,2,test
B_001_004_20230819203845_001_004_000_003.jpg,./data/you_foulbrood/abnormal/B_001_004_20230819203845_001_004_000_003.jpg,1,abnormal,B_001_004,B_001,B_001_004_20230819,2,test
B_001_004_20230819205910_001_002_000_003.jpg,./data/you_foulbrood/abnormal/B_001_004_20230819205910_001_002_000_003.jpg,1,abnormal,B_001_004,B_001,B_001_004_20230819,2,train
B_001_004_20230819214114_001_001_000_003.jpg,./data/you_foulbrood/abnormal/B_001_004_20230819214114_001_001_000_003.jpg,1,abnormal,B_001_004,B_001,B_001_004_20230819,2,test
B_001_004_20230819220636_001_003_000_003.jpg,./data/you_foulbrood/abnormal/B_001_004_20230819220636_001_003_000_003.jpg,1,abnormal,B_001_004,B_001,B_001_004_20230819,2,train
B_001_004_20230819221305_001_001_000_003.jpg,./data/you_foulbrood/abnormal/B_001_004_20230819221305_001_001_000_003.jpg,1,abnormal,B_001_004,B_001,B_001_004_20230819,2,train
B_001_004_20230819222227_001_004_000_003.jpg,./data/you_foulbrood/abnormal/B_001_004_20230819222227_001_004_000_003.jpg,1,abnormal,B_001_004,B_001,B_001_004_20230819,2,train
B_001_004_20230819222731_001_004_000_003.jpg,./data/you_foulbrood/abnormal/B_001_004_20230819222731_001_004_000_003.jpg,1,abnormal,B_001_004,B_001,B_001_004_20230819,2,train
B_001_004_20230819223652_001_004_000_003.jpg,./data/you_foulbrood/abnormal/B_001_004_20230819223652_001_004_000_003.jpg,1,abnormal,B_001_004,B_001,B_001_004_20230819,2,val
B_001_004_20230819225040_001_001_000_003.jpg,./data/you_foulbrood/abnormal/B_001_004_20230819225040_001_001_000_003.jpg,1,abnormal,B_001_004,B_001,B_001_004_20230819,2,train
B_001_004_20230819225124_001_004_000_003.jpg,./data/you_foulbrood/abnormal/B_001_004_20230819225124_001_004_000_003.jpg,1,abnormal,B_001_004,B_001,B_001_004_20230819,2,train
B_001_004_20230819225206_001_003_000_003.jpg,./data/you_foulbrood/abnormal/B_001_004_20230819225206_001_003_000_003.jpg,1,abnormal,B_001_004,B_001,B_001_004_20230819,2,train
B_001_004_20230820181259_001_002_000_003.jpg,./data/you_foulbrood/abnormal/B_001_004_20230820181259_001_002_000_003.jpg,1,abnormal,B_001_004,B_001,B_001_004_20230820,2,train
B_001_004_20230820184039_001_004_000_003.jpg,./data/you_foulbrood/abnormal/B_001_004_20230820184039_001_004_000_003.jpg,1,abnormal,B_001_004,B_001,B_001_004_20230820,2,train
B_001_004_20230820184627_001_004_000_003.jpg,./data/you_foulbrood/abnormal/B_001_004_20230820184627_001_004_000_003.jpg,1,abnormal,B_001_004,B_001,B_001_004_20230820,2,train
B_001_004_20230820185719_001_003_000_003.jpg,./data/you_foulbrood/abnormal/B_001_004_20230820185719_001_003_000_003.jpg,1,abnormal,B_001_004,B_001,B_001_004_20230820,2,test
B_001_004_20230820191605_001_001_000_003.jpg,./data/you_foulbrood/abnormal/B_001_004_20230820191605_001_001_000_003.jpg,1,abnormal,B_001_004,B_001,B_001_004_20230820,2,train
B_001_004_20230820192408_001_001_000_003.jpg,./data/you_foulbrood/abnormal/B_001_004_20230820192408_001_001_000_003.jpg,1,abnormal,B_001_004,B_001,B_001_004_20230820,2,train
B_001_004_20230820193845_001_002_000_003.jpg,./data/you_foulbrood/abnormal/B_001_004_20230820193845_001_002_000_003.jpg,1,abnormal,B_001_004,B_001,B_001_004_20230820,2,train
B_001_004_20230820201508_001_004_000_003.jpg,./data/you_foulbrood/abnormal/B_001_004_20230820201508_001_004_000_003.jpg,1,abnormal,B_001_004,B_001,B_001_004_20230820,2,val
B_001_004_20230820221753_001_003_000_003.jpg,./data/you_foulbrood/abnormal/B_001_004_20230820221753_001_003_000_003.jpg,1,abnormal,B_001_004,B_001,B_001_004_20230820,2,train
B_001_004_20230821183407_001_001_000_003.jpg,./data/you_foulbrood/abnormal/B_001_004_20230821183407_001_001_000_003.jpg,1,abnormal,B_001_004,B_001,B_001_004_20230821,2,test
B_001_004_20230821185249_001_002_000_003.jpg,./data/you_foulbrood/abnormal/B_001_004_20230821185249_001_002_000_003.jpg,1,abnormal,B_001_004,B_001,B_001_004_20230821,2,train
B_001_004_20230821202749_001_004_000_003.jpg,./data/you_foulbrood/abnormal/B_001_004_20230821202749_001_004_000_003.jpg,1,abnormal,B_001_004,B_001,B_001_004_20230821,2,val
B_001_004_20230821203707_001_002_000_003.jpg,./data/you_foulbrood/abnormal/B_001_004_20230821203707_001_002_000_003.jpg,1,abnormal,B_001_004,B_001,B_001_004_20230821,2,train
B_001_004_20230821210725_001_003_000_003.jpg,./data/you_foulbrood/abnormal/B_001_004_20230821210725_001_003_000_003.jpg,1,abnormal,B_001_004,B_001,B_001_004_20230821,2,train
B_001_004_20230821223512_001_004_000_003.jpg,./data/you_foulbrood/abnormal/B_001_004_20230821223512_001_004_000_003.jpg,1,abnormal,B_001_004,B_001,B_001_004_20230821,2,val
B_001_004_20230821224351_001_001_000_003.jpg,./data/you_foulbrood/abnormal/B_001_004_20230821224351_001_001_000_003.jpg,1,abnormal,B_001_004,B_001,B_001_004_20230821,2,train
B_001_004_20230822184804_001_001_000_003.jpg,./data/you_foulbrood/abnormal/B_001_004_20230822184804_001_001_000_003.jpg,1,abnormal,B_001_004,B_001,B_001_004_20230822,2,train
B_001_004_20230822195118_001_001_000_003.jpg,./data/you_foulbrood/abnormal/B_001_004_20230822195118_001_001_000_003.jpg,1,abnormal,B_001_004,B_001,B_001_004_20230822,2,train
B_001_004_20230822200714_001_001_000_003.jpg,./data/you_foulbrood/abnormal/B_001_004_20230822200714_001_001_000_003.jpg,1,abnormal,B_001_004,B_001,B_001_004_20230822,2,val
B_001_004_20230822201858_001_004_000_003.jpg,./data/you_foulbrood/abnormal/B_001_004_20230822201858_001_004_000_003.jpg,1,abnormal,B_001_004,B_001,B_001_004_20230822,2,test
B_001_004_20230822212248_001_002_000_003.jpg,./data/you_foulbrood/abnormal/B_001_004_20230822212248_001_002_000_003.jpg,1,abnormal,B_001_004,B_001,B_001_004_20230822,2,train
B_001_004_20230824193216_001_001_000_003.jpg,./data/you_foulbrood/abnormal/B_001_004_20230824193216_001_001_000_003.jpg,1,abnormal,B_001_004,B_001,B_001_004_20230824,2,train
B_001_004_20230908152003_001_004_000_003.jpg,./data/you_foulbrood/abnormal/B_001_004_20230908152003_001_004_000_003.jpg,1,abnormal,B_001_004,B_001,B_001_004_20230908,2,train
B_001_004_20230912144417_001_001_000_003.jpg,./data/you_foulbrood/abnormal/B_001_004_20230912144417_001_001_000_003.jpg,1,abnormal,B_001_004,B_001,B_001_004_20230912,2,train
B_001_005_20230820184841_001_004_000_003.jpg,./data/you_foulbrood/abnormal/B_001_005_20230820184841_001_004_000_003.jpg,1,abnormal,B_001_005,B_001,B_001_005_20230820,2,val
B_001_005_20230820185047_001_002_000_003.jpg,./data/you_foulbrood/abnormal/B_001_005_20230820185047_001_002_000_003.jpg,1,abnormal,B_001_005,B_001,B_001_005_20230820,2,train
B_001_005_20230820185047_001_003_000_003.jpg,./data/you_foulbrood/abnormal/B_001_005_20230820185047_001_003_000_003.jpg,1,abnormal,B_001_005,B_001,B_001_005_20230820,2,test
B_001_005_20230820185133_001_001_000_003.jpg,./data/you_foulbrood/abnormal/B_001_005_20230820185133_001_001_000_003.jpg,1,abnormal,B_001_005,B_001,B_001_005_20230820,2,val
B_001_005_20230820191819_001_003_000_003.jpg,./data/you_foulbrood/abnormal/B_001_005_20230820191819_001_003_000_003.jpg,1,abnormal,B_001_005,B_001,B_001_005_20230820,2,val
B_001_005_20230820204814_001_003_000_003.jpg,./data/you_foulbrood/abnormal/B_001_005_20230820204814_001_003_000_003.jpg,1,abnormal,B_001_005,B_001,B_001_005_20230820,2,train
B_001_005_20230904142517_001_001_000_003.jpg,./data/you_foulbrood/abnormal/B_001_005_20230904142517_001_001_000_003.jpg,1,abnormal,B_001_005,B_001,B_001_005_20230904,2,val
B_001_006_20230824224546_001_003_000_003.jpg,./data/you_foulbrood/abnormal/B_001_006_20230824224546_001_003_000_003.jpg,1,abnormal,B_001_006,B_001,B_001_006_20230824,2,test
B_001_006_20230912102608_001_001_000_003.jpg,./data/you_foulbrood/abnormal/B_001_006_20230912102608_001_001_000_003.jpg,1,abnormal,B_001_006,B_001,B_001_006_20230912,2,test
B_001_007_20230903092632_001_004_000_003.jpg,./data/you_foulbrood/abnormal/B_001_007_20230903092632_001_004_000_003.jpg,1,abnormal,B_001_007,B_001,B_001_007_20230903,2,train
B_001_007_20230903093414_001_004_000_003.jpg,./data/you_foulbrood/abnormal/B_001_007_20230903093414_001_004_000_003.jpg,1,abnormal,B_001_007,B_001,B_001_007_20230903,2,val
B_001_007_20230912114450_001_001_000_003.jpg,./data/you_foulbrood/abnormal/B_001_007_20230912114450_001_001_000_003.jpg,1,abnormal,B_001_007,B_001,B_001_007_20230912,2,test
B_001_008_20230908093555_001_003_000_003.jpg,./data/you_foulbrood/abnormal/B_001_008_20230908093555_001_003_000_003.jpg,1,abnormal,B_001_008,B_001,B_001_008_20230908,2,train
B_001_009_20230902100119_001_002_000_003.jpg,./data/you_foulbrood/abnormal/B_001_009_20230902100119_001_002_000_003.jpg,1,abnormal,B_001_009,B_001,B_001_009_20230902,2,train
B_001_009_20230912145517_001_001_000_003.jpg,./data/you_foulbrood/abnormal/B_001_009_20230912145517_001_001_000_003.jpg,1,abnormal,B_001_009,B_001,B_001_009_20230912,2,test
B_001_009_20230912145529_001_001_000_003.jpg,./data/you_foulbrood/abnormal/B_001_009_20230912145529_001_001_000_003.jpg,1,abnormal,B_001_009,B_001,B_001_009_20230912,2,train
B_001_009_20230912145532_001_001_000_003.jpg,./data/you_foulbrood/abnormal/B_001_009_20230912145532_001_001_000_003.jpg,1,abnormal,B_001_009,B_001,B_001_009_20230912,2,test
B_001_011_20230912122802_001_001_000_003.jpg,./data/you_foulbrood/abnormal/B_001_011_20230912122802_001_001_000_003.jpg,1,abnormal,B_001_011,B_001,B_001_011_20230912,2,test
B_001_012_20230820221008_001_004_000_003.jpg,./data/you_foulbrood/abnormal/B_001_012_20230820221008_001_004_000_003.jpg,1,abnormal,B_001_012,B_001,B_001_012_20230820,2,train
B_001_012_20230820225422_001_004_000_003.jpg,./data/you_foulbrood/abnormal/B_001_012_20230820225422_001_004_000_003.jpg,1,abnormal,B_001_012,B_001,B_001_012_20230820,2,train
B_001_012_20230821180805_001_004_000_003.jpg,./data/you_foulbrood/abnormal/B_001_012_20230821180805_001_004_000_003.jpg,1,abnormal,B_001_012,B_001,B_001_012_20230821,2,test
B_001_012_20230821181145_001_002_000_003.jpg,./data/you_foulbrood/abnormal/B_001_012_20230821181145_001_002_000_003.jpg,1,abnormal,B_001_012,B_001,B_001_012_20230821,2,train
B_001_012_20230821185940_001_002_000_003.jpg,./data/you_foulbrood/abnormal/B_001_012_20230821185940_001_002_000_003.jpg,1,abnormal,B_001_012,B_001,B_001_012_20230821,2,train
B_001_012_20230821191717_001_001_000_003.jpg,./data/you_foulbrood/abnormal/B_001_012_20230821191717_001_001_000_003.jpg,1,abnormal,B_001_012,B_001,B_001_012_20230821,2,val
B_001_012_20230821192346_001_004_000_003.jpg,./data/you_foulbrood/abnormal/B_001_012_20230821192346_001_004_000_003.jpg,1,abnormal,B_001_012,B_001,B_001_012_20230821,2,test
B_001_012_20230821194109_001_004_000_003.jpg,./data/you_foulbrood/abnormal/B_001_012_20230821194109_001_004_000_003.jpg,1,abnormal,B_001_012,B_001,B_001_012_20230821,2,val
B_001_012_20230821203719_001_001_000_003.jpg,./data/you_foulbrood/abnormal/B_001_012_20230821203719_001_001_000_003.jpg,1,abnormal,B_001_012,B_001,B_001_012_20230821,2,train
B_001_012_20230821211028_001_001_000_003.jpg,./data/you_foulbrood/abnormal/B_001_012_20230821211028_001_001_000_003.jpg,1,abnormal,B_001_012,B_001,B_001_012_20230821,2,val
B_001_012_20230821211028_001_002_000_003.jpg,./data/you_foulbrood/abnormal/B_001_012_20230821211028_001_002_000_003.jpg,1,abnormal,B_001_012,B_001,B_001_012_20230821,2,test
B_001_012_20230821221039_001_004_000_003.jpg,./data/you_foulbrood/abnormal/B_001_012_20230821221039_001_004_000_003.jpg,1,abnormal,B_001_012,B_001,B_001_012_20230821,2,train
B_001_012_20230821224154_001_002_000_003.jpg,./data/you_foulbrood/abnormal/B_001_012_20230821224154_001_002_000_003.jpg,1,abnormal,B_001_012,B_001,B_001_012_20230821,2,val
B_001_012_20230821224827_001_003_000_003.jpg,./data/you_foulbrood/abnormal/B_001_012_20230821224827_001_003_000_003.jpg,1,abnormal,B_001_012,B_001,B_001_012_20230821,2,test
B_001_012_20230822180827_001_002_000_003.jpg,./data/you_foulbrood/abnormal/B_001_012_20230822180827_001_002_000_003.jpg,1,abnormal,B_001_012,B_001,B_001_012_20230822,2,test
B_001_012_20230822202629_001_002_000_003.jpg,./data/you_foulbrood/abnormal/B_001_012_20230822202629_001_002_000_003.jpg,1,abnormal,B_001_012,B_001,B_001_012_20230822,2,train
B_001_012_20230822210200_001_003_000_003.jpg,./data/you_foulbrood/abnormal/B_001_012_20230822210200_001_003_000_003.jpg,1,abnormal,B_001_012,B_001,B_001_012_20230822,2,test
B_001_012_20230822211756_001_001_000_003.jpg,./data/you_foulbrood/abnormal/B_001_012_20230822211756_001_001_000_003.jpg,1,abnormal,B_001_012,B_001,B_001_012_20230822,2,val
B_001_013_20230819190946_001_003_000_003.jpg,./data/you_foulbrood/abnormal/B_001_013_20230819190946_001_003_000_003.jpg,1,abnormal,B_001_013,B_001,B_001_013_20230819,2,test
B_001_013_20230819191617_001_002_000_003.jpg,./data/you_foulbrood/abnormal/B_001_013_20230819191617_001_002_000_003.jpg,1,abnormal,B_001_013,B_001,B_001_013_20230819,2,val
B_001_013_20230819194224_001_004_000_003.jpg,./data/you_foulbrood/abnormal/B_001_013_20230819194224_001_004_000_003.jpg,1,abnormal,B_001_013,B_001,B_001_013_20230819,2,test
B_001_013_20230819205758_001_002_000_003.jpg,./data/you_foulbrood/abnormal/B_001_013_20230819205758_001_002_000_003.jpg,1,abnormal,B_001_013,B_001,B_001_013_20230819,2,val
B_001_013_20230819214211_001_001_000_003.jpg,./data/you_foulbrood/abnormal/B_001_013_20230819214211_001_001_000_003.jpg,1,abnormal,B_001_013,B_001,B_001_013_20230819,2,val
B_001_013_20230819225511_001_004_000_003.jpg,./data/you_foulbrood/abnormal/B_001_013_20230819225511_001_004_000_003.jpg,1,abnormal,B_001_013,B_001,B_001_013_20230819,2,train
B_001_013_20230820194245_001_002_000_003.jpg,./data/you_foulbrood/abnormal/B_001_013_20230820194245_001_002_000_003.jpg,1,abnormal,B_001_013,B_001,B_001_013_20230820,2,test
B_001_013_20230820194410_001_003_000_003.jpg,./data/you_foulbrood/abnormal/B_001_013_20230820194410_001_003_000_003.jpg,1,abnormal,B_001_013,B_001,B_001_013_20230820,2,test
B_001_013_20230820203027_001_003_000_003.jpg,./data/you_foulbrood/abnormal/B_001_013_20230820203027_001_003_000_003.jpg,1,abnormal,B_001_013,B_001,B_001_013_20230820,2,test
B_001_013_20230820205117_001_001_000_003.jpg,./data/you_foulbrood/abnormal/B_001_013_20230820205117_001_001_000_003.jpg,1,abnormal,B_001_013,B_001,B_001_013_20230820,2,val
B_001_013_20230820213615_001_001_000_003.jpg,./data/you_foulbrood/abnormal/B_001_013_20230820213615_001_001_000_003.jpg,1,abnormal,B_001_013,B_001,B_001_013_20230820,2,train
B_001_016_20230909084107_001_004_000_003.jpg,./data/you_foulbrood/abnormal/B_001_016_20230909084107_001_004_000_003.jpg,1,abnormal,B_001_016,B_001,B_001_016_20230909,2,train
B_001_016_20230909084151_001_003_000_003.jpg,./data/you_foulbrood/abnormal/B_001_016_20230909084151_001_003_000_003.jpg,1,abnormal,B_001_016,B_001,B_001_016_20230909,2,train
B_001_016_20230909084350_001_001_000_003.jpg,./data/you_foulbrood/abnormal/B_001_016_20230909084350_001_001_000_003.jpg,1,abnormal,B_001_016,B_001,B_001_016_20230909,2,train
B_001_018_20230819182714_001_004_000_003.jpg,./data/you_foulbrood/abnormal/B_001_018_20230819182714_001_004_000_003.jpg,1,abnormal,B_001_018,B_001,B_001_018_20230819,2,test
B_001_018_20230819183849_001_003_000_003.jpg,./data/you_foulbrood/abnormal/B_001_018_20230819183849_001_003_000_003.jpg,1,abnormal,B_001_018,B_001,B_001_018_20230819,2,test
B_001_018_20230819184527_001_004_000_003.jpg,./data/you_foulbrood/abnormal/B_001_018_20230819184527_001_004_000_003.jpg,1,abnormal,B_001_018,B_001,B_001_018_20230819,2,train
B_001_018_20230819185152_001_004_000_003.jpg,./data/you_foulbrood/abnormal/B_001_018_20230819185152_001_004_000_003.jpg,1,abnormal,B_001_018,B_001,B_001_018_20230819,2,train
B_001_018_20230819185613_001_001_000_003.jpg,./data/you_foulbrood/abnormal/B_001_018_20230819185613_001_001_000_003.jpg,1,abnormal,B_001_018,B_001,B_001_018_20230819,2,train
B_001_018_20230819193854_001_001_000_003.jpg,./data/you_foulbrood/abnormal/B_001_018_20230819193854_001_001_000_003.jpg,1,abnormal,B_001_018,B_001,B_001_018_20230819,2,train
B_001_018_20230819212154_001_001_000_003.jpg,./data/you_foulbrood/abnormal/B_001_018_20230819212154_001_001_000_003.jpg,1,abnormal,B_001_018,B_001,B_001_018_20230819,2,train
B_001_018_20230819223043_001_001_000_003.jpg,./data/you_foulbrood/abnormal/B_001_018_20230819223043_001_001_000_003.jpg,1,abnormal,B_001_018,B_001,B_001_018_20230819,2,train
B_001_018_20230819223756_001_002_000_003.jpg,./data/you_foulbrood/abnormal/B_001_018_20230819223756_001_002_000_003.jpg,1,abnormal,B_001_018,B_001,B_001_018_20230819,2,train
B_001_018_20230819224138_001_002_000_003.jpg,./data/you_foulbrood/abnormal/B_001_018_20230819224138_001_002_000_003.jpg,1,abnormal,B_001_018,B_001,B_001_018_20230819,2,test
B_001_018_20230819225351_001_002_000_003.jpg,./data/you_foulbrood/abnormal/B_001_018_20230819225351_001_002_000_003.jpg,1,abnormal,B_001_018,B_001,B_001_018_20230819,2,test
B_001_018_20230819225351_001_003_000_003.jpg,./data/you_foulbrood/abnormal/B_001_018_20230819225351_001_003_000_003.jpg,1,abnormal,B_001_018,B_001,B_001_018_20230819,2,val
B_001_018_20230819225648_001_002_000_003.jpg,./data/you_foulbrood/abnormal/B_001_018_20230819225648_001_002_000_003.jpg,1,abnormal,B_001_018,B_001,B_001_018_20230819,2,val
B_001_018_20230821195335_001_004_000_003.jpg,./data/you_foulbrood/abnormal/B_001_018_20230821195335_001_004_000_003.jpg,1,abnormal,B_001_018,B_001,B_001_018_20230821,2,val
B_001_018_20230912153845_001_001_000_003.jpg,./data/you_foulbrood/abnormal/B_001_018_20230912153845_001_001_000_003.jpg,1,abnormal,B_001_018,B_001,B_001_018_20230912,2,val
B_001_019_20230819190159_001_004_000_003.jpg,./data/you_foulbrood/abnormal/B_001_019_20230819190159_001_004_000_003.jpg,1,abnormal,B_001_019,B_001,B_001_019_20230819,2,train
B_001_019_20230819190406_001_003_000_003.jpg,./data/you_foulbrood/abnormal/B_001_019_20230819190406_001_003_000_003.jpg,1,abnormal,B_001_019,B_001,B_001_019_20230819,2,test
B_001_019_20230819191627_001_001_000_003.jpg,./data/you_foulbrood/abnormal/B_001_019_20230819191627_001_001_000_003.jpg,1,abnormal,B_001_019,B_001,B_001_019_20230819,2,test
B_001_019_20230819192004_001_002_000_003.jpg,./data/you_foulbrood/abnormal/B_001_019_20230819192004_001_002_000_003.jpg,1,abnormal,B_001_019,B_001,B_001_019_20230819,2,val
B_001_019_20230819195035_001_004_000_003.jpg,./data/you_foulbrood/abnormal/B_001_019_20230819195035_001_004_000_003.jpg,1,abnormal,B_001_019,B_001,B_001_019_20230819,2,test
B_001_019_20230819200254_001_003_000_003.jpg,./data/you_foulbrood/abnormal/B_001_019_20230819200254_001_003_000_003.jpg,1,abnormal,B_001_019,B_001,B_001_019_20230819,2,train
B_001_019_20230819200337_001_001_000_003.jpg,./data/you_foulbrood/abnormal/B_001_019_20230819200337_001_001_000_003.jpg,1,abnormal,B_001_019,B_001,B_001_019_20230819,2,test
B_001_019_20230819200719_001_002_000_003.jpg,./data/you_foulbrood/abnormal/B_001_019_20230819200719_001_002_000_003.jpg,1,abnormal,B_001_019,B_001,B_001_019_20230819,2,train
B_001_019_20230819201520_001_001_000_003.jpg,./data/you_foulbrood/abnormal/B_001_019_20230819201520_001_001_000_003.jpg,1,abnormal,B_001_019,B_001,B_001_019_20230819,2,val
B_001_019_20230819202026_001_004_000_003.jpg,./data/you_foulbrood/abnormal/B_001_019_20230819202026_001_004_000_003.jpg,1,abnormal,B_001_019,B_001,B_001_019_20230819,2,train
B_001_019_20230819203111_001_004_000_003.jpg,./data/you_foulbrood/abnormal/B_001_019_20230819203111_001_004_000_003.jpg,1,abnormal,B_001_019,B_001,B_001_019_20230819,2,train
B_001_019_20230819203155_001_001_000_003.jpg,./data/you_foulbrood/abnormal/B_001_019_20230819203155_001_001_000_003.jpg,1,abnormal,B_001_019,B_001,B_001_019_20230819,2,test
B_001_019_20230819203407_001_001_000_003.jpg,./data/you_foulbrood/abnormal/B_001_019_20230819203407_001_001_000_003.jpg,1,abnormal,B_001_019,B_001,B_001_019_20230819,2,val
B_001_019_20230819210939_001_001_000_003.jpg,./data/you_foulbrood/abnormal/B_001_019_20230819210939_001_001_000_003.jpg,1,abnormal,B_001_019,B_001,B_001_019_20230819,2,test
B_001_019_20230819214723_001_001_000_003.jpg,./data/you_foulbrood/abnormal/B_001_019_20230819214723_001_001_000_003.jpg,1,abnormal,B_001_019,B_001,B_001_019_20230819,2,val
B_001_019_20230819215315_001_001_000_003.jpg,./data/you_foulbrood/abnormal/B_001_019_20230819215315_001_001_000_003.jpg,1,abnormal,B_001_019,B_001,B_001_019_20230819,2,train
B_001_019_20230819220318_001_001_000_003.jpg,./data/you_foulbrood/abnormal/B_001_019_20230819220318_001_001_000_003.jpg,1,abnormal,B_001_019,B_001,B_001_019_20230819,2,train
B_001_019_20230819222752_001_003_000_003.jpg,./data/you_foulbrood/abnormal/B_001_019_20230819222752_001_003_000_003.jpg,1,abnormal,B_001_019,B_001,B_001_019_20230819,2,train
B_001_019_20230819224643_001_002_000_003.jpg,./data/you_foulbrood/abnormal/B_001_019_20230819224643_001_002_000_003.jpg,1,abnormal,B_001_019,B_001,B_001_019_20230819,2,test
B_001_019_20230819225941_001_001_000_003.jpg,./data/you_foulbrood/abnormal/B_001_019_20230819225941_001_001_000_003.jpg,1,abnormal,B_001_019,B_001,B_001_019_20230819,2,val
B_001_019_20230912104930_001_001_000_003.jpg,./data/you_foulbrood/abnormal/B_001_019_20230912104930_001_001_000_003.jpg,1,abnormal,B_001_019,B_001,B_001_019_20230912,2,test
B_001_020_20230819182134_001_004_000_003.jpg,./data/you_foulbrood/abnormal/B_001_020_20230819182134_001_004_000_003.jpg,1,abnormal,B_001_020,B_001,B_001_020_20230819,2,test
B_001_020_20230819182342_001_002_000_003.jpg,./data/you_foulbrood/abnormal/B_001_020_20230819182342_001_002_000_003.jpg,1,abnormal,B_001_020,B_001,B_001_020_20230819,2,test
B_001_020_20230819184150_001_003_000_003.jpg,./data/you_foulbrood/abnormal/B_001_020_20230819184150_001_003_000_003.jpg,1,abnormal,B_001_020,B_001,B_001_020_20230819,2,train
B_001_020_20230819184655_001_003_000_003.jpg,./data/you_foulbrood/abnormal/B_001_020_20230819184655_001_003_000_003.jpg,1,abnormal,B_001_020,B_001,B_001_020_20230819,2,train
B_001_020_20230819185615_001_002_000_003.jpg,./data/you_foulbrood/abnormal/B_001_020_20230819185615_001_002_000_003.jpg,1,abnormal,B_001_020,B_001,B_001_020_20230819,2,train
B_001_020_20230819190619_001_002_000_003.jpg,./data/you_foulbrood/abnormal/B_001_020_20230819190619_001_002_000_003.jpg,1,abnormal,B_001_020,B_001,B_001_020_20230819,2,test
B_001_020_20230819192214_001_004_000_003.jpg,./data/you_foulbrood/abnormal/B_001_020_20230819192214_001_004_000_003.jpg,1,abnormal,B_001_020,B_001,B_001_020_20230819,2,train
B_001_020_20230819194151_001_001_000_003.jpg,./data/you_foulbrood/abnormal/B_001_020_20230819194151_001_001_000_003.jpg,1,abnormal,B_001_020,B_001,B_001_020_20230819,2,test
B_001_020_20230819195835_001_001_000_003.jpg,./data/you_foulbrood/abnormal/B_001_020_20230819195835_001_001_000_003.jpg,1,abnormal,B_001_020,B_001,B_001_020_20230819,2,train
B_001_020_20230819212621_001_001_000_003.jpg,./data/you_foulbrood/abnormal/B_001_020_20230819212621_001_001_000_003.jpg,1,abnormal,B_001_020,B_001,B_001_020_20230819,2,test
B_001_020_20230819212834_001_001_000_003.jpg,./data/you_foulbrood/abnormal/B_001_020_20230819212834_001_001_000_003.jpg,1,abnormal,B_001_020,B_001,B_001_020_20230819,2,train
B_001_020_20230819213633_001_003_000_003.jpg,./data/you_foulbrood/abnormal/B_001_020_20230819213633_001_003_000_003.jpg,1,abnormal,B_001_020,B_001,B_001_020_20230819,2,train
B_001_020_20230819222710_001_001_000_003.jpg,./data/you_foulbrood/abnormal/B_001_020_20230819222710_001_001_000_003.jpg,1,abnormal,B_001_020,B_001,B_001_020_20230819,2,train
B_001_020_20230904164255_001_001_000_003.jpg,./data/you_foulbrood/abnormal/B_001_020_20230904164255_001_001_000_003.jpg,1,abnormal,B_001_020,B_001,B_001_020_20230904,2,train
B_001_021_20230819183433_001_004_000_003.jpg,./data/you_foulbrood/abnormal/B_001_021_20230819183433_001_004_000_003.jpg,1,abnormal,B_001_021,B_001,B_001_021_20230819,2,train
B_001_021_20230819183810_001_004_000_003.jpg,./data/you_foulbrood/abnormal/B_001_021_20230819183810_001_004_000_003.jpg,1,abnormal,B_001_021,B_001,B_001_021_20230819,2,test
B_001_021_20230819185409_001_004_000_003.jpg,./data/you_foulbrood/abnormal/B_001_021_20230819185409_001_004_000_003.jpg,1,abnormal,B_001_021,B_001,B_001_021_20230819,2,train
B_001_021_20230819192933_001_003_000_003.jpg,./data/you_foulbrood/abnormal/B_001_021_20230819192933_001_003_000_003.jpg,1,abnormal,B_001_021,B_001,B_001_021_20230819,2,test
B_001_021_20230819193227_001_004_000_003.jpg,./data/you_foulbrood/abnormal/B_001_021_20230819193227_001_004_000_003.jpg,1,abnormal,B_001_021,B_001,B_001_021_20230819,2,val
B_001_021_20230819194238_001_001_000_003.jpg,./data/you_foulbrood/abnormal/B_001_021_20230819194238_001_001_000_003.jpg,1,abnormal,B_001_021,B_001,B_001_021_20230819,2,train
B_001_021_20230819194404_001_004_000_003.jpg,./data/you_foulbrood/abnormal/B_001_021_20230819194404_001_004_000_003.jpg,1,abnormal,B_001_021,B_001,B_001_021_20230819,2,test
B_001_021_20230819195920_001_002_000_003.jpg,./data/you_foulbrood/abnormal/B_001_021_20230819195920_001_002_000_003.jpg,1,abnormal,B_001_021,B_001,B_001_021_20230819,2,train
B_001_021_20230819201016_001_001_000_003.jpg,./data/you_foulbrood/abnormal/B_001_021_20230819201016_001_001_000_003.jpg,1,abnormal,B_001_021,B_001,B_001_021_20230819,2,test
B_001_021_20230819203537_001_004_000_003.jpg,./data/you_foulbrood/abnormal/B_001_021_20230819203537_001_004_000_003.jpg,1,abnormal,B_001_021,B_001,B_001_021_20230819,2,val
B_001_021_20230819203912_001_004_000_003.jpg,./data/you_foulbrood/abnormal/B_001_021_20230819203912_001_004_000_003.jpg,1,abnormal,B_001_021,B_001,B_001_021_20230819,2,test
B_001_021_20230819220157_001_002_000_003.jpg,./data/you_foulbrood/abnormal/B_001_021_20230819220157_001_002_000_003.jpg,1,abnormal,B_001_021,B_001,B_001_021_20230819,2,train
B_001_021_20230819222630_001_001_000_003.jpg,./data/you_foulbrood/abnormal/B_001_021_20230819222630_001_001_000_003.jpg,1,abnormal,B_001_021,B_001,B_001_021_20230819,2,train
B_001_021_20230819223718_001_003_000_003.jpg,./data/you_foulbrood/abnormal/B_001_021_20230819223718_001_003_000_003.jpg,1,abnormal,B_001_021,B_001,B_001_021_20230819,2,test
B_001_021_20230819223718_001_004_000_003.jpg,./data/you_foulbrood/abnormal/B_001_021_20230819223718_001_004_000_003.jpg,1,abnormal,B_001_021,B_001,B_001_021_20230819,2,val
B_001_021_20230819224016_001_003_000_003.jpg,./data/you_foulbrood/abnormal/B_001_021_20230819224016_001_003_000_003.jpg,1,abnormal,B_001_021,B_001,B_001_021_20230819,2,train
B_001_021_20230819224226_001_004_000_003.jpg,./data/you_foulbrood/abnormal/B_001_021_20230819224226_001_004_000_003.jpg,1,abnormal,B_001_021,B_001,B_001_021_20230819,2,train
B_001_021_20230903130514_001_002_000_003.jpg,./data/you_foulbrood/abnormal/B_001_021_20230903130514_001_002_000_003.jpg,1,abnormal,B_001_021,B_001,B_001_021_20230903,2,test
B_001_022_20230819182345_001_003_000_003.jpg,./data/you_foulbrood/abnormal/B_001_022_20230819182345_001_003_000_003.jpg,1,abnormal,B_001_022,B_001,B_001_022_20230819,2,train
B_001_022_20230819182804_001_003_000_003.jpg,./data/you_foulbrood/abnormal/B_001_022_20230819182804_001_003_000_003.jpg,1,abnormal,B_001_022,B_001,B_001_022_20230819,2,test
B_001_022_20230819184532_001_001_000_003.jpg,./data/you_foulbrood/abnormal/B_001_022_20230819184532_001_001_000_003.jpg,1,abnormal,B_001_022,B_001,B_001_022_20230819,2,val
B_001_022_20230819184825_001_001_000_003.jpg,./data/you_foulbrood/abnormal/B_001_022_20230819184825_001_001_000_003.jpg,1,abnormal,B_001_022,B_001,B_001_022_20230819,2,train
B_001_022_20230819185032_001_001_000_003.jpg,./data/you_foulbrood/abnormal/B_001_022_20230819185032_001_001_000_003.jpg,1,abnormal,B_001_022,B_001,B_001_022_20230819,2,train
B_001_022_20230819185536_001_004_000_003.jpg,./data/you_foulbrood/abnormal/B_001_022_20230819185536_001_004_000_003.jpg,1,abnormal,B_001_022,B_001,B_001_022_20230819,2,train
B_001_022_20230819191210_001_003_000_003.jpg,./data/you_foulbrood/abnormal/B_001_022_20230819191210_001_003_000_003.jpg,1,abnormal,B_001_022,B_001,B_001_022_20230819,2,train
B_001_022_20230819192341_001_001_000_003.jpg,./data/you_foulbrood/abnormal/B_001_022_20230819192341_001_001_000_003.jpg,1,abnormal,B_001_022,B_001,B_001_022_20230819,2,val
B_001_022_20230819194745_001_004_000_003.jpg,./data/you_foulbrood/abnormal/B_001_022_20230819194745_001_004_000_003.jpg,1,abnormal,B_001_022,B_001,B_001_022_20230819,2,test
B_001_022_20230819202823_001_002_000_003.jpg,./data/you_foulbrood/abnormal/B_001_022_20230819202823_001_002_000_003.jpg,1,abnormal,B_001_022,B_001,B_001_022_20230819,2,test
B_001_022_20230819203116_001_002_000_003.jpg,./data/you_foulbrood/abnormal/B_001_022_20230819203116_001_002_000_003.jpg,1,abnormal,B_001_022,B_001,B_001_022_20230819,2,test
B_001_022_20230819203619_001_003_000_003.jpg,./data/you_foulbrood/abnormal/B_001_022_20230819203619_001_003_000_003.jpg,1,abnormal,B_001_022,B_001,B_001_022_20230819,2,val
B_001_022_20230819210101_001_001_000_003.jpg,./data/you_foulbrood/abnormal/B_001_022_20230819210101_001_001_000_003.jpg,1,abnormal,B_001_022,B_001,B_001_022_20230819,2,train
B_001_022_20230819211404_001_004_000_003.jpg,./data/you_foulbrood/abnormal/B_001_022_20230819211404_001_004_000_003.jpg,1,abnormal,B_001_022,B_001,B_001_022_20230819,2,train
B_001_022_20230819211952_001_003_000_003.jpg,./data/you_foulbrood/abnormal/B_001_022_20230819211952_001_003_000_003.jpg,1,abnormal,B_001_022,B_001,B_001_022_20230819,2,val
B_001_022_20230819221544_001_001_000_003.jpg,./data/you_foulbrood/abnormal/B_001_022_20230819221544_001_001_000_003.jpg,1,abnormal,B_001_022,B_001,B_001_022_20230819,2,test
B_001_023_20230819183223_001_001_000_003.jpg,./data/you_foulbrood/abnormal/B_001_023_20230819183223_001_001_000_003.jpg,1,abnormal,B_001_023,B_001,B_001_023_20230819,2,val
B_001_023_20230819190918_001_003_000_003.jpg,./data/you_foulbrood/abnormal/B_001_023_20230819190918_001_003_000_003.jpg,1,abnormal,B_001_023,B_001,B_001_023_20230819,2,train
B_001_023_20230819192640_001_002_000_003.jpg,./data/you_foulbrood/abnormal/B_001_023_20230819192640_001_002_000_003.jpg,1,abnormal,B_001_023,B_001,B_001_023_20230819,2,test
B_001_023_20230819193359_001_003_000_003.jpg,./data/you_foulbrood/abnormal/B_001_023_20230819193359_001_003_000_003.jpg,1,abnormal,B_001_023,B_001,B_001_023_20230819,2,val
B_001_023_20230819202033_001_001_000_003.jpg,./data/you_foulbrood/abnormal/B_001_023_20230819202033_001_001_000_003.jpg,1,abnormal,B_001_023,B_001,B_001_023_20230819,2,test
B_001_023_20230819211113_001_002_000_003.jpg,./data/you_foulbrood/abnormal/B_001_023_20230819211113_001_002_000_003.jpg,1,abnormal,B_001_023,B_001,B_001_023_20230819,2,test
B_001_023_20230819211614_001_004_000_003.jpg,./data/you_foulbrood/abnormal/B_001_023_20230819211614_001_004_000_003.jpg,1,abnormal,B_001_023,B_001,B_001_023_20230819,2,train
B_001_023_20230819212330_001_001_000_003.jpg,./data/you_foulbrood/abnormal/B_001_023_20230819212330_001_001_000_003.jpg,1,abnormal,B_001_023,B_001,B_001_023_20230819,2,test
B_001_023_20230819214016_001_003_000_003.jpg,./data/you_foulbrood/abnormal/B_001_023_20230819214016_001_003_000_003.jpg,1,abnormal,B_001_023,B_001,B_001_023_20230819,2,train
B_001_023_20230819224816_001_001_000_003.jpg,./data/you_foulbrood/abnormal/B_001_023_20230819224816_001_001_000_003.jpg,1,abnormal,B_001_023,B_001,B_001_023_20230819,2,test
B_001_023_20230821184356_001_004_000_003.jpg,./data/you_foulbrood/abnormal/B_001_023_20230821184356_001_004_000_003.jpg,1,abnormal,B_001_023,B_001,B_001_023_20230821,2,test
B_001_023_20230821190718_001_003_000_003.jpg,./data/you_foulbrood/abnormal/B_001_023_20230821190718_001_003_000_003.jpg,1,abnormal,B_001_023,B_001,B_001_023_20230821,2,train
B_001_023_20230821190802_001_004_000_003.jpg,./data/you_foulbrood/abnormal/B_001_023_20230821190802_001_004_000_003.jpg,1,abnormal,B_001_023,B_001,B_001_023_20230821,2,val
B_001_023_20230821192319_001_002_000_003.jpg,./data/you_foulbrood/abnormal/B_001_023_20230821192319_001_002_000_003.jpg,1,abnormal,B_001_023,B_001,B_001_023_20230821,2,train
B_001_023_20230821194543_001_004_000_003.jpg,./data/you_foulbrood/abnormal/B_001_023_20230821194543_001_004_000_003.jpg,1,abnormal,B_001_023,B_001,B_001_023_20230821,2,test
B_001_023_20230821195343_001_001_000_003.jpg,./data/you_foulbrood/abnormal/B_001_023_20230821195343_001_001_000_003.jpg,1,abnormal,B_001_023,B_001,B_001_023_20230821,2,test
B_001_023_20230821195511_001_002_000_003.jpg,./data/you_foulbrood/abnormal/B_001_023_20230821195511_001_002_000_003.jpg,1,abnormal,B_001_023,B_001,B_001_023_20230821,2,test
B_001_023_20230821202313_001_003_000_003.jpg,./data/you_foulbrood/abnormal/B_001_023_20230821202313_001_003_000_003.jpg,1,abnormal,B_001_023,B_001,B_001_023_20230821,2,test
B_001_023_20230821210255_001_004_000_003.jpg,./data/you_foulbrood/abnormal/B_001_023_20230821210255_001_004_000_003.jpg,1,abnormal,B_001_023,B_001,B_001_023_20230821,2,train
B_001_023_20230821211002_001_002_000_003.jpg,./data/you_foulbrood/abnormal/B_001_023_20230821211002_001_002_000_003.jpg,1,abnormal,B_001_023,B_001,B_001_023_20230821,2,train
B_001_023_20230821211002_001_003_000_003.jpg,./data/you_foulbrood/abnormal/B_001_023_20230821211002_001_003_000_003.jpg,1,abnormal,B_001_023,B_001,B_001_023_20230821,2,train
B_001_023_20230821215215_001_002_000_003.jpg,./data/you_foulbrood/abnormal/B_001_023_20230821215215_001_002_000_003.jpg,1,abnormal,B_001_023,B_001,B_001_023_20230821,2,train
B_001_023_20230821221013_001_001_000_003.jpg,./data/you_foulbrood/abnormal/B_001_023_20230821221013_001_001_000_003.jpg,1,abnormal,B_001_023,B_001,B_001_023_20230821,2,train
B_001_023_20230821222910_001_004_000_003.jpg,./data/you_foulbrood/abnormal/B_001_023_20230821222910_001_004_000_003.jpg,1,abnormal,B_001_023,B_001,B_001_023_20230821,2,train
B_001_023_20230821223625_001_004_000_003.jpg,./data/you_foulbrood/abnormal/B_001_023_20230821223625_001_004_000_003.jpg,1,abnormal,B_001_023,B_001,B_001_023_20230821,2,train
B_001_023_20230821225056_001_004_000_003.jpg,./data/you_foulbrood/abnormal/B_001_023_20230821225056_001_004_000_003.jpg,1,abnormal,B_001_023,B_001,B_001_023_20230821,2,train
B_001_023_20230822180133_001_003_000_003.jpg,./data/you_foulbrood/abnormal/B_001_023_20230822180133_001_003_000_003.jpg,1,abnormal,B_001_023,B_001,B_001_023_20230822,2,val
B_001_023_20230822182312_001_003_000_003.jpg,./data/you_foulbrood/abnormal/B_001_023_20230822182312_001_003_000_003.jpg,1,abnormal,B_001_023,B_001,B_001_023_20230822,2,test
B_001_023_20230822182441_001_003_000_003.jpg,./data/you_foulbrood/abnormal/B_001_023_20230822182441_001_003_000_003.jpg,1,abnormal,B_001_023,B_001,B_001_023_20230822,2,train
B_001_023_20230822183741_001_002_000_003.jpg,./data/you_foulbrood/abnormal/B_001_023_20230822183741_001_002_000_003.jpg,1,abnormal,B_001_023,B_001,B_001_023_20230822,2,test
B_001_023_20230822185209_001_001_000_003.jpg,./data/you_foulbrood/abnormal/B_001_023_20230822185209_001_001_000_003.jpg,1,abnormal,B_001_023,B_001,B_001_023_20230822,2,test
B_001_023_20230822190514_001_004_000_003.jpg,./data/you_foulbrood/abnormal/B_001_023_20230822190514_001_004_000_003.jpg,1,abnormal,B_001_023,B_001,B_001_023_20230822,2,train
B_001_023_20230822191441_001_002_000_003.jpg,./data/you_foulbrood/abnormal/B_001_023_20230822191441_001_002_000_003.jpg,1,abnormal,B_001_023,B_001,B_001_023_20230822,2,train
B_001_023_20230822191824_001_003_000_003.jpg,./data/you_foulbrood/abnormal/B_001_023_20230822191824_001_003_000_003.jpg,1,abnormal,B_001_023,B_001,B_001_023_20230822,2,test
B_001_023_20230822193717_001_003_000_003.jpg,./data/you_foulbrood/abnormal/B_001_023_20230822193717_001_003_000_003.jpg,1,abnormal,B_001_023,B_001,B_001_023_20230822,2,train
B_001_023_20230822193845_001_001_000_003.jpg,./data/you_foulbrood/abnormal/B_001_023_20230822193845_001_001_000_003.jpg,1,abnormal,B_001_023,B_001,B_001_023_20230822,2,test
B_001_023_20230822195400_001_004_000_003.jpg,./data/you_foulbrood/abnormal/B_001_023_20230822195400_001_004_000_003.jpg,1,abnormal,B_001_023,B_001,B_001_023_20230822,2,train
B_001_023_20230822205709_001_003_000_003.jpg,./data/you_foulbrood/abnormal/B_001_023_20230822205709_001_003_000_003.jpg,1,abnormal,B_001_023,B_001,B_001_023_20230822,2,train
B_001_023_20230902134259_001_003_000_003.jpg,./data/you_foulbrood/abnormal/B_001_023_20230902134259_001_003_000_003.jpg,1,abnormal,B_001_023,B_001,B_001_023_20230902,2,test
B_001_023_20230912105433_001_001_000_003.jpg,./data/you_foulbrood/abnormal/B_001_023_20230912105433_001_001_000_003.jpg,1,abnormal,B_001_023,B_001,B_001_023_20230912,2,train
B_001_023_20230912155519_001_001_000_003.jpg,./data/you_foulbrood/abnormal/B_001_023_20230912155519_001_001_000_003.jpg,1,abnormal,B_001_023,B_001,B_001_023_20230912,2,test
B_001_024_20230819183057_001_003_000_003.jpg,./data/you_foulbrood/abnormal/B_001_024_20230819183057_001_003_000_003.jpg,1,abnormal,B_001_024,B_001,B_001_024_20230819,2,train
B_001_024_20230819191257_001_003_000_003.jpg,./data/you_foulbrood/abnormal/B_001_024_20230819191257_001_003_000_003.jpg,1,abnormal,B_001_024,B_001,B_001_024_20230819,2,val
B_001_024_20230819191506_001_002_000_003.jpg,./data/you_foulbrood/abnormal/B_001_024_20230819191506_001_002_000_003.jpg,1,abnormal,B_001_024,B_001,B_001_024_20230819,2,train
B_001_024_20230819200431_001_003_000_003.jpg,./data/you_foulbrood/abnormal/B_001_024_20230819200431_001_003_000_003.jpg,1,abnormal,B_001_024,B_001,B_001_024_20230819,2,train
B_001_024_20230819205941_001_001_000_003.jpg,./data/you_foulbrood/abnormal/B_001_024_20230819205941_001_001_000_003.jpg,1,abnormal,B_001_024,B_001,B_001_024_20230819,2,train
B_001_024_20230819213218_001_002_000_003.jpg,./data/you_foulbrood/abnormal/B_001_024_20230819213218_001_002_000_003.jpg,1,abnormal,B_001_024,B_001,B_001_024_20230819,2,test
B_001_024_20230819221503_001_003_000_003.jpg,./data/you_foulbrood/abnormal/B_001_024_20230819221503_001_003_000_003.jpg,1,abnormal,B_001_024,B_001,B_001_024_20230819,2,train
B_001_024_20230819222424_001_002_000_003.jpg,./data/you_foulbrood/abnormal/B_001_024_20230819222424_001_002_000_003.jpg,1,abnormal,B_001_024,B_001,B_001_024_20230819,2,val
B_001_024_20230820182214_001_002_000_003.jpg,./data/you_foulbrood/abnormal/B_001_024_20230820182214_001_002_000_003.jpg,1,abnormal,B_001_024,B_001,B_001_024_20230820,2,train
B_001_024_20230820184402_001_001_000_003.jpg,./data/you_foulbrood/abnormal/B_001_024_20230820184402_001_001_000_003.jpg,1,abnormal,B_001_024,B_001,B_001_024_20230820,2,train
B_001_024_20230820185201_001_002_000_003.jpg,./data/you_foulbrood/abnormal/B_001_024_20230820185201_001_002_000_003.jpg,1,abnormal,B_001_024,B_001,B_001_024_20230820,2,train
B_001_024_20230820192946_001_001_000_003.jpg,./data/you_foulbrood/abnormal/B_001_024_20230820192946_001_001_000_003.jpg,1,abnormal,B_001_024,B_001,B_001_024_20230820,2,train
B_001_024_20230821112545_001_002_000_003.jpg,./data/you_foulbrood/abnormal/B_001_024_20230821112545_001_002_000_003.jpg,1,abnormal,B_001_024,B_001,B_001_024_20230821,2,test
B_001_024_20230821112639_001_004_000_003.jpg,./data/you_foulbrood/abnormal/B_001_024_20230821112639_001_004_000_003.jpg,1,abnormal,B_001_024,B_001,B_001_024_20230821,2,test
B_001_024_20230902135704_001_004_000_003.jpg,./data/you_foulbrood/abnormal/B_001_024_20230902135704_001_004_000_003.jpg,1,abnormal,B_001_024,B_001,B_001_024_20230902,2,train
B_001_025_20230819195212_001_001_000_003.jpg,./data/you_foulbrood/abnormal/B_001_025_20230819195212_001_001_000_003.jpg,1,abnormal,B_001_025,B_001,B_001_025_20230819,2,train
B_001_025_20230819215743_001_002_000_003.jpg,./data/you_foulbrood/abnormal/B_001_025_20230819215743_001_002_000_003.jpg,1,abnormal,B_001_025,B_001,B_001_025_20230819,2,train
B_001_025_20230819221925_001_004_000_003.jpg,./data/you_foulbrood/abnormal/B_001_025_20230819221925_001_004_000_003.jpg,1,abnormal,B_001_025,B_001,B_001_025_20230819,2,train
B_001_025_20230819222508_001_004_000_003.jpg,./data/you_foulbrood/abnormal/B_001_025_20230819222508_001_004_000_003.jpg,1,abnormal,B_001_025,B_001,B_001_025_20230819,2,test
B_001_025_20230819224818_001_003_000_003.jpg,./data/you_foulbrood/abnormal/B_001_025_20230819224818_001_003_000_003.jpg,1,abnormal,B_001_025,B_001,B_001_025_20230819,2,test
B_001_025_20230821215010_001_001_000_003.jpg,./data/you_foulbrood/abnormal/B_001_025_20230821215010_001_001_000_003.jpg,1,abnormal,B_001_025,B_001,B_001_025_20230821,2,val
B_001_025_20230821220220_001_004_000_003.jpg,./data/you_foulbrood/abnormal/B_001_025_20230821220220_001_004_000_003.jpg,1,abnormal,B_001_025,B_001,B_001_025_20230821,2,train
B_001_025_20230822185927_001_004_000_003.jpg,./data/you_foulbrood/abnormal/B_001_025_20230822185927_001_004_000_003.jpg,1,abnormal,B_001_025,B_001,B_001_025_20230822,2,test
B_001_025_20230822211943_001_001_000_003.jpg,./data/you_foulbrood/abnormal/B_001_025_20230822211943_001_001_000_003.jpg,1,abnormal,B_001_025,B_001,B_001_025_20230822,2,test
B_001_025_20230822212321_001_002_000_003.jpg,./data/you_foulbrood/abnormal/B_001_025_20230822212321_001_002_000_003.jpg,1,abnormal,B_001_025,B_001,B_001_025_20230822,2,train
B_001_025_20230822212403_001_001_000_003.jpg,./data/you_foulbrood/abnormal/B_001_025_20230822212403_001_001_000_003.jpg,1,abnormal,B_001_025,B_001,B_001_025_20230822,2,train
B_001_025_20230827103306_001_002_000_003.jpg,./data/you_foulbrood/abnormal/B_001_025_20230827103306_001_002_000_003.jpg,1,abnormal,B_001_025,B_001,B_001_025_20230827,2,train
B_001_025_20230827103308_001_003_000_003.jpg,./data/you_foulbrood/abnormal/B_001_025_20230827103308_001_003_000_003.jpg,1,abnormal,B_001_025,B_001,B_001_025_20230827,2,test
B_001_025_20230828111459_001_001_000_003.jpg,./data/you_foulbrood/abnormal/B_001_025_20230828111459_001_001_000_003.jpg,1,abnormal,B_001_025,B_001,B_001_025_20230828,2,train
B_001_025_20230828111747_001_003_000_003.jpg,./data/you_foulbrood/abnormal/B_001_025_20230828111747_001_003_000_003.jpg,1,abnormal,B_001_025,B_001,B_001_025_20230828,2,train
B_001_025_20230829160437_001_001_000_003.jpg,./data/you_foulbrood/abnormal/B_001_025_20230829160437_001_001_000_003.jpg,1,abnormal,B_001_025,B_001,B_001_025_20230829,2,test
B_001_025_20230829163424_001_001_000_003.jpg,./data/you_foulbrood/abnormal/B_001_025_20230829163424_001_001_000_003.jpg,1,abnormal,B_001_025,B_001,B_001_025_20230829,2,train
B_001_025_20230912110452_001_001_000_003.jpg,./data/you_foulbrood/abnormal/B_001_025_20230912110452_001_001_000_003.jpg,1,abnormal,B_001_025,B_001,B_001_025_20230912,2,val
B_001_025_20230912125844_001_001_000_003.jpg,./data/you_foulbrood/abnormal/B_001_025_20230912125844_001_001_000_003.jpg,1,abnormal,B_001_025,B_001,B_001_025_20230912,2,test
B_001_025_20230912155841_001_001_000_003.jpg,./data/you_foulbrood/abnormal/B_001_025_20230912155841_001_001_000_003.jpg,1,abnormal,B_001_025,B_001,B_001_025_20230912,2,train
B_001_026_20230819184200_001_003_000_003.jpg,./data/you_foulbrood/abnormal/B_001_026_20230819184200_001_003_000_003.jpg,1,abnormal,B_001_026,B_001,B_001_026_20230819,2,val
B_001_026_20230819191804_001_001_000_003.jpg,./data/you_foulbrood/abnormal/B_001_026_20230819191804_001_001_000_003.jpg,1,abnormal,B_001_026,B_001,B_001_026_20230819,2,train
B_001_026_20230819200304_001_002_000_003.jpg,./data/you_foulbrood/abnormal/B_001_026_20230819200304_001_002_000_003.jpg,1,abnormal,B_001_026,B_001,B_001_026_20230819,2,val
B_001_026_20230819204424_001_003_000_003.jpg,./data/you_foulbrood/abnormal/B_001_026_20230819204424_001_003_000_003.jpg,1,abnormal,B_001_026,B_001,B_001_026_20230819,2,train
B_001_026_20230819205732_001_001_000_003.jpg,./data/you_foulbrood/abnormal/B_001_026_20230819205732_001_001_000_003.jpg,1,abnormal,B_001_026,B_001,B_001_026_20230819,2,train
B_001_026_20230819224652_001_003_000_003.jpg,./data/you_foulbrood/abnormal/B_001_026_20230819224652_001_003_000_003.jpg,1,abnormal,B_001_026,B_001,B_001_026_20230819,2,train
B_001_026_20230819225615_001_001_000_003.jpg,./data/you_foulbrood/abnormal/B_001_026_20230819225615_001_001_000_003.jpg,1,abnormal,B_001_026,B_001,B_001_026_20230819,2,train
B_001_026_20230820191136_001_003_000_003.jpg,./data/you_foulbrood/abnormal/B_001_026_20230820191136_001_003_000_003.jpg,1,abnormal,B_001_026,B_001,B_001_026_20230820,2,val
B_001_026_20230820192607_001_001_000_003.jpg,./data/you_foulbrood/abnormal/B_001_026_20230820192607_001_001_000_003.jpg,1,abnormal,B_001_026,B_001,B_001_026_20230820,2,val
B_001_026_20230820192649_001_001_000_003.jpg,./data/you_foulbrood/abnormal/B_001_026_20230820192649_001_001_000_003.jpg,1,abnormal,B_001_026,B_001,B_001_026_20230820,2,train
B_001_026_20230820194637_001_001_000_003.jpg,./data/you_foulbrood/abnormal/B_001_026_20230820194637_001_001_000_003.jpg,1,abnormal,B_001_026,B_001,B_001_026_20230820,2,test
B_001_026_20230820195606_001_002_000_003.jpg,./data/you_foulbrood/abnormal/B_001_026_20230820195606_001_002_000_003.jpg,1,abnormal,B_001_026,B_001,B_001_026_20230820,2,train
B_001_026_20230820200449_001_002_000_003.jpg,./data/you_foulbrood/abnormal/B_001_026_20230820200449_001_002_000_003.jpg,1,abnormal,B_001_026,B_001,B_001_026_20230820,2,test
B_001_026_20230820211155_001_002_000_003.jpg,./data/you_foulbrood/abnormal/B_001_026_20230820211155_001_002_000_003.jpg,1,abnormal,B_001_026,B_001,B_001_026_20230820,2,train
B_001_026_20230820211155_001_004_000_003.jpg,./data/you_foulbrood/abnormal/B_001_026_20230820211155_001_004_000_003.jpg,1,abnormal,B_001_026,B_001,B_001_026_20230820,2,train
B_001_026_20230820212749_001_004_000_003.jpg,./data/you_foulbrood/abnormal/B_001_026_20230820212749_001_004_000_003.jpg,1,abnormal,B_001_026,B_001,B_001_026_20230820,2,train
B_001_026_20230820213553_001_001_000_003.jpg,./data/you_foulbrood/abnormal/B_001_026_20230820213553_001_001_000_003.jpg,1,abnormal,B_001_026,B_001,B_001_026_20230820,2,train
B_001_026_20230912113334_001_001_000_003.jpg,./data/you_foulbrood/abnormal/B_001_026_20230912113334_001_001_000_003.jpg,1,abnormal,B_001_026,B_001,B_001_026_20230912,2,test
B_001_027_20230819184245_001_001_000_003.jpg,./data/you_foulbrood/abnormal/B_001_027_20230819184245_001_001_000_003.jpg,1,abnormal,B_001_027,B_001,B_001_027_20230819,2,train
B_001_027_20230819185500_001_001_000_003.jpg,./data/you_foulbrood/abnormal/B_001_027_20230819185500_001_001_000_003.jpg,1,abnormal,B_001_027,B_001,B_001_027_20230819,2,train
B_001_027_20230819191050_001_004_000_003.jpg,./data/you_foulbrood/abnormal/B_001_027_20230819191050_001_004_000_003.jpg,1,abnormal,B_001_027,B_001,B_001_027_20230819,2,train
B_001_027_20230819193023_001_001_000_003.jpg,./data/you_foulbrood/abnormal/B_001_027_20230819193023_001_001_000_003.jpg,1,abnormal,B_001_027,B_001,B_001_027_20230819,2,train
B_001_027_20230819194120_001_003_000_003.jpg,./data/you_foulbrood/abnormal/B_001_027_20230819194120_001_003_000_003.jpg,1,abnormal,B_001_027,B_001,B_001_027_20230819,2,test
B_001_027_20230819194542_001_003_000_003.jpg,./data/you_foulbrood/abnormal/B_001_027_20230819194542_001_003_000_003.jpg,1,abnormal,B_001_027,B_001,B_001_027_20230819,2,train
B_001_027_20230819203754_001_002_000_003.jpg,./data/you_foulbrood/abnormal/B_001_027_20230819203754_001_002_000_003.jpg,1,abnormal,B_001_027,B_001,B_001_027_20230819,2,train
B_001_027_20230819215701_001_001_000_003.jpg,./data/you_foulbrood/abnormal/B_001_027_20230819215701_001_001_000_003.jpg,1,abnormal,B_001_027,B_001,B_001_027_20230819,2,test
B_001_027_20230819222554_001_003_000_003.jpg,./data/you_foulbrood/abnormal/B_001_027_20230819222554_001_003_000_003.jpg,1,abnormal,B_001_027,B_001,B_001_027_20230819,2,train
B_001_027_20230819223940_001_004_000_003.jpg,./data/you_foulbrood/abnormal/B_001_027_20230819223940_001_004_000_003.jpg,1,abnormal,B_001_027,B_001,B_001_027_20230819,2,train
B_001_027_20230819225403_001_003_000_003.jpg,./data/you_foulbrood/abnormal/B_001_027_20230819225403_001_003_000_003.jpg,1,abnormal,B_001_027,B_001,B_001_027_20230819,2,val
B_001_027_20230820221616_001_003_000_003.jpg,./data/you_foulbrood/abnormal/B_001_027_20230820221616_001_003_000_003.jpg,1,abnormal,B_001_027,B_001,B_001_027_20230820,2,val
B_001_027_20230821181209_001_003_000_003.jpg,./data/you_foulbrood/abnormal/B_001_027_20230821181209_001_003_000_003.jpg,1,abnormal,B_001_027,B_001,B_001_027_20230821,2,val
B_001_027_20230821213501_001_004_000_003.jpg,./data/you_foulbrood/abnormal/B_001_027_20230821213501_001_004_000_003.jpg,1,abnormal,B_001_027,B_001,B_001_027_20230821,2,test
B_001_027_20230821214218_001_001_000_003.jpg,./data/you_foulbrood/abnormal/B_001_027_20230821214218_001_001_000_003.jpg,1,abnormal,B_001_027,B_001,B_001_027_20230821,2,test
B_001_027_20230825111912_001_004_000_003.jpg,./data/you_foulbrood/abnormal/B_001_027_20230825111912_001_004_000_003.jpg,1,abnormal,B_001_027,B_001,B_001_027_20230825,2,test
B_001_027_20230912113347_001_001_000_003.jpg,./data/you_foulbrood/abnormal/B_001_027_20230912113347_001_001_000_003.jpg,1,abnormal,B_001_027,B_001,B_001_027_20230912,2,train
B_001_027_20230912130135_001_001_000_003.jpg,./data/you_foulbrood/abnormal/B_001_027_20230912130135_001_001_000_003.jpg,1,abnormal,B_001_027,B_001,B_001_027_20230912,2,train
B_001_028_20230819191135_001_004_000_003.jpg,./data/you_foulbrood/abnormal/B_001_028_20230819191135_001_004_000_003.jpg,1,abnormal,B_001_028,B_001,B_001_028_20230819,2,test
B_001_028_20230819195931_001_004_000_003.jpg,./data/you_foulbrood/abnormal/B_001_028_20230819195931_001_004_000_003.jpg,1,abnormal,B_001_028,B_001,B_001_028_20230819,2,test
B_001_028_20230819200649_001_001_000_003.jpg,./data/you_foulbrood/abnormal/B_001_028_20230819200649_001_001_000_003.jpg,1,abnormal,B_001_028,B_001,B_001_028_20230819,2,test
B_001_028_20230819211622_001_003_000_003.jpg,./data/you_foulbrood/abnormal/B_001_028_20230819211622_001_003_000_003.jpg,1,abnormal,B_001_028,B_001,B_001_028_20230819,2,train
B_001_028_20230819213728_001_001_000_003.jpg,./data/you_foulbrood/abnormal/B_001_028_20230819213728_001_001_000_003.jpg,1,abnormal,B_001_028,B_001,B_001_028_20230819,2,train
B_001_028_20230819221131_001_002_000_003.jpg,./data/you_foulbrood/abnormal/B_001_028_20230819221131_001_002_000_003.jpg,1,abnormal,B_001_028,B_001,B_001_028_20230819,2,val
B_001_028_20230819223515_001_001_000_003.jpg,./data/you_foulbrood/abnormal/B_001_028_20230819223515_001_001_000_003.jpg,1,abnormal,B_001_028,B_001,B_001_028_20230819,2,train
B_001_028_20230819224740_001_001_000_003.jpg,./data/you_foulbrood/abnormal/B_001_028_20230819224740_001_001_000_003.jpg,1,abnormal,B_001_028,B_001,B_001_028_20230819,2,test
B_001_028_20230821115455_001_002_000_003.jpg,./data/you_foulbrood/abnormal/B_001_028_20230821115455_001_002_000_003.jpg,1,abnormal,B_001_028,B_001,B_001_028_20230821,2,val
B_001_028_20230823105529_001_002_000_003.jpg,./data/you_foulbrood/abnormal/B_001_028_20230823105529_001_002_000_003.jpg,1,abnormal,B_001_028,B_001,B_001_028_20230823,2,test
B_001_028_20230823105625_001_002_000_003.jpg,./data/you_foulbrood/abnormal/B_001_028_20230823105625_001_002_000_003.jpg,1,abnormal,B_001_028,B_001,B_001_028_20230823,2,test
B_001_028_20230823105656_001_001_000_003.jpg,./data/you_foulbrood/abnormal/B_001_028_20230823105656_001_001_000_003.jpg,1,abnormal,B_001_028,B_001,B_001_028_20230823,2,train
B_001_028_20230823105707_001_002_000_003.jpg,./data/you_foulbrood/abnormal/B_001_028_20230823105707_001_002_000_003.jpg,1,abnormal,B_001_028,B_001,B_001_028_20230823,2,test
B_001_028_20230902144649_001_003_000_003.jpg,./data/you_foulbrood/abnormal/B_001_028_20230902144649_001_003_000_003.jpg,1,abnormal,B_001_028,B_001,B_001_028_20230902,2,val
B_001_028_20230912160629_001_001_000_003.jpg,./data/you_foulbrood/abnormal/B_001_028_20230912160629_001_001_000_003.jpg,1,abnormal,B_001_028,B_001,B_001_028_20230912,2,train
B_001_029_20230819184709_001_003_000_003.jpg,./data/you_foulbrood/abnormal/B_001_029_20230819184709_001_003_000_003.jpg,1,abnormal,B_001_029,B_001,B_001_029_20230819,2,val
B_001_029_20230819191557_001_001_000_003.jpg,./data/you_foulbrood/abnormal/B_001_029_20230819191557_001_001_000_003.jpg,1,abnormal,B_001_029,B_001,B_001_029_20230819,2,train
B_001_029_20230819192146_001_003_000_003.jpg,./data/you_foulbrood/abnormal/B_001_029_20230819192146_001_003_000_003.jpg,1,abnormal,B_001_029,B_001,B_001_029_20230819,2,train
B_001_029_20230819195724_001_002_000_003.jpg,./data/you_foulbrood/abnormal/B_001_029_20230819195724_001_002_000_003.jpg,1,abnormal,B_001_029,B_001,B_001_029_20230819,2,test
B_001_029_20230819201408_001_001_000_003.jpg,./data/you_foulbrood/abnormal/B_001_029_20230819201408_001_001_000_003.jpg,1,abnormal,B_001_029,B_001,B_001_029_20230819,2,train
B_001_029_20230819201959_001_002_000_003.jpg,./data/you_foulbrood/abnormal/B_001_029_20230819201959_001_002_000_003.jpg,1,abnormal,B_001_029,B_001,B_001_029_20230819,2,train
B_001_029_20230819202834_001_004_000_003.jpg,./data/you_foulbrood/abnormal/B_001_029_20230819202834_001_004_000_003.jpg,1,abnormal,B_001_029,B_001,B_001_029_20230819,2,val
B_001_029_20230819205015_001_002_000_003.jpg,./data/you_foulbrood/abnormal/B_001_029_20230819205015_001_002_000_003.jpg,1,abnormal,B_001_029,B_001,B_001_029_20230819,2,train
B_001_029_20230819205229_001_004_000_003.jpg,./data/you_foulbrood/abnormal/B_001_029_20230819205229_001_004_000_003.jpg,1,abnormal,B_001_029,B_001,B_001_029_20230819,2,train
B_001_029_20230819215915_001_003_000_003.jpg,./data/you_foulbrood/abnormal/B_001_029_20230819215915_001_003_000_003.jpg,1,abnormal,B_001_029,B_001,B_001_029_20230819,2,test
B_001_030_20230819211040_001_001_000_003.jpg,./data/you_foulbrood/abnormal/B_001_030_20230819211040_001_001_000_003.jpg,1,abnormal,B_001_030,B_001,B_001_030_20230819,2,train
B_001_030_20230820182600_001_001_000_003.jpg,./data/you_foulbrood/abnormal/B_001_030_20230820182600_001_001_000_003.jpg,1,abnormal,B_001_030,B_001,B_001_030_20230820,2,test
B_001_030_20230820184246_001_001_000_003.jpg,./data/you_foulbrood/abnormal/B_001_030_20230820184246_001_001_000_003.jpg,1,abnormal,B_001_030,B_001,B_001_030_20230820,2,test
B_001_030_20230820192238_001_001_000_003.jpg,./data/you_foulbrood/abnormal/B_001_030_20230820192238_001_001_000_003.jpg,1,abnormal,B_001_030,B_001,B_001_030_20230820,2,train
B_001_030_20230820193335_001_001_000_003.jpg,./data/you_foulbrood/abnormal/B_001_030_20230820193335_001_001_000_003.jpg,1,abnormal,B_001_030,B_001,B_001_030_20230820,2,test
B_001_030_20230820220406_001_001_000_003.jpg,./data/you_foulbrood/abnormal/B_001_030_20230820220406_001_001_000_003.jpg,1,abnormal,B_001_030,B_001,B_001_030_20230820,2,train
B_001_030_20230820225406_001_001_000_003.jpg,./data/you_foulbrood/abnormal/B_001_030_20230820225406_001_001_000_003.jpg,1,abnormal,B_001_030,B_001,B_001_030_20230820,2,train
B_001_030_20230912161003_001_001_000_003.jpg,./data/you_foulbrood/abnormal/B_001_030_20230912161003_001_001_000_003.jpg,1,abnormal,B_001_030,B_001,B_001_030_20230912,2,train
B_001_030_20230912161011_001_001_000_003.jpg,./data/you_foulbrood/abnormal/B_001_030_20230912161011_001_001_000_003.jpg,1,abnormal,B_001_030,B_001,B_001_030_20230912,2,val
C_001_021_20230904115917_001_001_000_003.jpg,./data/you_foulbrood/abnormal/C_001_021_20230904115917_001_001_000_003.jpg,1,abnormal,C_001_021,C_001,C_001_021_20230904,2,test
C_001_021_20230904115937_001_001_000_003.jpg,./data/you_foulbrood/abnormal/C_001_021_20230904115937_001_001_000_003.jpg,1,abnormal,C_001_021,C_001,C_001_021_20230904,2,test
C_001_021_20230904124851_001_001_000_003.jpg,./data/you_foulbrood/abnormal/C_001_021_20230904124851_001_001_000_003.jpg,1,abnormal,C_001_021,C_001,C_001_021_20230904,2,train
C_001_021_20230904125101_001_001_000_003.jpg,./data/you_foulbrood/abnormal/C_001_021_20230904125101_001_001_000_003.jpg,1,abnormal,C_001_021,C_001,C_001_021_20230904,2,test
C_001_021_20230904125501_001_001_000_003.jpg,./data/you_foulbrood/abnormal/C_001_021_20230904125501_001_001_000_003.jpg,1,abnormal,C_001_021,C_001,C_001_021_20230904,2,test
C_001_021_20230904125603_001_001_000_003.jpg,./data/you_foulbrood/abnormal/C_001_021_20230904125603_001_001_000_003.jpg,1,abnormal,C_001_021,C_001,C_001_021_20230904,2,val
C_001_021_20230904125701_001_001_000_003.jpg,./data/you_foulbrood/abnormal/C_001_021_20230904125701_001_001_000_003.jpg,1,abnormal,C_001_021,C_001,C_001_021_20230904,2,test
C_001_021_20230904204921_001_001_000_003.jpg,./data/you_foulbrood/abnormal/C_001_021_20230904204921_001_001_000_003.jpg,1,abnormal,C_001_021,C_001,C_001_021_20230904,2,val
C_001_021_20230904213706_001_001_000_003.jpg,./data/you_foulbrood/abnormal/C_001_021_20230904213706_001_001_000_003.jpg,1,abnormal,C_001_021,C_001,C_001_021_20230904,2,train
C_001_021_20230904214702_001_001_000_003.jpg,./data/you_foulbrood/abnormal/C_001_021_20230904214702_001_001_000_003.jpg,1,abnormal,C_001_021,C_001,C_001_021_20230904,2,train
C_001_021_20230917140447_001_001_000_003.jpg,./data/you_foulbrood/abnormal/C_001_021_20230917140447_001_001_000_003.jpg,1,abnormal,C_001_021,C_001,C_001_021_20230917,2,train
C_001_021_20230917140703_001_001_000_003.jpg,./data/you_foulbrood/abnormal/C_001_021_20230917140703_001_001_000_003.jpg,1,abnormal,C_001_021,C_001,C_001_021_20230917,2,test
C_001_021_20230917142047_001_001_000_003.jpg,./data/you_foulbrood/abnormal/C_001_021_20230917142047_001_001_000_003.jpg,1,abnormal,C_001_021,C_001,C_001_021_20230917,2,val
C_001_021_20230917142503_001_001_000_003.jpg,./data/you_foulbrood/abnormal/C_001_021_20230917142503_001_001_000_003.jpg,1,abnormal,C_001_021,C_001,C_001_021_20230917,2,train
C_001_021_20231001204527_001_001_000_003.jpg,./data/you_foulbrood/abnormal/C_001_021_20231001204527_001_001_000_003.jpg,1,abnormal,C_001_021,C_001,C_001_021_20231001,2,test
C_001_021_20231001204603_001_001_000_003.jpg,./data/you_foulbrood/abnormal/C_001_021_20231001204603_001_001_000_003.jpg,1,abnormal,C_001_021,C_001,C_001_021_20231001,2,train
C_001_021_20231001205157_001_001_000_003.jpg,./data/you_foulbrood/abnormal/C_001_021_20231001205157_001_001_000_003.jpg,1,abnormal,C_001_021,C_001,C_001_021_20231001,2,train
C_001_021_20231001211427_001_001_000_003.jpg,./data/you_foulbrood/abnormal/C_001_021_20231001211427_001_001_000_003.jpg,1,abnormal,C_001_021,C_001,C_001_021_20231001,2,train
C_001_021_20231001213103_001_001_000_003.jpg,./data/you_foulbrood/abnormal/C_001_021_20231001213103_001_001_000_003.jpg,1,abnormal,C_001_021,C_001,C_001_021_20231001,2,train
C_001_021_20231001214643_001_001_000_003.jpg,./data/you_foulbrood/abnormal/C_001_021_20231001214643_001_001_000_003.jpg,1,abnormal,C_001_021,C_001,C_001_021_20231001,2,test
C_001_021_20231001215257_001_001_000_003.jpg,./data/you_foulbrood/abnormal/C_001_021_20231001215257_001_001_000_003.jpg,1,abnormal,C_001_021,C_001,C_001_021_20231001,2,val
C_001_021_20231001220413_001_001_000_003.jpg,./data/you_foulbrood/abnormal/C_001_021_20231001220413_001_001_000_003.jpg,1,abnormal,C_001_021,C_001,C_001_021_20231001,2,test
C_001_021_20231001220817_001_001_000_003.jpg,./data/you_foulbrood/abnormal/C_001_021_20231001220817_001_001_000_003.jpg,1,abnormal,C_001_021,C_001,C_001_021_20231001,2,val
C_001_021_20231001224255_001_001_000_003.jpg,./data/you_foulbrood/abnormal/C_001_021_20231001224255_001_001_000_003.jpg,1,abnormal,C_001_021,C_001,C_001_021_20231001,2,test
C_001_021_20231001231713_001_001_000_003.jpg,./data/you_foulbrood/abnormal/C_001_021_20231001231713_001_001_000_003.jpg,1,abnormal,C_001_021,C_001,C_001_021_20231001,2,train
C_001_021_20231001235257_001_001_000_003.jpg,./data/you_foulbrood/abnormal/C_001_021_20231001235257_001_001_000_003.jpg,1,abnormal,C_001_021,C_001,C_001_021_20231001,2,train
C_001_021_20231001235405_001_001_000_003.jpg,./data/you_foulbrood/abnormal/C_001_021_20231001235405_001_001_000_003.jpg,1,abnormal,C_001_021,C_001,C_001_021_20231001,2,train
C_001_021_20231001235639_001_001_000_003.jpg,./data/you_foulbrood/abnormal/C_001_021_20231001235639_001_001_000_003.jpg,1,abnormal,C_001_021,C_001,C_001_021_20231001,2,test
C_001_021_20231001235705_001_001_000_003.jpg,./data/you_foulbrood/abnormal/C_001_021_20231001235705_001_001_000_003.jpg,1,abnormal,C_001_021,C_001,C_001_021_20231001,2,train
C_001_022_20230821185842_001_001_000_003.jpg,./data/you_foulbrood/abnormal/C_001_022_20230821185842_001_001_000_003.jpg,1,abnormal,C_001_022,C_001,C_001_022_20230821,2,train
C_001_022_20230821190418_001_001_000_003.jpg,./data/you_foulbrood/abnormal/C_001_022_20230821190418_001_001_000_003.jpg,1,abnormal,C_001_022,C_001,C_001_022_20230821,2,val
C_001_022_20230821191632_001_001_000_003.jpg,./data/you_foulbrood/abnormal/C_001_022_20230821191632_001_001_000_003.jpg,1,abnormal,C_001_022,C_001,C_001_022_20230821,2,train
C_001_022_20230821191750_001_001_000_003.jpg,./data/you_foulbrood/abnormal/C_001_022_20230821191750_001_001_000_003.jpg,1,abnormal,C_001_022,C_001,C_001_022_20230821,2,test
C_001_022_20230821192322_001_001_000_003.jpg,./data/you_foulbrood/abnormal/C_001_022_20230821192322_001_001_000_003.jpg,1,abnormal,C_001_022,C_001,C_001_022_20230821,2,val
C_001_022_20230831153317_001_001_000_003.jpg,./data/you_foulbrood/abnormal/C_001_022_20230831153317_001_001_000_003.jpg,1,abnormal,C_001_022,C_001,C_001_022_20230831,2,train
C_001_022_20230901150654_001_001_000_003.jpg,./data/you_foulbrood/abnormal/C_001_022_20230901150654_001_001_000_003.jpg,1,abnormal,C_001_022,C_001,C_001_022_20230901,2,val
C_001_022_20230901150810_001_001_000_003.jpg,./data/you_foulbrood/abnormal/C_001_022_20230901150810_001_001_000_003.jpg,1,abnormal,C_001_022,C_001,C_001_022_20230901,2,test
C_001_022_20230903110959_001_001_000_003.jpg,./data/you_foulbrood/abnormal/C_001_022_20230903110959_001_001_000_003.jpg,1,abnormal,C_001_022,C_001,C_001_022_20230903,2,test
C_001_022_20230904223128_001_001_000_003.jpg,./data/you_foulbrood/abnormal/C_001_022_20230904223128_001_001_000_003.jpg,1,abnormal,C_001_022,C_001,C_001_022_20230904,2,train
C_001_022_20230904223316_001_001_000_003.jpg,./data/you_foulbrood/abnormal/C_001_022_20230904223316_001_001_000_003.jpg,1,abnormal,C_001_022,C_001,C_001_022_20230904,2,train
C_001_022_20230904223530_001_001_000_003.jpg,./data/you_foulbrood/abnormal/C_001_022_20230904223530_001_001_000_003.jpg,1,abnormal,C_001_022,C_001,C_001_022_20230904,2,train
C_001_022_20230904223952_001_001_000_003.jpg,./data/you_foulbrood/abnormal/C_001_022_20230904223952_001_001_000_003.jpg,1,abnormal,C_001_022,C_001,C_001_022_20230904,2,train
C_001_022_20230904225714_001_001_000_003.jpg,./data/you_foulbrood/abnormal/C_001_022_20230904225714_001_001_000_003.jpg,1,abnormal,C_001_022,C_001,C_001_022_20230904,2,test
C_001_022_20230904230246_001_001_000_003.jpg,./data/you_foulbrood/abnormal/C_001_022_20230904230246_001_001_000_003.jpg,1,abnormal,C_001_022,C_001,C_001_022_20230904,2,train
C_001_022_20230904231226_001_001_000_003.jpg,./data/you_foulbrood/abnormal/C_001_022_20230904231226_001_001_000_003.jpg,1,abnormal,C_001_022,C_001,C_001_022_20230904,2,test
C_001_022_20230904232126_001_001_000_003.jpg,./data/you_foulbrood/abnormal/C_001_022_20230904232126_001_001_000_003.jpg,1,abnormal,C_001_022,C_001,C_001_022_20230904,2,test
C_001_022_20230904233532_001_001_000_003.jpg,./data/you_foulbrood/abnormal/C_001_022_20230904233532_001_001_000_003.jpg,1,abnormal,C_001_022,C_001,C_001_022_20230904,2,val
C_001_023_20230903112915_001_001_000_003.jpg,./data/you_foulbrood/abnormal/C_001_023_20230903112915_001_001_000_003.jpg,1,abnormal,C_001_023,C_001,C_001_023_20230903,2,val
C_001_023_20230904132523_001_001_000_003.jpg,./data/you_foulbrood/abnormal/C_001_023_20230904132523_001_001_000_003.jpg,1,abnormal,C_001_023,C_001,C_001_023_20230904,2,test
C_001_023_20230904133037_001_001_000_003.jpg,./data/you_foulbrood/abnormal/C_001_023_20230904133037_001_001_000_003.jpg,1,abnormal,C_001_023,C_001,C_001_023_20230904,2,train
C_002_001_20230819131224_001_001_000_003.jpg,./data/you_foulbrood/abnormal/C_002_001_20230819131224_001_001_000_003.jpg,1,abnormal,C_002_001,C_002,C_002_001_20230819,2,train
C_002_003_20230819140236_001_001_000_003.jpg,./data/you_foulbrood/abnormal/C_002_003_20230819140236_001_001_000_003.jpg,1,abnormal,C_002_003,C_002,C_002_003_20230819,2,train
C_002_023_20230821193016_001_001_000_003.jpg,./data/you_foulbrood/abnormal/C_002_023_20230821193016_001_001_000_003.jpg,1,abnormal,C_002_023,C_002,C_002_023_20230821,2,test
C_002_023_20230821193632_001_001_000_003.jpg,./data/you_foulbrood/abnormal/C_002_023_20230821193632_001_001_000_003.jpg,1,abnormal,C_002_023,C_002,C_002_023_20230821,2,train
B_001_001_20230905140435_001_002_000_000.jpg,./data/you_foulbrood/normal/B_001_001_20230905140435_001_002_000_000.jpg,0,normal,B_001_001,B_001,B_001_001_20230905,2,train
B_001_001_20230907110744_001_003_000_000.jpg,./data/you_foulbrood/normal/B_001_001_20230907110744_001_003_000_000.jpg,0,normal,B_001_001,B_001,B_001_001_20230907,2,test
B_001_001_20230907111158_001_004_000_000.jpg,./data/you_foulbrood/normal/B_001_001_20230907111158_001_004_000_000.jpg,0,normal,B_001_001,B_001,B_001_001_20230907,2,val
B_001_001_20230909115725_001_003_000_000.jpg,./data/you_foulbrood/normal/B_001_001_20230909115725_001_003_000_000.jpg,0,normal,B_001_001,B_001,B_001_001_20230909,2,train
B_001_001_20230910105435_001_003_000_000.jpg,./data/you_foulbrood/normal/B_001_001_20230910105435_001_003_000_000.jpg,0,normal,B_001_001,B_001,B_001_001_20230910,2,train
B_001_002_20230819140159_001_003_000_000.jpg,./data/you_foulbrood/normal/B_001_002_20230819140159_001_003_000_000.jpg,0,normal,B_001_002,B_001,B_001_002_20230819,2,test
B_001_002_20230825081614_001_001_000_000.jpg,./data/you_foulbrood/normal/B_001_002_20230825081614_001_001_000_000.jpg,0,normal,B_001_002,B_001,B_001_002_20230825,2,test
B_001_002_20230904140309_001_003_000_000.jpg,./data/you_foulbrood/normal/B_001_002_20230904140309_001_003_000_000.jpg,0,normal,B_001_002,B_001,B_001_002_20230904,2,test
B_001_002_20230904140356_001_004_000_000.jpg,./data/you_foulbrood/normal/B_001_002_20230904140356_001_004_000_000.jpg,0,normal,B_001_002,B_001,B_001_002_20230904,2,test
B_001_002_20230908145202_001_001_000_000.jpg,./data/you_foulbrood/normal/B_001_002_20230908145202_001_001_000_000.jpg,0,normal,B_001_002,B_001,B_001_002_20230908,2,train
B_001_003_20230823082835_001_004_000_000.jpg,./data/you_foulbrood/normal/B_001_003_20230823082835_001_004_000_000.jpg,0,normal,B_001_003,B_001,B_001_003_20230823,2,train
B_001_003_20230823082924_001_002_000_000.jpg,./data/you_foulbrood/normal/B_001_003_20230823082924_001_002_000_000.jpg,0,normal,B_001_003,B_001,B_001_003_20230823,2,train
B_001_003_20230823134318_001_002_000_000.jpg,./data/you_foulbrood/normal/B_001_003_20230823134318_001_002_000_000.jpg,0,normal,B_001_003,B_001,B_001_003_20230823,2,train
B_001_003_20230825082123_001_004_000_000.jpg,./data/you_foulbrood/normal/B_001_003_20230825082123_001_004_000_000.jpg,0,normal,B_001_003,B_001,B_001_003_20230825,2,test
B_001_003_20230825131745_001_003_000_000.jpg,./data/you_foulbrood/normal/B_001_003_20230825131745_001_003_000_000.jpg,0,normal,B_001_003,B_001,B_001_003_20230825,2,test
B_001_003_20230829090024_001_001_000_000.jpg,./data/you_foulbrood/normal/B_001_003_20230829090024_001_001_000_000.jpg,0,normal,B_001_003,B_001,B_001_003_20230829,2,test
B_001_003_20230829131553_001_003_000_000.jpg,./data/you_foulbrood/normal/B_001_003_20230829131553_001_003_000_000.jpg,0,normal,B_001_003,B_001,B_001_003_20230829,2,val
B_001_004_20230904142118_001_002_000_000.jpg,./data/you_foulbrood/normal/B_001_004_20230904142118_001_002_000_000.jpg,0,normal,B_001_004,B_001,B_001_004_20230904,2,test
B_001_004_20230910113658_001_004_000_000.jpg,./data/you_foulbrood/normal/B_001_004_20230910113658_001_004_000_000.jpg,0,normal,B_001_004,B_001,B_001_004_20230910,2,train
B_001_004_20230910113855_001_004_000_000.jpg,./data/you_foulbrood/normal/B_001_004_20230910113855_001_004_000_000.jpg,0,normal,B_001_004,B_001,B_001_004_20230910,2,train
B_001_005_20230820200754_001_004_000_000.jpg,./data/you_foulbrood/normal/B_001_005_20230820200754_001_004_000_000.jpg,0,normal,B_001_005,B_001,B_001_005_20230820,2,train
B_001_005_20230821090757_001_003_000_000.jpg,./data/you_foulbrood/normal/B_001_005_20230821090757_001_003_000_000.jpg,0,normal,B_001_005,B_001,B_001_005_20230821,2,test
B_001_005_20230825083223_001_003_000_000.jpg,./data/you_foulbrood/normal/B_001_005_20230825083223_001_003_000_000.jpg,0,normal,B_001_005,B_001,B_001_005_20230825,2,train
B_001_005_20230827132449_001_003_000_000.jpg,./data/you_foulbrood/normal/B_001_005_20230827132449_001_003_000_000.jpg,0,normal,B_001_005,B_001,B_001_005_20230827,2,val
B_001_005_20230907120004_001_002_000_000.jpg,./data/you_foulbrood/normal/B_001_005_20230907120004_001_002_000_000.jpg,0,normal,B_001_005,B_001,B_001_005_20230907,2,val
B_001_005_20230908090123_001_003_000_000.jpg,./data/you_foulbrood/normal/B_001_005_20230908090123_001_003_000_000.jpg,0,normal,B_001_005,B_001,B_001_005_20230908,2,train
B_001_005_20230910114953_001_004_000_000.jpg,./data/you_foulbrood/normal/B_001_005_20230910114953_001_004_000_000.jpg,0,normal,B_001_005,B_001,B_001_005_20230910,2,test
B_001_006_20230823135709_001_002_000_000.jpg,./data/you_foulbrood/normal/B_001_006_20230823135709_001_002_000_000.jpg,0,normal,B_001_006,B_001,B_001_006_20230823,2,test
B_001_006_20230824083226_001_002_000_000.jpg,./data/you_foulbrood/normal/B_001_006_20230824083226_001_002_000_000.jpg,0,normal,B_001_006,B_001,B_001_006_20230824,2,test
B_001_006_20230825133313_001_002_000_000.jpg,./data/you_foulbrood/normal/B_001_006_20230825133313_001_002_000_000.jpg,0,normal,B_001_006,B_001,B_001_006_20230825,2,test
B_001_006_20230825133534_001_004_000_000.jpg,./data/you_foulbrood/normal/B_001_006_20230825133534_001_004_000_000.jpg,0,normal,B_001_006,B_001,B_001_006_20230825,2,train
B_001_006_20230828082609_001_002_000_000.jpg,./data/you_foulbrood/normal/B_001_006_20230828082609_001_002_000_000.jpg,0,normal,B_001_006,B_001,B_001_006_20230828,2,train
B_001_006_20230904143736_001_004_000_000.jpg,./data/you_foulbrood/normal/B_001_006_20230904143736_001_004_000_000.jpg,0,normal,B_001_006,B_001,B_001_006_20230904,2,train
B_001_006_20230904143746_001_004_000_000.jpg,./data/you_foulbrood/normal/B_001_006_20230904143746_001_004_000_000.jpg,0,normal,B_001_006,B_001,B_001_006_20230904,2,train
B_001_006_20230909133859_001_002_000_000.jpg,./data/you_foulbrood/normal/B_001_006_20230909133859_001_002_000_000.jpg,0,normal,B_001_006,B_001,B_001_006_20230909,2,test
B_001_006_20230910115820_001_004_000_000.jpg,./data/you_foulbrood/normal/B_001_006_20230910115820_001_004_000_000.jpg,0,normal,B_001_006,B_001,B_001_006_20230910,2,val
B_001_007_20230826090335_001_001_000_000.jpg,./data/you_foulbrood/normal/B_001_007_20230826090335_001_001_000_000.jpg,0,normal,B_001_007,B_001,B_001_007_20230826,2,val
B_001_007_20230906083655_001_003_000_000.jpg,./data/you_foulbrood/normal/B_001_007_20230906083655_001_003_000_000.jpg,0,normal,B_001_007,B_001,B_001_007_20230906,2,train
B_001_007_20230906151913_001_001_000_000.jpg,./data/you_foulbrood/normal/B_001_007_20230906151913_001_001_000_000.jpg,0,normal,B_001_007,B_001,B_001_007_20230906,2,train
B_001_007_20230906152056_001_004_000_000.jpg,./data/you_foulbrood/normal/B_001_007_20230906152056_001_004_000_000.jpg,0,normal,B_001_007,B_001,B_001_007_20230906,2,train
B_001_008_20230908093637_001_001_000_000.jpg,./data/you_foulbrood/normal/B_001_008_20230908093637_001_001_000_000.jpg,0,normal,B_001_008,B_001,B_001_008_20230908,2,train
B_001_008_20230910135329_001_001_000_000.jpg,./data/you_foulbrood/normal/B_001_008_20230910135329_001_001_000_000.jpg,0,normal,B_001_008,B_001,B_001_008_20230910,2,train
B_001_008_20230910135407_001_003_000_000.jpg,./data/you_foulbrood/normal/B_001_008_20230910135407_001_003_000_000.jpg,0,normal,B_001_008,B_001,B_001_008_20230910,2,train
B_001_009_20230825135357_001_002_000_000.jpg,./data/you_foulbrood/normal/B_001_009_20230825135357_001_002_000_000.jpg,0,normal,B_001_009,B_001,B_001_009_20230825,2,train
B_001_009_20230909140014_001_003_000_000.jpg,./data/you_foulbrood/normal/B_001_009_20230909140014_001_003_000_000.jpg,0,normal,B_001_009,B_001,B_001_009_20230909,2,test
B_001_010_20230826135654_001_003_000_000.jpg,./data/you_foulbrood/normal/B_001_010_20230826135654_001_003_000_000.jpg,0,normal,B_001_010,B_001,B_001_010_20230826,2,test
B_001_010_20230829140515_001_004_000_000.jpg,./data/you_foulbrood/normal/B_001_010_20230829140515_001_004_000_000.jpg,0,normal,B_001_010,B_001,B_001_010_20230829,2,test
B_001_010_20230906091357_001_003_000_000.jpg,./data/you_foulbrood/normal/B_001_010_20230906091357_001_003_000_000.jpg,0,normal,B_001_010,B_001,B_001_010_20230906,2,train
B_001_010_20230910140224_001_003_000_000.jpg,./data/you_foulbrood/normal/B_001_010_20230910140224_001_003_000_000.jpg,0,normal,B_001_010,B_001,B_001_010_20230910,2,test
B_001_011_20230819151024_001_002_000_000.jpg,./data/you_foulbrood/normal/B_001_011_20230819151024_001_002_000_000.jpg,0,normal,B_001_011,B_001,B_001_011_20230819,2,train
B_001_011_20230904153336_001_001_000_000.jpg,./data/you_foulbrood/normal/B_001_011_20230904153336_001_001_000_000.jpg,0,normal,B_001_011,B_001,B_001_011_20230904,2,train
B_001_011_20230908163546_001_002_000_000.jpg,./data/you_foulbrood/normal/B_001_011_20230908163546_001_002_000_000.jpg,0,normal,B_001_011,B_001,B_001_011_20230908,2,test
B_001_011_20230909142653_001_003_000_000.jpg,./data/you_foulbrood/normal/B_001_011_20230909142653_001_003_000_000.jpg,0,normal,B_001_011,B_001,B_001_011_20230909,2,train
B_001_011_20230910141026_001_001_000_000.jpg,./data/you_foulbrood/normal/B_001_011_20230910141026_001_001_000_000.jpg,0,normal,B_001_011,B_001,B_001_011_20230910,2,test
B_001_012_20230819151849_001_001_000_000.jpg,./data/you_foulbrood/normal/B_001_012_20230819151849_001_001_000_000.jpg,0,normal,B_001_012,B_001,B_001_012_20230819,2,train
B_001_012_20230820115323_001_002_000_000.jpg,./data/you_foulbrood/normal/B_001_012_20230820115323_001_002_000_000.jpg,0,normal,B_001_012,B_001,B_001_012_20230820,2,val
B_001_012_20230824141239_001_002_000_000.jpg,./data/you_foulbrood/normal/B_001_012_20230824141239_001_002_000_000.jpg,0,normal,B_001_012,B_001,B_001_012_20230824,2,train
B_001_012_20230826143225_001_002_000_000.jpg,./data/you_foulbrood/normal/B_001_012_20230826143225_001_002_000_000.jpg,0,normal,B_001_012,B_001,B_001_012_20230826,2,train
B_001_012_20230826143225_001_003_000_000.jpg,./data/you_foulbrood/normal/B_001_012_20230826143225_001_003_000_000.jpg,0,normal,B_001_012,B_001,B_001_012_20230826,2,train
B_001_012_20230901132221_001_003_000_000.jpg,./data/you_foulbrood/normal/B_001_012_20230901132221_001_003_000_000.jpg,0,normal,B_001_012,B_001,B_001_012_20230901,2,train
B_001_012_20230904153959_001_003_000_000.jpg,./data/you_foulbrood/normal/B_001_012_20230904153959_001_003_000_000.jpg,0,normal,B_001_012,B_001,B_001_012_20230904,2,train
B_001_012_20230907142616_001_001_000_000.jpg,./data/you_foulbrood/normal/B_001_012_20230907142616_001_001_000_000.jpg,0,normal,B_001_012,B_001,B_001_012_20230907,2,val
B_001_012_20230907142834_001_004_000_000.jpg,./data/you_foulbrood/normal/B_001_012_20230907142834_001_004_000_000.jpg,0,normal,B_001_012,B_001,B_001_012_20230907,2,test
B_001_012_20230907142940_001_001_000_000.jpg,./data/you_foulbrood/normal/B_001_012_20230907142940_001_001_000_000.jpg,0,normal,B_001_012,B_001,B_001_012_20230907,2,test
B_001_012_20230908105653_001_002_000_000.jpg,./data/you_foulbrood/normal/B_001_012_20230908105653_001_002_000_000.jpg,0,normal,B_001_012,B_001,B_001_012_20230908,2,train
B_001_012_20230908163635_001_001_000_000.jpg,./data/you_foulbrood/normal/B_001_012_20230908163635_001_001_000_000.jpg,0,normal,B_001_012,B_001,B_001_012_20230908,2,train
B_001_012_20230909142748_001_004_000_000.jpg,./data/you_foulbrood/normal/B_001_012_20230909142748_001_004_000_000.jpg,0,normal,B_001_012,B_001,B_001_012_20230909,2,test
B_001_013_20230901133944_001_003_000_000.jpg,./data/you_foulbrood/normal/B_001_013_20230901133944_001_003_000_000.jpg,0,normal,B_001_013,B_001,B_001_013_20230901,2,val
B_001_013_20230910142250_001_004_000_000.jpg,./data/you_foulbrood/normal/B_001_013_20230910142250_001_004_000_000.jpg,0,normal,B_001_013,B_001,B_001_013_20230910,2,train
B_001_014_20230831095145_001_001_000_000.jpg,./data/you_foulbrood/normal/B_001_014_20230831095145_001_001_000_000.jpg,0,normal,B_001_014,B_001,B_001_014_20230831,2,train
B_001_014_20230908111304_001_003_000_000.jpg,./data/you_foulbrood/normal/B_001_014_20230908111304_001_003_000_000.jpg,0,normal,B_001_014,B_001,B_001_014_20230908,2,test
B_001_014_20230908111924_001_001_000_000.jpg,./data/you_foulbrood/normal/B_001_014_20230908111924_001_001_000_000.jpg,0,normal,B_001_014,B_001,B_001_014_20230908,2,test
B_001_014_20230909144845_001_001_000_000.jpg,./data/you_foulbrood/normal/B_001_014_20230909144845_001_001_000_000.jpg,0,normal,B_001_014,B_001,B_001_014_20230909,2,train
B_001_015_20230831152816_001_004_000_000.jpg,./data/you_foulbrood/normal/B_001_015_20230831152816_001_004_000_000.jpg,0,normal,B_001_015,B_001,B_001_015_20230831,2,train
B_001_015_20230902112524_001_003_000_000.jpg,./data/you_foulbrood/normal/B_001_015_20230902112524_001_003_000_000.jpg,0,normal,B_001_015,B_001,B_001_015_20230902,2,test
B_001_015_20230909082731_001_004_000_000.jpg,./data/you_foulbrood/normal/B_001_015_20230909082731_001_004_000_000.jpg,0,normal,B_001_015,B_001,B_001_015_20230909,2,val
B_001_015_20230909145357_001_002_000_000.jpg,./data/you_foulbrood/normal/B_001_015_20230909145357_001_002_000_000.jpg,0,normal,B_001_015,B_001,B_001_015_20230909,2,val
B_001_016_20230906163226_001_002_000_000.jpg,./data/you_foulbrood/normal/B_001_016_20230906163226_001_002_000_000.jpg,0,normal,B_001_016,B_001,B_001_016_20230906,2,val
B_001_018_20230826103249_001_003_000_000.jpg,./data/you_foulbrood/normal/B_001_018_20230826103249_001_003_000_000.jpg,0,normal,B_001_018,B_001,B_001_018_20230826,2,train
B_001_018_20230826152230_001_001_000_000.jpg,./data/you_foulbrood/normal/B_001_018_20230826152230_001_001_000_000.jpg,0,normal,B_001_018,B_001,B_001_018_20230826,2,val
B_001_018_20230827100708_001_003_000_000.jpg,./data/you_foulbrood/normal/B_001_018_20230827100708_001_003_000_000.jpg,0,normal,B_001_018,B_001,B_001_018_20230827,2,val
B_001_018_20230827151426_001_001_000_000.jpg,./data/you_foulbrood/normal/B_001_018_20230827151426_001_001_000_000.jpg,0,normal,B_001_018,B_001,B_001_018_20230827,2,test
B_001_018_20230827151808_001_004_000_000.jpg,./data/you_foulbrood/normal/B_001_018_20230827151808_001_004_000_000.jpg,0,normal,B_001_018,B_001,B_001_018_20230827,2,val
B_001_018_20230830131904_001_004_000_000.jpg,./data/you_foulbrood/normal/B_001_018_20230830131904_001_004_000_000.jpg,0,normal,B_001_018,B_001,B_001_018_20230830,2,train
B_001_018_20230909085843_001_004_000_000.jpg,./data/you_foulbrood/normal/B_001_018_20230909085843_001_004_000_000.jpg,0,normal,B_001_018,B_001,B_001_018_20230909,2,train
B_001_019_20230823160925_001_003_000_000.jpg,./data/you_foulbrood/normal/B_001_019_20230823160925_001_003_000_000.jpg,0,normal,B_001_019,B_001,B_001_019_20230823,2,train
B_001_019_20230824101340_001_001_000_000.jpg,./data/you_foulbrood/normal/B_001_019_20230824101340_001_001_000_000.jpg,0,normal,B_001_019,B_001,B_001_019_20230824,2,val
B_001_019_20230824101352_001_003_000_000.jpg,./data/you_foulbrood/normal/B_001_019_20230824101352_001_003_000_000.jpg,0,normal,B_001_019,B_001,B_001_019_20230824,2,train
B_001_019_20230824151340_001_004_000_000.jpg,./data/you_foulbrood/normal/B_001_019_20230824151340_001_004_000_000.jpg,0,normal,B_001_019,B_001,B_001_019_20230824,2,train
B_001_019_20230825102333_001_002_000_000.jpg,./data/you_foulbrood/normal/B_001_019_20230825102333_001_002_000_000.jpg,0,normal,B_001_019,B_001,B_001_019_20230825,2,train
B_001_019_20230828153457_001_004_000_000.jpg,./data/you_foulbrood/normal/B_001_019_20230828153457_001_004_000_000.jpg,0,normal,B_001_019,B_001,B_001_019_20230828,2,test
B_001_019_20230904163710_001_002_000_000.jpg,./data/you_foulbrood/normal/B_001_019_20230904163710_001_002_000_000.jpg,0,normal,B_001_019,B_001,B_001_019_20230904,2,test
B_001_019_20230906113636_001_002_000_000.jpg,./data/you_foulbrood/normal/B_001_019_20230906113636_001_002_000_000.jpg,0,normal,B_001_019,B_001,B_001_019_20230906,2,val
B_001_019_20230906165336_001_001_000_000.jpg,./data/you_foulbrood/normal/B_001_019_20230906165336_001_001_000_000.jpg,0,normal,B_001_019,B_001,B_001_019_20230906,2,train
B_001_020_20230907082431_001_004_000_000.jpg,./data/you_foulbrood/normal/B_001_020_20230907082431_001_004_000_000.jpg,0,normal,B_001_020,B_001,B_001_020_20230907,2,val
B_001_020_20230907082614_001_003_000_000.jpg,./data/you_foulbrood/normal/B_001_020_20230907082614_001_003_000_000.jpg,0,normal,B_001_020,B_001,B_001_020_20230907,2,train
B_001_021_20230910084354_001_001_000_000.jpg,./data/you_foulbrood/normal/B_001_021_20230910084354_001_001_000_000.jpg,0,normal,B_001_021,B_001,B_001_021_20230910,2,train
B_001_021_20230910153211_001_001_000_000.jpg,./data/you_foulbrood/normal/B_001_021_20230910153211_001_001_000_000.jpg,0,normal,B_001_021,B_001,B_001_021_20230910,2,train
B_001_021_20230910153249_001_002_000_000.jpg,./data/you_foulbrood/normal/B_001_021_20230910153249_001_002_000_000.jpg,0,normal,B_001_021,B_001,B_001_021_20230910,2,test
B_001_021_20230910153637_001_004_000_000.jpg,./data/you_foulbrood/normal/B_001_021_20230910153637_001_004_000_000.jpg,0,normal,B_001_021,B_001,B_001_021_20230910,2,train
B_001_022_20230824102655_001_004_000_000.jpg,./data/you_foulbrood/normal/B_001_022_20230824102655_001_004_000_000.jpg,0,normal,B_001_022,B_001,B_001_022_20230824,2,train
B_001_022_20230824103008_001_001_000_000.jpg,./data/you_foulbrood/normal/B_001_022_20230824103008_001_001_000_000.jpg,0,normal,B_001_022,B_001,B_001_022_20230824,2,test
B_001_022_20230826154804_001_003_000_000.jpg,./data/you_foulbrood/normal/B_001_022_20230826154804_001_003_000_000.jpg,0,normal,B_001_022,B_001,B_001_022_20230826,2,train
B_001_022_20230905081518_001_001_000_000.jpg,./data/you_foulbrood/normal/B_001_022_20230905081518_001_001_000_000.jpg,0,normal,B_001_022,B_001,B_001_022_20230905,2,test
B_001_022_20230908133419_001_002_000_000.jpg,./data/you_foulbrood/normal/B_001_022_20230908133419_001_002_000_000.jpg,0,normal,B_001_022,B_001,B_001_022_20230908,2,val
B_001_022_20230908134025_001_001_000_000.jpg,./data/you_foulbrood/normal/B_001_022_20230908134025_001_001_000_000.jpg,0,normal,B_001_022,B_001,B_001_022_20230908,2,train
B_001_022_20230910084719_001_001_000_000.jpg,./data/you_foulbrood/normal/B_001_022_20230910084719_001_001_000_000.jpg,0,normal,B_001_022,B_001,B_001_022_20230910,2,train
B_001_023_20230820090148_001_001_000_000.jpg,./data/you_foulbrood/normal/B_001_023_20230820090148_001_001_000_000.jpg,0,normal,B_001_023,B_001,B_001_023_20230820,2,train
B_001_023_20230821111634_001_002_000_000.jpg,./data/you_foulbrood/normal/B_001_023_20230821111634_001_002_000_000.jpg,0,normal,B_001_023,B_001,B_001_023_20230821,2,train
B_001_023_20230907155815_001_003_000_000.jpg,./data/you_foulbrood/normal/B_001_023_20230907155815_001_003_000_000.jpg,0,normal,B_001_023,B_001,B_001_023_20230907,2,train
B_001_023_20230910090617_001_003_000_000.jpg,./data/you_foulbrood/normal/B_001_023_20230910090617_001_003_000_000.jpg,0,normal,B_001_023,B_001,B_001_023_20230910,2,train
B_001_023_20230910154640_001_004_000_000.jpg,./data/you_foulbrood/normal/B_001_023_20230910154640_001_004_000_000.jpg,0,normal,B_001_023,B_001,B_001_023_20230910,2,train
B_001_023_20230910154714_001_002_000_000.jpg,./data/you_foulbrood/normal/B_001_023_20230910154714_001_002_000_000.jpg,0,normal,B_001_023,B_001,B_001_023_20230910,2,train
B_001_023_20230910155035_001_001_000_000.jpg,./data/you_foulbrood/normal/B_001_023_20230910155035_001_001_000_000.jpg,0,normal,B_001_023,B_001,B_001_023_20230910,2,val
B_001_024_20230909102810_001_003_000_000.jpg,./data/you_foulbrood/normal/B_001_024_20230909102810_001_003_000_000.jpg,0,normal,B_001_024,B_001,B_001_024_20230909,2,train
B_001_024_20230909162709_001_003_000_000.jpg,./data/you_foulbrood/normal/B_001_024_20230909162709_001_003_000_000.jpg,0,normal,B_001_024,B_001,B_001_024_20230909,2,train
B_001_024_20230910155651_001_002_000_000.jpg,./data/you_foulbrood/normal/B_001_024_20230910155651_001_002_000_000.jpg,0,normal,B_001_024,B_001,B_001_024_20230910,2,train
B_001_025_20230907161202_001_001_000_000.jpg,./data/you_foulbrood/normal/B_001_025_20230907161202_001_001_000_000.jpg,0,normal,B_001_025,B_001,B_001_025_20230907,2,train
B_001_025_20230907161231_001_001_000_000.jpg,./data/you_foulbrood/normal/B_001_025_20230907161231_001_001_000_000.jpg,0,normal,B_001_025,B_001,B_001_025_20230907,2,train
B_001_025_20230909104609_001_003_000_000.jpg,./data/you_foulbrood/normal/B_001_025_20230909104609_001_003_000_000.jpg,0,normal,B_001_025,B_001,B_001_025_20230909,2,train
B_001_025_20230910092131_001_001_000_000.jpg,./data/you_foulbrood/normal/B_001_025_20230910092131_001_001_000_000.jpg,0,normal,B_001_025,B_001,B_001_025_20230910,2,val
B_001_025_20230910092353_001_004_000_000.jpg,./data/you_foulbrood/normal/B_001_025_20230910092353_001_004_000_000.jpg,0,normal,B_001_025,B_001,B_001_025_20230910,2,val
B_001_026_20230904131603_001_002_000_000.jpg,./data/you_foulbrood/normal/B_001_026_20230904131603_001_002_000_000.jpg,0,normal,B_001_026,B_001,B_001_026_20230904,2,test
B_001_026_20230905103502_001_004_000_000.jpg,./data/you_foulbrood/normal/B_001_026_20230905103502_001_004_000_000.jpg,0,normal,B_001_026,B_001,B_001_026_20230905,2,train
B_001_026_20230905103507_001_002_000_000.jpg,./data/you_foulbrood/normal/B_001_026_20230905103507_001_002_000_000.jpg,0,normal,B_001_026,B_001,B_001_026_20230905,2,train
B_001_026_20230905103704_001_004_000_000.jpg,./data/you_foulbrood/normal/B_001_026_20230905103704_001_004_000_000.jpg,0,normal,B_001_026,B_001,B_001_026_20230905,2,val
B_001_026_20230905103906_001_004_000_000.jpg,./data/you_foulbrood/normal/B_001_026_20230905103906_001_004_000_000.jpg,0,normal,B_001_026,B_001,B_001_026_20230905,2,test
B_001_027_20230825112011_001_002_000_000.jpg,./data/you_foulbrood/normal/B_001_027_20230825112011_001_002_000_000.jpg,0,normal,B_001_027,B_001,B_001_027_20230825,2,test
B_001_027_20230829112851_001_002_000_000.jpg,./data/you_foulbrood/normal/B_001_027_20230829112851_001_002_000_000.jpg,0,normal,B_001_027,B_001,B_001_027_20230829,2,train
B_001_027_20230909110210_001_002_000_000.jpg,./data/you_foulbrood/normal/B_001_027_20230909110210_001_002_000_000.jpg,0,normal,B_001_027,B_001,B_001_027_20230909,2,test
B_001_028_20230824110025_001_003_000_000.jpg,./data/you_foulbrood/normal/B_001_028_20230824110025_001_003_000_000.jpg,0,normal,B_001_028,B_001,B_001_028_20230824,2,train
B_001_028_20230825164058_001_003_000_000.jpg,./data/you_foulbrood/normal/B_001_028_20230825164058_001_003_000_000.jpg,0,normal,B_001_028,B_001,B_001_028_20230825,2,test
B_001_028_20230826164149_001_004_000_000.jpg,./data/you_foulbrood/normal/B_001_028_20230826164149_001_004_000_000.jpg,0,normal,B_001_028,B_001,B_001_028_20230826,2,train
B_001_028_20230827163459_001_001_000_000.jpg,./data/you_foulbrood/normal/B_001_028_20230827163459_001_001_000_000.jpg,0,normal,B_001_028,B_001,B_001_028_20230827,2,train
B_001_028_20230831130614_001_004_000_000.jpg,./data/you_foulbrood/normal/B_001_028_20230831130614_001_004_000_000.jpg,0,normal,B_001_028,B_001,B_001_028_20230831,2,test
B_001_028_20230907162943_001_003_000_000.jpg,./data/you_foulbrood/normal/B_001_028_20230907162943_001_003_000_000.jpg,0,normal,B_001_028,B_001,B_001_028_20230907,2,train
B_001_029_20230822113144_001_001_000_000.jpg,./data/you_foulbrood/normal/B_001_029_20230822113144_001_001_000_000.jpg,0,normal,B_001_029,B_001,B_001_029_20230822,2,test
B_001_029_20230907102218_001_004_000_000.jpg,./data/you_foulbrood/normal/B_001_029_20230907102218_001_004_000_000.jpg,0,normal,B_001_029,B_001,B_001_029_20230907,2,test
B_001_029_20230907103847_001_002_000_000.jpg,./data/you_foulbrood/normal/B_001_029_20230907103847_001_002_000_000.jpg,0,normal,B_001_029,B_001,B_001_029_20230907,2,test
B_001_029_20230907163310_001_002_000_000.jpg,./data/you_foulbrood/normal/B_001_029_20230907163310_001_002_000_000.jpg,0,normal,B_001_029,B_001,B_001_029_20230907,2,test
B_001_029_20230907163319_001_001_000_000.jpg,./data/you_foulbrood/normal/B_001_029_20230907163319_001_001_000_000.jpg,0,normal,B_001_029,B_001,B_001_029_20230907,2,train
B_001_029_20230909113306_001_001_000_000.jpg,./data/you_foulbrood/normal/B_001_029_20230909113306_001_001_000_000.jpg,0,normal,B_001_029,B_001,B_001_029_20230909,2,train
B_001_030_20230905135551_001_001_000_000.jpg,./data/you_foulbrood/normal/B_001_030_20230905135551_001_001_000_000.jpg,0,normal,B_001_030,B_001,B_001_030_20230905,2,test
B_001_030_20230906141225_001_004_000_000.jpg,./data/you_foulbrood/normal/B_001_030_20230906141225_001_004_000_000.jpg,0,normal,B_001_030,B_001,B_001_030_20230906,2,test
B_001_030_20230910104623_001_001_000_000.jpg,./data/you_foulbrood/normal/B_001_030_20230910104623_001_001_000_000.jpg,0,normal,B_001_030,B_001,B_001_030_20230910,2,val
C_001_001_20230831140409_001_001_000_000.jpg,./data/you_foulbrood/normal/C_001_001_20230831140409_001_001_000_000.jpg,0,normal,C_001_001,C_001,C_001_001_20230831,2,train
C_001_002_20230829145715_001_001_000_000.jpg,./data/you_foulbrood/normal/C_001_002_20230829145715_001_001_000_000.jpg,0,normal,C_001_002,C_001,C_001_002_20230829,2,train
C_001_002_20230829145737_001_001_000_000.jpg,./data/you_foulbrood/normal/C_001_002_20230829145737_001_001_000_000.jpg,0,normal,C_001_002,C_001,C_001_002_20230829,2,test
C_001_005_20230821171650_001_001_000_000.jpg,./data/you_foulbrood/normal/C_001_005_20230821171650_001_001_000_000.jpg,0,normal,C_001_005,C_001,C_001_005_20230821,2,test
C_001_005_20230821171952_001_001_000_000.jpg,./data/you_foulbrood/normal/C_001_005_20230821171952_001_001_000_000.jpg,0,normal,C_001_005,C_001,C_001_005_20230821,2,val
C_001_005_20230821172456_001_001_000_000.jpg,./data/you_foulbrood/normal/C_001_005_20230821172456_001_001_000_000.jpg,0,normal,C_001_005,C_001,C_001_005_20230821,2,test
C_001_005_20230821172540_001_001_000_000.jpg,./data/you_foulbrood/normal/C_001_005_20230821172540_001_001_000_000.jpg,0,normal,C_001_005,C_001,C_001_005_20230821,2,train
C_001_005_20230821175515_001_001_000_000.jpg,./data/you_foulbrood/normal/C_001_005_20230821175515_001_001_000_000.jpg,0,normal,C_001_005,C_001,C_001_005_20230821,2,train
C_001_005_20230821181255_001_001_000_000.jpg,./data/you_foulbrood/normal/C_001_005_20230821181255_001_001_000_000.jpg,0,normal,C_001_005,C_001,C_001_005_20230821,2,test
C_001_006_20230822163518_001_001_000_000.jpg,./data/you_foulbrood/normal/C_001_006_20230822163518_001_001_000_000.jpg,0,normal,C_001_006,C_001,C_001_006_20230822,2,test
C_001_013_20230822164044_001_001_000_000.jpg,./data/you_foulbrood/normal/C_001_013_20230822164044_001_001_000_000.jpg,0,normal,C_001_013,C_001,C_001_013_20230822,2,val
C_001_013_20230822164124_001_001_000_000.jpg,./data/you_foulbrood/normal/C_001_013_20230822164124_001_001_000_000.jpg,0,normal,C_001_013,C_001,C_001_013_20230822,2,test
C_001_015_20230828145032_001_001_000_000.jpg,./data/you_foulbrood/normal/C_001_015_20230828145032_001_001_000_000.jpg,0,normal,C_001_015,C_001,C_001_015_20230828,2,test
C_001_017_20231011133646_001_001_000_000.jpg,./data/you_foulbrood/normal/C_001_017_20231011133646_001_001_000_000.jpg,0,normal,C_001_017,C_001,C_001_017_20231011,2,val
C_001_017_20231011140334_001_001_000_000.jpg,./data/you_foulbrood/normal/C_001_017_20231011140334_001_001_000_000.jpg,0,normal,C_001_017,C_001,C_001_017_20231011,2,test
C_001_017_20231011142748_001_001_000_000.jpg,./data/you_foulbrood/normal/C_001_017_20231011142748_001_001_000_000.jpg,0,normal,C_001_017,C_001,C_001_017_20231011,2,test
C_001_017_20231011143806_001_001_000_000.jpg,./data/you_foulbrood/normal/C_001_017_20231011143806_001_001_000_000.jpg,0,normal,C_001_017,C_001,C_001_017_20231011,2,train
C_001_018_20230826160933_001_001_000_000.jpg,./data/you_foulbrood/normal/C_001_018_20230826160933_001_001_000_000.jpg,0,normal,C_001_018,C_001,C_001_018_20230826,2,train
C_001_018_20230826161023_001_001_000_000.jpg,./data/you_foulbrood/normal/C_001_018_20230826161023_001_001_000_000.jpg,0,normal,C_001_018,C_001,C_001_018_20230826,2,train
C_001_018_20230826162125_001_001_000_000.jpg,./data/you_foulbrood/normal/C_001_018_20230826162125_001_001_000_000.jpg,0,normal,C_001_018,C_001,C_001_018_20230826,2,train
C_001_018_20230826162655_001_001_000_000.jpg,./data/you_foulbrood/normal/C_001_018_20230826162655_001_001_000_000.jpg,0,normal,C_001_018,C_001,C_001_018_20230826,2,train
C_001_018_20230826162705_001_001_000_000.jpg,./data/you_foulbrood/normal/C_001_018_20230826162705_001_001_000_000.jpg,0,normal,C_001_018,C_001,C_001_018_20230826,2,train
C_001_018_20230826164937_001_001_000_000.jpg,./data/you_foulbrood/normal/C_001_018_20230826164937_001_001_000_000.jpg,0,normal,C_001_018,C_001,C_001_018_20230826,2,test
C_001_018_20231012104840_001_001_000_000.jpg,./data/you_foulbrood/normal/C_001_018_20231012104840_001_001_000_000.jpg,0,normal,C_001_018,C_001,C_001_018_20231012,2,test
C_001_018_20231012110234_001_001_000_000.jpg,./data/you_foulbrood/normal/C_001_018_20231012110234_001_001_000_000.jpg,0,normal,C_001_018,C_001,C_001_018_20231012,2,test
C_001_018_20231012111524_001_001_000_000.jpg,./data/you_foulbrood/normal/C_001_018_20231012111524_001_001_000_000.jpg,0,normal,C_001_018,C_001,C_001_018_20231012,2,train
C_001_018_20231012114428_001_001_000_000.jpg,./data/you_foulbrood/normal/C_001_018_20231012114428_001_001_000_000.jpg,0,normal,C_001_018,C_001,C_001_018_20231012,2,train
C_001_018_20231012132436_001_001_000_000.jpg,./data/you_foulbrood/normal/C_001_018_20231012132436_001_001_000_000.jpg,0,normal,C_001_018,C_001,C_001_018_20231012,2,test
C_001_018_20231012134814_001_001_000_000.jpg,./data/you_foulbrood/normal/C_001_018_20231012134814_001_001_000_000.jpg,0,normal,C_001_018,C_001,C_001_018_20231012,2,train
C_001_018_20231012142320_001_001_000_000.jpg,./data/you_foulbrood/normal/C_001_018_20231012142320_001_001_000_000.jpg,0,normal,C_001_018,C_001,C_001_018_20231012,2,train
C_001_018_20231012143714_001_001_000_000.jpg,./data/you_foulbrood/normal/C_001_018_20231012143714_001_001_000_000.jpg,0,normal,C_001_018,C_001,C_001_018_20231012,2,train
C_001_018_20231012150622_001_001_000_000.jpg,./data/you_foulbrood/normal/C_001_018_20231012150622_001_001_000_000.jpg,0,normal,C_001_018,C_001,C_001_018_20231012,2,train
C_001_018_20231012153632_001_001_000_000.jpg,./data/you_foulbrood/normal/C_001_018_20231012153632_001_001_000_000.jpg,0,normal,C_001_018,C_001,C_001_018_20231012,2,train
C_001_018_20231012160316_001_001_000_000.jpg,./data/you_foulbrood/normal/C_001_018_20231012160316_001_001_000_000.jpg,0,normal,C_001_018,C_001,C_001_018_20231012,2,test
C_001_018_20231012161804_001_001_000_000.jpg,./data/you_foulbrood/normal/C_001_018_20231012161804_001_001_000_000.jpg,0,normal,C_001_018,C_001,C_001_018_20231012,2,train
C_001_018_20231012162240_001_001_000_000.jpg,./data/you_foulbrood/normal/C_001_018_20231012162240_001_001_000_000.jpg,0,normal,C_001_018,C_001,C_001_018_20231012,2,val
C_001_018_20231012164100_001_001_000_000.jpg,./data/you_foulbrood/normal/C_001_018_20231012164100_001_001_000_000.jpg,0,normal,C_001_018,C_001,C_001_018_20231012,2,test
C_001_018_20231012164852_001_001_000_000.jpg,./data/you_foulbrood/normal/C_001_018_20231012164852_001_001_000_000.jpg,0,normal,C_001_018,C_001,C_001_018_20231012,2,test
C_001_019_20230909155531_001_001_000_000.jpg,./data/you_foulbrood/normal/C_001_019_20230909155531_001_001_000_000.jpg,0,normal,C_001_019,C_001,C_001_019_20230909,2,train
C_001_019_20231013104650_001_001_000_000.jpg,./data/you_foulbrood/normal/C_001_019_20231013104650_001_001_000_000.jpg,0,normal,C_001_019,C_001,C_001_019_20231013,2,train
C_001_019_20231013104752_001_001_000_000.jpg,./data/you_foulbrood/normal/C_001_019_20231013104752_001_001_000_000.jpg,0,normal,C_001_019,C_001,C_001_019_20231013,2,train
C_001_019_20231013112220_001_001_000_000.jpg,./data/you_foulbrood/normal/C_001_019_20231013112220_001_001_000_000.jpg,0,normal,C_001_019,C_001,C_001_019_20231013,2,test
C_001_019_20231013113554_001_001_000_000.jpg,./data/you_foulbrood/normal/C_001_019_20231013113554_001_001_000_000.jpg,0,normal,C_001_019,C_001,C_001_019_20231013,2,train
C_001_019_20231013114920_001_001_000_000.jpg,./data/you_foulbrood/normal/C_001_019_20231013114920_001_001_000_000.jpg,0,normal,C_001_019,C_001,C_001_019_20231013,2,train
C_001_019_20231013132952_001_001_000_000.jpg,./data/you_foulbrood/normal/C_001_019_20231013132952_001_001_000_000.jpg,0,normal,C_001_019,C_001,C_001_019_20231013,2,train
C_001_019_20231013134852_001_001_000_000.jpg,./data/you_foulbrood/normal/C_001_019_20231013134852_001_001_000_000.jpg,0,normal,C_001_019,C_001,C_001_019_20231013,2,val
C_001_019_20231013135444_001_001_000_000.jpg,./data/you_foulbrood/normal/C_001_019_20231013135444_001_001_000_000.jpg,0,normal,C_001_019,C_001,C_001_019_20231013,2,train
C_001_019_20231013141058_001_001_000_000.jpg,./data/you_foulbrood/normal/C_001_019_20231013141058_001_001_000_000.jpg,0,normal,C_001_019,C_001,C_001_019_20231013,2,val
C_001_019_20231013142908_001_001_000_000.jpg,./data/you_foulbrood/normal/C_001_019_20231013142908_001_001_000_000.jpg,0,normal,C_001_019,C_001,C_001_019_20231013,2,train
C_001_019_20231013144757_001_001_000_000.jpg,./data/you_foulbrood/normal/C_001_019_20231013144757_001_001_000_000.jpg,0,normal,C_001_019,C_001,C_001_019_20231013,2,train
C_001_019_20231013145309_001_001_000_000.jpg,./data/you_foulbrood/normal/C_001_019_20231013145309_001_001_000_000.jpg,0,normal,C_001_019,C_001,C_001_019_20231013,2,val
C_001_019_20231013145841_001_001_000_000.jpg,./data/you_foulbrood/normal/C_001_019_20231013145841_001_001_000_000.jpg,0,normal,C_001_019,C_001,C_001_019_20231013,2,val
C_001_019_20231013152347_001_001_000_000.jpg,./data/you_foulbrood/normal/C_001_019_20231013152347_001_001_000_000.jpg,0,normal,C_001_019,C_001,C_001_019_20231013,2,train
C_001_019_20231013160357_001_001_000_000.jpg,./data/you_foulbrood/normal/C_001_019_20231013160357_001_001_000_000.jpg,0,normal,C_001_019,C_001,C_001_019_20231013,2,train
C_001_019_20231013161221_001_001_000_000.jpg,./data/you_foulbrood/normal/C_001_019_20231013161221_001_001_000_000.jpg,0,normal,C_001_019,C_001,C_001_019_20231013,2,val
C_001_019_20231013163521_001_001_000_000.jpg,./data/you_foulbrood/normal/C_001_019_20231013163521_001_001_000_000.jpg,0,normal,C_001_019,C_001,C_001_019_20231013,2,train
C_001_019_20231013164317_001_001_000_000.jpg,./data/you_foulbrood/normal/C_001_019_20231013164317_001_001_000_000.jpg,0,normal,C_001_019,C_001,C_001_019_20231013,2,train
C_002_001_20231011090903_001_002_000_000.jpg,./data/you_foulbrood/normal/C_002_001_20231011090903_001_002_000_000.jpg,0,normal,C_002_001,C_002,C_002_001_20231011,2,train
C_002_001_20231011093915_001_002_000_000.jpg,./data/you_foulbrood/normal/C_002_001_20231011093915_001_002_000_000.jpg,0,normal,C_002_001,C_002,C_002_001_20231011,2,test
C_002_001_20231011102223_001_002_000_000.jpg,./data/you_foulbrood/normal/C_002_001_20231011102223_001_002_000_000.jpg,0,normal,C_002_001,C_002,C_002_001_20231011,2,train
C_002_001_20231011110646_001_002_000_000.jpg,./data/you_foulbrood/normal/C_002_001_20231011110646_001_002_000_000.jpg,0,normal,C_002_001,C_002,C_002_001_20231011,2,test
C_002_001_20231011112308_001_002_000_000.jpg,./data/you_foulbrood/normal/C_002_001_20231011112308_001_002_000_000.jpg,0,normal,C_002_001,C_002,C_002_001_20231011,2,train
C_002_001_20231011132119_001_002_000_000.jpg,./data/you_foulbrood/normal/C_002_001_20231011132119_001_002_000_000.jpg,0,normal,C_002_001,C_002,C_002_001_20231011,2,test
C_002_001_20231011150909_001_002_000_000.jpg,./data/you_foulbrood/normal/C_002_001_20231011150909_001_002_000_000.jpg,0,normal,C_002_001,C_002,C_002_001_20231011,2,test
C_002_001_20231011152913_001_002_000_000.jpg,./data/you_foulbrood/normal/C_002_001_20231011152913_001_002_000_000.jpg,0,normal,C_002_001,C_002,C_002_001_20231011,2,test
C_002_002_20230909154257_001_001_000_000.jpg,./data/you_foulbrood/normal/C_002_002_20230909154257_001_001_000_000.jpg,0,normal,C_002_002,C_002,C_002_002_20230909,2,train
C_002_002_20231012092226_001_002_000_000.jpg,./data/you_foulbrood/normal/C_002_002_20231012092226_001_002_000_000.jpg,0,normal,C_002_002,C_002,C_002_002_20231012,2,train
C_002_002_20231012093047_001_002_000_000.jpg,./data/you_foulbrood/normal/C_002_002_20231012093047_001_002_000_000.jpg,0,normal,C_002_002,C_002,C_002_002_20231012,2,test
C_002_002_20231012142600_001_002_000_000.jpg,./data/you_foulbrood/normal/C_002_002_20231012142600_001_002_000_000.jpg,0,normal,C_002_002,C_002,C_002_002_20231012,2,train
C_002_002_20231012143424_001_002_000_000.jpg,./data/you_foulbrood/normal/C_002_002_20231012143424_001_002_000_000.jpg,0,normal,C_002_002,C_002,C_002_002_20231012,2,train
C_002_002_20231012154244_001_002_000_000.jpg,./data/you_foulbrood/normal/C_002_002_20231012154244_001_002_000_000.jpg,0,normal,C_002_002,C_002,C_002_002_20231012,2,val
C_002_002_20231012161523_001_002_000_000.jpg,./data/you_foulbrood/normal/C_002_002_20231012161523_001_002_000_000.jpg,0,normal,C_002_002,C_002,C_002_002_20231012,2,val
C_002_002_20231012161738_001_002_000_000.jpg,./data/you_foulbrood/normal/C_002_002_20231012161738_001_002_000_000.jpg,0,normal,C_002_002,C_002,C_002_002_20231012,2,test
C_002_002_20231012161941_001_002_000_000.jpg,./data/you_foulbrood/normal/C_002_002_20231012161941_001_002_000_000.jpg,0,normal,C_002_002,C_002,C_002_002_20231012,2,test
C_002_003_20231013081500_001_002_000_000.jpg,./data/you_foulbrood/normal/C_002_003_20231013081500_001_002_000_000.jpg,0,normal,C_002_003,C_002,C_002_003_20231013,2,train
C_002_003_20231013103401_001_002_000_000.jpg,./data/you_foulbrood/normal/C_002_003_20231013103401_001_002_000_000.jpg,0,normal,C_002_003,C_002,C_002_003_20231013,2,train
C_002_003_20231013110701_001_002_000_000.jpg,./data/you_foulbrood/normal/C_002_003_20231013110701_001_002_000_000.jpg,0,normal,C_002_003,C_002,C_002_003_20231013,2,train
C_002_003_20231013132759_001_002_000_000.jpg,./data/you_foulbrood/normal/C_002_003_20231013132759_001_002_000_000.jpg,0,normal,C_002_003,C_002,C_002_003_20231013,2,train
C_002_003_20231013163343_001_002_000_000.jpg,./data/you_foulbrood/normal/C_002_003_20231013163343_001_002_000_000.jpg,0,normal,C_002_003,C_002,C_002_003_20231013,2,train
C_002_004_20230821191947_001_001_000_000.jpg,./data/you_foulbrood/normal/C_002_004_20230821191947_001_001_000_000.jpg,0,normal,C_002_004,C_002,C_002_004_20230821,2,test
C_002_007_20230820094742_001_001_000_000.jpg,./data/you_foulbrood/normal/C_002_007_20230820094742_001_001_000_000.jpg,0,normal,C_002_007,C_002,C_002_007_20230820,2,train
C_002_012_20230828141638_001_001_000_000.jpg,./data/you_foulbrood/normal/C_002_012_20230828141638_001_001_000_000.jpg,0,normal,C_002_012,C_002,C_002_012_20230828,2,val
C_002_012_20230828143809_001_001_000_000.jpg,./data/you_foulbrood/normal/C_002_012_20230828143809_001_001_000_000.jpg,0,normal,C_002_012,C_002,C_002_012_20230828,2,train
C_002_025_20230826153446_001_001_000_000.jpg,./data/you_foulbrood/normal/C_002_025_20230826153446_001_001_000_000.jpg,0,normal,C_002_025,C_002,C_002_025_20230826,2,test
C_002_025_20230826155212_001_001_000_000.jpg,./data/you_foulbrood/normal/C_002_025_20230826155212_001_001_000_000.jpg,0,normal,C_002_025,C_002,C_002_025_20230826,2,train
C_002_026_20230826160733_001_001_000_000.jpg,./data/you_foulbrood/normal/C_002_026_20230826160733_001_001_000_000.jpg,0,normal,C_002_026,C_002,C_002_026_20230826,2,test
C_002_026_20230826164907_001_001_000_000.jpg,./data/you_foulbrood/normal/C_002_026_20230826164907_001_001_000_000.jpg,0,normal,C_002_026,C_002,C_002_026_20230826,2,test
C_002_027_20230826172400_001_001_000_000.jpg,./data/you_foulbrood/normal/C_002_027_20230826172400_001_001_000_000.jpg,0,normal,C_002_027,C_002,C_002_027_20230826,2,train
C_002_027_20230826172608_001_001_000_000.jpg,./data/you_foulbrood/normal/C_002_027_20230826172608_001_001_000_000.jpg,0,normal,C_002_027,C_002,C_002_027_20230826,2,test
C_003_001_20230831152203_001_003_000_000.jpg,./data/you_foulbrood/normal/C_003_001_20230831152203_001_003_000_000.jpg,0,normal,C_003_001,C_003,C_003_001_20230831,2,val
C_003_001_20230908172303_001_003_000_000.jpg,./data/you_foulbrood/normal/C_003_001_20230908172303_001_003_000_000.jpg,0,normal,C_003_001,C_003,C_003_001_20230908,2,train
C_003_001_20230908173155_001_003_000_000.jpg,./data/you_foulbrood/normal/C_003_001_20230908173155_001_003_000_000.jpg,0,normal,C_003_001,C_003,C_003_001_20230908,2,train
C_003_001_20230910160130_001_003_000_000.jpg,./data/you_foulbrood/normal/C_003_001_20230910160130_001_003_000_000.jpg,0,normal,C_003_001,C_003,C_003_001_20230910,2,train
C_003_001_20230912151133_001_003_000_000.jpg,./data/you_foulbrood/normal/C_003_001_20230912151133_001_003_000_000.jpg,0,normal,C_003_001,C_003,C_003_001_20230912,2,train
C_003_001_20230912152046_001_003_000_000.jpg,./data/you_foulbrood/normal/C_003_001_20230912152046_001_003_000_000.jpg,0,normal,C_003_001,C_003,C_003_001_20230912,2,train
C_003_002_20230831152300_001_003_000_000.jpg,./data/you_foulbrood/normal/C_003_002_20230831152300_001_003_000_000.jpg,0,normal,C_003_002,C_003,C_003_002_20230831,2,test
C_003_002_20230905070240_001_003_000_000.jpg,./data/you_foulbrood/normal/C_003_002_20230905070240_001_003_000_000.jpg,0,normal,C_003_002,C_003,C_003_002_20230905,2,test
C_003_002_20230905080423_001_003_000_000.jpg,./data/you_foulbrood/normal/C_003_002_20230905080423_001_003_000_000.jpg,0,normal,C_003_002,C_003,C_003_002_20230905,2,train
C_003_002_20230906153902_001_003_000_000.jpg,./data/you_foulbrood/normal/C_003_002_20230906153902_001_003_000_000.jpg,0,normal,C_003_002,C_003,C_003_002_20230906,2,train
C_003_002_20230908154544_001_003_000_000.jpg,./data/you_foulbrood/normal/C_003_002_20230908154544_001_003_000_000.jpg,0,normal,C_003_002,C_003,C_003_002_20230908,2,train
C_003_002_20230912133250_001_003_000_000.jpg,./data/you_foulbrood/normal/C_003_002_20230912133250_001_003_000_000.jpg,0,normal,C_003_002,C_003,C_003_002_20230912,2,train
C_003_003_20230827152345_001_003_000_000.jpg,./data/you_foulbrood/normal/C_003_003_20230827152345_001_003_000_000.jpg,0,normal,C_003_003,C_003,C_003_003_20230827,2,train
C_003_003_20230829161404_001_003_000_000.jpg,./data/you_foulbrood/normal/C_003_003_20230829161404_001_003_000_000.jpg,0,normal,C_003_003,C_003,C_003_003_20230829,2,test
C_003_003_20230904155518_001_003_000_000.jpg,./data/you_foulbrood/normal/C_003_003_20230904155518_001_003_000_000.jpg,0,normal,C_003_003,C_003,C_003_003_20230904,2,val
C_003_003_20230904160809_001_003_000_000.jpg,./data/you_foulbrood/normal/C_003_003_20230904160809_001_003_000_000.jpg,0,normal,C_003_003,C_003,C_003_003_20230904,2,test
C_003_003_20230904171936_001_003_000_000.jpg,./data/you_foulbrood/normal/C_003_003_20230904171936_001_003_000_000.jpg,0,normal,C_003_003,C_003,C_003_003_20230904,2,val
C_003_003_20230912135900_001_003_000_000.jpg,./data/you_foulbrood/normal/C_003_003_20230912135900_001_003_000_000.jpg,0,normal,C_003_003,C_003,C_003_003_20230912,2,test
C_003_003_20230912150829_001_003_000_000.jpg,./data/you_foulbrood/normal/C_003_003_20230912150829_001_003_000_000.jpg,0,normal,C_003_003,C_003,C_003_003_20230912,2,test
C_004_003_20230831145035_001_004_000_000.jpg,./data/you_foulbrood/normal/C_004_003_20230831145035_001_004_000_000.jpg,0,normal,C_004_003,C_004,C_004_003_20230831,2,test
C_004_004_20230826161427_001_004_000_000.jpg,./data/you_foulbrood/normal/C_004_004_20230826161427_001_004_000_000.jpg,0,normal,C_004_004,C_004,C_004_004_20230826,2,val
C_004_004_20230827154914_001_004_000_000.jpg,./data/you_foulbrood/normal/C_004_004_20230827154914_001_004_000_000.jpg,0,normal,C_004_004,C_004,C_004_004_20230827,2,test
C_004_004_20230827173124_001_004_000_000.jpg,./data/you_foulbrood/normal/C_004_004_20230827173124_001_004_000_000.jpg,0,normal,C_004_004,C_004,C_004_004_20230827,2,val
C_004_004_20230831170002_001_004_000_000.jpg,./data/you_foulbrood/normal/C_004_004_20230831170002_001_004_000_000.jpg,0,normal,C_004_004,C_004,C_004_004_20230831,2,train
C_004_004_20230903064536_001_004_000_000.jpg,./data/you_foulbrood/normal/C_004_004_20230903064536_001_004_000_000.jpg,0,normal,C_004_004,C_004,C_004_004_20230903,2,test
C_004_004_20230906151016_001_004_000_000.jpg,./data/you_foulbrood/normal/C_004_004_20230906151016_001_004_000_000.jpg,0,normal,C_004_004,C_004,C_004_004_20230906,2,test
C_004_004_20230907074853_001_004_000_000.jpg,./data/you_foulbrood/normal/C_004_004_20230907074853_001_004_000_000.jpg,0,normal,C_004_004,C_004,C_004_004_20230907,2,train
C_004_004_20230910162535_001_004_000_000.jpg,./data/you_foulbrood/normal/C_004_004_20230910162535_001_004_000_000.jpg,0,normal,C_004_004,C_004,C_004_004_20230910,2,train
C_004_005_20230824095844_001_004_000_000.jpg,./data/you_foulbrood/normal/C_004_005_20230824095844_001_004_000_000.jpg,0,normal,C_004_005,C_004,C_004_005_20230824,2,train
C_004_005_20230829142824_001_004_000_000.jpg,./data/you_foulbrood/normal/C_004_005_20230829142824_001_004_000_000.jpg,0,normal,C_004_005,C_004,C_004_005_20230829,2,train
C_004_005_20230907090319_001_004_000_000.jpg,./data/you_foulbrood/normal/C_004_005_20230907090319_001_004_000_000.jpg,0,normal,C_004_005,C_004,C_004_005_20230907,2,test
C_004_005_20230910165009_001_004_000_000.jpg,./data/you_foulbrood/normal/C_004_005_20230910165009_001_004_000_000.jpg,0,normal,C_004_005,C_004,C_004_005_20230910,2,test
C_004_005_20230910165631_001_004_000_000.jpg,./data/you_foulbrood/normal/C_004_005_20230910165631_001_004_000_000.jpg,0,normal,C_004_005,C_004,C_004_005_20230910,2,test
C_004_005_20230911071727_001_004_000_000.jpg,./data/you_foulbrood/normal/C_004_005_20230911071727_001_004_000_000.jpg,0,normal,C_004_005,C_004,C_004_005_20230911,2,val
C_004_006_20230824075645_001_004_000_000.jpg,./data/you_foulbrood/normal/C_004_006_20230824075645_001_004_000_000.jpg,0,normal,C_004_006,C_004,C_004_006_20230824,2,train
C_004_006_20230825181727_001_004_000_000.jpg,./data/you_foulbrood/normal/C_004_006_20230825181727_001_004_000_000.jpg,0,normal,C_004_006,C_004,C_004_006_20230825,2,train
C_004_006_20230828085128_001_004_000_000.jpg,./data/you_foulbrood/normal/C_004_006_20230828085128_001_004_000_000.jpg,0,normal,C_004_006,C_004,C_004_006_20230828,2,train
C_004_006_20230908160411_001_004_000_000.jpg,./data/you_foulbrood/normal/C_004_006_20230908160411_001_004_000_000.jpg,0,normal,C_004_006,C_004,C_004_006_20230908,2,val
C_004_006_20230910153213_001_004_000_000.jpg,./data/you_foulbrood/normal/C_004_006_20230910153213_001_004_000_000.jpg,0,normal,C_004_006,C_004,C_004_006_20230910,2,train
C_004_006_20230912155425_001_004_000_000.jpg,./data/you_foulbrood/normal/C_004_006_20230912155425_001_004_000_000.jpg,0,normal,C_004_006,C_004,C_004_006_20230912,2,test
C_005_006_20230904174635_001_005_000_000.jpg,./data/you_foulbrood/normal/C_005_006_20230904174635_001_005_000_000.jpg,0,normal,C_005_006,C_005,C_005_006_20230904,2,test
C_005_006_20230905082116_001_005_000_000.jpg,./data/you_foulbrood/normal/C_005_006_20230905082116_001_005_000_000.jpg,0,normal,C_005_006,C_005,C_005_006_20230905,2,train
C_005_006_20230910165454_001_005_000_000.jpg,./data/you_foulbrood/normal/C_005_006_20230910165454_001_005_000_000.jpg,0,normal,C_005_006,C_005,C_005_006_20230910,2,train
C_005_007_20230825180004_001_005_000_000.jpg,./data/you_foulbrood/normal/C_005_007_20230825180004_001_005_000_000.jpg,0,normal,C_005_007,C_005,C_005_007_20230825,2,train
C_005_007_20230828152845_001_005_000_000.jpg,./data/you_foulbrood/normal/C_005_007_20230828152845_001_005_000_000.jpg,0,normal,C_005_007,C_005,C_005_007_20230828,2,val
C_005_007_20230831153100_001_005_000_000.jpg,./data/you_foulbrood/normal/C_005_007_20230831153100_001_005_000_000.jpg,0,normal,C_005_007,C_005,C_005_007_20230831,2,train
C_005_007_20230902173015_001_005_000_000.jpg,./data/you_foulbrood/normal/C_005_007_20230902173015_001_005_000_000.jpg,0,normal,C_005_007,C_005,C_005_007_20230902,2,val
C_005_007_20230910160846_001_005_000_000.jpg,./data/you_foulbrood/normal/C_005_007_20230910160846_001_005_000_000.jpg,0,normal,C_005_007,C_005,C_005_007_20230910,2,test
C_005_008_20230825172041_001_005_000_000.jpg,./data/you_foulbrood/normal/C_005_008_20230825172041_001_005_000_000.jpg,0,normal,C_005_008,C_005,C_005_008_20230825,2,val
C_005_008_20230826100415_001_005_000_000.jpg,./data/you_foulbrood/normal/C_005_008_20230826100415_001_005_000_000.jpg,0,normal,C_005_008,C_005,C_005_008_20230826,2,test
C_005_008_20230827175703_001_005_000_000.jpg,./data/you_foulbrood/normal/C_005_008_20230827175703_001_005_000_000.jpg,0,normal,C_005_008,C_005,C_005_008_20230827,2,test
C_005_008_20230831152245_001_005_000_000.jpg,./data/you_foulbrood/normal/C_005_008_20230831152245_001_005_000_000.jpg,0,normal,C_005_008,C_005,C_005_008_20230831,2,train
C_005_008_20230902163704_001_005_000_000.jpg,./data/you_foulbrood/normal/C_005_008_20230902163704_001_005_000_000.jpg,0,normal,C_005_008,C_005,C_005_008_20230902,2,test
C_005_008_20230903074840_001_005_000_000.jpg,./data/you_foulbrood/normal/C_005_008_20230903074840_001_005_000_000.jpg,0,normal,C_005_008,C_005,C_005_008_20230903,2,test
C_005_008_20230907085106_001_005_000_000.jpg,./data/you_foulbrood/normal/C_005_008_20230907085106_001_005_000_000.jpg,0,normal,C_005_008,C_005,C_005_008_20230907,2,train
C_005_008_20230908174319_001_005_000_000.jpg,./data/you_foulbrood/normal/C_005_008_20230908174319_001_005_000_000.jpg,0,normal,C_005_008,C_005,C_005_008_20230908,2,train
C_005_009_20230831162826_001_005_000_000.jpg,./data/you_foulbrood/normal/C_005_009_20230831162826_001_005_000_000.jpg,0,normal,C_005_009,C_005,C_005_009_20230831,2,train
C_005_009_20230908164206_001_005_000_000.jpg,./data/you_foulbrood/normal/C_005_009_20230908164206_001_005_000_000.jpg,0,normal,C_005_009,C_005,C_005_009_20230908,2,train
C_005_009_20230908174822_001_005_000_000.jpg,./data/you_foulbrood/normal/C_005_009_20230908174822_001_005_000_000.jpg,0,normal,C_005_009,C_005,C_005_009_20230908,2,train
C_005_009_20230912133734_001_005_000_000.jpg,./data/you_foulbrood/normal/C_005_009_20230912133734_001_005_000_000.jpg,0,normal,C_005_009,C_005,C_005_009_20230912,2,train
C_006_009_20230827185042_001_006_000_000.jpg,./data/you_foulbrood/normal/C_006_009_20230827185042_001_006_000_000.jpg,0,normal,C_006_009,C_006,C_006_009_20230827,2,train
C_006_009_20230827190556_001_006_000_000.jpg,./data/you_foulbrood/normal/C_006_009_20230827190556_001_006_000_000.jpg,0,normal,C_006_009,C_006,C_006_009_20230827,2,train
C_006_010_20230825164628_001_006_000_000.jpg,./data/you_foulbrood/normal/C_006_010_20230825164628_001_006_000_000.jpg,0,normal,C_006_010,C_006,C_006_010_20230825,2,train
C_006_010_20230825165936_001_006_000_000.jpg,./data/you_foulbrood/normal/C_006_010_20230825165936_001_006_000_000.jpg,0,normal,C_006_010,C_006,C_006_010_20230825,2,train
C_006_010_20230827163818_001_006_000_000.jpg,./data/you_foulbrood/normal/C_006_010_20230827163818_001_006_000_000.jpg,0,normal,C_006_010,C_006,C_006_010_20230827,2,test
C_006_010_20230829163456_001_006_000_000.jpg,./data/you_foulbrood/normal/C_006_010_20230829163456_001_006_000_000.jpg,0,normal,C_006_010,C_006,C_006_010_20230829,2,train
C_006_010_20230831144344_001_006_000_000.jpg,./data/you_foulbrood/normal/C_006_010_20230831144344_001_006_000_000.jpg,0,normal,C_006_010,C_006,C_006_010_20230831,2,train
C_006_010_20230902190737_001_006_000_000.jpg,./data/you_foulbrood/normal/C_006_010_20230902190737_001_006_000_000.jpg,0,normal,C_006_010,C_006,C_006_010_20230902,2,train
C_006_010_20230904160625_001_006_000_000.jpg,./data/you_foulbrood/normal/C_006_010_20230904160625_001_006_000_000.jpg,0,normal,C_006_010,C_006,C_006_010_20230904,2,val
C_006_010_20230908155225_001_006_000_000.jpg,./data/you_foulbrood/normal/C_006_010_20230908155225_001_006_000_000.jpg,0,normal,C_006_010,C_006,C_006_010_20230908,2,train
C_006_011_20230831145112_001_006_000_000.jpg,./data/you_foulbrood/normal/C_006_011_20230831145112_001_006_000_000.jpg,0,normal,C_006_011,C_006,C_006_011_20230831,2,train
C_006_011_20230902164018_001_006_000_000.jpg,./data/you_foulbrood/normal/C_006_011_20230902164018_001_006_000_000.jpg,0,normal,C_006_011,C_006,C_006_011_20230902,2,test
C_006_011_20230903074114_001_006_000_000.jpg,./data/you_foulbrood/normal/C_006_011_20230903074114_001_006_000_000.jpg,0,normal,C_006_011,C_006,C_006_011_20230903,2,train
C_006_012_20230829140159_001_006_000_000.jpg,./data/you_foulbrood/normal/C_006_012_20230829140159_001_006_000_000.jpg,0,normal,C_006_012,C_006,C_006_012_20230829,2,val
C_006_012_20230830062603_001_006_000_000.jpg,./data/you_foulbrood/normal/C_006_012_20230830062603_001_006_000_000.jpg,0,normal,C_006_012,C_006,C_006_012_20230830,2,test
C_006_012_20230906155811_001_006_000_000.jpg,./data/you_foulbrood/normal/C_006_012_20230906155811_001_006_000_000.jpg,0,normal,C_006_012,C_006,C_006_012_20230906,2,train
C_006_012_20230907064844_001_006_000_000.jpg,./data/you_foulbrood/normal/C_006_012_20230907064844_001_006_000_000.jpg,0,normal,C_006_012,C_006,C_006_012_20230907,2,train
C_006_012_20230912135645_001_006_000_000.jpg,./data/you_foulbrood/normal/C_006_012_20230912135645_001_006_000_000.jpg,0,normal,C_006_012,C_006,C_006_012_20230912,2,train
C_007_012_20230829150411_001_007_000_000.jpg,./data/you_foulbrood/normal/C_007_012_20230829150411_001_007_000_000.jpg,0,normal,C_007_012,C_007,C_007_012_20230829,2,train
C_007_013_20230826122523_001_007_000_000.jpg,./data/you_foulbrood/normal/C_007_013_20230826122523_001_007_000_000.jpg,0,normal,C_007_013,C_007,C_007_013_20230826,2,test
C_007_013_20230904152327_001_007_000_000.jpg,./data/you_foulbrood/normal/C_007_013_20230904152327_001_007_000_000.jpg,0,normal,C_007_013,C_007,C_007_013_20230904,2,val
C_007_013_20230908163934_001_007_000_000.jpg,./data/you_foulbrood/normal/C_007_013_20230908163934_001_007_000_000.jpg,0,normal,C_007_013,C_007,C_007_013_20230908,2,train
C_007_014_20230829171109_001_007_000_000.jpg,./data/you_foulbrood/normal/C_007_014_20230829171109_001_007_000_000.jpg,0,normal,C_007_014,C_007,C_007_014_20230829,2,val
C_007_014_20230903111405_001_007_000_000.jpg,./data/you_foulbrood/normal/C_007_014_20230903111405_001_007_000_000.jpg,0,normal,C_007_014,C_007,C_007_014_20230903,2,train
C_007_014_20230906153028_001_007_000_000.jpg,./data/you_foulbrood/normal/C_007_014_20230906153028_001_007_000_000.jpg,0,normal,C_007_014,C_007,C_007_014_20230906,2,test
C_007_014_20230906170251_001_007_000_000.jpg,./data/you_foulbrood/normal/C_007_014_20230906170251_001_007_000_000.jpg,0,normal,C_007_014,C_007,C_007_014_20230906,2,test
C_007_014_20230910170136_001_007_000_000.jpg,./data/you_foulbrood/normal/C_007_014_20230910170136_001_007_000_000.jpg,0,normal,C_007_014,C_007,C_007_014_20230910,2,val
C_007_014_20230912154409_001_007_000_000.jpg,./data/you_foulbrood/normal/C_007_014_20230912154409_001_007_000_000.jpg,0,normal,C_007_014,C_007,C_007_014_20230912,2,test
C_008_015_20230903075201_001_008_000_000.jpg,./data/you_foulbrood/normal/C_008_015_20230903075201_001_008_000_000.jpg,0,normal,C_008_015,C_008,C_008_015_20230903,2,train
C_008_015_20230907122602_001_008_000_000.jpg,./data/you_foulbrood/normal/C_008_015_20230907122602_001_008_000_000.jpg,0,normal,C_008_015,C_008,C_008_015_20230907,2,test
C_008_016_20230908160809_001_008_000_000.jpg,./data/you_foulbrood/normal/C_008_016_20230908160809_001_008_000_000.jpg,0,normal,C_008_016,C_008,C_008_016_20230908,2,test
C_008_016_20230908194332_001_008_000_000.jpg,./data/you_foulbrood/normal/C_008_016_20230908194332_001_008_000_000.jpg,0,normal,C_008_016,C_008,C_008_016_20230908,2,val
C_008_017_20230825181031_001_008_000_000.jpg,./data/you_foulbrood/normal/C_008_017_20230825181031_001_008_000_000.jpg,0,normal,C_008_017,C_008,C_008_017_20230825,2,val
C_008_017_20230827165600_001_008_000_000.jpg,./data/you_foulbrood/normal/C_008_017_20230827165600_001_008_000_000.jpg,0,normal,C_008_017,C_008,C_008_017_20230827,2,train
C_008_017_20230904153838_001_008_000_000.jpg,./data/you_foulbrood/normal/C_008_017_20230904153838_001_008_000_000.jpg,0,normal,C_008_017,C_008,C_008_017_20230904,2,train
C_008_017_20230904162244_001_008_000_000.jpg,./data/you_foulbrood/normal/C_008_017_20230904162244_001_008_000_000.jpg,0,normal,C_008_017,C_008,C_008_017_20230904,2,train
C_008_017_20230905075623_001_008_000_000.jpg,./data/you_foulbrood/normal/C_008_017_20230905075623_001_008_000_000.jpg,0,normal,C_008_017,C_008,C_008_017_20230905,2,train
C_008_017_20230910153826_001_008_000_000.jpg,./data/you_foulbrood/normal/C_008_017_20230910153826_001_008_000_000.jpg,0,normal,C_008_017,C_008,C_008_017_20230910,2,val
C_008_017_20230912133133_001_008_000_000.jpg,./data/you_foulbrood/normal/C_008_017_20230912133133_001_008_000_000.jpg,0,normal,C_008_017,C_008,C_008_017_20230912,2,test
C_008_018_20230829165345_001_008_000_000.jpg,./data/you_foulbrood/normal/C_008_018_20230829165345_001_008_000_000.jpg,0,normal,C_008_018,C_008,C_008_018_20230829,2,val
C_009_018_20230907080358_001_009_000_000.jpg,./data/you_foulbrood/normal/C_009_018_20230907080358_001_009_000_000.jpg,0,normal,C_009_018,C_009,C_009_018_20230907,2,test
C_009_018_20230908172734_001_009_000_000.jpg,./data/you_foulbrood/normal/C_009_018_20230908172734_001_009_000_000.jpg,0,normal,C_009_018,C_009,C_009_018_20230908,2,test
C_009_018_20230912142048_001_009_000_000.jpg,./data/you_foulbrood/normal/C_009_018_20230912142048_001_009_000_000.jpg,0,normal,C_009_018,C_009,C_009_018_20230912,2,test
C_009_019_20230827181905_001_009_000_000.jpg,./data/you_foulbrood/normal/C_009_019_20230827181905_001_009_000_000.jpg,0,normal,C_009_019,C_009,C_009_019_20230827,2,test
C_009_019_20230829155551_001_009_000_000.jpg,./data/you_foulbrood/normal/C_009_019_20230829155551_001_009_000_000.jpg,0,normal,C_009_019,C_009,C_009_019_20230829,2,train
C_009_019_20230829160507_001_009_000_000.jpg,./data/you_foulbrood/normal/C_009_019_20230829160507_001_009_000_000.jpg,0,normal,C_009_019,C_009,C_009_019_20230829,2,val
C_009_019_20230829164306_001_009_000_000.jpg,./data/you_foulbrood/normal/C_009_019_20230829164306_001_009_000_000.jpg,0,normal,C_009_019,C_009,C_009_019_20230829,2,test
C_009_019_20230830063113_001_009_000_000.jpg,./data/you_foulbrood/normal/C_009_019_20230830063113_001_009_000_000.jpg,0,normal,C_009_019,C_009,C_009_019_20230830,2,test
C_009_019_20230831143213_001_009_000_000.jpg,./data/you_foulbrood/normal/C_009_019_20230831143213_001_009_000_000.jpg,0,normal,C_009_019,C_009,C_009_019_20230831,2,test
C_009_019_20230831144113_001_009_000_000.jpg,./data/you_foulbrood/normal/C_009_019_20230831144113_001_009_000_000.jpg,0,normal,C_009_019,C_009,C_009_019_20230831,2,train
C_009_019_20230904151913_001_009_000_000.jpg,./data/you_foulbrood/normal/C_009_019_20230904151913_001_009_000_000.jpg,0,normal,C_009_019,C_009,C_009_019_20230904,2,test
C_009_019_20230910155219_001_009_000_000.jpg,./data/you_foulbrood/normal/C_009_019_20230910155219_001_009_000_000.jpg,0,normal,C_009_019,C_009,C_009_019_20230910,2,test
C_009_019_20230910162410_001_009_000_000.jpg,./data/you_foulbrood/normal/C_009_019_20230910162410_001_009_000_000.jpg,0,normal,C_009_019,C_009,C_009_019_20230910,2,train
C_009_019_20230912153450_001_009_000_000.jpg,./data/you_foulbrood/normal/C_009_019_20230912153450_001_009_000_000.jpg,0,normal,C_009_019,C_009,C_009_019_20230912,2,train
C_009_020_20230827151913_001_009_000_000.jpg,./data/you_foulbrood/normal/C_009_020_20230827151913_001_009_000_000.jpg,0,normal,C_009_020,C_009,C_009_020_20230827,2,train
C_009_020_20230827175922_001_009_000_000.jpg,./data/you_foulbrood/normal/C_009_020_20230827175922_001_009_000_000.jpg,0,normal,C_009_020,C_009,C_009_020_20230827,2,test
C_009_020_20230829134758_001_009_000_000.jpg,./data/you_foulbrood/normal/C_009_020_20230829134758_001_009_000_000.jpg,0,normal,C_009_020,C_009,C_009_020_20230829,2,test
C_009_020_20230829155422_001_009_000_000.jpg,./data/you_foulbrood/normal/C_009_020_20230829155422_001_009_000_000.jpg,0,normal,C_009_020,C_009,C_009_020_20230829,2,train
C_009_020_20230831141322_001_009_000_000.jpg,./data/you_foulbrood/normal/C_009_020_20230831141322_001_009_000_000.jpg,0,normal,C_009_020,C_009,C_009_020_20230831,2,val
C_009_021_20230905063227_001_009_000_000.jpg,./data/you_foulbrood/normal/C_009_021_20230905063227_001_009_000_000.jpg,0,normal,C_009_021,C_009,C_009_021_20230905,2,test
C_010_021_20230824094131_001_010_000_000.jpg,./data/you_foulbrood/normal/C_010_021_20230824094131_001_010_000_000.jpg,0,normal,C_010_021,C_010,C_010_021_20230824,2,test
C_010_021_20230825184019_001_010_000_000.jpg,./data/you_foulbrood/normal/C_010_021_20230825184019_001_010_000_000.jpg,0,normal,C_010_021,C_010,C_010_021_20230825,2,val
C_010_021_20230829160808_001_010_000_000.jpg,./data/you_foulbrood/normal/C_010_021_20230829160808_001_010_000_000.jpg,0,normal,C_010_021,C_010,C_010_021_20230829,2,train
C_010_021_20230830073117_001_010_000_000.jpg,./data/you_foulbrood/normal/C_010_021_20230830073117_001_010_000_000.jpg,0,normal,C_010_021,C_010,C_010_021_20230830,2,train
C_010_021_20230902174734_001_010_000_000.jpg,./data/you_foulbrood/normal/C_010_021_20230902174734_001_010_000_000.jpg,0,normal,C_010_021,C_010,C_010_021_20230902,2,test
C_010_021_20230903062150_001_010_000_000.jpg,./data/you_foulbrood/normal/C_010_021_20230903062150_001_010_000_000.jpg,0,normal,C_010_021,C_010,C_010_021_20230903,2,test
C_010_021_20230910141750_001_010_000_000.jpg,./data/you_foulbrood/normal/C_010_021_20230910141750_001_010_000_000.jpg,0,normal,C_010_021,C_010,C_010_021_20230910,2,val
C_010_021_20230912160454_001_010_000_000.jpg,./data/you_foulbrood/normal/C_010_021_20230912160454_001_010_000_000.jpg,0,normal,C_010_021,C_010,C_010_021_20230912,2,train
C_010_022_20230825174839_001_010_000_000.jpg,./data/you_foulbrood/normal/C_010_022_20230825174839_001_010_000_000.jpg,0,normal,C_010_022,C_010,C_010_022_20230825,2,train
C_010_022_20230825181700_001_010_000_000.jpg,./data/you_foulbrood/normal/C_010_022_20230825181700_001_010_000_000.jpg,0,normal,C_010_022,C_010,C_010_022_20230825,2,test
C_010_022_20230827174722_001_010_000_000.jpg,./data/you_foulbrood/normal/C_010_022_20230827174722_001_010_000_000.jpg,0,normal,C_010_022,C_010,C_010_022_20230827,2,train
C_010_022_20230830065155_001_010_000_000.jpg,./data/you_foulbrood/normal/C_010_022_20230830065155_001_010_000_000.jpg,0,normal,C_010_022,C_010,C_010_022_20230830,2,train
C_010_022_20230831160954_001_010_000_000.jpg,./data/you_foulbrood/normal/C_010_022_20230831160954_001_010_000_000.jpg,0,normal,C_010_022,C_010,C_010_022_20230831,2,test
C_010_022_20230908165427_001_010_000_000.jpg,./data/you_foulbrood/normal/C_010_022_20230908165427_001_010_000_000.jpg,0,normal,C_010_022,C_010,C_010_022_20230908,2,test
C_010_023_20230827161003_001_010_000_000.jpg,./data/you_foulbrood/normal/C_010_023_20230827161003_001_010_000_000.jpg,0,normal,C_010_023,C_010,C_010_023_20230827,2,train
C_010_023_20230827170100_001_010_000_000.jpg,./data/you_foulbrood/normal/C_010_023_20230827170100_001_010_000_000.jpg,0,normal,C_010_023,C_010,C_010_023_20230827,2,train
C_010_023_20230827174700_001_010_000_000.jpg,./data/you_foulbrood/normal/C_010_023_20230827174700_001_010_000_000.jpg,0,normal,C_010_023,C_010,C_010_023_20230827,2,train
C_010_023_20230829143457_001_010_000_000.jpg,./data/you_foulbrood/normal/C_010_023_20230829143457_001_010_000_000.jpg,0,normal,C_010_023,C_010,C_010_023_20230829,2,test
C_010_023_20230904162229_001_010_000_000.jpg,./data/you_foulbrood/normal/C_010_023_20230904162229_001_010_000_000.jpg,0,normal,C_010_023,C_010,C_010_023_20230904,2,val
C_010_023_20230910153647_001_010_000_000.jpg,./data/you_foulbrood/normal/C_010_023_20230910153647_001_010_000_000.jpg,0,normal,C_010_023,C_010,C_010_023_20230910,2,val
C_010_024_20230906180935_001_010_000_000.jpg,./data/you_foulbrood/normal/C_010_024_20230906180935_001_010_000_000.jpg,0,normal,C_010_024,C_010,C_010_024_20230906,2,train
C_010_024_20230910145410_001_010_000_000.jpg,./data/you_foulbrood/normal/C_010_024_20230910145410_001_010_000_000.jpg,0,normal,C_010_024,C_010,C_010_024_20230910,2,val
C_011_024_20230829142705_001_011_000_000.jpg,./data/you_foulbrood/normal/C_011_024_20230829142705_001_011_000_000.jpg,0,normal,C_011_024,C_011,C_011_024_20230829,2,test
C_011_024_20230906180227_001_011_000_000.jpg,./data/you_foulbrood/normal/C_011_024_20230906180227_001_011_000_000.jpg,0,normal,C_011_024,C_011,C_011_024_20230906,2,test
C_011_024_20230910155736_001_011_000_000.jpg,./data/you_foulbrood/normal/C_011_024_20230910155736_001_011_000_000.jpg,0,normal,C_011_024,C_011,C_011_024_20230910,2,train
C_011_024_20230912134519_001_011_000_000.jpg,./data/you_foulbrood/normal/C_011_024_20230912134519_001_011_000_000.jpg,0,normal,C_011_024,C_011,C_011_024_20230912,2,train
C_011_025_20230904144624_001_011_000_000.jpg,./data/you_foulbrood/normal/C_011_025_20230904144624_001_011_000_000.jpg,0,normal,C_011_025,C_011,C_011_025_20230904,2,train
C_011_025_20230908153435_001_011_000_000.jpg,./data/you_foulbrood/normal/C_011_025_20230908153435_001_011_000_000.jpg,0,normal,C_011_025,C_011,C_011_025_20230908,2,val
C_011_026_20230903072244_001_011_000_000.jpg,./data/you_foulbrood/normal/C_011_026_20230903072244_001_011_000_000.jpg,0,normal,C_011_026,C_011,C_011_026_20230903,2,train
C_011_026_20230907075409_001_011_000_000.jpg,./data/you_foulbrood/normal/C_011_026_20230907075409_001_011_000_000.jpg,0,normal,C_011_026,C_011,C_011_026_20230907,2,train
C_012_027_20230831192908_001_012_000_000.jpg,./data/you_foulbrood/normal/C_012_027_20230831192908_001_012_000_000.jpg,0,normal,C_012_027,C_012,C_012_027_20230831,2,train
C_012_027_20230902154458_001_012_000_000.jpg,./data/you_foulbrood/normal/C_012_027_20230902154458_001_012_000_000.jpg,0,normal,C_012_027,C_012,C_012_027_20230902,2,test
C_012_028_20230826083905_001_012_000_000.jpg,./data/you_foulbrood/normal/C_012_028_20230826083905_001_012_000_000.jpg,0,normal,C_012_028,C_012,C_012_028_20230826,2,val
C_012_028_20230829151953_001_012_000_000.jpg,./data/you_foulbrood/normal/C_012_028_20230829151953_001_012_000_000.jpg,0,normal,C_012_028,C_012,C_012_028_20230829,2,train
C_012_028_20230906181336_001_012_000_000.jpg,./data/you_foulbrood/normal/C_012_028_20230906181336_001_012_000_000.jpg,0,normal,C_012_028,C_012,C_012_028_20230906,2,train
C_012_029_20230828132942_001_012_000_000.jpg,./data/you_foulbrood/normal/C_012_029_20230828132942_001_012_000_000.jpg,0,normal,C_012_029,C_012,C_012_029_20230828,2,train
C_012_029_20230906161554_001_012_000_000.jpg,./data/you_foulbrood/normal/C_012_029_20230906161554_001_012_000_000.jpg,0,normal,C_012_029,C_012,C_012_029_20230906,2,train
C_012_029_20230908181102_001_012_000_000.jpg,./data/you_foulbrood/normal/C_012_029_20230908181102_001_012_000_000.jpg,0,normal,C_012_029,C_012,C_012_029_20230908,2,val
