filename,path,label,class_dir,site,hive_proxy,session,disease_code,native_w,native_h,native_area_px,file_size_bytes,mean_intensity_256,lab_L_native,lab_a_native,lab_b_native,lab_L_256,lab_a_256,lab_b_256,rgb_r_native,rgb_g_native,rgb_b_native,rgb_r_256,rgb_g_256,rgb_b_256,otsu_threshold,otsu_largest_area_px,otsu_largest_area_frac,otsu_circularity,otsu_aspect_ratio,md5,phash_hex
B_001_001_20230819135434_001_001_000_002.jpg,./data/you_chalk_brood/abnormal/B_001_001_20230819135434_001_001_000_002.jpg,1,abnormal,B_001,B_001_001,B_001_001_20230819,002,1920,1080,2073600,1300651,60.453887939453125,25.31137190601549,6.102860243055545,2.4838372878086545,25.275645536534928,6.0987701416015625,2.487396240234375,70.00829957561729,56.55098910108025,56.44170235339506,69.90861511230469,56.45109558105469,56.332794189453125,48.0,1951833.5,0.9412777295524691,0.28995760265589887,1.7777777777777777,1808f4cdfa1e8010591bc86bfccc2c95,f3894e1eb0b867c1
B_001_001_20230819220209_001_004_000_002.jpg,./data/you_chalk_brood/abnormal/B_001_001_20230819220209_001_004_000_002.jpg,1,abnormal,B_001,B_001_001,B_001_001_20230819,002,1920,1080,2073600,1155616,43.43922424316406,16.851885893246187,5.748093653549375,-10.855783661265434,16.810195025275736,5.744842529296875,-10.831985473632812,43.02790605709877,40.85912712191358,58.64136863425926,42.9349365234375,40.77616882324219,58.516937255859375,63.0,823123.0,0.3969536072530864,0.02706276314376474,1.7777777777777777,80bd340d88c5a9a481687a7a9bed2861,9d9f91333332871c
B_001_001_20230819222305_001_003_000_002.jpg,./data/you_chalk_brood/abnormal/B_001_001_20230819222305_001_003_000_002.jpg,1,abnormal,B_001,B_001_001,B_001_001_20230819,002,1920,1080,2073600,1104992,39.750885009765625,15.614715527414669,5.628017939814811,-9.441544174382713,15.582125794653798,5.6287689208984375,-9.427459716796875,40.38216290509259,36.79430459104938,54.034569830246916,40.302947998046875,36.71598815917969,53.94224548339844,52.0,771680.0,0.37214506172839507,0.03625704847906768,1.6092592592592592,160b4b83c482b7d4c9927ae090b76e93,959fd1adce6c2640
B_001_001_20230820105422_001_001_000_002.jpg,./data/you_chalk_brood/abnormal/B_001_001_20230820105422_001_001_000_002.jpg,1,abnormal,B_001,B_001_001,B_001_001_20230820,002,1920,1080,2073600,1342662,61.02134704589844,25.467177665819417,6.216535493827166,2.778613040123446,25.41767195159314,6.2142181396484375,2.7770233154296875,71.38815731095679,56.87782793209877,56.375564718364195,71.2679443359375,56.76356506347656,56.248321533203125,51.0,1945059.0,0.9380107060185185,0.2926980366613961,1.7777777777777777,a8a3aa6954890ccd2749c4c939ad9284,c63fb407ad02746b
B_001_001_20230820210525_001_004_000_002.jpg,./data/you_chalk_brood/abnormal/B_001_001_20230820210525_001_004_000_002.jpg,1,abnormal,B_001,B_001_001,B_001_001_20230820,002,1920,1080,2073600,944863,35.185089111328125,13.626227759622367,7.22962046682099,-6.478225790895067,13.58554017310049,7.236663818359375,-6.478546142578125,40.06711950231482,31.004602141203705,44.768929398148146,39.979583740234375,30.914657592773438,44.67955017089844,40.0,756416.5,0.36478419174382715,0.06333580504252427,2.3850931677018634,0c9f7fc39bf368f09c925ba785cf650b,9b48b987b93cc4b2
B_001_001_20230820223303_001_002_000_002.jpg,./data/you_chalk_brood/abnormal/B_001_001_20230820223303_001_002_000_002.jpg,1,abnormal,B_001,B_001_001,B_001_001_20230820,002,1920,1080,2073600,1126198,40.48445129394531,15.849110763132414,6.750554591049394,-10.720862268518516,15.808644014246324,6.7553558349609375,-10.709075927734375,41.60312355324074,36.95988474151235,56.544763695987655,41.51292419433594,36.86335754394531,56.44007873535156,50.0,656743.5,0.3167165798611111,0.09968082809351671,1.0333333333333334,865ab75fef763b8c7fdaf74b765d7345,d804d9f42f4b26da
B_001_001_20230820224144_001_003_000_002.jpg,./data/you_chalk_brood/abnormal/B_001_001_20230820224144_001_003_000_002.jpg,1,abnormal,B_001,B_001_001,B_001_001_20230820,002,1920,1080,2073600,1234385,45.705902099609375,18.014871361353187,6.54164737654321,-14.133709490740742,17.970407523360908,6.53631591796875,-14.120864868164062,42.902340374228395,43.27989824459876,66.31395833333333,42.80259704589844,43.17948913574219,66.19320678710938,63.0,143643.5,0.0692725212191358,0.05083334287608427,0.7318235995232419,b8024cb6ca9be23485852ced0007bcdc,81e262229d9d7e3d
B_001_001_20230821184448_001_002_000_002.jpg,./data/you_chalk_brood/abnormal/B_001_001_20230821184448_001_002_000_002.jpg,1,abnormal,B_001,B_001_001,B_001_001_20230821,002,1920,1080,2073600,1099612,38.16899108886719,14.870280538913095,6.990847800925934,-11.033936149691357,14.830908681832108,6.9852752685546875,-11.018142700195312,39.46239245756173,34.52201630015432,54.39788194444444,39.37126159667969,34.4346923828125,54.2935791015625,46.0,855252.5,0.41244815779320987,0.037327860031468305,1.7777777777777777,7eb8dce89dda62ecb553419804396e0e,cc38e56650d163cf
B_001_001_20230821190939_001_002_000_002.jpg,./data/you_chalk_brood/abnormal/B_001_001_20230821190939_001_002_000_002.jpg,1,abnormal,B_001,B_001_001,B_001_001_20230821,002,1920,1080,2073600,1121464,41.78459167480469,16.234322046719925,4.272554012345665,-10.415064139660487,16.2030029296875,4.271453857421875,-10.40447998046875,39.33271267361111,40.16900318287037,57.123756269290126,39.25553894042969,40.09892272949219,57.03582763671875,63.0,1284524.5,0.6194659047067901,0.04201121910489314,1.7777777777777777,51a86ea3bc6e20e32f313407350f0257,e216384bcb0eb7b1
B_001_001_20230821194936_001_002_000_002.jpg,./data/you_chalk_brood/abnormal/B_001_001_20230821194936_001_002_000_002.jpg,1,abnormal,B_001,B_001_001,B_001_001_20230821,002,1920,1080,2073600,1081621,36.65821838378906,14.020956449709514,5.177463831018514,-10.915399787808639,13.982496074601716,5.1814117431640625,-10.906173706054688,35.29897087191358,34.42915702160494,52.414558738425924,35.20973205566406,34.345672607421875,52.313385009765625,53.0,935887.0,0.45133439429012345,0.0353446562843042,1.7777777777777777,ab0bfa0af7752aacf193069a74702dcf,d9990723e6f9c18a
B_001_001_20230822191706_001_004_000_002.jpg,./data/you_chalk_brood/abnormal/B_001_001_20230822191706_001_004_000_002.jpg,1,abnormal,B_001,B_001_001,B_001_001_20230822,002,1920,1080,2073600,1071637,37.36790466308594,14.384794843863471,6.279364390432107,-8.78569492669753,14.347444422104779,6.2750244140625,-8.764739990234375,39.73421055169753,33.78689091435185,50.49339554398148,39.643798828125,33.697784423828125,50.384490966796875,58.0,1658969.5,0.8000431616512346,0.17938651583585516,1.7777777777777777,268f7a0f128824f924719093a9be8d30,89758b748937958d
B_001_001_20230822201430_001_003_000_002.jpg,./data/you_chalk_brood/abnormal/B_001_001_20230822201430_001_003_000_002.jpg,1,abnormal,B_001,B_001_001,B_001_001_20230822,002,1920,1080,2073600,1093084,38.04534912109375,14.69420067023723,5.6811752507716164,-10.28089265046296,14.663863836550245,5.6787567138671875,-10.255264282226562,38.15958719135803,35.107841435185186,53.59411651234568,38.097198486328125,35.042938232421875,53.49555969238281,57.0,913440.5,0.44050950038580244,0.035367619334255924,1.7777777777777777,3ec6f7b2c64c53cd867ade597b074624,d305b81e0cfb614f
B_001_001_20230822210437_001_003_000_002.jpg,./data/you_chalk_brood/abnormal/B_001_001_20230822210437_001_003_000_002.jpg,1,abnormal,B_001,B_001_001,B_001_001_20230822,002,1920,1080,2073600,1074478,40.44091796875,15.786873260106512,6.963229166666679,-7.111865354938274,15.750247730928308,6.9649810791015625,-7.10748291015625,44.47601417824074,36.583111014660496,50.48978298611111,44.39569091796875,36.499542236328125,50.40643310546875,48.0,364691.5,0.17587360146604938,0.07199368528468396,0.7272727272727273,9b135d09a372eddb085c4efcc6a0d284,f2c3831a0df9434f
B_001_001_20230830163519_001_004_000_002.jpg,./data/you_chalk_brood/abnormal/B_001_001_20230830163519_001_004_000_002.jpg,1,abnormal,B_001,B_001_001,B_001_001_20230830,002,1920,1080,2073600,1442696,53.58869934082031,22.211621164669573,6.1223220486111245,3.8359731867283813,22.160895852481616,6.1133575439453125,3.8485260009765625,64.10227237654321,49.65547116126543,47.49302710262346,63.97242736816406,49.52964782714844,47.34278869628906,51.0,1989636.0,0.9595081018518519,0.28628157441201807,1.7777777777777777,64ee58be5b718df08fe5790a89b0fd55,cecdfc510882c5be
B_001_002_20230819190801_001_001_000_002.jpg,./data/you_chalk_brood/abnormal/B_001_002_20230819190801_001_001_000_002.jpg,1,abnormal,B_001,B_001_002,B_001_002_20230819,002,1920,1080,2073600,1058732,42.26554870605469,16.65422491527475,5.94251109182099,-10.706351273148144,16.612261603860293,5.9402618408203125,-10.697906494140625,41.97028211805556,39.61300636574074,57.518089795524695,41.87049865722656,39.52308654785156,57.413299560546875,51.0,1029870.5,0.49665822723765435,0.029093694593369423,1.7777777777777777,27629203f5e3f11d40538ccf0b9b6fe2,cc71467689b07b4d
B_001_002_20230819193114_001_002_000_002.jpg,./data/you_chalk_brood/abnormal/B_001_002_20230819193114_001_002_000_002.jpg,1,abnormal,B_001,B_001_002,B_001_002_20230819,002,1920,1080,2073600,1155407,45.2332763671875,17.85971049685306,6.709180652006182,-13.340805844907408,17.825718300015318,6.69708251953125,-13.32861328125,43.51436535493827,42.39329812885803,64.97260802469135,43.433441162109375,42.318206787109375,64.88037109375,59.0,145230.5,0.07003785686728395,0.06771867653015287,0.8340080971659919,762d2da2f2b7e25732f64be866212cdc,856e9dc5a19d3da0
B_001_002_20230819194252_001_004_000_002.jpg,./data/you_chalk_brood/abnormal/B_001_002_20230819194252_001_004_000_002.jpg,1,abnormal,B_001,B_001_002,B_001_002_20230819,002,1920,1080,2073600,1139867,41.41050720214844,15.962488085511984,6.124202835648134,-10.18299141589506,15.920948701746324,6.128631591796875,-10.176528930664062,42.0841372492284,38.45414158950617,55.72928144290123,41.990447998046875,38.36146545410156,55.62312316894531,64.0,731888.0,0.35295524691358027,0.02101423038428733,1.7777777777777777,ec9fc7f2b6db7e2185b611e5967afb86,c7b030c7e43bc94d
B_001_002_20230819203632_001_004_000_002.jpg,./data/you_chalk_brood/abnormal/B_001_002_20230819203632_001_004_000_002.jpg,1,abnormal,B_001,B_001_002,B_001_002_20230819,002,1920,1080,2073600,1059964,43.66365051269531,16.89097033103365,7.660114293981479,-12.908077256944438,16.850597905177697,7.6618194580078125,-12.9010009765625,43.697925347222224,40.259198013117285,61.89484278549383,43.60472106933594,40.1739501953125,61.79747009277344,69.0,929703.5,0.44835238233024693,0.03332047242310473,1.7777777777777777,96eb6eb217d73a8403b238e29af8fe2a,926d92399293d49f
B_001_002_20230819210113_001_002_000_002.jpg,./data/you_chalk_brood/abnormal/B_001_002_20230819210113_001_002_000_002.jpg,1,abnormal,B_001,B_001_002,B_001_002_20230819,002,1920,1080,2073600,1299906,43.12501525878906,16.62877519063181,8.630378568672853,-7.053107638888889,16.582599714690563,8.6251220703125,-7.0446624755859375,49.380850212191355,38.21735050154321,52.781813753858025,49.27825927734375,38.120880126953125,52.66798400878906,62.0,233116.0,0.11242091049382716,0.013649214947475046,1.210261569416499,5d2bb5871ec2196cb28209e17305830a,969c9aa535736931
B_001_002_20230820180415_001_001_000_002.jpg,./data/you_chalk_brood/abnormal/B_001_002_20230820180415_001_001_000_002.jpg,1,abnormal,B_001,B_001_002,B_001_002_20230820,002,1920,1080,2073600,1127099,42.85832214355469,16.826824618736385,4.97068624614198,-12.516853780864196,16.788192449831495,4.959381103515625,-12.499679565429688,39.46746576003086,41.27711082175926,60.51650028935185,39.38719177246094,41.19364929199219,60.40167236328125,61.0,1073127.0,0.5175188078703704,0.024173168417879386,1.7777777777777777,9f1f5d09c48f0102e886b4c698deec57,bd210bda4b9b93a4
B_001_002_20230820180415_001_004_000_002.jpg,./data/you_chalk_brood/abnormal/B_001_002_20230820180415_001_004_000_002.jpg,1,abnormal,B_001,B_001_002,B_001_002_20230820,002,1920,1080,2073600,1173349,41.09967041015625,15.843892217380779,4.545970775462962,-8.060244502314816,15.807166006050858,4.5420989990234375,-8.047882080078125,41.35462962962963,38.92186824845679,52.386980613425926,41.269317626953125,38.84425354003906,52.289276123046875,63.0,1243754.0,0.5998042052469136,0.06696054400464517,1.7777777777777777,0dbc7230b2473d780eb9a4c8f6772f54,9b6c6d93316d90d4
B_001_002_20230820181932_001_002_000_002.jpg,./data/you_chalk_brood/abnormal/B_001_002_20230820181932_001_002_000_002.jpg,1,abnormal,B_001,B_001_002,B_001_002_20230820,002,1920,1080,2073600,1095639,43.172515869140625,17.16395186546841,6.456386959876539,-9.385555555555555,17.121791465609682,6.459259033203125,-9.37518310546875,44.933059413580246,39.65421489197531,57.585276813271605,44.834136962890625,39.56585693359375,57.47676086425781,47.0,634278.0,0.3058825231481481,0.06243440837878767,1.4796296296296296,d15d84f9152f8f1baf3eafd23b67a4c6,d2454dc392266dbd
B_001_002_20230820185339_001_002_000_002.jpg,./data/you_chalk_brood/abnormal/B_001_002_20230820185339_001_002_000_002.jpg,1,abnormal,B_001,B_001_002,B_001_002_20230820,002,1920,1080,2073600,1051040,42.81324768066406,16.799005423928833,7.50019241898147,-8.562864101080251,16.7598051183364,7.500244140625,-8.548248291015625,46.68913773148148,38.652311921296295,54.90951292438272,46.607574462890625,38.56358337402344,54.80548095703125,50.0,538758.0,0.25981770833333334,0.03798373280873818,1.2212962962962963,a84e1c8c0c661a13ff652d0fd11999de,a88c46f09bcec3ab
B_001_002_20230820193759_001_002_000_002.jpg,./data/you_chalk_brood/abnormal/B_001_002_20230820193759_001_002_000_002.jpg,1,abnormal,B_001,B_001_002,B_001_002_20230820,002,1920,1080,2073600,1181962,42.690460205078125,16.561311766218832,5.603440875771611,-9.824500385802466,16.520038679534313,5.60479736328125,-9.816299438476562,42.850502025462966,40.06581163194444,56.57797984182099,42.7532958984375,39.97343444824219,56.47404479980469,61.0,1101279.5,0.5310954378858025,0.04180726588392137,1.7777777777777777,84613978b38ca960040554cc82777b3b,8d59855bb54f3621
B_001_002_20230820194437_001_001_000_002.jpg,./data/you_chalk_brood/abnormal/B_001_002_20230820194437_001_001_000_002.jpg,1,abnormal,B_001,B_001_002,B_001_002_20230820,002,1920,1080,2073600,1126298,41.31101989746094,16.27372477154442,7.9054547646605045,-7.824054783950615,16.232975978477327,7.9005889892578125,-7.8064422607421875,45.99461178626543,36.877329764660495,52.68955198688272,45.9024658203125,36.78913879394531,52.57795715332031,46.0,1276438.0,0.6155661651234567,0.07262512670266638,1.7296296296296296,0126c1e5c2945f4801072dc526c8a697,8ea95958fa1572e2
B_001_002_20230820204728_001_004_000_002.jpg,./data/you_chalk_brood/abnormal/B_001_002_20230820204728_001_004_000_002.jpg,1,abnormal,B_001,B_001_002,B_001_002_20230820,002,1920,1080,2073600,1104037,41.741180419921875,16.35932961147422,5.290997781635809,-13.859578028549379,16.32122563380821,5.280426025390625,-13.846908569335938,37.408479938271604,40.223480420524695,61.52789448302469,37.320770263671875,40.1383056640625,61.42732238769531,59.0,941468.0,0.4540258487654321,0.034169862158838125,1.7777777777777777,629bb2a5f5117f9302672a330806da90,e33cc3f71cc43807
B_001_002_20230820212210_001_002_000_002.jpg,./data/you_chalk_brood/abnormal/B_001_002_20230820212210_001_002_000_002.jpg,1,abnormal,B_001,B_001_002,B_001_002_20230820,002,1920,1080,2073600,1059782,41.58116149902344,16.3085822137497,5.269736207561721,-12.191181037808647,16.265671673943014,5.2619476318359375,-12.174942016601562,38.93574459876543,39.78146846064815,58.55955150462963,38.838470458984375,39.6890869140625,58.4400634765625,59.0,930999.5,0.4489773823302469,0.03197958202666427,1.7777777777777777,f049afdff1ba9e471f18e4b40424de63,ff7c44080742f5e9
B_001_002_20230820212926_001_001_000_002.jpg,./data/you_chalk_brood/abnormal/B_001_002_20230820212926_001_001_000_002.jpg,1,abnormal,B_001,B_001_002,B_001_002_20230820,002,1920,1080,2073600,1206707,42.146820068359375,16.064345043572985,8.78788097993828,-6.720705054012342,16.021794337852327,8.794601440429688,-6.712249755859375,48.900554591049385,37.1021802662037,51.08313609182099,48.81196594238281,37.014923095703125,50.98362731933594,65.0,371678.0,0.179242862654321,0.041165919138594534,1.1481481481481481,c679617107dfc1be60da52135ec9ec83,ad51198d5a399dca
B_001_002_20230820225111_001_002_000_002.jpg,./data/you_chalk_brood/abnormal/B_001_002_20230820225111_001_002_000_002.jpg,1,abnormal,B_001,B_001_002,B_001_002_20230820,002,1920,1080,2073600,1174255,39.09782409667969,15.063597078491892,7.226998939043199,-12.818565779320991,15.02248726639093,7.224456787109375,-12.806076049804688,38.83378520447531,35.858960262345676,57.284563078703705,38.7489013671875,35.76841735839844,57.18147277832031,56.0,1511578.0,0.7289631558641976,0.1173496297058496,1.7777777777777777,0921736e6ece7b7e0c0cc27c63cd3428,fa558ff2700a13a9
B_001_002_20230821181638_001_004_000_002.jpg,./data/you_chalk_brood/abnormal/B_001_002_20230821181638_001_004_000_002.jpg,1,abnormal,B_001,B_001_002,B_001_002_20230821,002,1920,1080,2073600,1147297,42.88957214355469,16.48750794299201,6.240401234567912,-11.568747106481482,16.441321279488356,6.2482147216796875,-11.563629150390625,42.2370597029321,40.24296344521605,59.11887683256173,42.13606262207031,40.13838195800781,59.009613037109375,76.0,138622.5,0.06685112847222222,0.03970822279185653,0.9570267131242741,20c835f074e4b11895bbd3f7f9e45921,9b9b1b786c646722
B_001_002_20230821202452_001_002_000_002.jpg,./data/you_chalk_brood/abnormal/B_001_002_20230821202452_001_002_000_002.jpg,1,abnormal,B_001,B_001_002,B_001_002_20230821,002,1920,1080,2073600,1069861,43.674072265625,17.022999122488503,6.511106770833322,-14.327589699074068,16.991098441329658,6.5078887939453125,-14.321319580078125,40.84519241898148,41.22090133101852,64.27312548225309,40.77009582519531,41.15045166015625,64.19309997558594,71.0,533539.0,0.25730082947530863,0.016380591916062337,1.7351851851851852,5f21a12181a59e75bc5e50fb9f513376,8c235d36f14c3a8f
B_001_002_20230821210430_001_001_000_002.jpg,./data/you_chalk_brood/abnormal/B_001_002_20230821210430_001_001_000_002.jpg,1,abnormal,B_001,B_001_002,B_001_002_20230821,002,1920,1080,2073600,1060827,38.3824462890625,14.876493093379327,7.214764178240728,-12.415562307098767,14.835677801393995,7.202392578125,-12.405654907226562,38.10594666280864,35.204082272376546,56.25963493441358,38.00982666015625,35.11500549316406,56.153411865234375,49.0,1235115.5,0.5956382619598766,0.05505287167412389,1.7777777777777777,4c99035fea5debd6a71af0d1bb0971cb,e70878a1b21cee67
B_001_002_20230821212535_001_004_000_002.jpg,./data/you_chalk_brood/abnormal/B_001_002_20230821212535_001_004_000_002.jpg,1,abnormal,B_001,B_001_002,B_001_002_20230821,002,1920,1080,2073600,1273410,44.72908020019531,17.366721132897602,10.266129436728392,-8.697987075617277,17.32549929151348,10.261550903320312,-8.686172485351562,51.56876880787037,39.0772834683642,56.56553047839506,51.48077392578125,38.98698425292969,56.462615966796875,65.0,909452.0,0.4385860339506173,0.02323596387707661,1.7777777777777777,3f408a6aee838968d3763e8a9553088b,b29292929655d757
B_001_002_20230821212747_001_003_000_002.jpg,./data/you_chalk_brood/abnormal/B_001_002_20230821212747_001_003_000_002.jpg,1,abnormal,B_001,B_001_002,B_001_002_20230821,002,1920,1080,2073600,1120024,44.58287048339844,17.538797544480758,6.786290027006174,-10.80111593364198,17.49988032322304,6.787384033203125,-10.792709350585938,45.69135368441358,41.20043016975308,59.91091820987654,45.5972900390625,41.1165771484375,59.81141662597656,55.0,1363733.0,0.6576644483024692,0.07844479360582512,1.7777777777777777,faa55e195e042683066676946e29845c,f4350d41e6f194ae
B_001_002_20230821215934_001_002_000_002.jpg,./data/you_chalk_brood/abnormal/B_001_002_20230821215934_001_002_000_002.jpg,1,abnormal,B_001,B_001_002,B_001_002_20230821,002,1920,1080,2073600,1000353,47.78956604003906,18.70768938362382,7.591619405864208,-6.167991898148145,18.66860782398897,7.5900421142578125,-6.1498870849609375,54.04278549382716,43.01457224151235,56.8720490933642,53.94789123535156,42.924346923828125,56.764801025390625,64.0,1242376.5,0.5991399016203703,0.07385294907801548,1.7777777777777777,13ec18ad5bcd41fa8aaa33d96f760729,c39a3e6699c2332b
B_001_002_20230821221916_001_001_000_002.jpg,./data/you_chalk_brood/abnormal/B_001_002_20230821221916_001_001_000_002.jpg,1,abnormal,B_001,B_001_002,B_001_002_20230821,002,1920,1080,2073600,1132494,40.627960205078125,15.888806622185912,5.574516782407414,-14.320706500771607,15.848885330499387,5.5618743896484375,-14.3084716796875,36.30166473765432,39.01100646219136,60.983546006944444,36.20381164550781,38.92378234863281,60.877899169921875,57.0,1139400.5,0.5494794077932099,0.07454164460451129,1.7777777777777777,80a7014913f2f30e1353b831c7591c83,e33cc31ce6398378
B_001_002_20230821223720_001_001_000_002.jpg,./data/you_chalk_brood/abnormal/B_001_002_20230821223720_001_001_000_002.jpg,1,abnormal,B_001,B_001_002,B_001_002_20230821,002,1920,1080,2073600,1023712,35.19636535644531,13.272938793572985,6.620422453703696,-10.367905574845679,13.238657035079656,6.6151275634765625,-10.360488891601562,36.09100067515432,31.923245563271603,50.52692660108025,36.00727844238281,31.84521484375,50.444427490234375,110.0,11738.0,0.005660686728395062,0.42710558521899067,0.8079470198675497,f9a62ffc8b49cdcb72a7b929b40e1c2d,c5253c3c3dc4f781
B_001_002_20230821225652_001_003_000_002.jpg,./data/you_chalk_brood/abnormal/B_001_002_20230821225652_001_003_000_002.jpg,1,abnormal,B_001,B_001_002,B_001_002_20230821,002,1920,1080,2073600,1232454,41.5433349609375,16.14577716503268,5.515428722993818,-11.731006944444445,16.101361443014707,5.50286865234375,-11.711761474609375,39.612173032407405,39.36275704089506,58.75214216820988,39.50178527832031,39.25999450683594,58.62495422363281,65.0,324757.0,0.15661506558641974,0.011478771875720448,1.8985943775100402,b4c74f1a2b6ddb65036352c7c9653dc5,aa5c55be453e9219
B_001_002_20230822183710_001_003_000_002.jpg,./data/you_chalk_brood/abnormal/B_001_002_20230822183710_001_003_000_002.jpg,1,abnormal,B_001,B_001_002,B_001_002_20230822,002,1920,1080,2073600,1288898,41.85841369628906,15.98109473341806,10.120071373456796,-10.537023051697531,15.937123018152574,10.10870361328125,-10.525146484375,47.207608506944446,36.37190441743827,56.80584346064815,47.108734130859375,36.28236389160156,56.693450927734375,107.0,22408.5,0.010806568287037037,0.3661758660994538,0.6548672566371682,d6cb4c6cd1b5751af3dd7915c4d9fb46,e8a3aa1e335651f1
B_001_002_20230822190022_001_001_000_002.jpg,./data/you_chalk_brood/abnormal/B_001_002_20230822190022_001_001_000_002.jpg,1,abnormal,B_001,B_001_002,B_001_002_20230822,002,1920,1080,2073600,1109270,42.05665588378906,16.68852143094892,6.9132474922839435,-8.69362123842592,16.648188572303923,6.9152679443359375,-8.6864013671875,45.203636670524695,38.106157889660494,55.063582658179016,45.106719970703125,38.01385498046875,54.96144104003906,45.0,1156939.0,0.5579374035493827,0.07150712751956961,1.5703703703703704,bcad0ffffbd39f3f5dfe38d5c85cebbf,c1cd47d66c2435ea
B_001_002_20230822191026_001_001_000_002.jpg,./data/you_chalk_brood/abnormal/B_001_002_20230822191026_001_001_000_002.jpg,1,abnormal,B_001,B_001_002,B_001_002_20230822,002,1920,1080,2073600,1120087,41.877777099609375,16.208168232570806,5.036762635030868,-11.059934895833337,16.163204417509192,5.04052734375,-11.046371459960938,40.13014660493827,39.836494502314814,57.895760995370374,40.02447509765625,39.73188781738281,57.774444580078125,65.0,883456.0,0.42604938271604936,0.017016751796883858,1.7777777777777777,dd1972993ea8c4e407921072180929ae,e4a7b5b03c3b4345
B_001_002_20230822195031_001_002_000_002.jpg,./data/you_chalk_brood/abnormal/B_001_002_20230822195031_001_002_000_002.jpg,1,abnormal,B_001,B_001_002,B_001_002_20230822,002,1920,1080,2073600,1180592,47.16546630859375,18.3852823922779,5.134218267746917,-9.115186149691354,18.337025361902572,5.1364288330078125,-9.10845947265625,47.095226658950615,44.8826065779321,60.12899209104938,46.97645568847656,44.77561950683594,60.00872802734375,81.0,77846.0,0.0375414737654321,0.08468485704783206,2.5141509433962264,463438679ebfb26ee85b6e4a04b49164,8638a36b38c738e7
B_001_002_20230822203450_001_001_000_002.jpg,./data/you_chalk_brood/abnormal/B_001_002_20230822203450_001_001_000_002.jpg,1,abnormal,B_001,B_001_002,B_001_002_20230822,002,1920,1080,2073600,1130181,36.847900390625,14.218631422476399,4.795489969135815,-10.881700424382714,14.185348211550245,4.7893218994140625,-10.864654541015625,34.71078848379629,34.935868537808645,52.990517939814815,34.62605285644531,34.86009216308594,52.8936767578125,56.0,1211287.0,0.5841468942901235,0.03849000207225807,1.7777777777777777,1d70780a3a3e8d071108d40d3d27455f,b5a15e1e4ee1e4a4
B_001_002_20230824191156_001_003_000_002.jpg,./data/you_chalk_brood/abnormal/B_001_002_20230824191156_001_003_000_002.jpg,1,abnormal,B_001,B_001_002,B_001_002_20230824,002,1920,1080,2073600,1054035,42.721527099609375,16.854775440268703,8.611792052469127,-9.226906828703704,16.819164799708947,8.6025390625,-9.209625244140625,47.22555459104938,37.97037856867284,56.10388069058642,47.14201354980469,37.893524169921875,56.00505065917969,49.0,585747.0,0.2824782986111111,0.034542607069812804,1.3564814814814814,74891001582dc19c4429c2b11338244b,8be470b3839b2f45
B_001_002_20230824195644_001_001_000_002.jpg,./data/you_chalk_brood/abnormal/B_001_002_20230824195644_001_001_000_002.jpg,1,abnormal,B_001,B_001_002,B_001_002_20230824,002,1920,1080,2073600,1125544,42.72663879394531,17.166105929254417,8.289057677469145,-5.282750289351853,17.12170170802696,8.288803100585938,-5.2708740234375,50.08288628472222,37.678939525462965,50.3263599537037,49.98176574707031,37.5799560546875,50.206512451171875,38.0,1280043.5,0.6173049286265432,0.07337453857712103,1.7777777777777777,f443e4f37a10a427ad0c75b9de0246a4,b16f28d8c7033676
B_001_002_20230824215538_001_001_000_002.jpg,./data/you_chalk_brood/abnormal/B_001_002_20230824215538_001_001_000_002.jpg,1,abnormal,B_001,B_001_002,B_001_002_20230824,002,1920,1080,2073600,1020954,40.94706726074219,15.854308127572017,6.640784625771602,-6.996470389660487,15.818337833180147,6.6298370361328125,-6.97900390625,45.13205005787037,36.97834731867284,51.2351702353395,45.03730773925781,36.89430236816406,51.12934875488281,59.0,1446876.0,0.6977604166666667,0.10541486413439391,1.7777777777777777,96f50537145b44fc073dfbba7e5e18cc,c31fcee21ec509a3
B_001_002_20230824225802_001_003_000_002.jpg,./data/you_chalk_brood/abnormal/B_001_002_20230824225802_001_003_000_002.jpg,1,abnormal,B_001,B_001_002,B_001_002_20230824,002,1920,1080,2073600,1044286,41.25587463378906,16.182926349552165,7.123450038580245,-9.109741030092593,16.13933488434436,7.13067626953125,-9.099411010742188,44.393274016203705,37.307004726080244,54.32462336033951,44.29241943359375,37.20738220214844,54.21751403808594,47.0,1560291.0,0.752455150462963,0.10576278446488263,1.7777777777777777,b3b518157c77977d86e396decfdf23cc,9b20f799cc34946e
B_001_002_20230825131128_001_004_000_002.jpg,./data/you_chalk_brood/abnormal/B_001_002_20230825131128_001_004_000_002.jpg,1,abnormal,B_001,B_001_002,B_001_002_20230825,002,1920,1080,2073600,1392130,43.31571960449219,18.221739023541517,7.147367862654335,5.680597511574064,18.185053806678923,7.1338348388671875,5.67718505859375,55.94882040895062,38.79765673225309,34.29572000385802,55.841949462890625,38.711181640625,34.20454406738281,44.0,1884287.0,0.9087032214506173,0.1739652069975685,1.7777777777777777,c320ba6734588389f34d44afe78081f9,bd60f599506348de
B_001_002_20230825191739_001_003_000_002.jpg,./data/you_chalk_brood/abnormal/B_001_002_20230825191739_001_003_000_002.jpg,1,abnormal,B_001,B_001_002,B_001_002_20230825,002,1920,1080,2073600,1089758,40.14533996582031,15.782685033890099,5.975396894290128,-8.985475983796292,15.744389552696079,5.974945068359375,-8.972625732421875,41.28832658179012,37.197623456790126,53.15419270833333,41.19853210449219,37.11119079589844,53.049285888671875,47.0,948800.0,0.4575617283950617,0.02574016955780376,1.7777777777777777,c54c09f356cfcf5bae250e5cc3556a3d,e0848dc0f95de3e3
B_001_002_20230828131606_001_003_000_002.jpg,./data/you_chalk_brood/abnormal/B_001_002_20230828131606_001_003_000_002.jpg,1,abnormal,B_001,B_001_002,B_001_002_20230828,002,1920,1080,2073600,1408501,45.1029052734375,18.83242688664972,9.082577160493827,3.2076740933642043,18.799911199831495,9.07525634765625,3.2137451171875,58.99700424382716,39.12202690972222,40.14392698688272,58.924774169921875,39.05757141113281,40.05726623535156,43.0,1840503.0,0.8875882523148149,0.08315705156128045,1.7777777777777777,ab61f1510f2692b8c3b7681847384439,ecc3d84da4d8b385
B_001_003_20230819200357_001_002_000_002.jpg,./data/you_chalk_brood/abnormal/B_001_003_20230819200357_001_002_000_002.jpg,1,abnormal,B_001,B_001_003,B_001_003_20230819,002,1920,1080,2073600,1192184,40.94775390625,16.037142943597193,4.407190875771619,-9.246313175154327,16.004542930453432,4.4053497314453125,-9.232467651367188,39.73824604552469,39.03172019675926,54.632033179012346,39.66233825683594,38.95829772949219,54.53904724121094,55.0,1433543.5,0.6913307773919753,0.07153235421776692,1.7777777777777777,e2f5cc33e7c3d311bcaabf506e506638,e2ab8a2bbcf91944
B_001_003_20230819203047_001_003_000_002.jpg,./data/you_chalk_brood/abnormal/B_001_003_20230819203047_001_003_000_002.jpg,1,abnormal,B_001,B_001_003,B_001_003_20230819,002,1920,1080,2073600,1177634,47.25621032714844,18.84255022996853,7.486862461419747,-10.466455439814808,18.805290670955884,7.4798431396484375,-10.450836181640625,49.541557677469136,43.23244839891975,62.738410011574075,49.44895935058594,43.146484375,62.631439208984375,51.0,961176.0,0.4635300925925926,0.050498192302627205,1.636111111111111,ed246335d5afb65e7984f157f54dcbf8,9e32627d664d9983
B_001_003_20230819212512_001_004_000_002.jpg,./data/you_chalk_brood/abnormal/B_001_003_20230819212512_001_004_000_002.jpg,1,abnormal,B_001,B_001_003,B_001_003_20230819,002,1920,1080,2073600,1078914,40.17338562011719,15.407131293875576,4.76402199074073,-10.396349826388885,15.376359528186274,4.7656097412109375,-10.388763427734375,38.65739197530864,38.21346836419753,54.87407069830247,38.589019775390625,38.143310546875,54.79164123535156,63.0,1346879.0,0.6495365547839507,0.15384416379377427,1.5425925925925925,1b4e11c929534d7d5bc77f9944525c4b,ae31ae718d31ad32
B_001_003_20230820194814_001_002_000_002.jpg,./data/you_chalk_brood/abnormal/B_001_003_20230820194814_001_002_000_002.jpg,1,abnormal,B_001,B_001_003,B_001_003_20230820,002,1920,1080,2073600,1067386,42.103240966796875,16.702395946804646,7.572062114197536,-6.327010513117287,16.655632467830884,7.572723388671875,-6.3198089599609375,47.54602575231481,37.74217062114197,51.24238040123457,47.43641662597656,37.63475036621094,51.12684631347656,42.0,735584.0,0.35473765432098764,0.030514168300162077,1.401851851851852,fbb5fbdf6102a01b9488ea9a0040bea9,9ef4d88331396c69
B_001_003_20230820204854_001_004_000_002.jpg,./data/you_chalk_brood/abnormal/B_001_003_20230820204854_001_004_000_002.jpg,1,abnormal,B_001,B_001_003,B_001_003_20230820,002,1920,1080,2073600,1182733,40.083099365234375,15.446313506112324,6.702839506172836,-12.494500868055553,15.409773284313726,6.691680908203125,-12.474365234375,39.07130449459876,37.27932050540124,57.86771074459877,38.98577880859375,37.20011901855469,57.764617919921875,62.0,948928.5,0.4576236979166667,0.0370364252778187,1.7777777777777777,10d24f4dc073ae502bb5439fafa6aeda,93924b6c6deb9511
B_001_003_20230820211458_001_003_000_002.jpg,./data/you_chalk_brood/abnormal/B_001_003_20230820211458_001_003_000_002.jpg,1,abnormal,B_001,B_001_003,B_001_003_20230820,002,1920,1080,2073600,1220860,49.90483093261719,20.123970815177923,9.07091917438271,-6.441952642746912,20.081344305300245,9.071533203125,-6.4325408935546875,57.67469328703704,44.27953655478395,59.45045862268518,57.57623291015625,44.17840576171875,59.33601379394531,46.0,1009781.5,0.4869702449845679,0.037049120266693734,1.6824074074074074,574f98fdefaa75b47fbbdfc99c98a097,c4133876a50de6fc
B_001_003_20230821183911_001_002_000_002.jpg,./data/you_chalk_brood/abnormal/B_001_003_20230821183911_001_002_000_002.jpg,1,abnormal,B_001,B_001_003,B_001_003_20230821,002,1920,1080,2073600,1291733,56.43693542480469,22.86999648238925,10.266651716820974,-6.140333719135796,22.831456801470587,10.268463134765625,-6.1382598876953125,65.73199074074074,50.15532986111111,65.23877266589506,65.63825988769531,50.06501770019531,65.14515686035156,52.0,698284.5,0.3367498553240741,0.1435037663483985,0.9953703703703703,c188f0fdad722fa03b641cc1fab65bb4,b0e2ef9e582720dc
B_001_003_20230821190521_001_003_000_002.jpg,./data/you_chalk_brood/abnormal/B_001_003_20230821190521_001_003_000_002.jpg,1,abnormal,B_001,B_001_003,B_001_003_20230821,002,1920,1080,2073600,1150661,40.44337463378906,15.703355725006052,5.291166087962949,-11.790637056327157,15.66705441942402,5.2812957763671875,-11.780685424804688,38.099704861111114,38.45779224537037,57.46098186728395,38.01213073730469,38.37928771972656,57.36256408691406,62.0,1100152.5,0.5305519386574075,0.05962673357492641,1.7777777777777777,066b90cb62a016578b43e213533d3995,93656d906d1991ee
B_001_003_20230821191912_001_004_000_002.jpg,./data/you_chalk_brood/abnormal/B_001_003_20230821191912_001_004_000_002.jpg,1,abnormal,B_001,B_001_003,B_001_003_20230821,002,1920,1080,2073600,1232973,44.53196716308594,17.362883533042847,5.148023244598761,-10.170878182870368,17.313094793581495,5.14129638671875,-10.16278076171875,43.62277440200617,42.39316165123457,58.947477816358024,43.50079345703125,42.27935791015625,58.819183349609375,68.0,473505.0,0.2283492476851852,0.013124627903197798,1.5240740740740741,7b5085e95a73c4951dd0a0be5c6d7b6a,aaaa0755747616ab
B_001_003_20230821200315_001_001_000_002.jpg,./data/you_chalk_brood/abnormal/B_001_003_20230821200315_001_001_000_002.jpg,1,abnormal,B_001,B_001_003,B_001_003_20230821,002,1920,1080,2073600,1163111,37.62144470214844,14.572798278261923,5.062707368827148,-10.96514322916667,14.544061398973652,5.0545501708984375,-10.944595336914062,35.612298418209875,35.60246672453704,53.80115451388889,35.547210693359375,35.53865051269531,53.71250915527344,55.0,1161338.0,0.5600588348765432,0.03804999561943895,1.7777777777777777,4b1e50c13989045638a99323c5b89500,9d7a96799228c327
B_001_003_20230821203000_001_002_000_002.jpg,./data/you_chalk_brood/abnormal/B_001_003_20230821203000_001_002_000_002.jpg,1,abnormal,B_001,B_001_003,B_001_003_20230821,002,1920,1080,2073600,1046905,37.160400390625,14.437842683369645,5.962894965277769,-8.02345437885802,14.395991306678921,5.9675445556640625,-8.010101318359375,39.50366367669753,33.77002218364198,49.43545765817901,39.40458679199219,33.67353820800781,49.3226318359375,56.0,1775669.5,0.8563220968364198,0.2562214917384768,1.7777777777777777,a6776729a16cb3ed5fbdd2b823930f8a,fe6d96090003977f
B_001_003_20230821210058_001_001_000_002.jpg,./data/you_chalk_brood/abnormal/B_001_003_20230821210058_001_001_000_002.jpg,1,abnormal,B_001,B_001_003,B_001_003_20230821,002,1920,1080,2073600,1189107,41.23799133300781,16.06226984235052,6.386003568672834,-11.24315827546296,16.024540919883577,6.3784942626953125,-11.219161987304688,41.29376302083333,38.162116608796296,57.65543933256173,41.20465087890625,38.07987976074219,57.54905700683594,55.0,859882.0,0.41468074845679015,0.030164342780183307,1.7592592592592593,27880a783b7e8e264aaffe6f976bfbf9,cf308cd32ccee389
B_001_003_20230821213256_001_001_000_002.jpg,./data/you_chalk_brood/abnormal/B_001_003_20230821213256_001_001_000_002.jpg,1,abnormal,B_001,B_001_003,B_001_003_20230821,002,1920,1080,2073600,1056156,44.46406555175781,17.444819845376422,7.151562017746926,-5.767502411265426,17.405952004825366,7.1461181640625,-5.7556915283203125,49.8073543595679,40.25315586419753,52.902937885802466,49.71180725097656,40.1685791015625,52.79783630371094,57.0,1313602.0,0.6334886188271605,0.06301647476688606,1.7777777777777777,40e51ba4a3efb7aaa73629edc220da9e,86584f81b98a7b75
B_001_003_20230821220019_001_003_000_002.jpg,./data/you_chalk_brood/abnormal/B_001_003_20230821220019_001_003_000_002.jpg,1,abnormal,B_001,B_001_003,B_001_003_20230821,002,1920,1080,2073600,1063767,36.01271057128906,13.922187802590173,6.441285204475321,-7.80183400848766,13.880687040441176,6.4431915283203125,-7.7933807373046875,38.79866078317901,32.55217833719136,47.41859567901235,38.70075988769531,32.46037292480469,47.31571960449219,47.0,454476.5,0.2191726948302469,0.027338823180703048,1.5254065040650406,522ca8ad599422fa9820e008158507a5,d31ec56d8f829d05
B_001_003_20230821224603_001_001_000_002.jpg,./data/you_chalk_brood/abnormal/B_001_003_20230821224603_001_001_000_002.jpg,1,abnormal,B_001,B_001_003,B_001_003_20230821,002,1920,1080,2073600,1158153,41.091796875,15.918306327160494,4.540742669753087,-10.814518711419751,15.883441999846815,4.5411834716796875,-10.802444458007812,38.76694637345679,39.34552710262346,56.83029176311729,38.6890869140625,39.27021789550781,56.731964111328125,64.0,1141893.0,0.5506814236111112,0.041661337071280925,1.7777777777777777,6e1d5b201b0e4bfbbfa42028a190455a,95644b6ab4b74955
B_001_003_20230822205805_001_003_000_002.jpg,./data/you_chalk_brood/abnormal/B_001_003_20230822205805_001_003_000_002.jpg,1,abnormal,B_001,B_001_003,B_001_003_20230822,002,1920,1080,2073600,1027313,40.660552978515625,16.024778163580248,6.086201774691347,-9.530050636574074,15.985574161305147,6.082733154296875,-9.5142822265625,41.743760127314815,37.47563175154321,54.99226851851852,41.652313232421875,37.39013671875,54.88507080078125,51.0,891846.5,0.4300957272376543,0.09284794638959229,1.4425925925925926,0e75d8f331c478782f41bc653ebbdc97,941ce31398877af3
B_001_003_20230824191116_001_002_000_002.jpg,./data/you_chalk_brood/abnormal/B_001_003_20230824191116_001_002_000_002.jpg,1,abnormal,B_001,B_001_003,B_001_003_20230824,002,1920,1080,2073600,1042879,41.82200622558594,16.402598871338657,5.562780671296309,-11.813093171296302,16.365428251378678,5.555755615234375,-11.800491333007812,39.82596836419753,39.69552324459877,58.664122781635804,39.73779296875,39.616180419921875,58.56391906738281,56.0,611683.0,0.29498601466049384,0.018336908711818544,1.6481481481481481,5ba9fb045377303b068f7e198dd508cd,baba01557d6f2aa0
B_001_003_20230825181544_001_003_000_002.jpg,./data/you_chalk_brood/abnormal/B_001_003_20230825181544_001_003_000_002.jpg,1,abnormal,B_001,B_001_003,B_001_003_20230825,002,1920,1080,2073600,1157939,41.82215881347656,16.501555691721137,7.01087577160493,-10.173819926697533,16.467883540134803,7.0063018798828125,-10.155258178710938,43.63206645447531,38.072262249228395,57.14855227623457,43.55137634277344,37.99333190917969,57.05000305175781,51.0,452248.5,0.2180982349537037,0.10512435546808399,0.812037037037037,1cea39d84544735f64f048a8b389d323,f03c7e469c999562
B_001_003_20230825192330_001_002_000_002.jpg,./data/you_chalk_brood/abnormal/B_001_003_20230825192330_001_002_000_002.jpg,1,abnormal,B_001,B_001_003,B_001_003_20230825,002,1920,1080,2073600,1164951,43.68377685546875,17.168499606632775,7.005883969907416,-11.403695023148146,17.130791159237134,6.9973602294921875,-11.396804809570312,44.585907600308644,40.13564139660494,60.35348138503086,44.4952392578125,40.04876708984375,60.261016845703125,53.0,870497.5,0.419800106095679,0.02880237591601237,1.7342592592592592,6cc0f35979c0523add73a0d5fbe89684,ce88f6341c9b1be2
B_001_003_20230830084249_001_001_000_002.jpg,./data/you_chalk_brood/abnormal/B_001_003_20230830084249_001_001_000_002.jpg,1,abnormal,B_001,B_001_003,B_001_003_20230830,002,1920,1080,2073600,1063315,48.77217102050781,20.224037952372306,4.333448109567911,0.33553481867284063,20.204294242110908,4.3278656005859375,0.3303680419921875,54.758946277006174,46.003071469907404,47.89361111111111,54.69828796386719,45.94471740722656,47.83642578125,51.0,1733034.0,0.8357609953703704,0.13113954235479822,1.7777777777777777,b608a24b0b98509419aee4fdb4ac8cfd,ade4715099172d1f
B_001_004_20230819183744_001_002_000_002.jpg,./data/you_chalk_brood/abnormal/B_001_004_20230819183744_001_002_000_002.jpg,1,abnormal,B_001,B_001_004,B_001_004_20230819,002,1920,1080,2073600,1047644,45.09397888183594,17.74317470043573,5.8635855516975255,-12.29267602237654,17.707178452435663,5.8670196533203125,-12.285903930664062,43.38894145447531,42.75246624228395,62.262363522376546,43.30744934082031,42.67338562011719,62.16966247558594,62.0,1017587.5,0.4907347125771605,0.05673878621611281,1.7777777777777777,0e7404b11fe013a534a5f766fc90fd74,e2c587e6c80e5da9
B_001_004_20230819201753_001_001_000_002.jpg,./data/you_chalk_brood/abnormal/B_001_004_20230819201753_001_001_000_002.jpg,1,abnormal,B_001,B_001_004,B_001_004_20230819,002,1920,1080,2073600,1051337,43.354339599609375,17.12151813271605,7.347161940586432,-12.193415316358028,17.08138858570772,7.3499755859375,-12.183273315429688,44.135032793209874,39.61951871141975,61.285698302469136,44.048858642578125,39.52616882324219,61.184417724609375,50.0,959221.0,0.462587287808642,0.028346925950431503,1.7777777777777777,79df932f53f9ea659f81756600a99e9d,e61184ee6e5a5acc
B_001_004_20230819205444_001_004_000_002.jpg,./data/you_chalk_brood/abnormal/B_001_004_20230819205444_001_004_000_002.jpg,1,abnormal,B_001,B_001_004,B_001_004_20230819,002,1920,1080,2073600,1059185,45.3609619140625,17.699850028746066,5.640121527777779,-12.317227044753082,17.663167317708332,5.63885498046875,-12.309295654296875,43.41598524305556,43.12072482638889,62.74725742669753,43.33042907714844,43.036773681640625,62.6474609375,70.0,1005093.5,0.4847094425154321,0.04503276333812293,1.7777777777777777,50fb450ab7e7eee34ab9046effb1ef82,f8f0f8f8f0d56022
B_001_004_20230819214701_001_003_000_002.jpg,./data/you_chalk_brood/abnormal/B_001_004_20230819214701_001_003_000_002.jpg,1,abnormal,B_001,B_001_004,B_001_004_20230819,002,1920,1080,2073600,1133609,40.754058837890625,15.657020470225126,4.518248456790133,-9.9067399691358,15.622714173560048,4.5169677734375,-9.893692016601562,39.14547019675926,38.95652874228395,54.93510030864198,39.06425476074219,38.88029479980469,54.837127685546875,72.0,93533.0,0.04510657793209877,0.01559683307332757,1.1019867549668874,c4d8220ec4001dd8c42e74dc5d6034e3,99da66a54252b1db
B_001_004_20230820190013_001_004_000_002.jpg,./data/you_chalk_brood/abnormal/B_001_004_20230820190013_001_004_000_002.jpg,1,abnormal,B_001,B_001_004,B_001_004_20230820,002,1920,1080,2073600,1072070,37.2701416015625,14.285336480271122,6.609279513888879,-8.733610628858031,14.250177121629902,6.604400634765625,-8.712310791015625,39.8368359375,33.63118778935185,50.06283661265432,39.7547607421875,33.54792785644531,49.9532470703125,57.0,1168806.0,0.5636603009259259,0.06987597264344321,1.7777777777777777,e6969ef18b8c80bcb673c00f728fa323,a5a5b9495a4b417e
B_001_004_20230820194605_001_001_000_002.jpg,./data/you_chalk_brood/abnormal/B_001_004_20230820194605_001_001_000_002.jpg,1,abnormal,B_001,B_001_004,B_001_004_20230820,002,1920,1080,2073600,1203506,39.1435546875,15.393071819777294,8.326168499228402,-7.359062017746908,15.348277372472426,8.32659912109375,-7.3536376953125,44.56155285493827,34.432697241512344,50.12746141975309,44.45301818847656,34.33131408691406,50.01481628417969,46.0,319289.5,0.15397834683641975,0.021926437883109107,2.8812260536398466,be207b53fb1a5cfe2c6d5b5c870dc631,d968e53245d14ef1
B_001_004_20230820203350_001_001_000_002.jpg,./data/you_chalk_brood/abnormal/B_001_004_20230820203350_001_001_000_002.jpg,1,abnormal,B_001,B_001_004,B_001_004_20230820,002,1920,1080,2073600,959573,41.61936950683594,16.297044639615102,4.504916570216039,-11.49990017361111,16.262889188878678,4.50054931640625,-11.488632202148438,38.586414930555556,40.1323259066358,57.77107349537037,38.51100158691406,40.05767822265625,57.67803955078125,64.0,988703.5,0.47680531442901236,0.05221426007907704,1.6055555555555556,e92561e46987b4d3ecf2ce1533435669,99656639995465ab
B_001_004_20230820210614_001_002_000_002.jpg,./data/you_chalk_brood/abnormal/B_001_004_20230820210614_001_002_000_002.jpg,1,abnormal,B_001,B_001_004,B_001_004_20230820,002,1920,1080,2073600,1059954,41.92259216308594,16.277649555192447,6.843397472993814,-9.231127507716053,16.240743001302082,6.84381103515625,-9.217056274414062,44.357676986882716,38.33912856867284,54.754370177469134,44.27101135253906,38.26084899902344,54.65699768066406,53.0,820450.0,0.39566454475308643,0.1208219584022522,1.0851851851851853,d6d8ddb72c53739c901016f5fbd3ef4f,bc09e237025acf9e
B_001_004_20230820210824_001_001_000_002.jpg,./data/you_chalk_brood/abnormal/B_001_004_20230820210824_001_001_000_002.jpg,1,abnormal,B_001,B_001_004,B_001_004_20230820,002,1920,1080,2073600,960342,35.848724365234375,13.81636880446623,5.6909471450617275,-7.164878472222227,13.78848206763174,5.6929931640625,-7.149688720703125,38.68927276234568,32.35261477623457,47.13163676697531,38.618194580078125,32.28273010253906,47.05108642578125,56.0,1446657.5,0.697655044367284,0.127764136370787,1.7777777777777777,2096a38e1ffc95dc5f7fd3bbd465c341,9b9b99da8946ac43
B_001_004_20230820211331_001_004_000_002.jpg,./data/you_chalk_brood/abnormal/B_001_004_20230820211331_001_004_000_002.jpg,1,abnormal,B_001,B_001_004,B_001_004_20230820,002,1920,1080,2073600,1116962,41.10943603515625,16.202803119704676,6.969591531635814,-6.545937982253093,16.159051633348653,6.9712371826171875,-6.53546142578125,45.70168016975309,37.08076581790124,50.782983217592594,45.59934997558594,36.981201171875,50.672210693359375,46.0,943287.0,0.45490306712962963,0.018284805424399475,1.7777777777777777,013d9267dbc2147bc05dc25c4dd7cd7e,a9ae98b5f847c462
B_001_004_20230821183827_001_002_000_002.jpg,./data/you_chalk_brood/abnormal/B_001_004_20230821183827_001_002_000_002.jpg,1,abnormal,B_001,B_001_004,B_001_004_20230821,002,1920,1080,2073600,1052156,41.36903381347656,16.28021968046478,7.778669463734559,-9.959071180555554,16.243968290441178,7.7686614990234375,-9.942489624023438,44.520640432098766,37.12384452160494,55.73089940200617,44.436859130859375,37.04472351074219,55.63423156738281,45.0,1066014.5,0.5140887827932099,0.04110215051409612,1.7777777777777777,59e20821ad16b70f8c06018024ec6986,deb88c67231d7a48
B_001_004_20230821184409_001_004_000_002.jpg,./data/you_chalk_brood/abnormal/B_001_004_20230821184409_001_004_000_002.jpg,1,abnormal,B_001,B_001_004,B_001_004_20230821,002,1920,1080,2073600,1182661,41.31764221191406,16.14122961298717,5.983646315586412,-13.14855999228395,16.10027836818321,5.978729248046875,-13.13604736328125,38.75674093364198,39.11827835648148,60.09851128472222,38.66038513183594,39.03245544433594,59.98756408691406,59.0,1120039.5,0.540142505787037,0.05853825012731787,1.7777777777777777,96eb10556335adfd6c1fdd676063051f,aa03d547aad353d4
B_001_004_20230821192711_001_004_000_002.jpg,./data/you_chalk_brood/abnormal/B_001_004_20230821192711_001_004_000_002.jpg,1,abnormal,B_001,B_001_004,B_001_004_20230821,002,1920,1080,2073600,1189552,42.22132873535156,16.65477827705156,7.7332884837962865,-7.598343942901238,16.61972943474265,7.728424072265625,-7.586700439453125,45.86401523919753,38.386009837962966,53.11314043209877,45.78117370605469,38.31001281738281,53.02033996582031,55.0,1129670.5,0.5447870852623456,0.03642685988213912,1.7777777777777777,2618ad84a46fca161f18433cf684b932,f8c469e996961a39
B_001_004_20230821201321_001_001_000_002.jpg,./data/you_chalk_brood/abnormal/B_001_004_20230821201321_001_001_000_002.jpg,1,abnormal,B_001,B_001_004,B_001_004_20230821,002,1920,1080,2073600,1045646,32.23760986328125,12.02284593621399,5.3059230324074065,-10.435484182098762,11.985994226792279,5.3029937744140625,-10.4178466796875,31.426084104938273,29.932667824074073,46.9305044367284,31.34368896484375,29.853439331054688,46.83256530761719,48.0,1107935.5,0.5343053144290123,0.05585473815428308,1.7777777777777777,4dc288d1a57f80ffb1b76da905f159d3,e8f854552eaa1ad5
B_001_004_20230822184804_001_004_000_002.jpg,./data/you_chalk_brood/abnormal/B_001_004_20230822184804_001_004_000_002.jpg,1,abnormal,B_001,B_001_004,B_001_004_20230822,002,1920,1080,2073600,1056924,44.85643005371094,17.844108001997096,7.588228202160508,-8.101816165123452,17.80539718328738,7.58428955078125,-8.081451416015625,49.47862413194444,40.37285831404321,56.668813657407405,49.38716125488281,40.286041259765625,56.55891418457031,47.0,1098932.0,0.529963348765432,0.04279952109835291,1.7777777777777777,fa8d5a6c97e9fc261215741638009fc1,b5ea0d16d345ac78
B_001_004_20230822194322_001_004_000_002.jpg,./data/you_chalk_brood/abnormal/B_001_004_20230822194322_001_004_000_002.jpg,1,abnormal,B_001,B_001_004,B_001_004_20230822,002,1920,1080,2073600,1088644,41.70433044433594,16.204048845618495,6.484255401234577,-10.11143904320987,16.170702167585784,6.48455810546875,-10.095626831054688,42.677354841820986,38.55946518132716,56.02227237654321,42.60359191894531,38.487335205078125,55.92762756347656,60.0,377412.0,0.18200810185185184,0.029850248556045313,1.3933933933933933,35985a22382cd3fa6e06264de3d4455b,864e6bb57a3a7182
B_001_004_20230823083550_001_003_000_002.jpg,./data/you_chalk_brood/abnormal/B_001_004_20230823083550_001_003_000_002.jpg,1,abnormal,B_001,B_001_004,B_001_004_20230823,002,1920,1080,2073600,1500129,47.1622314453125,19.543208741830068,5.316505594135805,0.3592144097222274,19.515692018995097,5.313812255859375,0.340789794921875,54.67391107253086,43.55912856867284,46.70955729166667,54.60533142089844,43.5025634765625,46.652801513671875,52.0,1813294.5,0.874466869212963,0.14562243419253396,1.7777777777777777,be5b5b445399b392227ae54de300de44,d4c86cdacaa0ded4
B_001_004_20230824183204_001_003_000_002.jpg,./data/you_chalk_brood/abnormal/B_001_004_20230824183204_001_003_000_002.jpg,1,abnormal,B_001,B_001_004,B_001_004_20230824,002,1920,1080,2073600,1101953,43.969268798828125,17.406032135076252,6.276745273919744,-11.376814236111116,17.368876139322918,6.2783966064453125,-11.36651611328125,43.50830391589506,41.148437982253085,60.429143518518515,43.42781066894531,41.066864013671875,60.33412170410156,53.0,1020241.5,0.4920146122685185,0.02186577380305481,1.7777777777777777,2d2613ed6bb43b387266f4b2cce59e8f,f046721f4fe4a951
B_001_004_20230824194517_001_002_000_002.jpg,./data/you_chalk_brood/abnormal/B_001_004_20230824194517_001_002_000_002.jpg,1,abnormal,B_001,B_001_004,B_001_004_20230824,002,1920,1080,2073600,1111932,44.65888977050781,17.371267928467688,4.569789255401247,-10.333442322530871,17.338490205652572,4.569671630859375,-10.321136474609375,42.784225019290126,42.83252218364198,59.638507908950615,42.7119140625,42.75740051269531,59.54774475097656,74.0,495847.5,0.23912398726851852,0.007216054945224863,1.737962962962963,db8575fdae9e8ee5581c8f72231c8136,e01f1fe00f1fe12c
B_001_004_20230824201450_001_002_000_002.jpg,./data/you_chalk_brood/abnormal/B_001_004_20230824201450_001_002_000_002.jpg,1,abnormal,B_001,B_001_004,B_001_004_20230824,002,1920,1080,2073600,1179979,42.38043212890625,16.746547067901233,7.286906346450621,-10.630910493827159,16.70734480315564,7.279449462890625,-10.621368408203125,44.07120804398148,38.551673900462966,58.50234712577161,43.97627258300781,38.46282958984375,58.396148681640625,49.0,480013.5,0.23148799189814814,0.04297089424065628,1.0982824427480915,3c9301cd15040950f11de232604542fa,e7cf4a868e413c74
B_001_004_20230825082727_001_002_000_002.jpg,./data/you_chalk_brood/abnormal/B_001_004_20230825082727_001_002_000_002.jpg,1,abnormal,B_001,B_001_004,B_001_004_20230825,002,1920,1080,2073600,1429159,42.93086242675781,17.74607011014282,6.661229263117292,0.812370273919754,17.70632874731924,6.662017822265625,0.808258056640625,52.55079330632716,38.43213493441358,41.78781780478395,52.45890808105469,38.34300231933594,41.69032287597656,50.0,1800516.0,0.8683043981481482,0.1105006208059883,1.7777777777777777,86e13bbed7cfc13dd4437bb3800cebd5,f2e09277142b9c76
B_001_004_20230826085242_001_003_000_002.jpg,./data/you_chalk_brood/abnormal/B_001_004_20230826085242_001_003_000_002.jpg,1,abnormal,B_001,B_001_004,B_001_004_20230826,002,1920,1080,2073600,1383343,47.15138244628906,19.39251354091019,8.084092881944457,1.9140533371913477,19.340311686197918,8.070175170898438,1.909576416015625,59.65440586419753,41.594095293209875,44.156075906635806,59.50816345214844,41.4766845703125,44.0340576171875,52.0,1839811.0,0.8872545331790124,0.15500479788919239,1.7777777777777777,1fd8a8780ca483e3d97380f7b6418c43,fa7d4e81043aab36
B_001_004_20230903085740_001_001_000_002.jpg,./data/you_chalk_brood/abnormal/B_001_004_20230903085740_001_001_000_002.jpg,1,abnormal,B_001,B_001_004,B_001_004_20230903,002,1920,1080,2073600,1375803,48.971771240234375,20.465600414548533,5.261814236111121,3.4774580439814713,20.424068675321692,5.2511138916015625,3.4717254638671875,57.76662229938272,45.73939911265432,43.59018325617284,57.64739990234375,45.632232666015625,43.48170471191406,49.0,1900260.0,0.91640625,0.22140104346297243,1.7777777777777777,8e6b3bb5f08499f7523d50dbca26d325,c2c9ea37ab6b11d0
B_001_005_20230819142214_001_003_000_002.jpg,./data/you_chalk_brood/abnormal/B_001_005_20230819142214_001_003_000_002.jpg,1,abnormal,B_001,B_001_005,B_001_005_20230819,002,1920,1080,2073600,1396410,51.43650817871094,21.226352010711693,2.997492766203692,3.3614834104938325,21.185476265701592,2.9959564208984375,3.354400634765625,57.62185474537037,49.54979311342593,45.91903115354938,57.51104736328125,49.44258117675781,45.82841491699219,52.0,1904670.5,0.9185332272376543,0.16630202856786602,1.7777777777777777,f5c103ca758288add26e4f086d752f75,cec98a093de4cf46
B_001_005_20230819205023_001_001_000_002.jpg,./data/you_chalk_brood/abnormal/B_001_005_20230819205023_001_001_000_002.jpg,1,abnormal,B_001,B_001_005,B_001_005_20230819,002,1920,1080,2073600,1099946,43.62068176269531,17.438664215686273,6.214961902006166,-10.215538676697534,17.39726945465686,6.2169952392578125,-10.20916748046875,44.30078028549383,40.4287996720679,59.170644290123455,44.20680236816406,40.334716796875,59.07023620605469,48.0,1063344.5,0.5128011670524691,0.05051418597980782,1.7212962962962963,fa0ae066e53785233b494bca77ee3e01,bc6aa9a2c8f2665c
B_001_005_20230819210919_001_004_000_002.jpg,./data/you_chalk_brood/abnormal/B_001_005_20230819210919_001_004_000_002.jpg,1,abnormal,B_001,B_001_005,B_001_005_20230819,002,1920,1080,2073600,1187805,42.47654724121094,16.524006558641975,4.909590567129641,-12.223624614197533,16.484937480851716,4.89727783203125,-12.20928955078125,39.4410474537037,40.82368393132716,59.58208043981482,39.35383605957031,40.73716735839844,59.471038818359375,69.0,1232812.5,0.5945276331018519,0.056574776877457066,1.7777777777777777,97acaada20ba31cee078d2831a2df21d,e11d1ee1e11d39e2
B_001_005_20230820182104_001_004_000_002.jpg,./data/you_chalk_brood/abnormal/B_001_005_20230820182104_001_004_000_002.jpg,1,abnormal,B_001,B_001_005,B_001_005_20230820,002,1920,1080,2073600,1063737,42.64021301269531,16.786510151900263,5.292161940586425,-13.495273919753089,16.749871945848653,5.2794189453125,-13.485397338867188,39.07819396219136,40.87633632330247,61.7057209683642,38.98753356933594,40.79539489746094,61.60087585449219,64.0,1428254.0,0.688779899691358,0.09022956628707632,1.7777777777777777,2c5f1449fc387086e4a30147d05d653f,b9f344aa41fe0555
B_001_005_20230820182358_001_004_000_002.jpg,./data/you_chalk_brood/abnormal/B_001_005_20230820182358_001_004_000_002.jpg,1,abnormal,B_001,B_001_005,B_001_005_20230820,002,1920,1080,2073600,1013258,36.494110107421875,14.322614643851367,5.506559124228403,-7.813644386574069,14.288856655943627,5.50286865234375,-7.8000640869140625,38.27218364197531,33.35961853780864,48.72044367283951,38.186737060546875,33.28291320800781,48.625152587890625,48.0,1428842.0,0.6890634645061728,0.10401941212497398,1.7777777777777777,df2a94ac41587767f3e18b3cf70bfa14,b4d55babd44b4898
B_001_005_20230820183614_001_002_000_002.jpg,./data/you_chalk_brood/abnormal/B_001_005_20230820183614_001_002_000_002.jpg,1,abnormal,B_001,B_001_005,B_001_005_20230820,002,1920,1080,2073600,1067398,37.34832763671875,14.442954187847977,6.233816068672837,-8.584794077932102,14.408431707643995,6.2362213134765625,-8.573516845703125,39.159463252314815,34.1709162808642,49.69253616898148,39.07989501953125,34.09342956542969,49.6015625,52.0,171823.5,0.08286241319444444,0.15878981713007598,0.9109243697478991,2c1e1da7592258bc4931c9026e5b2857,cdd921116ae4d9cb
B_001_005_20230820183827_001_002_000_002.jpg,./data/you_chalk_brood/abnormal/B_001_005_20230820183827_001_002_000_002.jpg,1,abnormal,B_001,B_001_005,B_001_005_20230820,002,1920,1080,2073600,1087259,39.998138427734375,15.555975210300167,4.670653935185186,-12.231076388888894,15.517572141161152,4.6721343994140625,-12.219512939453125,36.619250096450614,38.41414351851852,57.68634548611111,36.533935546875,38.32588195800781,57.58695983886719,60.0,1333194.5,0.6429371624228395,0.08033376437778733,1.7777777777777777,e6672f940c86204d8a291ef4854ec8f5,ac884aacad4e4bb7
B_001_005_20230820215659_001_002_000_002.jpg,./data/you_chalk_brood/abnormal/B_001_005_20230820215659_001_002_000_002.jpg,1,abnormal,B_001,B_001_005,B_001_005_20230820,002,1920,1080,2073600,1030961,38.24412536621094,15.124784971859114,6.229762249228401,-6.838686824845681,15.083707921645221,6.2291717529296875,-6.8319244384765625,41.69482349537037,34.6595775462963,48.56199652777778,41.59187316894531,34.56658935546875,48.45549011230469,41.0,1283694.0,0.6190653935185185,0.044833375046450186,1.7777777777777777,7a24cf8c54084a4eda4f3ff98aaddde3,e3c350f9ab13d384
B_001_005_20230820221626_001_003_000_002.jpg,./data/you_chalk_brood/abnormal/B_001_005_20230820221626_001_003_000_002.jpg,1,abnormal,B_001,B_001_005,B_001_005_20230820,002,1920,1080,2073600,1066678,40.67378234863281,15.82311807824982,6.331424575617291,-11.988639564043211,15.79141654220282,6.327789306640625,-11.967742919921875,40.04230034722222,37.734619502314814,58.058296682098764,39.97100830078125,37.6656494140625,57.966033935546875,56.0,1502445.0,0.7245587384259259,0.12970093366720906,1.7777777777777777,8212359f1a5bd3a2d9054aefc0a1f11c,9369a66655da2c2b
B_001_005_20230820224736_001_004_000_002.jpg,./data/you_chalk_brood/abnormal/B_001_005_20230820224736_001_004_000_002.jpg,1,abnormal,B_001,B_001_005,B_001_005_20230820,002,1920,1080,2073600,1043678,42.17071533203125,16.480431682703944,7.1968127893518385,-6.160454282407414,16.4402800915288,7.1929931640625,-6.1460418701171875,47.74333912037037,37.6995775462963,51.441627121913584,47.644805908203125,37.605438232421875,51.333160400390625,58.0,1174510.5,0.5664113136574074,0.05924080652963602,1.7777777777777777,6abf8933f924321b51603c29942e2b81,c33c99943cd2333b
B_001_005_20230821091044_001_003_000_002.jpg,./data/you_chalk_brood/abnormal/B_001_005_20230821091044_001_003_000_002.jpg,1,abnormal,B_001,B_001_005,B_001_005_20230821,002,1920,1080,2073600,1718583,49.157135009765625,19.974354537339625,3.031685474537028,0.5790996334876581,19.96296003753064,3.03924560546875,0.571746826171875,53.58200424382716,47.14140094521605,48.15232494212963,53.56988525390625,47.13316345214844,48.137847900390625,59.0,1842212.0,0.8884124228395062,0.16307751290994832,1.7777777777777777,68c8d725d9e91d72b5de3b41c06a7a69,bdbb4b8252c68d54
B_001_005_20230821201700_001_003_000_002.jpg,./data/you_chalk_brood/abnormal/B_001_005_20230821201700_001_003_000_002.jpg,1,abnormal,B_001,B_001_005,B_001_005_20230821,002,1920,1080,2073600,1015817,39.031219482421875,15.254495355240861,6.478973765432102,-5.160910976080245,15.211630428538603,6.4737091064453125,-5.1494293212890625,43.986293402777775,35.28692997685185,46.237291666666664,43.88093566894531,35.192535400390625,46.12425231933594,45.0,1425630.5,0.6875147087191358,0.07089892709242612,1.7777777777777777,eae25b5f4336eac2d58a07106311527f,8b2e22afd12774d8
B_001_005_20230821204253_001_001_000_002.jpg,./data/you_chalk_brood/abnormal/B_001_005_20230821204253_001_001_000_002.jpg,1,abnormal,B_001,B_001_005,B_001_005_20230821,002,1920,1080,2073600,1209646,42.80206298828125,16.56432442961753,7.019599729938278,-13.851124131944445,16.5257173426011,7.008148193359375,-13.838165283203125,41.104776716820986,39.969874131944444,62.62292631172839,41.018951416015625,39.885345458984375,62.51957702636719,67.0,610910.5,0.29461347415123457,0.02902782092903344,1.3351851851851853,fd8515813d16dbb59ef05d264e29a003,836c381b6c966b3b
B_001_005_20230821211607_001_002_000_002.jpg,./data/you_chalk_brood/abnormal/B_001_005_20230821211607_001_002_000_002.jpg,1,abnormal,B_001,B_001_005,B_001_005_20230821,002,1920,1080,2073600,1179220,44.6864013671875,17.363246452130234,4.778972318672828,-11.509463252314816,17.326127594592524,4.7735443115234375,-11.503219604492188,42.08460262345679,42.95714313271605,61.117081404320984,41.996795654296875,42.87738037109375,61.02409362792969,76.0,495094.0,0.23876060956790124,0.020635843999490037,1.474074074074074,3f3b5119b66d45e8ed21d243b4540d31,ce5231cece3232cd
B_001_005_20230821212411_001_004_000_002.jpg,./data/you_chalk_brood/abnormal/B_001_005_20230821212411_001_004_000_002.jpg,1,abnormal,B_001,B_001_005,B_001_005_20230821,002,1920,1080,2073600,1076508,38.985565185546875,15.368638230755264,5.391089891975298,-7.5375332754629625,15.334891524969363,5.39617919921875,-7.5306549072265625,40.701845100308645,36.01153645833333,50.589654224537036,40.62544250488281,35.936676025390625,50.50065612792969,48.0,790662.5,0.38129943094135804,0.04150982649718143,1.4305555555555556,4fe0ceae91e8e50fee7095ee9adbbcdc,9966879966989f26
B_001_005_20230821224437_001_002_000_002.jpg,./data/you_chalk_brood/abnormal/B_001_005_20230821224437_001_002_000_002.jpg,1,abnormal,B_001,B_001_005,B_001_005_20230821,002,1920,1080,2073600,1059629,38.69486999511719,15.326258964233842,7.812462384259248,-6.52158998842593,15.284046846277574,7.8157501220703125,-6.5137481689453125,44.570441261574075,34.004252507716046,48.31498601466049,44.47016906738281,33.912750244140625,48.20977783203125,39.0,1444606.5,0.696665943287037,0.090267869807339,1.7777777777777777,42bb4b0a210dbc9f985c33374a79dbfb,db2f612a09b3f44c
B_001_005_20230824083025_001_004_000_002.jpg,./data/you_chalk_brood/abnormal/B_001_005_20230824083025_001_004_000_002.jpg,1,abnormal,B_001,B_001_005,B_001_005_20230824,002,1920,1080,2073600,1244694,59.09284973144531,24.514436766218832,7.831561053240733,8.420379533179016,24.479627422257966,7.8333740234375,8.422256469726562,75.33057581018518,53.61806520061728,45.46463204089506,75.23863220214844,53.531646728515625,45.38056945800781,54.0,1851107.0,0.8927020640432098,0.12724793535849727,1.7777777777777777,976d962da8fb6d4ba0e8b0c201f2ec20,9113a9fa691f3662
B_001_005_20230824133128_001_003_000_002.jpg,./data/you_chalk_brood/abnormal/B_001_005_20230824133128_001_003_000_002.jpg,1,abnormal,B_001,B_001_005,B_001_005_20230824,002,1920,1080,2073600,1308054,51.83294677734375,21.451965134047448,5.2362500000000125,2.8849599729938404,21.394270354626226,5.22271728515625,2.88128662109375,61.04802372685185,48.315190972222226,47.09485194830247,60.89231872558594,48.17494201660156,46.95133972167969,50.0,1856782.5,0.8954390914351852,0.14651320915663754,1.7777777777777777,524c42a3f4d4f2972585e7ff282634a3,cb8087d7bd203f15
B_001_005_20230824133548_001_002_000_002.jpg,./data/you_chalk_brood/abnormal/B_001_005_20230824133548_001_002_000_002.jpg,1,abnormal,B_001,B_001_005,B_001_005_20230824,002,1920,1080,2073600,1454559,50.46180725097656,20.669078688574196,3.4716155478395194,0.30400125385801857,20.623641668581495,3.4763641357421875,0.296417236328125,55.3563884066358,48.217273341049385,50.20965663580247,55.254974365234375,48.11885070800781,50.111053466796875,54.0,1855277.5,0.8947133005401234,0.17765949960746372,1.7777777777777777,82ff3c451e227ca3f014764f1101b46d,855e3be62c8da14b
B_001_005_20230824203942_001_001_000_002.jpg,./data/you_chalk_brood/abnormal/B_001_005_20230824203942_001_001_000_002.jpg,1,abnormal,B_001,B_001_005,B_001_005_20230824,002,1920,1080,2073600,1029516,41.96968078613281,16.553150341926894,7.275088734567902,-9.406367187499995,16.516687729779413,7.27423095703125,-9.393569946289062,45.0398688271605,37.883521894290126,55.768503086419756,44.9571533203125,37.7991943359375,55.67564392089844,47.0,1192683.0,0.5751750578703704,0.05055289681544764,1.7777777777777777,6554cc4df7478d9abb451a8095bd1136,cf93bcc56719c064
B_001_005_20230824204403_001_002_000_002.jpg,./data/you_chalk_brood/abnormal/B_001_005_20230824204403_001_002_000_002.jpg,1,abnormal,B_001,B_001_005,B_001_005_20230824,002,1920,1080,2073600,1051872,40.796478271484375,15.953322629206003,5.068913001543223,-9.844593460648142,15.917238721660539,5.062042236328125,-9.821990966796875,40.14236255787037,38.47009114583334,55.256085069444445,40.051727294921875,38.39227294921875,55.1427001953125,55.0,695351.0,0.33533516589506174,0.05199235373305518,1.5018518518518518,504afdd19f751c4512ae600b1f6fc46d,d3933f24e89394c9
B_001_005_20230825082953_001_003_000_002.jpg,./data/you_chalk_brood/abnormal/B_001_005_20230825082953_001_003_000_002.jpg,1,abnormal,B_001,B_001_005,B_001_005_20230825,002,1920,1080,2073600,1308235,50.36907958984375,20.59936229121278,6.176946373456786,2.040946180555551,20.55929744944853,6.1764373779296875,2.035675048828125,60.42328269675926,46.11672164351852,46.786233121141976,60.32269287109375,46.01795959472656,46.69012451171875,52.0,1813659.0,0.874642650462963,0.12252041033196227,1.7777777777777777,46760d08e8a56bb3228b4c1ca8c371d8,c9c684d7bc301f93
B_001_005_20230825132944_001_004_000_002.jpg,./data/you_chalk_brood/abnormal/B_001_005_20230825132944_001_004_000_002.jpg,1,abnormal,B_001,B_001_005,B_001_005_20230825,002,1920,1080,2073600,1382323,49.73095703125,20.393919072258534,6.57780430169754,0.08596547067901383,20.363865272671568,6.5773773193359375,0.0874176025390625,58.82255063657407,45.283287037037034,49.4717756558642,58.74775695800781,45.215484619140625,49.3975830078125,49.0,1823855.5,0.879559944058642,0.077996259379803,1.7777777777777777,6f396f40557426a2fe5bcc6a0491e34e,c9e1ee742d9790a1
B_001_005_20230827091426_001_002_000_002.jpg,./data/you_chalk_brood/abnormal/B_001_005_20230827091426_001_002_000_002.jpg,1,abnormal,B_001,B_001_005,B_001_005_20230827,002,1920,1080,2073600,1163080,50.05485534667969,20.607992162914545,5.46158613040123,3.298654996141977,20.560003542432597,5.444305419921875,3.304290771484375,59.969314718364195,46.26145447530864,44.76601273148148,59.83583068847656,46.14430236816406,44.633819580078125,53.0,1902995.0,0.917725212191358,0.26635245934423263,1.7777777777777777,92637b938fea166b86d650c390c5728c,fd0e9c6439f7140a
B_001_005_20230828082027_001_003_000_002.jpg,./data/you_chalk_brood/abnormal/B_001_005_20230828082027_001_003_000_002.jpg,1,abnormal,B_001,B_001_005,B_001_005_20230828,002,1920,1080,2073600,1560301,50.028961181640625,20.561230445110144,4.564793113425935,-0.5004267939814753,20.499333400352327,4.563568115234375,-0.507476806640625,55.62284770447531,47.21322482638889,51.23651234567901,55.46815490722656,47.06736755371094,51.0914306640625,53.0,1857593.5,0.8958301986882716,0.12145854530393035,1.7777777777777777,64363500b14030129d68971b18f8ebb1,e1d6bf38c30a113b
B_001_005_20230829090834_001_003_000_002.jpg,./data/you_chalk_brood/abnormal/B_001_005_20230829090834_001_003_000_002.jpg,1,abnormal,B_001,B_001_005,B_001_005_20230829,002,1920,1080,2073600,1332311,49.440826416015625,20.129941675744373,4.872003279320978,-3.515103202160489,20.063727883731616,4.871734619140625,-3.518829345703125,53.618511284722224,46.495840567129626,55.13296875,53.467681884765625,46.343658447265625,54.97422790527344,54.0,1900607.5,0.9165738329475308,0.24394775491618131,1.7777777777777777,b33822281b472bb9c805fa2bceced4c6,969dc85bcc96652c
B_001_005_20230829132502_001_003_000_002.jpg,./data/you_chalk_brood/abnormal/B_001_005_20230829132502_001_003_000_002.jpg,1,abnormal,B_001,B_001_005,B_001_005_20230829,002,1920,1080,2073600,1442636,51.06048583984375,21.293001089324616,1.486307870370382,1.4784717399691374,21.2419158337163,1.474151611328125,1.484619140625,53.477536651234566,50.46922116126543,49.000316840277776,53.34715270996094,50.34236145019531,48.85685729980469,51.0,1717802.0,0.8284153163580247,0.04761129991575903,1.7777777777777777,8e68a674cb53ad311c41c423fdf1111b,8db4a10b387aeea3
B_001_005_20230829132726_001_002_000_002.jpg,./data/you_chalk_brood/abnormal/B_001_005_20230829132726_001_002_000_002.jpg,1,abnormal,B_001,B_001_005,B_001_005_20230829,002,1920,1080,2073600,1267428,54.524627685546875,22.384282331759866,3.1006558641975346,-0.2682388117283949,22.323369044883577,3.0997467041015625,-0.2703399658203125,58.45625241126543,52.62945167824074,55.30448591820988,58.30235290527344,52.48968505859375,55.15728759765625,55.0,1888198.0,0.910589313271605,0.2294864792898346,1.7777777777777777,4976fdc62d35b9badcfe209b656a3fdf,d4d4f537058832cf
B_001_006_20230819184551_001_003_000_002.jpg,./data/you_chalk_brood/abnormal/B_001_006_20230819184551_001_003_000_002.jpg,1,abnormal,B_001,B_001_006,B_001_006_20230819,002,1920,1080,2073600,1169362,33.91688537597656,12.75400799594529,7.468138020833322,-5.788552758487654,12.708853927313113,7.464599609375,-5.78173828125,40.10498890817901,29.279689911265432,42.482422357253085,40.00007629394531,29.16729736328125,42.36610412597656,83.0,51366.5,0.024771653163580248,0.09857021971713172,1.4568345323741008,c6960dadaad54f4704f427fb5f951c79,9c73dba4496d2568
B_001_006_20230819210541_001_003_000_002.jpg,./data/you_chalk_brood/abnormal/B_001_006_20230819210541_001_003_000_002.jpg,1,abnormal,B_001,B_001_006,B_001_006_20230819,002,1920,1080,2073600,1105528,35.3421630859375,13.810988562091504,6.87808738425926,-5.841331018518517,13.765731512331495,6.8750762939453125,-5.8336944580078125,40.11653742283951,31.41334056712963,44.048821855709875,40.00813293457031,31.314178466796875,43.93778991699219,40.0,252408.0,0.12172453703703703,0.08384091145358998,0.9113300492610837,e0e4e02f004649a765df491783f7e1af,9126f46574dadab0
B_001_006_20230819222522_001_001_000_002.jpg,./data/you_chalk_brood/abnormal/B_001_006_20230819222522_001_001_000_002.jpg,1,abnormal,B_001,B_001_006,B_001_006_20230819,002,1920,1080,2073600,1209168,36.30354309082031,13.707363720951344,7.936035879629628,-5.226527777777775,13.668571920955882,7.933685302734375,-5.215850830078125,43.2067081404321,31.53990981867284,43.43537760416667,43.11767578125,31.451263427734375,43.33451843261719,55.0,196238.0,0.09463638117283951,0.052764090215244294,0.8359659781287971,4f54fb120b17e06db62909b20b53217c,f76f12290286c77a
B_001_006_20230819224749_001_001_000_002.jpg,./data/you_chalk_brood/abnormal/B_001_006_20230819224749_001_001_000_002.jpg,1,abnormal,B_001,B_001_006,B_001_006_20230819,002,1920,1080,2073600,1140936,39.9486083984375,15.442556470890825,3.9867780671296202,-10.379130497685182,15.408552581188726,3.9774932861328125,-10.363967895507812,37.30428578317901,38.524044174382716,54.892646122685186,37.22132873535156,38.44667053222656,54.79237365722656,67.0,1188062.0,0.5729465663580247,0.05288178703571414,1.7777777777777777,902d61925e70c62b336da21fdea524f0,b4b5b4ff494b4940
B_001_006_20230819225922_001_004_000_002.jpg,./data/you_chalk_brood/abnormal/B_001_006_20230819225922_001_004_000_002.jpg,1,abnormal,B_001,B_001_006,B_001_006_20230819,002,1920,1080,2073600,1180110,40.32061767578125,15.686544004175742,5.574642650462977,-12.151968074845684,15.651406680836397,5.56683349609375,-12.130264282226562,37.96838445216049,38.1460190007716,58.361125096450614,37.88555908203125,38.06962585449219,58.25102233886719,61.0,748404.0,0.3609201388888889,0.024683109814033072,1.5083333333333333,6b0e5e6b9a3f2f2b0049cfe38f434ba3,9d49376327409ade
B_001_006_20230820183914_001_003_000_002.jpg,./data/you_chalk_brood/abnormal/B_001_006_20230820183914_001_003_000_002.jpg,1,abnormal,B_001,B_001_006,B_001_006_20230820,002,1920,1080,2073600,1000228,49.07920837402344,19.603969226579522,7.597436824845687,-10.670124903549379,19.55313289866728,7.5985260009765625,-10.666824340820312,51.391678722993824,45.123967978395065,64.37119068287036,51.2705078125,45.01115417480469,64.24864196777344,50.0,1087354.5,0.5243800636574074,0.03222551981574344,1.7777777777777777,8e44bbaa0a82249249321f9c6be6624e,8f77668e768c9098
B_001_006_20230820195325_001_002_000_002.jpg,./data/you_chalk_brood/abnormal/B_001_006_20230820195325_001_002_000_002.jpg,1,abnormal,B_001,B_001_006,B_001_006_20230820,002,1920,1080,2073600,1141735,42.40087890625,16.467383805374002,4.426781442901245,-10.439774787808645,16.421796013327207,4.427825927734375,-10.42486572265625,40.366662808641976,40.696127989969135,57.388317901234565,40.26690673828125,40.5933837890625,57.264434814453125,65.0,1446618.0,0.6976359953703704,0.12651155381221696,1.7777777777777777,e87962c4edcca67c1320f0969f0b8587,a53c5ac3b5bc4269
B_001_006_20230820200756_001_001_000_002.jpg,./data/you_chalk_brood/abnormal/B_001_006_20230820200756_001_001_000_002.jpg,1,abnormal,B_001,B_001_006,B_001_006_20230820,002,1920,1080,2073600,1004720,44.37287902832031,17.66055264312515,5.004364390432102,-13.571254822530861,17.627569460401347,4.993316650390625,-13.563583374023438,40.05781201774691,42.918932291666664,63.67752411265432,39.98219299316406,42.847320556640625,63.58488464355469,64.0,1177092.0,0.56765625,0.06341760867568512,1.7777777777777777,84798a1a7a9af0b749656f839d538a61,a713582aa7555b2e
B_001_006_20230820205231_001_003_000_002.jpg,./data/you_chalk_brood/abnormal/B_001_006_20230820205231_001_003_000_002.jpg,1,abnormal,B_001,B_001_006,B_001_006_20230820,002,1920,1080,2073600,1086049,37.055023193359375,14.314302680948924,5.263244598765425,-9.522692418981478,14.277409572227329,5.270050048828125,-9.51226806640625,36.97200761959876,34.50924045138889,51.154164255401234,36.889251708984375,34.4239501953125,51.05778503417969,54.0,713392.5,0.3440357349537037,0.02099844949463517,1.7777777777777777,315968d53421ecdfcf368f8d5c615bc5,a7c74346b57d1832
B_001_006_20230820212720_001_004_000_002.jpg,./data/you_chalk_brood/abnormal/B_001_006_20230820212720_001_004_000_002.jpg,1,abnormal,B_001,B_001_006,B_001_006_20230820,002,1920,1080,2073600,1030927,37.94287109375,14.724005991285402,6.063700810185196,-6.953265335648155,14.68912162032782,6.070343017578125,-6.93603515625,41.495177469135804,34.1893002507716,48.72322530864197,41.411712646484375,34.10630798339844,48.62675476074219,56.0,1615131.5,0.7789021508487655,0.16100434408522996,1.7777777777777777,e0a7abd2e5aea4ef4349b948b22c4857,96156de292816efc
B_001_006_20230821180840_001_003_000_002.jpg,./data/you_chalk_brood/abnormal/B_001_006_20230821180840_001_003_000_002.jpg,1,abnormal,B_001,B_001_006,B_001_006_20230821,002,1920,1080,2073600,1137031,42.15141296386719,16.59957637375938,6.440104166666657,-9.068320794753092,16.563768573835784,6.42816162109375,-9.054718017578125,43.76509500385802,38.89809172453704,55.39159191743827,43.683563232421875,38.82087707519531,55.29798889160156,50.0,1477652.5,0.7126024787808642,0.05698713400805098,1.7777777777777777,1afe829920e3551c123f65fe3d8791c2,de39c36623ce3a05
B_001_006_20230821204547_001_001_000_002.jpg,./data/you_chalk_brood/abnormal/B_001_006_20230821204547_001_001_000_002.jpg,1,abnormal,B_001,B_001_006,B_001_006_20230821,002,1920,1080,2073600,1061351,37.93601989746094,14.580916772573229,6.509779610339507,-7.020464891975308,14.54172171798407,6.50738525390625,-7.0067901611328125,41.680258969907406,34.29816502700617,47.72221643518518,41.586181640625,34.20655822753906,47.61222839355469,49.0,1599516.5,0.771371768904321,0.13620473390150642,1.7777777777777777,d1436e9bbbfda7744e095301031906c4,e1c787d1f00714f6
B_001_006_20230821205727_001_003_000_002.jpg,./data/you_chalk_brood/abnormal/B_001_006_20230821205727_001_003_000_002.jpg,1,abnormal,B_001,B_001_006,B_001_006_20230821,002,1920,1080,2073600,1203312,41.50096130371094,16.0872490392762,4.926486304012343,-10.812776813271611,16.058792413449755,4.91595458984375,-10.796401977539062,39.67356819058642,39.48161072530864,57.21449122299383,39.60627746582031,39.42169189453125,57.12495422363281,62.0,1387748.0,0.6692457561728395,0.05136073729445642,1.7777777777777777,5c05167dc2c44fd7215d209ef226b3dc,cc8cbca3b33ba0a6
B_001_006_20230821211020_001_004_000_002.jpg,./data/you_chalk_brood/abnormal/B_001_006_20230821211020_001_004_000_002.jpg,1,abnormal,B_001,B_001_006,B_001_006_20230821,002,1920,1080,2073600,1119541,41.73411560058594,16.09508309882595,7.24516348379629,-9.347249710648143,16.059899423636644,7.2455291748046875,-9.327606201171875,44.45539255401235,37.95649787808642,54.71971209490741,44.380279541015625,37.88642883300781,54.61297607421875,58.0,671866.5,0.32400969328703705,0.03598211778045604,1.4037037037037037,59bb182c9c85d0d3f742fb7757003d47,8343e7e4c5989c5e
B_001_006_20230821225740_001_002_000_002.jpg,./data/you_chalk_brood/abnormal/B_001_006_20230821225740_001_002_000_002.jpg,1,abnormal,B_001,B_001_006,B_001_006_20230821,002,1920,1080,2073600,1194377,47.83934020996094,18.886339755809733,5.007765239197539,-9.617080439814814,18.842976888020832,5.0010833740234375,-9.601852416992188,47.114948881172836,45.645288869598765,61.942664448302466,47.01289367675781,45.54844665527344,61.81846618652344,65.0,444302.5,0.21426625192901236,0.019949576804069922,1.1617507136060894,badfe2eb26c3ec5d844963e932b50889,9a71ec9669ae518a
B_001_006_20230822203540_001_003_000_002.jpg,./data/you_chalk_brood/abnormal/B_001_006_20230822203540_001_003_000_002.jpg,1,abnormal,B_001,B_001_006,B_001_006_20230822,002,1920,1080,2073600,1096220,44.34376525878906,17.175912687605905,5.402989004629632,-9.180602334104933,17.138043571920957,5.402008056640625,-9.16534423828125,44.941966145833334,41.71088493441358,57.139561631944446,44.857421875,41.6292724609375,57.03175354003906,64.0,1478773.0,0.7131428433641975,0.12236542006537403,1.7777777777777777,3498d6b5afe26577c6e0c5e60dbec91e,8484335aceceb1f6
B_001_006_20230824191202_001_002_000_002.jpg,./data/you_chalk_brood/abnormal/B_001_006_20230824191202_001_002_000_002.jpg,1,abnormal,B_001,B_001_006,B_001_006_20230824,002,1920,1080,2073600,1103563,37.19371032714844,14.147482828007748,6.587014371141976,-9.093487172067896,14.10955690870098,6.590087890625,-9.08514404296875,39.556135706018516,33.683703703703706,49.85679301697531,39.46978759765625,33.60009765625,49.75846862792969,52.0,1424777.5,0.6871033468364197,0.1191082938027184,1.7777777777777777,31ffe4827e1a29e452110c4f726d3fd7,dd4b793162864579
B_001_006_20230824224630_001_002_000_002.jpg,./data/you_chalk_brood/abnormal/B_001_006_20230824224630_001_002_000_002.jpg,1,abnormal,B_001,B_001_006,B_001_006_20230824,002,1920,1080,2073600,1070718,40.38623046875,15.84010019517066,7.082265142746905,-8.516304976851856,15.795587277879902,7.0847625732421875,-8.503829956054688,43.78924430941358,36.428601466049386,52.839318094135805,43.68812561035156,36.3253173828125,52.723907470703125,48.0,797789.0,0.3847362075617284,0.049201755917093755,1.8533604887983706,b9ffc49959f3473656a1413f572de0a1,c77d31104ebcf262
B_001_007_20230819184342_001_002_000_002.jpg,./data/you_chalk_brood/abnormal/B_001_007_20230819184342_001_002_000_002.jpg,1,abnormal,B_001,B_001_007,B_001_007_20230819,002,1920,1080,2073600,1104065,43.63960266113281,17.128302960844835,6.857290219907412,-9.662431037808645,17.086929620481005,6.8563079833984375,-9.6427001953125,45.73350597993827,39.99045862268518,57.78853250385802,45.637420654296875,39.89703369140625,57.674560546875,54.0,925057.5,0.44611183449074077,0.025425012767044546,1.760185185185185,8e498d3b9fa35e19f5b2bedfa177dee5,a870549b1f0f9cf4
B_001_007_20230819185222_001_004_000_002.jpg,./data/you_chalk_brood/abnormal/B_001_007_20230819185222_001_004_000_002.jpg,1,abnormal,B_001,B_001_007,B_001_007_20230819,002,1920,1080,2073600,1095274,41.58197021484375,16.037012073347857,4.326355131172846,-8.76472463348766,16.000677370557597,4.3296051025390625,-8.754974365234375,40.9062712191358,39.66064670138889,54.006571180555554,40.82353210449219,39.580291748046875,53.911590576171875,64.0,1011442.5,0.4877712673611111,0.02717005724173376,1.7777777777777777,4fe252a9a814c4af0e0844a33d2b0224,db7f660191256798
B_001_007_20230819193922_001_001_000_002.jpg,./data/you_chalk_brood/abnormal/B_001_007_20230819193922_001_001_000_002.jpg,1,abnormal,B_001,B_001_007,B_001_007_20230819,002,1920,1080,2073600,1157042,44.459808349609375,17.430547612563547,4.994743441358025,-13.211579861111105,17.387623506433822,4.98785400390625,-13.196701049804688,40.53542631172839,42.95916666666667,63.18436680169753,40.43833923339844,42.86405944824219,63.0648193359375,72.0,963480.0,0.4646412037037037,0.028514465868293256,1.7777777777777777,0ef80cc1a0483dd07aa3c1ba6a0847f2,a5a5a5a7095a5b4b
B_001_007_20230819195100_001_004_000_002.jpg,./data/you_chalk_brood/abnormal/B_001_007_20230819195100_001_004_000_002.jpg,1,abnormal,B_001,B_001_007,B_001_007_20230819,002,1920,1080,2073600,1086384,35.901763916015625,14.157107654018398,6.357404031635809,-4.768791956018518,14.10888671875,6.355682373046875,-4.7596893310546875,40.56475163966049,32.247163869598765,43.428830054012344,40.45355224609375,32.13818359375,43.30609130859375,38.0,1147602.5,0.5534348476080246,0.04615372856427804,1.7777777777777777,d8b782e997d3dcb8f459ce06efd48fc0,dd0e84fd5e8d0994
B_001_007_20230819202844_001_003_000_002.jpg,./data/you_chalk_brood/abnormal/B_001_007_20230819202844_001_003_000_002.jpg,1,abnormal,B_001,B_001_007,B_001_007_20230819,002,1920,1080,2073600,1066594,43.475372314453125,16.999023768458,5.3337446952160406,-9.812872781635804,16.96613386565564,5.3351898193359375,-9.80078125,43.31178578317901,40.91662085262346,57.747332175925926,43.23356628417969,40.84153747558594,57.656829833984375,60.0,962526.5,0.46418137538580245,0.03297449302061031,1.7777777777777777,433282b99fc02f0e1516feaa7c3812db,a9ca56352e48d5d6
B_001_007_20230819210330_001_002_000_002.jpg,./data/you_chalk_brood/abnormal/B_001_007_20230819210330_001_002_000_002.jpg,1,abnormal,B_001,B_001_007,B_001_007_20230819,002,1920,1080,2073600,1163109,37.12591552734375,14.156821138949406,6.2133690200617195,-9.764143036265438,14.111944460401348,6.220916748046875,-9.747482299804688,38.09379099151234,34.196679205246916,50.51378761574074,37.9979248046875,34.105377197265625,50.396728515625,53.0,1265869.5,0.6104694733796296,0.08487046413077272,1.7777777777777777,87b58d51c67d700f797f0561534192a6,aac61d32b352998f
B_001_007_20230819220640_001_004_000_002.jpg,./data/you_chalk_brood/abnormal/B_001_007_20230819220640_001_004_000_002.jpg,1,abnormal,B_001,B_001_007,B_001_007_20230819,002,1920,1080,2073600,1181395,45.16065979003906,17.926896105664486,7.232602719907419,-10.270614872685186,17.886220894607842,7.222442626953125,-10.254867553710938,46.837575713734566,41.59801552854938,59.884446855709875,46.73699951171875,41.51057434082031,59.776031494140625,52.0,1529169.5,0.7374467110339507,0.07107277785256419,1.7777777777777777,98c8705ac2aabcb2227cf32ce86f2d18,9323f4ae20df8933
B_001_007_20230820195746_001_003_000_002.jpg,./data/you_chalk_brood/abnormal/B_001_007_20230820195746_001_003_000_002.jpg,1,abnormal,B_001,B_001_007,B_001_007_20230820,002,1920,1080,2073600,1172182,39.909759521484375,15.326759940087145,4.956525366512352,-9.795474537037038,15.292950798483457,4.960662841796875,-9.779937744140625,39.267709780092595,37.65407841435185,53.87896122685185,39.19505310058594,37.58201599121094,53.786468505859375,60.0,1183248.0,0.570625,0.043064802502931085,1.7777777777777777,8ffa7182c8ba6f6755b47731cc0893ca,f02d0ff0f00f1cf1
B_001_007_20230820220458_001_001_000_002.jpg,./data/you_chalk_brood/abnormal/B_001_007_20230820220458_001_001_000_002.jpg,1,abnormal,B_001,B_001_007,B_001_007_20230820,002,1920,1080,2073600,1089190,37.42120361328125,14.52908723674655,5.948296199845686,-10.701344039351852,14.491966097962623,5.9443511962890625,-10.68585205078125,37.070131655092595,34.67510609567901,53.20676167052469,36.98515319824219,34.586395263671875,53.107635498046875,48.0,1059412.5,0.5109049479166666,0.046904072844057544,1.7777777777777777,c51fb85173caac11ecd141ba63a21cc8,a27a1d6daa8346f2
B_001_007_20230821184624_001_001_000_002.jpg,./data/you_chalk_brood/abnormal/B_001_007_20230821184624_001_001_000_002.jpg,1,abnormal,B_001,B_001_007,B_001_007_20230821,002,1920,1080,2073600,1139715,48.34303283691406,18.9903713916122,4.998720100308645,-10.880390142746919,18.955090092677697,4.998291015625,-10.876968383789062,46.63049913194445,46.349157503858024,63.780711805555555,46.54588317871094,46.26756286621094,63.692474365234375,71.0,1041014.5,0.502032455632716,0.03253251189011481,1.7777777777777777,e236d7ffd9b6498d05ab7b19cbdd3b69,a1e3c1e2cbc2c6ad
B_001_007_20230821192634_001_001_000_002.jpg,./data/you_chalk_brood/abnormal/B_001_007_20230821192634_001_001_000_002.jpg,1,abnormal,B_001,B_001_007,B_001_007_20230821,002,1920,1080,2073600,1046165,39.996124267578125,15.515989999394819,7.793151041666675,-8.97925733024691,15.47933541092218,7.7868194580078125,-8.959671020507812,44.1430647183642,35.564080343364196,52.754890046296296,44.05177307128906,35.48564147949219,52.65162658691406,49.0,1215862.0,0.5863532021604938,0.09575043282953422,1.6694444444444445,b12b6cbe2a2e9da774f1166bf045c9ce,8dca32261abbb4cd
B_001_007_20230821213131_001_003_000_002.jpg,./data/you_chalk_brood/abnormal/B_001_007_20230821213131_001_003_000_002.jpg,1,abnormal,B_001,B_001_007,B_001_007_20230821,002,1920,1080,2073600,1137675,47.13018798828125,18.601867737835878,7.08225405092594,-11.60635223765432,18.557942708333332,7.075897216796875,-11.595016479492188,47.98027102623457,43.59544704861111,63.97324122299383,47.8741455078125,43.49736022949219,63.86054992675781,53.0,1337382.5,0.6449568383487654,0.06242026088505709,1.7777777777777777,bc03ce9facbc1ea3cc126e27984f5b82,eea706f038f8d88c
B_001_007_20230821213344_001_001_000_002.jpg,./data/you_chalk_brood/abnormal/B_001_007_20230821213344_001_001_000_002.jpg,1,abnormal,B_001,B_001_007,B_001_007_20230821,002,1920,1080,2073600,1145860,43.817230224609375,16.969999886528687,4.494821084104927,-11.039639756944439,16.92889643650429,4.4953765869140625,-11.0228271484375,41.263578317901235,42.20587673611111,59.561298707561726,41.17437744140625,42.11616516113281,59.448516845703125,72.0,1012288.5,0.48817925347222224,0.06568792429857728,1.6046296296296296,064a1246194820e26d86ed2f9698effe,9999996666666563
B_001_007_20230821222507_001_001_000_002.jpg,./data/you_chalk_brood/abnormal/B_001_007_20230821222507_001_001_000_002.jpg,1,abnormal,B_001,B_001_007,B_001_007_20230821,002,1920,1080,2073600,1083282,40.12678527832031,15.57543535160978,6.4507450810185105,-8.962935474537034,15.533698586856618,6.4449615478515625,-8.949676513671875,41.70805507330247,36.9322087191358,53.323013599537035,41.60472106933594,36.83985900878906,53.20817565917969,66.0,74727.0,0.03603732638888889,0.06588567887071883,1.371900826446281,b71a5630da461739d4daa4bc366ec0b0,de247380ec6c33dc
B_001_007_20230821222930_001_001_000_002.jpg,./data/you_chalk_brood/abnormal/B_001_007_20230821222930_001_001_000_002.jpg,1,abnormal,B_001,B_001_007,B_001_007_20230821,002,1920,1080,2073600,1057502,46.3509521484375,18.086486890280803,6.581231674382707,-11.293531539351847,18.044002757352942,6.5938568115234375,-11.278854370117188,46.78454427083334,43.24004918981481,62.05363570601852,46.70286560058594,43.152130126953125,61.94062805175781,62.0,1393409.0,0.6719757908950618,0.09564873799009219,1.7777777777777777,46596f50d67308cc8e2bbb7c3579098e,fdded2838b42c621
B_001_007_20230822193359_001_003_000_002.jpg,./data/you_chalk_brood/abnormal/B_001_007_20230822193359_001_003_000_002.jpg,1,abnormal,B_001,B_001_007,B_001_007_20230822,002,1920,1080,2073600,1063141,42.87721252441406,16.71665040244493,6.488764949845688,-14.440745563271605,16.68292475681679,6.4882659912109375,-14.425827026367188,39.934121334876544,40.55933883101852,63.06967881944445,39.855224609375,40.48719787597656,62.975799560546875,64.0,1098952.0,0.5299729938271605,0.03737799662539241,1.7777777777777777,022074605881482062e84d01f0438ab7,e0b41e5fe1e11c87
B_001_007_20230822201948_001_002_000_002.jpg,./data/you_chalk_brood/abnormal/B_001_007_20230822201948_001_002_000_002.jpg,1,abnormal,B_001,B_001_007,B_001_007_20230822,002,1920,1080,2073600,1059569,38.068756103515625,14.758729915577343,4.838513695987643,-9.456526813271608,14.722284055223652,4.838104248046875,-9.438079833984375,37.34409288194445,35.84083140432099,52.22390239197531,37.25921630859375,35.75483703613281,52.1185302734375,58.0,782385.5,0.37730782214506176,0.043015422872647924,1.7777777777777777,992410189058ade1b5a56cf726533fba,881f23e78de135d1
B_001_007_20230824084118_001_002_000_002.jpg,./data/you_chalk_brood/abnormal/B_001_007_20230824084118_001_002_000_002.jpg,1,abnormal,B_001,B_001_007,B_001_007_20230824,002,1920,1080,2073600,1508646,41.25184631347656,17.25186565752844,11.795465856481485,12.445586419753084,17.21264409083946,11.808822631835938,12.436660766601562,64.0062924382716,33.64468315972222,21.605716145833334,63.91064453125,33.54667663574219,21.523818969726562,50.0,1903840.5,0.9181329571759259,0.20830031682118977,1.7777777777777777,c04e12a8f15613385af637a68ee9c2d6,b686dccd027582fa
B_001_008_20230819195945_001_004_000_002.jpg,./data/you_chalk_brood/abnormal/B_001_008_20230819195945_001_004_000_002.jpg,1,abnormal,B_001,B_001_008,B_001_008_20230819,002,1920,1080,2073600,1130798,41.5242919921875,16.287386339566694,6.800085358796309,-9.104659047067898,16.253709980085784,6.7938690185546875,-9.0948486328125,43.607449845679014,38.02774787808642,54.754505208333335,43.53132629394531,37.95379638671875,54.66896057128906,51.0,1140794.5,0.550151668595679,0.029695379717774015,1.7777777777777777,32a9dff8097ad967565acf3868313d59,ce39d1c633c1aa1b
B_001_008_20230819202053_001_003_000_002.jpg,./data/you_chalk_brood/abnormal/B_001_008_20230819202053_001_003_000_002.jpg,1,abnormal,B_001,B_001_008,B_001_008_20230819,002,1920,1080,2073600,1049697,42.254547119140625,16.888568899782136,7.55866415895062,-8.128047357253081,16.8446439855239,7.56427001953125,-8.119461059570312,46.49474874614197,37.90755015432099,54.475490451388886,46.39649963378906,37.810516357421875,54.3677978515625,41.0,1178331.0,0.568253761574074,0.09708960450833204,1.7777777777777777,d1bc24a2f2778b6d4615e4f4d4bcefd2,c9348de663e9134b
B_001_008_20230819221607_001_004_000_002.jpg,./data/you_chalk_brood/abnormal/B_001_008_20230819221607_001_004_000_002.jpg,1,abnormal,B_001,B_001_008,B_001_008_20230819,002,1920,1080,2073600,1131829,39.32356262207031,15.076122420418786,4.631056616512353,-9.605609085648155,15.040355009191176,4.6290130615234375,-9.594131469726562,38.32017650462963,37.36248890817901,52.740243537808645,38.24528503417969,37.28924560546875,52.6436767578125,60.0,1161664.5,0.5602162905092593,0.03951330744828778,1.7777777777777777,ef8fd436680a0866491fac6c6ab9007d,ce29398ec6511ece
B_001_008_20230819224040_001_002_000_002.jpg,./data/you_chalk_brood/abnormal/B_001_008_20230819224040_001_002_000_002.jpg,1,abnormal,B_001,B_001_008,B_001_008_20230819,002,1920,1080,2073600,1126047,38.063568115234375,14.759439300411524,4.920624517746916,-11.250300443672842,14.726059857536764,4.9111328125,-11.235260009765625,35.59642891589506,36.2044637345679,54.68589988425926,35.51551818847656,36.12849426269531,54.592681884765625,57.0,956882.0,0.4614592978395062,0.024352645213698648,1.7777777777777777,4ea3ebacd77e0a6079196983877b6d3d,ccf1f48c370d8e32
B_001_008_20230820190020_001_001_000_002.jpg,./data/you_chalk_brood/abnormal/B_001_008_20230820190020_001_001_000_002.jpg,1,abnormal,B_001,B_001_008,B_001_008_20230820,002,1920,1080,2073600,1238970,41.24046325683594,16.20730679617526,5.607227044753074,-12.844109278549382,16.169050628063726,5.600860595703125,-12.835968017578125,37.907794174382715,39.47027970679012,59.71847173996913,37.82060241699219,39.384857177734375,59.62336730957031,60.0,189978.0,0.09161747685185186,0.006329904891472168,1.2101851851851853,8c35e7b0973e8335b612e56a05a6eda9,9e0c04ff7c6334d1
B_001_008_20230820204320_001_001_000_002.jpg,./data/you_chalk_brood/abnormal/B_001_008_20230820204320_001_001_000_002.jpg,1,abnormal,B_001,B_001_008,B_001_008_20230820,002,1920,1080,2073600,1143195,39.84199523925781,15.30463681614621,4.773117283950626,-10.583613522376538,15.263324812346815,4.77374267578125,-10.569854736328125,38.0642578125,37.960554108796295,54.93014081790123,37.96855163574219,37.86820983886719,54.817596435546875,65.0,735779.5,0.35483193479938274,0.024272646637947103,1.7777777777777777,81e182ddbbf3ecadc604133d49551bb7,8cccd473733330ea
B_001_008_20230820212806_001_001_000_002.jpg,./data/you_chalk_brood/abnormal/B_001_008_20230820212806_001_001_000_002.jpg,1,abnormal,B_001,B_001_008,B_001_008_20230820,002,1920,1080,2073600,1163766,45.61549377441406,18.020300963749698,7.7405709876543085,-8.12569540895062,17.982429055606616,7.7380218505859375,-8.11187744140625,49.895907118055554,41.34298514660494,57.20796730324074,49.81474304199219,41.253265380859375,57.102264404296875,53.0,450649.0,0.2173268711419753,0.030357279825521888,0.9703703703703703,0ff6099b9082854ad80d28d02d272b11,c51e13d34b6923e6
B_001_008_20230821092519_001_002_000_002.jpg,./data/you_chalk_brood/abnormal/B_001_008_20230821092519_001_002_000_002.jpg,1,abnormal,B_001,B_001_008,B_001_008_20230821,002,1920,1080,2073600,1414422,47.4483642578125,19.737200624848708,8.51621045524692,3.6728993055555463,19.696523628982842,8.510360717773438,3.6663665771484375,61.3101668595679,41.723074845679015,41.48316936728395,61.202056884765625,41.62811279296875,41.39414978027344,43.0,1822719.5,0.8790121045524691,0.10833885876997806,1.7777777777777777,c5372894da0c5a877eea3579e2ac52ad,b661b41878f4c2be
B_001_008_20230821092522_001_004_000_002.jpg,./data/you_chalk_brood/abnormal/B_001_008_20230821092522_001_004_000_002.jpg,1,abnormal,B_001,B_001_008,B_001_008_20230821,002,1920,1080,2073600,1483876,41.47743225097656,17.251995203945775,8.993728780864188,4.395699266975299,17.21163880591299,8.993179321289062,4.40191650390625,56.27056182484568,35.48593412422839,34.49839940200617,56.17430114746094,35.380401611328125,34.38751220703125,41.0,1807894.5,0.8718627025462963,0.08991075623137905,1.7777777777777777,8a1eca469d9c47f92e3cbd5670a32fbd,8c378cae20fb6c66
B_001_008_20230821200741_001_002_000_002.jpg,./data/you_chalk_brood/abnormal/B_001_008_20230821200741_001_002_000_002.jpg,1,abnormal,B_001,B_001_008,B_001_008_20230821,002,1920,1080,2073600,977026,37.73091125488281,14.851792846768335,5.009605999228398,-5.128191068672834,14.819688983992034,5.0134124755859375,-5.109039306640625,41.01069010416666,34.54066599151235,46.31883825231481,40.92716979980469,34.46150207519531,46.22019958496094,57.0,1064914.5,0.5135583043981482,0.06317817746757246,1.7777777777777777,580b8d5cca34dea71939deb613b1bdf9,d86c271bd8ec5554
B_001_008_20230821213219_001_002_000_002.jpg,./data/you_chalk_brood/abnormal/B_001_008_20230821213219_001_002_000_002.jpg,1,abnormal,B_001,B_001_008,B_001_008_20230821,002,1920,1080,2073600,1057228,42.94720458984375,16.839101080246913,5.438152488425914,-8.99513503086419,16.8071013805913,5.4477081298828125,-8.985504150390625,43.559173900462966,40.171999903549384,56.30861014660494,43.483551025390625,40.100982666015625,56.22688293457031,58.0,472082.5,0.22766324266975307,0.038742047402124606,1.51356783919598,6300dafa2e9e8bcd97fabbad7ec0cfab,db6d22c698f16591
B_001_008_20230821224314_001_001_000_002.jpg,./data/you_chalk_brood/abnormal/B_001_008_20230821224314_001_001_000_002.jpg,1,abnormal,B_001,B_001_008,B_001_008_20230821,002,1920,1080,2073600,1084609,41.73475646972656,16.067136816146213,6.804816261574075,-10.18279272762345,16.02838254442402,6.805206298828125,-10.169464111328125,43.33004195601852,38.22501398533951,56.431360918209876,43.24354553222656,38.13551330566406,56.32720947265625,62.0,1292730.5,0.6234232735339507,0.0893925401755001,1.7777777777777777,314c090f5ca6963a5f09e4acdfdb0b23,e88fe812a7ea3153
B_001_008_20230822091817_001_003_000_002.jpg,./data/you_chalk_brood/abnormal/B_001_008_20230822091817_001_003_000_002.jpg,1,abnormal,B_001,B_001_008,B_001_008_20230822,002,1920,1080,2073600,1691918,56.53511047363281,23.733948915214235,10.43137779706791,8.663386863425927,23.683405857460173,10.423355102539062,8.671844482421875,76.03321132330247,49.48259645061729,42.96529031635802,75.88301086425781,49.3509521484375,42.82444763183594,49.0,1942736.0,0.9368904320987654,0.21354562132763466,1.7777777777777777,9b51310f21e5d418a4feecea2d6e44ca,995299e462fe0e2d
B_001_008_20230822091915_001_003_000_002.jpg,./data/you_chalk_brood/abnormal/B_001_008_20230822091915_001_003_000_002.jpg,1,abnormal,B_001,B_001_008,B_001_008_20230822,002,1920,1080,2073600,1419952,39.99626159667969,16.117781522331153,4.299410204475322,-0.1219608410493862,16.06961119408701,4.294708251953125,-0.1241607666015625,45.492241994598764,37.35346064814815,40.156624710648146,45.37818908691406,37.24592590332031,40.04988098144531,50.0,1717845.0,0.8284360532407408,0.08282432425726788,1.7777777777777777,d14426281d071ea319ccad75b16be9b7,9a53698cb212e977
B_001_008_20230822191036_001_001_000_002.jpg,./data/you_chalk_brood/abnormal/B_001_008_20230822191036_001_001_000_002.jpg,1,abnormal,B_001,B_001_008,B_001_008_20230822,002,1920,1080,2073600,1015020,45.029022216796875,17.77069073771484,6.000557002314821,-4.482353395061722,17.738653444776347,5.9975433349609375,-4.466705322265625,49.78090326003086,41.55215615354938,51.174002218364194,49.69975280761719,41.480865478515625,51.08282470703125,56.0,1187378.5,0.5726169463734568,0.03243244385278801,1.7777777777777777,43cfd88379f4e9b6604833b0d69d5f5c,ef5431b91e15ac32
B_001_008_20230822192350_001_002_000_002.jpg,./data/you_chalk_brood/abnormal/B_001_008_20230822192350_001_002_000_002.jpg,1,abnormal,B_001,B_001_008,B_001_008_20230822,002,1920,1080,2073600,1033542,39.95265197753906,15.375804511619464,5.636184895833338,-8.562106963734564,15.33993590111826,5.6325836181640625,-8.545608520507812,41.26375048225309,37.092003279320984,51.97173611111111,41.18171691894531,37.01164245605469,51.87115478515625,58.0,1098879.5,0.529938030478395,0.043298310008256076,1.7777777777777777,80c0c10d0e06077d9aac46516fff3b93,93e2d16464e767d0
B_001_008_20230822201823_001_004_000_002.jpg,./data/you_chalk_brood/abnormal/B_001_008_20230822201823_001_004_000_002.jpg,1,abnormal,B_001,B_001_008,B_001_008_20230822,002,1920,1080,2073600,1191716,41.731292724609375,16.455987124788187,7.1684481095678905,-9.593964120370373,16.412156048943014,7.1649322509765625,-9.587203979492188,43.53010416666667,38.24605034722222,55.80473813657407,43.43663024902344,38.14756774902344,55.69305419921875,97.0,26603.5,0.012829619984567902,0.3146712322336057,1.6103896103896105,0e92178f61c42c3b3ead3d054b564cd0,9792d386349f40fa
B_001_008_20230827092507_001_004_000_002.jpg,./data/you_chalk_brood/abnormal/B_001_008_20230827092507_001_004_000_002.jpg,1,abnormal,B_001,B_001_008,B_001_008_20230827,002,1920,1080,2073600,1489875,48.470977783203125,20.350824179980638,8.680905189043216,6.051017071759247,20.329230813419116,8.6759033203125,6.0584869384765625,63.5211149691358,42.70270158179012,39.22594425154321,63.468170166015625,42.65592956542969,39.16387939453125,47.0,1865248.5,0.8995218460648148,0.1493434423754494,1.7777777777777777,084cd766dd2f0750c40883e4b258232f,924992b67d959c93
B_001_008_20230827134617_001_003_000_002.jpg,./data/you_chalk_brood/abnormal/B_001_008_20230827134617_001_003_000_002.jpg,1,abnormal,B_001,B_001_008,B_001_008_20230827,002,1920,1080,2073600,1533116,50.55674743652344,21.012302559912854,9.93310281635803,3.3392264660493822,20.980727251838236,9.92803955078125,3.3381195068359375,65.9016796875,43.89264708719136,45.349768518518516,65.81793212890625,43.81767272949219,45.27056884765625,53.0,1856344.5,0.8952278645833334,0.16167693296794994,1.7777777777777777,5591c6502b6b6bf54f800f782314e6f7,fc37bd504c0be4a4
B_001_009_20230819193629_001_001_000_002.jpg,./data/you_chalk_brood/abnormal/B_001_009_20230819193629_001_001_000_002.jpg,1,abnormal,B_001,B_001_009,B_001_009_20230819,002,1920,1080,2073600,1053228,36.57856750488281,14.391548089143065,5.895487075617297,-10.002971161265435,14.351609173943014,5.901275634765625,-9.996109008789062,36.84076967592593,33.628390721450614,51.92469618055556,36.74726867675781,33.5401611328125,51.82293701171875,49.0,668099.5,0.3221930459104938,0.07373096782943005,1.3240740740740742,dd899e918d79a8efd1fab18df85546a0,8c7789cc049b4fb5
B_001_009_20230819211555_001_002_000_002.jpg,./data/you_chalk_brood/abnormal/B_001_009_20230819211555_001_002_000_002.jpg,1,abnormal,B_001,B_001_009,B_001_009_20230819,002,1920,1080,2073600,1151692,44.91900634765625,17.31052484265311,7.599695216049383,-10.804762731481475,17.26922727098652,7.6029815673828125,-10.794647216796875,47.09778260030864,41.04690055941358,60.001440489969134,47.00892639160156,40.956817626953125,59.90461730957031,68.0,1341021.5,0.6467117573302469,0.06387939496813524,1.7777777777777777,c64be570e8089e9ad007409b0e2bd4bc,a55ab9da991aa643
B_001_009_20230820185013_001_001_000_002.jpg,./data/you_chalk_brood/abnormal/B_001_009_20230820185013_001_001_000_002.jpg,1,abnormal,B_001,B_001_009,B_001_009_20230820,002,1920,1080,2073600,1087097,39.2027587890625,15.172497579278625,6.333446180555569,-9.523072916666663,15.131794050628065,6.339080810546875,-9.509658813476562,40.426062885802466,36.0915340470679,52.88221209490741,40.33399963378906,35.99595642089844,52.766204833984375,56.0,96367.5,0.046473524305555555,0.06822198662403943,1.084051724137931,d17c927cd4cfc4df5db2d16dd45799bc,bfed391245855c32
B_001_009_20230820191318_001_003_000_002.jpg,./data/you_chalk_brood/abnormal/B_001_009_20230820191318_001_003_000_002.jpg,1,abnormal,B_001,B_001_009,B_001_009_20230820,002,1920,1080,2073600,1022782,42.703887939453125,16.894210504417817,7.363822820216058,-8.723443769290128,16.85348211550245,7.358551025390625,-8.713394165039062,46.24998794367284,38.52664255401235,55.791898630401235,46.153289794921875,38.435150146484375,55.687255859375,47.0,567253.0,0.2735595100308642,0.0665902435315264,1.0564814814814816,7e496e3665471dcf61a7de15b85ca9de,dc4b5ff568946980
B_001_009_20230820194950_001_003_000_002.jpg,./data/you_chalk_brood/abnormal/B_001_009_20230820194950_001_003_000_002.jpg,1,abnormal,B_001,B_001_009,B_001_009_20230820,002,1920,1080,2073600,1101253,42.22068786621094,16.33184061819172,4.979710648148142,-8.671308834876541,16.291886871936274,4.98101806640625,-8.657608032226562,42.62501639660494,39.75659336419753,54.71692708333333,42.53633117675781,39.666229248046875,54.606292724609375,60.0,1272568.0,0.6136998456790124,0.05115237412543898,1.7777777777777777,513ab372cf6a19027412bb801d8514fe,b49f50af405fe514
B_001_009_20230820202147_001_002_000_002.jpg,./data/you_chalk_brood/abnormal/B_001_009_20230820202147_001_002_000_002.jpg,1,abnormal,B_001,B_001_009,B_001_009_20230820,002,1920,1080,2073600,1177084,45.57830810546875,18.051833885560395,8.079588638117286,-7.995661168981485,18.000996907552082,8.080581665039062,-7.98431396484375,50.90132908950617,40.80202690972222,57.31094859182099,50.78224182128906,40.6820068359375,57.182830810546875,52.0,1007106.0,0.4856799768518518,0.030499940919470756,1.6990740740740742,39d1d3ac38f31e45b575fe13cb4b6ca0,d902f9e16c6e9435
B_001_009_20230820203524_001_001_000_002.jpg,./data/you_chalk_brood/abnormal/B_001_009_20230820203524_001_001_000_002.jpg,1,abnormal,B_001,B_001_009,B_001_009_20230820,002,1920,1080,2073600,1162523,45.0101318359375,17.798442038852578,7.7420775462962865,-6.916316068672842,17.754522585401347,7.741790771484375,-6.905853271484375,50.560542534722224,40.45433304398148,54.85539255401235,50.4549560546875,40.355377197265625,54.73992919921875,55.0,448892.5,0.216479793595679,0.08652968363146113,1.269859813084112,82291b62b49f2fbbf76a127f3712acc3,95d91c38f1d3ac52
B_001_009_20230821181347_001_002_000_002.jpg,./data/you_chalk_brood/abnormal/B_001_009_20230821181347_001_002_000_002.jpg,1,abnormal,B_001,B_001_009,B_001_009_20230821,002,1920,1080,2073600,1000549,33.47367858886719,12.874864212660372,6.02067804783951,-9.229609857253081,12.836100260416666,6.0181121826171875,-9.217239379882812,35.01046778549383,30.11816647376543,47.669506172839505,34.91120910644531,30.029541015625,47.56739807128906,49.0,1180208.5,0.5691591917438271,0.06690315069546537,1.7777777777777777,13526892c178cca8c0af23cf560b59a4,968eedb2b23aae01
B_001_009_20230821181733_001_001_000_002.jpg,./data/you_chalk_brood/abnormal/B_001_009_20230821181733_001_001_000_002.jpg,1,abnormal,B_001,B_001_009,B_001_009_20230821,002,1920,1080,2073600,1104396,39.93229675292969,15.554692417090292,5.314117959104948,-8.656815682870374,15.51595650467218,5.3150634765625,-8.64117431640625,40.78371141975309,37.158209394290125,52.891991705246916,40.69386291503906,37.06968688964844,52.781036376953125,55.0,1157679.5,0.5582945119598766,0.03790954284523907,1.7777777777777777,0fdc3e74d0d6a84a4eeb725223459c30,a14ee4a03bf1b2e6
B_001_009_20230821190317_001_003_000_002.jpg,./data/you_chalk_brood/abnormal/B_001_009_20230821190317_001_003_000_002.jpg,1,abnormal,B_001,B_001_009,B_001_009_20230821,002,1920,1080,2073600,1086217,38.11131286621094,14.97450223916727,6.046043113425924,-9.50180796682099,14.936762791053921,6.0557403564453125,-9.490890502929688,39.15731577932099,34.96043885030864,52.419728491512345,39.07539367675781,34.870849609375,52.317138671875,46.0,782312.0,0.3772723765432099,0.05264689320736625,1.6083333333333334,7bd6ca16f2d604a7b5f4d14fa9a7ecd7,871a75e44ed88727
B_001_009_20230821194949_001_001_000_002.jpg,./data/you_chalk_brood/abnormal/B_001_009_20230821194949_001_001_000_002.jpg,1,abnormal,B_001,B_001_009,B_001_009_20230821,002,1920,1080,2073600,1106252,47.68763732910156,19.07497011922053,7.530555555555566,-9.429009934413585,19.037421731387866,7.52471923828125,-9.416458129882812,50.920049672067904,43.50468219521605,61.529770447530865,50.82432556152344,43.42112731933594,61.428924560546875,47.0,1094193.5,0.5276781925154321,0.10255289776670727,1.651851851851852,d02f11b98f42ea83886443db0de50b21,9cb74047f9660c6e
B_001_009_20230821195405_001_004_000_002.jpg,./data/you_chalk_brood/abnormal/B_001_009_20230821195405_001_004_000_002.jpg,1,abnormal,B_001,B_001_009,B_001_009_20230821,002,1920,1080,2073600,1082663,40.308807373046875,15.838276711147422,6.942051504629632,-6.856144386574073,15.796682320389094,6.9451904296875,-6.8473663330078125,44.47751157407407,36.40132378472222,50.402469618055555,44.38330078125,36.30296325683594,50.29840087890625,48.0,370443.0,0.1786472800925926,0.033341086360517455,1.0851851851851853,996539a3bded1f4c8f0fd95c77175b26,bd9a584e053f30f8
B_001_009_20230821201457_001_001_000_002.jpg,./data/you_chalk_brood/abnormal/B_001_009_20230821201457_001_001_000_002.jpg,1,abnormal,B_001,B_001_009,B_001_009_20230821,002,1920,1080,2073600,1222270,45.53999328613281,17.630998471919632,5.223566743827149,-8.543832465277774,17.602939979702818,5.22039794921875,-8.533172607421875,45.94960407021605,43.07708863811728,57.72085985725309,45.88494873046875,43.016143798828125,57.641632080078125,95.0,43813.0,0.02112895447530864,0.08530282523081527,1.2344322344322345,5a4e0553d2d5d3644c1721937c293bbf,bd156a4a5da0d58d
B_001_009_20230821202251_001_002_000_002.jpg,./data/you_chalk_brood/abnormal/B_001_009_20230821202251_001_002_000_002.jpg,1,abnormal,B_001,B_001_009,B_001_009_20230821,002,1920,1080,2073600,1016792,44.2593994140625,17.03237847222222,7.547369309413568,-10.216270254629634,16.99054792815564,7.5493927001953125,-10.197128295898438,47.13700761959876,40.17036844135802,58.63948254243827,47.042236328125,40.08074951171875,58.522674560546875,64.0,1502239.0,0.7244593942901234,0.15087845993012705,1.7777777777777777,fcc192f7ff14b335d3c7e6ddba46deaa,9369766d93926b81
B_001_009_20230821204214_001_003_000_002.jpg,./data/you_chalk_brood/abnormal/B_001_009_20230821204214_001_003_000_002.jpg,1,abnormal,B_001,B_001_009,B_001_009_20230821,002,1920,1080,2073600,1160412,47.64393615722656,18.882490619704672,6.965747492283953,-9.358420138888889,18.843371821384803,6.9632720947265625,-9.345596313476562,49.88489293981481,44.04392795138889,61.13017168209876,49.78773498535156,43.952362060546875,61.02433776855469,60.0,200573.5,0.09672718942901234,0.05649805392547764,0.7367119901112484,76e3e2c7aab8569af7d70ad38cea4ebe,c691b389c9cc7acc
B_001_009_20230821215819_001_001_000_002.jpg,./data/you_chalk_brood/abnormal/B_001_009_20230821215819_001_001_000_002.jpg,1,abnormal,B_001,B_001_009,B_001_009_20230821,002,1920,1080,2073600,1001609,41.04454040527344,16.081140500181554,5.179922357253076,-14.366085551697537,16.045879289215687,5.1761932373046875,-14.357086181640625,36.29263358410494,39.61597897376543,61.38068817515432,36.21351623535156,39.53910827636719,61.28144836425781,66.0,364640.5,0.17584900655864197,0.0126788335764168,1.3129629629629629,8552b5d42d5b467cc5075c320bc37535,932d6c93936d6790
B_001_009_20230822180823_001_004_000_002.jpg,./data/you_chalk_brood/abnormal/B_001_009_20230822180823_001_004_000_002.jpg,1,abnormal,B_001,B_001_009,B_001_009_20230822,002,1920,1080,2073600,1122213,41.38722229003906,16.007338568143307,6.9706896219135785,-13.591912133487654,15.970788095511642,6.963134765625,-13.580352783203125,39.91523389274691,38.52751012731481,60.65307677469136,39.826690673828125,38.448699951171875,60.557708740234375,63.0,989576.0,0.4772260802469136,0.0414693180153974,1.7777777777777777,ad5546b92db1e513f64f13bc06d72ea7,8c9e73338cdc70b2
B_001_009_20230822182715_001_002_000_002.jpg,./data/you_chalk_brood/abnormal/B_001_009_20230822182715_001_002_000_002.jpg,1,abnormal,B_001,B_001_009,B_001_009_20230822,002,1920,1080,2073600,1118422,45.26420593261719,18.258990710481722,8.470940875771618,-6.624347511574072,18.217593922334558,8.478302001953125,-6.6235198974609375,51.801451581790126,40.189378375771604,55.157906057098764,51.71221923828125,40.09803771972656,55.05647277832031,39.0,1327977.5,0.6404212480709877,0.07594836100295684,1.7777777777777777,31a875165d9bb9499c36af63233436c9,ca4833827ce7c9ec
B_001_009_20230822184354_001_001_000_002.jpg,./data/you_chalk_brood/abnormal/B_001_009_20230822184354_001_001_000_002.jpg,1,abnormal,B_001,B_001_009,B_001_009_20230822,002,1920,1080,2073600,1223558,45.901336669921875,18.278925729242314,6.583464988425931,-8.418264371141973,18.237777410768995,6.585235595703125,-8.40753173828125,48.73240740740741,42.220299961419755,58.30614101080247,48.62947082519531,42.12495422363281,58.200164794921875,51.0,1440987.0,0.6949204282407407,0.0702084708019061,1.7777777777777777,f0748d33ae7851f1c83f76a35d2785d1,f1671a0ea5360db9
B_001_009_20230822194328_001_001_000_002.jpg,./data/you_chalk_brood/abnormal/B_001_009_20230822194328_001_001_000_002.jpg,1,abnormal,B_001,B_001_009,B_001_009_20230822,002,1920,1080,2073600,1119505,36.00172424316406,13.846779116739288,5.069326774691348,-9.551369598765433,13.807564529718137,5.07391357421875,-9.539825439453125,35.64114149305556,33.640785108024694,49.83585551697531,35.55226135253906,33.55519104003906,49.73674011230469,48.0,862832.0,0.4161033950617284,0.03768221750503337,1.7777777777777777,8b3f786786fea99e6570dd92f52fdc95,d83305ed7e0e9934
B_001_009_20230822203917_001_001_000_002.jpg,./data/you_chalk_brood/abnormal/B_001_009_20230822203917_001_001_000_002.jpg,1,abnormal,B_001,B_001_009,B_001_009_20230822,002,1920,1080,2073600,1262088,37.830718994140625,14.30430869492859,9.595465856481468,-8.509658564814814,14.261013853783702,9.581253051757812,-8.501968383789062,44.40034673996914,32.267670717592594,50.013468846450614,44.29719543457031,32.17433166503906,49.9058837890625,65.0,104994.0,0.05063368055555555,0.05879889253532514,0.6127320954907162,bddb9bf4589082980b43140d64623778,b22bb45b55564d16
B_001_009_20230822210406_001_002_000_002.jpg,./data/you_chalk_brood/abnormal/B_001_009_20230822210406_001_002_000_002.jpg,1,abnormal,B_001,B_001_009,B_001_009_20230822,002,1920,1080,2073600,1146185,41.24267578125,16.08617919389978,5.306311728395059,-11.267353877314818,16.05053471583946,5.298614501953125,-11.254898071289062,39.536048900462966,39.09064187885802,57.456084587191356,39.44941711425781,39.0108642578125,57.35871887207031,56.0,445449.0,0.21481915509259258,0.06260543457271531,1.1777777777777778,757316db631baf7504a520a8af913397,a9d8c5ac27573523
B_001_010_20230819194600_001_001_000_002.jpg,./data/you_chalk_brood/abnormal/B_001_010_20230819194600_001_001_000_002.jpg,1,abnormal,B_001,B_001_010,B_001_010_20230819,002,1920,1080,2073600,1061901,45.52873229980469,18.07208246338659,6.1072603202160565,-11.251979166666672,18.040472292432597,6.1041717529296875,-11.238800048828125,44.9002483603395,42.84395399305556,61.570694926697534,44.83045959472656,42.77735900878906,61.485198974609375,55.0,891580.0,0.42996720679012346,0.01711603377189401,1.7777777777777777,2627ba7da65f08c93794f1faa1506ec8,8c4cbb334d8b4daa
B_001_010_20230819200032_001_003_000_002.jpg,./data/you_chalk_brood/abnormal/B_001_010_20230819200032_001_003_000_002.jpg,1,abnormal,B_001,B_001_010,B_001_010_20230819,002,1920,1080,2073600,1002223,38.53266906738281,15.257289586359235,6.66786892361111,-4.904424189814819,15.216381596583947,6.671051025390625,-4.89532470703125,44.07039592978395,34.46939332561728,45.786283275462964,43.97550964355469,34.379669189453125,45.68141174316406,40.0,1489531.0,0.7183309220679013,0.09651915701666747,1.7777777777777777,de5d00470733279b986170bdb20017a3,9e35b346951a59e1
B_001_010_20230819203645_001_003_000_002.jpg,./data/you_chalk_brood/abnormal/B_001_010_20230819203645_001_003_000_002.jpg,1,abnormal,B_001,B_001_010,B_001_010_20230819,002,1920,1080,2073600,1073998,40.146484375,15.408964044722827,4.916832079475313,-10.300935570987647,15.37271537032782,4.91229248046875,-10.284072875976562,38.82805362654321,38.11605758101852,54.8225675154321,38.745513916015625,38.038055419921875,54.71983337402344,66.0,403613.0,0.1946436149691358,0.008882052559440752,1.624074074074074,afe7465c626cc568c83d60a0d522d67f,99995a4aa5a55b63
B_001_010_20230819220517_001_004_000_002.jpg,./data/you_chalk_brood/abnormal/B_001_010_20230819220517_001_004_000_002.jpg,1,abnormal,B_001,B_001_010,B_001_010_20230819,002,1920,1080,2073600,1050933,49.680694580078125,19.3577334483176,6.1976273148148096,-12.788762056327158,19.324304917279413,6.1937255859375,-12.766098022460938,48.297164351851855,46.92315007716049,68.09610098379629,48.2191162109375,46.85093688964844,67.99375915527344,72.0,423802.5,0.2043800636574074,0.1289222497699071,0.7953703703703704,90400c037fa678d37a62ad061b274069,8c9a33b18ccd7d34
B_001_010_20230819221146_001_004_000_002.jpg,./data/you_chalk_brood/abnormal/B_001_010_20230819221146_001_004_000_002.jpg,1,abnormal,B_001,B_001_010,B_001_010_20230819,002,1920,1080,2073600,1083950,42.223724365234375,16.47101167241588,7.135574363425917,-8.996292920524695,16.429162118949144,7.13775634765625,-8.979232788085938,45.415321662808644,38.20690007716049,55.39806568287037,45.32191467285156,38.11616516113281,55.2933349609375,54.0,792517.5,0.3821940104166667,0.024008006752485576,1.7203703703703703,4f52ecb67b08d584115b5cee5cf7c6a5,aea2136aec4527ba
B_001_010_20230820185811_001_001_000_002.jpg,./data/you_chalk_brood/abnormal/B_001_010_20230820185811_001_001_000_002.jpg,1,abnormal,B_001,B_001_010,B_001_010_20230820,002,1920,1080,2073600,1098432,44.53681945800781,17.086831464839022,9.864396701388898,-6.889833622685188,17.051738664215687,9.854156494140625,-6.8740997314453125,52.62113715277778,38.70104841820988,53.98885223765432,52.53837585449219,38.630767822265625,53.88427734375,70.0,147763.0,0.07125916280864197,0.09528481964948007,0.7117486338797814,c3ce7334fb47dc5dbd4db76697f71de5,9696cb48acbc9a5a
B_001_010_20230820203735_001_003_000_002.jpg,./data/you_chalk_brood/abnormal/B_001_010_20230820203735_001_003_000_002.jpg,1,abnormal,B_001,B_001_010,B_001_010_20230820,002,1920,1080,2073600,1100166,40.57000732421875,15.698593144819656,6.576613136574082,-10.208083526234574,15.659113865272671,6.582061767578125,-10.193252563476562,41.698842110339505,37.359879918981484,54.952911844135805,41.61468505859375,37.274322509765625,54.843597412109375,55.0,1122163.0,0.5411665702160494,0.0450558128429567,1.7777777777777777,2ccbbb541288800fc8639f4497c0475b,c134be406b4977ab
B_001_010_20230820210412_001_004_000_002.jpg,./data/you_chalk_brood/abnormal/B_001_010_20230820210412_001_004_000_002.jpg,1,abnormal,B_001,B_001_010,B_001_010_20230820,002,1920,1080,2073600,1163780,43.452484130859375,17.096714438090054,7.368803530092606,-7.163561439043207,17.055430692784928,7.3625946044921875,-7.1481475830078125,47.979714023919755,39.31649836033951,53.800126350308645,47.88069152832031,39.22138977050781,53.6865234375,55.0,190167.5,0.0917088638117284,0.02615456596731443,1.3931116389548694,5cc3dad43344a176c4b9145943015088,a2b1c2e921fc7f12
B_001_010_20230821182236_001_004_000_002.jpg,./data/you_chalk_brood/abnormal/B_001_010_20230821182236_001_004_000_002.jpg,1,abnormal,B_001,B_001_010,B_001_010_20230821,002,1920,1080,2073600,1090872,42.581939697265625,16.703453877693054,7.383054108796301,-7.645844425154323,16.665643430223653,7.379119873046875,-7.6312255859375,46.76585117669753,38.46628954475309,53.62221402391975,46.67596435546875,38.38197326660156,53.521636962890625,52.0,842183.5,0.40614559220679014,0.027164056013313953,1.7777777777777777,c6ec3ad7ccfc44cf8aaf71d219f639fe,9e124ab9959ce0dd
B_001_010_20230821182827_001_003_000_002.jpg,./data/you_chalk_brood/abnormal/B_001_010_20230821182827_001_003_000_002.jpg,1,abnormal,B_001,B_001_010,B_001_010_20230821,002,1920,1080,2073600,1258475,38.81028747558594,14.91964566690874,4.990645254629641,-8.98119454089506,14.880825865502452,4.9968414306640625,-8.9786376953125,38.57688946759259,36.52950424382716,51.9557421875,38.48844909667969,36.444244384765625,51.86512756347656,61.0,353807.0,0.1706245177469136,0.013691740952012477,1.487962962962963,ec606e76ea56e09c88e846a16acb0a93,aaaaab2b5d2456b8
B_001_010_20230821184007_001_002_000_002.jpg,./data/you_chalk_brood/abnormal/B_001_010_20230821184007_001_002_000_002.jpg,1,abnormal,B_001,B_001_010,B_001_010_20230821,002,1920,1080,2073600,1025470,41.402099609375,16.56923300956185,8.819092399691357,-6.050467785493822,16.528751148897058,8.828353881835938,-6.045257568359375,48.712781153549386,36.12045235339506,50.20900607638889,48.63116455078125,36.03202819824219,50.10911560058594,35.0,1433768.0,0.6914390432098766,0.17907383331808419,1.7777777777777777,0d3b2022b369592c25ee9b191b09101f,e0e78c9013eb1f2b
B_001_010_20230821191248_001_002_000_002.jpg,./data/you_chalk_brood/abnormal/B_001_010_20230821191248_001_002_000_002.jpg,1,abnormal,B_001,B_001_010,B_001_010_20230821,002,1920,1080,2073600,1185849,36.8646240234375,14.34803656802227,6.585855034722215,-10.536192611882711,14.307065477558211,6.576507568359375,-10.512649536132812,37.70773244598765,33.50837962962963,52.76460841049383,37.606719970703125,33.41510009765625,52.64140319824219,46.0,1133131.5,0.5464561631944445,0.09379611641044425,1.5972222222222223,87dd9a1f15b9b8933e5b7a6fa5dad26c,89b98d36c962326f
B_001_010_20230821192638_001_003_000_002.jpg,./data/you_chalk_brood/abnormal/B_001_010_20230821192638_001_003_000_002.jpg,1,abnormal,B_001,B_001_010,B_001_010_20230821,002,1920,1080,2073600,1032971,44.68751525878906,17.783985982510288,9.14099392361112,-6.6045992476851865,17.744158576516543,9.134048461914062,-6.5911407470703125,52.49355324074074,39.0139380787037,54.257142168209874,52.3988037109375,38.924774169921875,54.15147399902344,44.0,1243206.5,0.5995401716820987,0.07212888099100699,1.7037037037037037,39fa625b1b1ca069d98627586286c73c,867334d829ec736c
B_001_010_20230821200535_001_003_000_002.jpg,./data/you_chalk_brood/abnormal/B_001_010_20230821200535_001_003_000_002.jpg,1,abnormal,B_001,B_001_010,B_001_010_20230821,002,1920,1080,2073600,1129805,39.24375915527344,15.108996384047444,6.669415991512352,-10.378246527777776,15.067342122395834,6.6725311279296875,-10.35772705078125,40.29718942901235,36.00477768132716,54.06658227237654,40.20965576171875,35.90943908691406,53.94291687011719,56.0,134928.5,0.06506968557098765,0.11930511755399463,0.7362459546925566,28e7b679cc57e1995d95f0f3a32f4438,fec0c8ef57070370
B_001_010_20230821200952_001_003_000_002.jpg,./data/you_chalk_brood/abnormal/B_001_010_20230821200952_001_003_000_002.jpg,1,abnormal,B_001,B_001_010,B_001_010_20230821,002,1920,1080,2073600,1136394,45.34632873535156,17.83704573650448,5.08898389274691,-13.196517650462965,17.802973728553923,5.0856475830078125,-13.190032958984375,41.53976466049383,43.76724826388889,63.901461709104936,41.46533203125,43.69029235839844,63.81098937988281,71.0,1232855.0,0.5945481288580247,0.0596905090083526,1.7777777777777777,620046bbbcaf2a7cd04267e2a557b85e,9b649b33649b641b
B_001_010_20230821210733_001_003_000_002.jpg,./data/you_chalk_brood/abnormal/B_001_010_20230821210733_001_003_000_002.jpg,1,abnormal,B_001,B_001_010,B_001_010_20230821,002,1920,1080,2073600,1228911,43.13090515136719,16.81010121641249,4.9164496527777715,-10.928707079475302,16.770097321155024,4.9073638916015625,-10.906158447265625,41.17740306712963,41.16195167824074,59.17456741898148,41.08271789550781,41.068511962890625,59.05220031738281,65.0,1058777.0,0.5105984760802469,0.02985373078629516,1.7777777777777777,62f169e1231a1f55dbca0bc8f5a516fb,8631e4a5b2c63ecb
B_001_010_20230821212759_001_004_000_002.jpg,./data/you_chalk_brood/abnormal/B_001_010_20230821212759_001_004_000_002.jpg,1,abnormal,B_001,B_001_010,B_001_010_20230821,002,1920,1080,2073600,1151896,36.04632568359375,13.494365960118616,6.213054108796285,-3.928007812499999,13.458299823835784,6.20733642578125,-3.913482666015625,41.568737943672836,32.34978153935185,41.32748360339506,41.48040771484375,32.25828552246094,41.223602294921875,70.0,62101.0,0.029948398919753087,0.10379259939323643,1.0504451038575668,5486dd63ce142f5e8725b7eac0f0c348,d808ff2333e60cd6
B_001_010_20230821221844_001_004_000_002.jpg,./data/you_chalk_brood/abnormal/B_001_010_20230821221844_001_004_000_002.jpg,1,abnormal,B_001,B_001_010,B_001_010_20230821,002,1920,1080,2073600,1058891,43.72099304199219,17.068368547264587,5.238196855709873,-11.25279031635803,17.03036439185049,5.238555908203125,-11.239837646484375,42.26943431712963,41.41608169367284,60.08834972993827,42.185516357421875,41.33082580566406,59.98448181152344,63.0,1242388.5,0.5991456886574074,0.08016254309702137,1.7777777777777777,044a53c180a74b653a52cc2f5ef467af,a9ab664642e7c7d0
B_001_010_20230822184647_001_003_000_002.jpg,./data/you_chalk_brood/abnormal/B_001_010_20230822184647_001_003_000_002.jpg,1,abnormal,B_001,B_001_010,B_001_010_20230822,002,1920,1080,2073600,1140086,38.66416931152344,14.911439988804164,6.550891685956799,-11.59294897762345,14.875171137791053,6.5440673828125,-11.583343505859375,38.14687114197531,35.84813464506173,55.19887827932099,38.061676025390625,35.77140808105469,55.111480712890625,58.0,1176330.5,0.5672890142746914,0.04466531722091838,1.7777777777777777,82718ee630ffc496448a81ff5bd5fab2,cdc546efd1037434
B_001_010_20230822191849_001_004_000_002.jpg,./data/you_chalk_brood/abnormal/B_001_010_20230822191849_001_004_000_002.jpg,1,abnormal,B_001,B_001_010,B_001_010_20230822,002,1920,1080,2073600,1145044,40.779052734375,15.942817644032923,7.395310570987647,-10.624414062499994,15.90145933861826,7.3915557861328125,-10.612777709960938,42.175380979938275,37.26137827932099,55.99447964891975,42.09190368652344,37.17173767089844,55.89234924316406,48.0,1316085.0,0.6346860532407408,0.06444804595817408,1.7777777777777777,3339ecdb9bf25afd37a52ce011bbe7e7,9b5264ae62de8da1
B_001_010_20230822192732_001_002_000_002.jpg,./data/you_chalk_brood/abnormal/B_001_010_20230822192732_001_002_000_002.jpg,1,abnormal,B_001,B_001_010,B_001_010_20230822,002,1920,1080,2073600,1288439,42.9622802734375,16.58733584483176,9.830693479938276,-4.155310570987652,16.54635560278799,9.821884155273438,-4.1396484375,52.503638599537034,37.17951919367284,48.39139081790123,52.409332275390625,37.09564208984375,48.28363037109375,62.0,537791.5,0.25935161072530866,0.013396349891072728,1.6231481481481482,5b753b5c6940179de13ce361c034db5a,8e4c1f3979928d8e
B_001_010_20230822204720_001_001_000_002.jpg,./data/you_chalk_brood/abnormal/B_001_010_20230822204720_001_001_000_002.jpg,1,abnormal,B_001,B_001_010,B_001_010_20230822,002,1920,1080,2073600,1157502,40.29759216308594,15.756162248850158,7.102901234567895,-10.077622974537036,15.718012791053921,7.10430908203125,-10.079864501953125,42.20595052083333,36.57931182484568,55.28400125385802,42.1119384765625,36.4925537109375,55.20640563964844,52.0,421498.0,0.20326871141975308,0.04087985943853998,1.212962962962963,9714415b021bd4bc03d54c0323db93f8,d690e6c698d07397
B_001_010_20230822204933_001_002_000_002.jpg,./data/you_chalk_brood/abnormal/B_001_010_20230822204933_001_002_000_002.jpg,1,abnormal,B_001,B_001_010,B_001_010_20230822,002,1920,1080,2073600,1050503,34.423828125,13.405875355543452,6.278280285493821,-9.687914737654324,13.370319441253065,6.2793426513671875,-9.682968139648438,35.77896363811728,31.032647569444446,49.15132282021605,35.69636535644531,30.9503173828125,49.06190490722656,44.0,738964.5,0.35636791087962966,0.03309538578051782,1.761111111111111,106fc76867f13102acb87a9ffcfa0cd1,92b389f8ea2eb2a1
B_001_011_20230819182747_001_001_000_002.jpg,./data/you_chalk_brood/abnormal/B_001_011_20230819182747_001_001_000_002.jpg,1,abnormal,B_001,B_001_011,B_001_011_20230819,002,1920,1080,2073600,1021824,43.84222412109375,17.60455057794723,7.773201195987667,-7.066625675154327,17.559527228860293,7.7820587158203125,-7.0674896240234375,49.13820360725309,39.29206452546296,54.29131076388889,49.04075622558594,39.19134521484375,54.188873291015625,41.0,1076666.5,0.5192257426697531,0.13693319007645868,1.325,3758f4863f8a3031b580108c4b9bf263,c90239eb3ea2ab3c
B_001_011_20230819220142_001_004_000_002.jpg,./data/you_chalk_brood/abnormal/B_001_011_20230819220142_001_004_000_002.jpg,1,abnormal,B_001,B_001_011,B_001_011_20230819,002,1920,1080,2073600,1059860,38.02091979980469,14.715755681130474,6.695306230709889,-10.052580536265438,14.66939888748468,6.6885986328125,-10.033065795898438,39.57900270061728,34.58090277777778,52.61239631558642,39.46849060058594,34.47625732421875,52.48805236816406,51.0,192788.5,0.09297284915123456,0.15195570225178487,0.5816582914572864,7d1adfcb1e7fce3f33a5cf4ad5fdc95f,fcf625228d0b956a
B_001_011_20230820213024_001_004_000_002.jpg,./data/you_chalk_brood/abnormal/B_001_011_20230820213024_001_004_000_002.jpg,1,abnormal,B_001,B_001_011,B_001_011_20230820,002,1920,1080,2073600,983546,44.144805908203125,17.67672987018882,8.335494309413576,-7.508622685185188,17.63543820848652,8.336380004882812,-7.4991455078125,50.02816261574074,39.17413580246914,55.21047839506173,49.93461608886719,39.08526611328125,55.1068115234375,42.0,1218531.0,0.5876403356481481,0.10726674180358638,1.7777777777777777,6a7fa03fcca8b213ef3228aef3aef6b9,c36826339be9fc11
B_001_011_20230820213105_001_002_000_002.jpg,./data/you_chalk_brood/abnormal/B_001_011_20230820213105_001_002_000_002.jpg,1,abnormal,B_001,B_001_011,B_001_011_20230820,002,1920,1080,2073600,1047456,41.91767883300781,16.484911151960784,7.390453317901233,-8.716321373456793,16.447652180989582,7.3851165771484375,-8.697708129882812,45.69554060570988,37.6744458912037,54.68380931712963,45.60313415527344,37.58845520019531,54.574462890625,48.0,1560354.5,0.7524857735339506,0.11873277031116941,1.7777777777777777,52f6d75beea9442e8a51745762481682,9c90db7ab32970cc
B_001_011_20230820223149_001_001_000_002.jpg,./data/you_chalk_brood/abnormal/B_001_011_20230820223149_001_001_000_002.jpg,1,abnormal,B_001,B_001_011,B_001_011_20230820,002,1920,1080,2073600,1196920,45.67657470703125,18.1901839748245,9.150236304012338,-2.8910778356481472,18.142221488204658,9.14935302734375,-2.8818206787109375,55.60375675154321,39.972765721450614,50.01995515046296,55.49688720703125,39.85565185546875,49.89360046386719,51.0,728558.0,0.3513493441358025,0.028244769984920457,2.248768472906404,28e17c4455bf8d855c83d24bcdb1cb7d,c9d1636c3b3056ec
B_001_011_20230821195950_001_002_000_002.jpg,./data/you_chalk_brood/abnormal/B_001_011_20230821195950_001_002_000_002.jpg,1,abnormal,B_001,B_001_011,B_001_011_20230821,002,1920,1080,2073600,1225465,37.548004150390625,14.12711869855967,7.711368152006173,-6.745042438271611,14.082252652037377,7.7052459716796875,-6.7279052734375,43.11465470679013,33.08357397762346,46.771394675925926,43.00764465332031,32.98583984375,46.65086364746094,62.0,223626.5,0.10784456983024691,0.0322223351288595,1.2733245729303548,e4b627bdf9a2da935a5b904816d98486,db27609bdd26910b
B_001_011_20230821214404_001_004_000_002.jpg,./data/you_chalk_brood/abnormal/B_001_011_20230821214404_001_004_000_002.jpg,1,abnormal,B_001,B_001_011,B_001_011_20230821,002,1920,1080,2073600,1078099,44.67582702636719,17.54989522815299,5.968526234567889,-10.199202835648151,17.514062021292894,5.9635772705078125,-10.191024780273438,44.831798804012344,41.879753086419754,59.37745466820988,44.74885559082031,41.80253601074219,59.28614807128906,62.0,262412.5,0.12654923804012347,0.018609297961689312,2.163612565445026,bacfe842597901e5c111343c67e7bcf3,964f3169938ca57a
B_001_011_20230822203123_001_003_000_002.jpg,./data/you_chalk_brood/abnormal/B_001_011_20230822203123_001_003_000_002.jpg,1,abnormal,B_001,B_001_011,B_001_011_20230822,002,1920,1080,2073600,1098014,42.74369812011719,16.81373362230695,7.279448302469149,-6.678430266203705,16.774615119485293,7.2740020751953125,-6.666259765625,47.56639660493827,38.60494936342592,52.28109519675926,47.46881103515625,38.512725830078125,52.1795654296875,52.0,885482.0,0.4270264274691358,0.04670298602162043,1.7777777777777777,2dd06d1f3594f6dd6d3dfa4f28821592,9675ed6a6b998085
B_001_012_20230819182413_001_004_000_002.jpg,./data/you_chalk_brood/abnormal/B_001_012_20230819182413_001_004_000_002.jpg,1,abnormal,B_001,B_001_012,B_001_012_20230819,002,1920,1080,2073600,1032605,42.85752868652344,16.55283905228758,6.366880787037047,-10.672523148148144,16.514874626608457,6.3637847900390625,-10.655380249023438,43.53322868441358,39.6530965470679,58.44596884645062,43.44769287109375,39.56590270996094,58.33930969238281,65.0,961759.5,0.4638114872685185,0.04909639972688696,1.7777777777777777,171e8964bda77f458b4c4acc3d133761,c862d962c8a8eb9f
B_001_012_20230819191953_001_001_000_002.jpg,./data/you_chalk_brood/abnormal/B_001_012_20230819191953_001_001_000_002.jpg,1,abnormal,B_001,B_001_012,B_001_012_20230819,002,1920,1080,2073600,1040585,40.678558349609375,16.29308033012588,6.578625096450622,-8.246996527777782,16.254296396292894,6.58404541015625,-8.241409301757812,43.61918065200617,36.8791300154321,53.375568576388886,43.53456115722656,36.790924072265625,53.2755126953125,45.0,1132959.0,0.546372974537037,0.08144433492311379,1.7777777777777777,03953cee868f1e4d51433ef230563ea3,9d306b4b964b70f8
B_001_012_20230819210845_001_004_000_002.jpg,./data/you_chalk_brood/abnormal/B_001_012_20230819210845_001_004_000_002.jpg,1,abnormal,B_001,B_001_012,B_001_012_20230819,002,1920,1080,2073600,985474,34.79347229003906,13.517105611534738,5.600730613425924,-6.897535204475304,13.480541752833947,5.6015472412109375,-6.878509521484375,37.64495129243827,31.410101273148147,45.60884500385802,37.56010437011719,31.324844360351562,45.50498962402344,51.0,1658020.0,0.7995852623456791,0.19988642424277392,1.7777777777777777,a04a12276293542e54d94b30360278b2,98f288732d732717
B_001_012_20230819211809_001_003_000_002.jpg,./data/you_chalk_brood/abnormal/B_001_012_20230819211809_001_003_000_002.jpg,1,abnormal,B_001,B_001_012,B_001_012_20230819,002,1920,1080,2073600,1187303,44.088775634765625,17.63294582879448,9.415116222993817,-4.101499807098762,17.589739631204043,9.41558837890625,-4.0957794189453125,52.19404079861111,39.029391396604936,49.71845437885803,52.09379577636719,38.932830810546875,49.61759948730469,52.0,1049912.5,0.506323543595679,0.03152381778219527,1.7777777777777777,cb484b0b3e7aa63d3a19554d327d0958,d51a63b55aca9c49
B_001_012_20230819222616_001_002_000_002.jpg,./data/you_chalk_brood/abnormal/B_001_012_20230819222616_001_002_000_002.jpg,1,abnormal,B_001,B_001_012,B_001_012_20230819,002,1920,1080,2073600,1186830,44.86631774902344,17.40407986111111,9.08008342978394,-7.92534915123457,17.36114501953125,9.077774047851562,-7.9115142822265625,51.03720244984568,39.79971257716049,55.478344907407404,50.9468994140625,39.711456298828125,55.37315368652344,62.0,567711.5,0.27378062307098766,0.00987345429610203,1.7777777777777777,d12f0742edd259bc9ec943e673373583,c6793b8c073bc631
B_001_012_20230820202603_001_001_000_002.jpg,./data/you_chalk_brood/abnormal/B_001_012_20230820202603_001_001_000_002.jpg,1,abnormal,B_001,B_001_012,B_001_012_20230820,002,1920,1080,2073600,1210050,42.20625305175781,16.35993346798596,6.546399498456793,-8.34973765432099,16.316151338465072,6.5470733642578125,-8.337173461914062,44.263824266975305,39.020538676697534,54.10753472222222,44.163421630859375,38.92388916015625,54.00013732910156,66.0,561681.5,0.27087263695987657,0.014996011707516597,1.7777777777777777,caf221526f185f9b963ef45f8b51ed84,c3fc1cc7603c8ae3
B_001_012_20230820225925_001_004_000_002.jpg,./data/you_chalk_brood/abnormal/B_001_012_20230820225925_001_004_000_002.jpg,1,abnormal,B_001,B_001_012,B_001_012_20230820,002,1920,1080,2073600,1035489,44.18438720703125,17.750158670721373,7.02256606867283,-8.32250578703703,17.71276735791973,7.0261993408203125,-8.313201904296875,47.785228105709876,40.05740547839506,56.82830295138889,47.69520568847656,39.97209167480469,56.730255126953125,45.0,1354618.5,0.6532689525462962,0.11043768331725864,1.7777777777777777,9b7ce2e1cb037097b151fee6077261d5,ccf87953122399e6
B_001_012_20230821180634_001_003_000_002.jpg,./data/you_chalk_brood/abnormal/B_001_012_20230821180634_001_003_000_002.jpg,1,abnormal,B_001,B_001_012,B_001_012_20230821,002,1920,1080,2073600,1093123,39.228729248046875,15.343495824255628,6.0724725115740625,-14.64008053626543,15.305534811580882,6.0582122802734375,-14.620819091796875,35.26717062114197,37.29657021604938,60.2096947337963,35.178314208984375,37.20954895019531,60.10081481933594,53.0,1317403.0,0.635321662808642,0.06844877376999428,1.7777777777777777,9b6caa1701780ede240878e43cfb8dbb,bb00aafe44ac52eb
B_001_012_20230821181020_001_003_000_002.jpg,./data/you_chalk_brood/abnormal/B_001_012_20230821181020_001_003_000_002.jpg,1,abnormal,B_001,B_001_012,B_001_012_20230821,002,1920,1080,2073600,1168674,35.138092041015625,13.361099385741952,4.759738618827157,-10.311004533179016,13.323663449754902,4.7616424560546875,-10.291702270507812,33.6018002507716,33.14454378858024,50.172196662808645,33.518951416015625,33.05958557128906,50.05860900878906,56.0,1243871.5,0.5998608699845679,0.0643059796846613,1.7777777777777777,e381ec791bd8d7330318c34b4b66b9c4,aa2769334d973654
B_001_012_20230821191800_001_004_000_002.jpg,./data/you_chalk_brood/abnormal/B_001_012_20230821191800_001_004_000_002.jpg,1,abnormal,B_001,B_001_012,B_001_012_20230821,002,1920,1080,2073600,1076841,39.24238586425781,15.66178985869039,6.958418209876555,-7.456975308641972,15.621104520909926,6.9676055908203125,-7.4451904296875,43.28437885802469,35.147875675154324,50.636802662037034,43.189727783203125,35.0557861328125,50.526123046875,41.0,1015284.5,0.4896240837191358,0.053602686074674465,1.7777777777777777,263a3e2789536c2d20df2d8f95f1950c,944862df2c33d8bb
B_001_012_20230821192302_001_002_000_002.jpg,./data/you_chalk_brood/abnormal/B_001_012_20230821192302_001_002_000_002.jpg,1,abnormal,B_001,B_001_012,B_001_012_20230821,002,1920,1080,2073600,1041404,37.48121643066406,14.626236837327523,5.483809799382726,-8.592251639660489,14.588210161994486,5.483917236328125,-8.5823974609375,38.34031394675926,34.775230516975306,49.97501494984568,38.25599670410156,34.688232421875,49.88117980957031,45.0,1163601.5,0.5611504147376544,0.07201363012028639,1.7777777777777777,15f9d853f3562c0d2825a08f830653a8,b5d500a1f6b18ba7
B_001_012_20230821193647_001_003_000_002.jpg,./data/you_chalk_brood/abnormal/B_001_012_20230821193647_001_003_000_002.jpg,1,abnormal,B_001,B_001_012,B_001_012_20230821,002,1920,1080,2073600,1157661,35.33821105957031,13.403841193113047,5.133374324845676,-11.126685956790126,13.365454580269608,5.12738037109375,-11.110748291015625,33.634800347222225,33.19342833719136,51.67148630401235,33.5406494140625,33.10575866699219,51.562591552734375,60.0,818318.0,0.3946363811728395,0.021532947383037095,1.7777777777777777,a87ffa1b4a6b8a7dd90c365568acaeca,d633d6b6b0963185
B_001_012_20230821202802_001_003_000_002.jpg,./data/you_chalk_brood/abnormal/B_001_012_20230821202802_001_003_000_002.jpg,1,abnormal,B_001,B_001_012,B_001_012_20230821,002,1920,1080,2073600,1113390,38.56694030761719,14.733940783103364,5.294073109567904,-10.37940875771605,14.704709520526961,5.2909393310546875,-10.362411499023438,37.75963204089506,36.278571566358025,53.071421682098766,37.69306945800781,36.220001220703125,52.98130798339844,61.0,472732.0,0.2279764660493827,0.015957694967812047,1.2925925925925925,4aa20b523ef102b9e618480edfe8b8c3,b564a5caad52d952
B_001_012_20230822191936_001_004_000_002.jpg,./data/you_chalk_brood/abnormal/B_001_012_20230822191936_001_004_000_002.jpg,1,abnormal,B_001,B_001_012,B_001_012_20230822,002,1920,1080,2073600,1291344,42.87998962402344,16.4992022966594,8.193287519290124,-5.929737654320988,16.45587397556679,8.18695068359375,-5.9178466796875,49.65978973765432,37.99309799382716,51.07217544367284,49.55743408203125,37.89369201660156,50.962554931640625,61.0,227941.0,0.10992525077160493,0.034769429885971107,1.4025069637883008,6e54484eff88f876834130b2d127c06a,99b1545a7b6d2546
B_001_012_20230822195509_001_002_000_002.jpg,./data/you_chalk_brood/abnormal/B_001_012_20230822195509_001_002_000_002.jpg,1,abnormal,B_001,B_001_012,B_001_012_20230822,002,1920,1080,2073600,1059112,41.52104187011719,16.499979953401112,7.1564959490740705,-9.062393422067899,16.461863798253678,7.1605987548828125,-9.055801391601562,44.64352527006173,37.43903308256173,55.16119454089506,44.54820251464844,37.35252380371094,55.06739807128906,45.0,729484.0,0.35179591049382714,0.03721373821891557,1.5240740740740741,e1b4a255face3098966fa53757ae133a,99d0a48c66b5673d
B_001_013_20230819182457_001_001_000_002.jpg,./data/you_chalk_brood/abnormal/B_001_013_20230819182457_001_001_000_002.jpg,1,abnormal,B_001,B_001_013,B_001_013_20230819,002,1920,1080,2073600,1056633,34.71333312988281,13.225345898390218,6.393125482253083,-9.427440682870369,13.188937318091298,6.38580322265625,-9.41015625,36.37931664737654,31.3223934220679,48.60191792052469,36.29518127441406,31.239120483398438,48.496856689453125,54.0,1171029.0,0.564732349537037,0.07265873139713541,1.7777777777777777,cd307d22113ee6dec8a725256affd1c6,93651db1650d157e
B_001_013_20230819192921_001_001_000_002.jpg,./data/you_chalk_brood/abnormal/B_001_013_20230819192921_001_001_000_002.jpg,1,abnormal,B_001,B_001_013,B_001_013_20230819,002,1920,1080,2073600,981084,35.21223449707031,13.289149305555554,4.379782503858024,-8.51783468364198,13.25106751685049,4.3787078857421875,-8.499893188476562,34.8707884837963,33.215191936728395,47.22466145833334,34.78411865234375,33.13136291503906,47.115997314453125,56.0,1069099.5,0.5155765335648148,0.047159269722524426,1.7777777777777777,058d82b64ed499d4fb584e3f7665feb9,f0b20707f0f96b0e
B_001_013_20230819201004_001_004_000_002.jpg,./data/you_chalk_brood/abnormal/B_001_013_20230819201004_001_004_000_002.jpg,1,abnormal,B_001,B_001_013,B_001_013_20230819,002,1920,1080,2073600,1160533,46.53871154785156,18.280806894517063,6.83144048996914,-11.19499710648148,18.242091758578432,6.8255462646484375,-11.175628662109375,47.573722511574076,43.04462046682099,62.58289641203704,47.48252868652344,42.9591064453125,62.472076416015625,58.0,604373.5,0.29146098572530865,0.019819788661609244,1.5583333333333333,74e46611e9de6c34909cc280e36063c4,d927275a50ccadb4
B_001_013_20230819202937_001_002_000_002.jpg,./data/you_chalk_brood/abnormal/B_001_013_20230819202937_001_002_000_002.jpg,1,abnormal,B_001,B_001_013,B_001_013_20230819,002,1920,1080,2073600,1008090,36.69639587402344,14.118054231723553,4.681445794753074,-10.523470775462968,14.086674708946079,4.6746978759765625,-10.501373291015625,34.88270881558642,34.71643663194445,52.24501543209877,34.80628967285156,34.64649963378906,52.149627685546875,55.0,1075557.5,0.5186909239969136,0.0520674395350311,1.7777777777777777,0669277665b39ad1f8e69e45eb01def2,921e923e6d6c6ce4
B_001_013_20230819210008_001_001_000_002.jpg,./data/you_chalk_brood/abnormal/B_001_013_20230819210008_001_001_000_002.jpg,1,abnormal,B_001,B_001_013,B_001_013_20230819,002,1920,1080,2073600,1007989,43.393341064453125,17.08043130446623,6.762793692129634,-6.459019097222225,17.04839968213848,6.75653076171875,-6.4431610107421875,48.059380787037036,39.24649787808642,53.195273919753085,47.97962951660156,39.17417907714844,53.10404968261719,58.0,1597490.5,0.7703947241512346,0.13675039416705465,1.7777777777777777,32cec046b089020f13ec1545547b8e4f,8c3b8ccb338cf478
B_001_013_20230820183541_001_001_000_002.jpg,./data/you_chalk_brood/abnormal/B_001_013_20230820183541_001_001_000_002.jpg,1,abnormal,B_001,B_001_013,B_001_013_20230820,002,1920,1080,2073600,1235543,41.310638427734375,15.785713961510533,7.090076195987649,-4.179897762345675,15.743851007199755,7.0902252197265625,-4.1586456298828125,47.863274980709875,37.06173032407408,46.75395736882716,47.769195556640625,36.972412109375,46.63348388671875,63.0,195270.5,0.09416980131172839,0.029750852966204895,1.0586166471277842,f5ca10b59e791ddbcfe8ea01c2105fd7,8c517621ce77331b
B_001_013_20230820200847_001_004_000_002.jpg,./data/you_chalk_brood/abnormal/B_001_013_20230820200847_001_004_000_002.jpg,1,abnormal,B_001,B_001_013,B_001_013_20230820,002,1920,1080,2073600,1052689,37.45439147949219,14.382879258956669,4.965129726080249,-12.23509982638889,14.346127977558211,4.95648193359375,-12.215240478515625,34.5899291087963,35.66563271604938,54.823593267746915,34.50434875488281,35.58418273925781,54.71424865722656,57.0,1200366.5,0.5788804494598765,0.051275581897396956,1.7777777777777777,22ffa8a9ffa75af19ddc22a245af5716,a2abba69d27d5444
B_001_013_20230820203109_001_003_000_002.jpg,./data/you_chalk_brood/abnormal/B_001_013_20230820203109_001_003_000_002.jpg,1,abnormal,B_001,B_001_013,B_001_013_20230820,002,1920,1080,2073600,1019931,43.32765197753906,17.417337282135076,7.315231963734561,-7.727451292438275,17.3734956629136,7.319854736328125,-7.7159881591796875,47.37320987654321,39.21468508873457,54.84690586419753,47.27708435058594,39.116912841796875,54.72871398925781,39.0,1142850.5,0.5511431809413581,0.15260991502875448,1.3888888888888888,ba120b712767909fd402b97ecd52900d,e8a8b9ea36c11cd3
B_001_013_20230820221556_001_004_000_002.jpg,./data/you_chalk_brood/abnormal/B_001_013_20230820221556_001_004_000_002.jpg,1,abnormal,B_001,B_001_013,B_001_013_20230820,002,1920,1080,2073600,1223052,37.72959899902344,14.589287362321473,4.932924864969124,-9.621739004629632,14.551277908624387,4.9297943115234375,-9.610733032226562,36.549366319444445,35.771019483024695,51.685704089506174,36.461883544921875,35.682403564453125,51.57810974121094,56.0,695787.5,0.33554566936728397,0.008566895273621901,1.7777777777777777,3f6db3f1e27a9075bd9f0b45ba7ddf40,b9ad260b9b5ab704
B_001_013_20230821183548_001_004_000_002.jpg,./data/you_chalk_brood/abnormal/B_001_013_20230821183548_001_004_000_002.jpg,1,abnormal,B_001,B_001_013,B_001_013_20230821,002,1920,1080,2073600,853158,39.46533203125,15.579970610929557,6.024745370370368,-9.679221643518517,15.547365674785539,6.0179901123046875,-9.664291381835938,40.35178096064815,36.29426601080247,54.09997829861111,40.26934814453125,36.22370910644531,54.00578308105469,48.0,1038083.5,0.5006189718364198,0.048660045547724955,1.7777777777777777,d3916d30dff2fe105959fb92ef997163,bdb1cc26938e3d42
B_001_013_20230821190957_001_003_000_002.jpg,./data/you_chalk_brood/abnormal/B_001_013_20230821190957_001_003_000_002.jpg,1,abnormal,B_001,B_001_013,B_001_013_20230821,002,1920,1080,2073600,1085677,39.069793701171875,15.079640031166788,6.160083912037038,-9.783551793981488,15.045058306525736,6.1596832275390625,-9.773574829101562,40.18061680169753,35.922271412037034,53.05615933641975,40.10438537597656,35.84637451171875,52.963226318359375,54.0,1266586.5,0.6108152488425926,0.09539381331428948,1.7777777777777777,ff97d9e63343b22e24db2038391c8c3f,a1f0f052463f3f8c
B_001_013_20230821201335_001_001_000_002.jpg,./data/you_chalk_brood/abnormal/B_001_013_20230821201335_001_001_000_002.jpg,1,abnormal,B_001,B_001_013,B_001_013_20230821,002,1920,1080,2073600,1171946,47.439483642578125,18.917102585633017,6.50105227623456,-2.570436439043206,18.878580729166668,6.50213623046875,-2.5597076416015625,53.28651475694444,44.0419709683642,50.341381172839505,53.19972229003906,43.95948791503906,50.23612976074219,59.0,890889.5,0.4296342110339506,0.026181004498605512,1.7777777777777777,8c3b9546472720c529144a18e535e3e5,cc4223168c0e77ff
B_001_013_20230821203014_001_004_000_002.jpg,./data/you_chalk_brood/abnormal/B_001_013_20230821203014_001_004_000_002.jpg,1,abnormal,B_001,B_001_013,B_001_013_20230821,002,1920,1080,2073600,1196426,36.36125183105469,13.842359409041395,10.404373553240731,-1.854313271604937,13.797906613817402,10.39483642578125,-1.8401336669921875,47.693869116512346,30.287973572530863,38.664107831790126,47.59666442871094,30.193435668945312,38.547576904296875,51.0,884299.0,0.4264559220679012,0.0266584524288008,1.7564814814814815,edc1fff0e68c1f74fc06225e0945c4ec,bd548a975a00bb3d
B_001_013_20230821225542_001_004_000_002.jpg,./data/you_chalk_brood/abnormal/B_001_013_20230821225542_001_004_000_002.jpg,1,abnormal,B_001,B_001_013,B_001_013_20230821,002,1920,1080,2073600,1093234,40.204010009765625,15.872536537763253,6.645772569444432,-7.204678819444439,15.830664541207108,6.6503753662109375,-7.19976806640625,44.33758391203704,36.11994743441358,51.34924189814815,44.23406982421875,36.01786804199219,51.24510192871094,53.0,1594312.5,0.7688621238425926,0.1314010288266189,1.7777777777777777,38a3635ec13e6f9d69e2382a14298715,96447bb11c4e83d7
B_001_013_20230822191809_001_002_000_002.jpg,./data/you_chalk_brood/abnormal/B_001_013_20230822191809_001_002_000_002.jpg,1,abnormal,B_001,B_001_013,B_001_013_20230822,002,1920,1080,2073600,1119778,41.14015197753906,15.840779320987652,4.566347897376545,-8.643328510802476,15.796688304227942,4.572662353515625,-8.637603759765625,40.958387345679014,39.047967785493825,53.29413532021605,40.86083984375,38.95301818847656,53.19075012207031,61.0,1199852.0,0.5786323302469136,0.05077437409242829,1.7777777777777777,2dd7d3fe44f15a534d85a3cbeaf6cbfb,c871cc3b0f3289eb
B_001_013_20230822194837_001_002_000_002.jpg,./data/you_chalk_brood/abnormal/B_001_013_20230822194837_001_002_000_002.jpg,1,abnormal,B_001,B_001_013,B_001_013_20230822,002,1920,1080,2073600,1094137,37.02159118652344,14.499618358145728,5.5739988425926015,-7.054578028549386,14.469454896216298,5.5757598876953125,-7.0407867431640625,38.95859278549383,34.11785349151234,47.57000482253086,38.88658142089844,34.050262451171875,47.48503112792969,46.0,338772.5,0.1633740837191358,0.026681316886451478,1.0074074074074073,1778281ad3d7be003035836abfc6760e,dc27b799a40207de
B_001_013_20230822200727_001_001_000_002.jpg,./data/you_chalk_brood/abnormal/B_001_013_20230822200727_001_001_000_002.jpg,1,abnormal,B_001,B_001_013,B_001_013_20230822,002,1920,1080,2073600,1023114,39.16133117675781,15.035003252844348,7.312685185185188,-9.57742380401234,14.996421664368873,7.3121185302734375,-9.559524536132812,41.96049672067901,35.33135561342593,52.30692660108025,41.87284851074219,35.24900817871094,52.20225524902344,51.0,931852.0,0.44938850308641975,0.03439257973703734,1.7777777777777777,b4d825e181b7669bfb3bfebfcb6d6537,9347469bb99a6a23
B_001_013_20230902105652_001_004_000_002.jpg,./data/you_chalk_brood/abnormal/B_001_013_20230902105652_001_004_000_002.jpg,1,abnormal,B_001,B_001_013,B_001_013_20230902,002,1920,1080,2073600,1572450,43.04864501953125,17.758205488985716,4.375047260802461,1.9459919945987565,17.73651123046875,4.3717193603515625,1.93768310546875,50.169551022376545,40.15790171682099,39.88730179398148,50.1046142578125,40.10047912597656,39.832611083984375,52.0,1796196.0,0.8662210648148149,0.12629358312111535,1.7777777777777777,3ba83ce02119b14f40e6080bed3c06a6,f18d499bbdc81436
B_001_014_20230819182752_001_002_000_002.jpg,./data/you_chalk_brood/abnormal/B_001_014_20230819182752_001_002_000_002.jpg,1,abnormal,B_001,B_001_014,B_001_014_20230819,002,1920,1080,2073600,1212453,40.6031494140625,15.58242423898572,5.498149594907403,-9.019316647376542,15.548939424402574,5.5037994384765625,-9.005706787109375,41.37567853009259,37.959480613425924,52.864099633487655,41.306549072265625,37.890167236328125,52.778167724609375,62.0,1091092.0,0.5261824845679013,0.03566621109229739,1.7777777777777777,6b6004addf6fc8db3270fa45e710aed9,eaba1c544d2ee929
B_001_014_20230819215936_001_002_000_002.jpg,./data/you_chalk_brood/abnormal/B_001_014_20230819215936_001_002_000_002.jpg,1,abnormal,B_001,B_001_014,B_001_014_20230819,002,1920,1080,2073600,1132169,42.04826354980469,16.241771627632534,5.529322916666672,-9.77380497685185,16.204582663143384,5.5286865234375,-9.760940551757812,42.35832513503087,39.365508294753084,55.787999131944446,42.2705078125,39.28846740722656,55.686920166015625,59.0,1242172.0,0.5990412808641975,0.06445627678418157,1.7777777777777777,88295b1fcc116812f123bad8561b3286,a5a5a1aa43e1a5f6
B_001_014_20230819224426_001_003_000_002.jpg,./data/you_chalk_brood/abnormal/B_001_014_20230819224426_001_003_000_002.jpg,1,abnormal,B_001,B_001_014,B_001_014_20230819,002,1920,1080,2073600,1290686,32.77491760253906,12.14455262043089,7.673357928240733,-4.546551408179013,12.105240167356005,7.6598968505859375,-4.5392913818359375,40.09731047453704,27.97999228395062,39.00557629243827,39.99971008300781,27.884002685546875,38.90162658691406,56.0,146496.0,0.07064814814814815,0.008978192319717599,1.2672764227642277,c26413876b132b8735a36ffe86e22841,9dbd26248099e776
B_001_014_20230820182326_001_002_000_002.jpg,./data/you_chalk_brood/abnormal/B_001_014_20230820182326_001_002_000_002.jpg,1,abnormal,B_001,B_001_014,B_001_014_20230820,002,1920,1080,2073600,1019442,43.49272155761719,17.13017542665214,7.183855131172834,-6.093829571759258,17.093852922028187,7.18292236328125,-6.0844573974609375,49.18444637345679,38.93119116512346,52.806046489197534,49.095794677734375,38.8466796875,52.714324951171875,55.0,1403742.5,0.6769591531635802,0.10661658113114898,1.7777777777777777,767e4e041cd69c3e4f39489b6c5ccb8c,c582dc1cf9faa229
B_001_014_20230820190611_001_003_000_002.jpg,./data/you_chalk_brood/abnormal/B_001_014_20230820190611_001_003_000_002.jpg,1,abnormal,B_001,B_001_014,B_001_014_20230820,002,1920,1080,2073600,1091099,44.45149230957031,17.62064667302106,7.527571373456794,-10.934110725308642,17.58389342064951,7.523651123046875,-10.918716430664062,46.209800829475306,40.5315518904321,60.79815875771605,46.12156677246094,40.44728088378906,60.699951171875,50.0,588819.0,0.2839597800925926,0.04946831768144281,0.987037037037037,4d997af4a12a6b41e0c06cc32d112da5,d34ec2a1093bed1b
B_001_014_20230820205456_001_001_000_002.jpg,./data/you_chalk_brood/abnormal/B_001_014_20230820205456_001_001_000_002.jpg,1,abnormal,B_001,B_001_014,B_001_014_20230820,002,1920,1080,2073600,1138895,34.514984130859375,13.287522883381747,6.127711709104943,-10.840492862654315,13.254807416130514,6.1287841796875,-10.831619262695312,34.442573302469135,31.55654899691358,50.689875578703706,34.36442565917969,31.475326538085938,50.602630615234375,56.0,1326544.5,0.6397301793981481,0.07166969005250481,1.7777777777777777,53e4a7cf6093a67e437651fa2d51e13d,d1f0746e9a9f6c20
B_001_014_20230820210840_001_003_000_002.jpg,./data/you_chalk_brood/abnormal/B_001_014_20230820210840_001_003_000_002.jpg,1,abnormal,B_001,B_001_014,B_001_014_20230820,002,1920,1080,2073600,1128220,46.0379638671875,18.00200825314694,5.256451099537031,-11.010543981481476,17.967463474647673,5.244842529296875,-10.992050170898438,44.61967640817901,43.80555844907408,61.88392505787037,44.53703308105469,43.72674560546875,61.78596496582031,65.0,1477463.5,0.7125113329475309,0.0848904213998023,1.7777777777777777,84cd3ec3cfac930ee0f8e98579e4ae22,894e8dcccc9d4bac
B_001_014_20230820224248_001_001_000_002.jpg,./data/you_chalk_brood/abnormal/B_001_014_20230820224248_001_001_000_002.jpg,1,abnormal,B_001,B_001_014,B_001_014_20230820,002,1920,1080,2073600,1069145,38.04486083984375,14.667228917029776,7.7483048804012356,-8.616178144290117,14.631006577435661,7.754608154296875,-8.602737426757812,42.50125241126543,33.53396219135802,50.39609519675926,42.42645263671875,33.45259094238281,50.30839538574219,48.0,1301562.0,0.6276822916666667,0.05517590688588602,1.7777777777777777,764ca32eb18df6061ecdc976d2236dfd,8d7350cca931cbe5
B_001_014_20230821204140_001_002_000_002.jpg,./data/you_chalk_brood/abnormal/B_001_014_20230821204140_001_002_000_002.jpg,1,abnormal,B_001,B_001_014,B_001_014_20230821,002,1920,1080,2073600,1132455,39.5782470703125,15.539033564814815,6.3012022569444355,-9.951352719907405,15.497526281020221,6.302398681640625,-9.938491821289062,40.7745206404321,36.27499662422839,54.37786506558642,40.67271423339844,36.17903137207031,54.26911926269531,47.0,1252811.0,0.6041719714506173,0.050422216580948254,1.7777777777777777,d3cfe5af995d43d280f8e1d982c6b4b5,ac39b1ad958f3416
B_001_014_20230821205609_001_001_000_002.jpg,./data/you_chalk_brood/abnormal/B_001_014_20230821205609_001_001_000_002.jpg,1,abnormal,B_001,B_001_014,B_001_014_20230821,002,1920,1080,2073600,1242668,41.75721740722656,16.086352615892036,4.922455632716037,-8.94037085262346,16.040140787760418,4.927886962890625,-8.928390502929688,41.62489101080247,39.48016589506173,54.76992669753086,41.52214050292969,39.379669189453125,54.65191650390625,105.0,46688.5,0.022515673225308643,0.2985813381245061,0.9416058394160584,ad0a5076199a3e8aa56872d5057949bc,93baab2c6d2c8ab2
B_001_014_20230821212637_001_004_000_002.jpg,./data/you_chalk_brood/abnormal/B_001_014_20230821212637_001_004_000_002.jpg,1,abnormal,B_001,B_001_014,B_001_014_20230821,002,1920,1080,2073600,1121090,40.62092590332031,15.850918172052774,4.764172453703708,-11.138940972222215,15.809194527420344,4.757843017578125,-11.123886108398438,38.10450713734568,38.89394820601852,56.89811535493827,38.00373840332031,38.797088623046875,56.7808837890625,60.0,1105564.5,0.5331618923611111,0.04154948377775337,1.7777777777777777,dc2e487deaaa53165e7885b887051bb5,f4bf080015fe5d4d
B_001_014_20230821213946_001_002_000_002.jpg,./data/you_chalk_brood/abnormal/B_001_014_20230821213946_001_002_000_002.jpg,1,abnormal,B_001,B_001_014,B_001_014_20230821,002,1920,1080,2073600,1072820,41.85308837890625,16.676587085451466,8.09111979166667,-6.001067708333338,16.63732790479473,8.095657348632812,-5.993499755859375,48.61038290895062,36.85003038194444,50.73835021219136,48.52253723144531,36.762359619140625,50.639984130859375,41.0,1263518.5,0.6093356963734567,0.0575545077937171,1.7777777777777777,f0cc0b5d51846c4d002a7c72119c5325,d33a3ee94b916425
B_001_014_20230821214409_001_002_000_002.jpg,./data/you_chalk_brood/abnormal/B_001_014_20230821214409_001_002_000_002.jpg,1,abnormal,B_001,B_001_014,B_001_014_20230821,002,1920,1080,2073600,1077384,43.93421936035156,17.095794563967562,6.312109375000006,-10.492285879629634,17.058111452588847,6.31427001953125,-10.487564086914062,44.62606288580247,40.93984616126543,58.309122299382715,44.53947448730469,40.85609436035156,58.215087890625,60.0,1340995.5,0.64669921875,0.07997192076476166,1.7777777777777777,69e9b7a8a98fb1e49e11a31e43e39ad6,f55af5f018e14992
B_001_014_20230821223233_001_004_000_002.jpg,./data/you_chalk_brood/abnormal/B_001_014_20230821223233_001_004_000_002.jpg,1,abnormal,B_001,B_001_014,B_001_014_20230821,002,1920,1080,2073600,1051312,47.71467590332031,18.702166734749458,8.175641878858016,-8.030229552469137,18.659470502068014,8.18487548828125,-8.022003173828125,53.246364776234564,42.93382667824074,58.78567515432099,53.14244079589844,42.83311462402344,58.6788330078125,57.0,545217.0,0.2629325810185185,0.017906540960149545,1.7777777777777777,206930841f46810601e7d4b3959594b9,8e498f35718665e5
B_001_015_20230819203609_001_004_000_002.jpg,./data/you_chalk_brood/abnormal/B_001_015_20230819203609_001_004_000_002.jpg,1,abnormal,B_001,B_001_015,B_001_015_20230819,002,1920,1080,2073600,1073583,42.9056396484375,16.561182976276932,4.73770833333333,-11.27281732253087,16.52151668772978,4.734039306640625,-11.256607055664062,40.46405623070988,41.145450424382716,59.14477382330247,40.372894287109375,41.057403564453125,59.031280517578125,123.0,47768.0,0.023036265432098767,0.3736124399952474,0.8088235294117647,3c717341b4eb472cd2e81a5b036fd6c2,aa2e55551ea0a9fa
B_001_015_20230819221618_001_003_000_002.jpg,./data/you_chalk_brood/abnormal/B_001_015_20230819221618_001_003_000_002.jpg,1,abnormal,B_001,B_001_015,B_001_015_20230819,002,1920,1080,2073600,1121136,40.666107177734375,15.98598818385379,6.19835889274691,-9.450789930555558,15.945859422870711,6.196990966796875,-9.429611206054688,41.86389949845679,37.46311390817901,54.89334780092592,41.77093505859375,37.372314453125,54.78001403808594,51.0,254925.5,0.12293860918209877,0.10845962310898712,0.5606361829025845,5f11c284eb5ab997bf8fbf738887cb1e,fc0353618f92c17d
B_001_015_20230820185901_001_003_000_002.jpg,./data/you_chalk_brood/abnormal/B_001_015_20230820185901_001_003_000_002.jpg,1,abnormal,B_001,B_001_015,B_001_015_20230820,002,1920,1080,2073600,1022472,44.16831970214844,17.36742787006778,4.718396508487643,-12.46996045524692,17.335133272058822,4.7102203369140625,-12.4593505859375,40.66221643518519,42.63059944058642,61.78182677469136,40.58445739746094,42.55802917480469,61.689208984375,68.0,1324324.0,0.638659336419753,0.07044193270827519,1.7777777777777777,9c44bda26a029a100cfa09ce3f8929c6,ad5656abb5562894
B_001_015_20230820193358_001_001_000_002.jpg,./data/you_chalk_brood/abnormal/B_001_015_20230820193358_001_001_000_002.jpg,1,abnormal,B_001,B_001_015,B_001_015_20230820,002,1920,1080,2073600,972899,44.11714172363281,17.281618214415396,7.488138503086418,-5.161411072530868,17.247236663219976,7.488677978515625,-5.145660400390625,50.60194444444444,39.652330729166664,50.898807388117284,50.52386474609375,39.572998046875,50.80006408691406,52.0,1560599.0,0.7526036844135803,0.14306738848697917,1.7777777777777777,bc58543170d579cab43fe8154717ea16,dba2c9686697e14c
B_001_015_20230820201818_001_001_000_002.jpg,./data/you_chalk_brood/abnormal/B_001_015_20230820201818_001_001_000_002.jpg,1,abnormal,B_001,B_001_015,B_001_015_20230820,002,1920,1080,2073600,978259,32.55549621582031,12.376952463083999,5.705547357253096,-10.048260513117285,12.337395163143382,5.7014923095703125,-10.02789306640625,32.963485725308644,29.60109471450617,47.646614101080246,32.87098693847656,29.509933471679688,47.53309631347656,57.0,1597543.0,0.7704200424382716,0.1765510042756937,1.7777777777777777,b5622466a2a2e868b13e860afdb1f2ba,b07bf571cab0d091
B_001_015_20230820211348_001_004_000_002.jpg,./data/you_chalk_brood/abnormal/B_001_015_20230820211348_001_004_000_002.jpg,1,abnormal,B_001,B_001_015,B_001_015_20230820,002,1920,1080,2073600,1048814,39.28230285644531,15.409044609356087,6.526612654320985,-8.57593267746914,15.372170840992647,6.51513671875,-8.5533447265625,41.56695457175926,35.872985628858025,51.59259162808642,41.4822998046875,35.79148864746094,51.4837646484375,45.0,1239424.5,0.5977162905092592,0.05804181168457424,1.7777777777777777,99441e4d07a6afaa6b9f9503b908220c,d40b37b213cd81ed
B_001_015_20230820223238_001_004_000_002.jpg,./data/you_chalk_brood/abnormal/B_001_015_20230820223238_001_004_000_002.jpg,1,abnormal,B_001,B_001_015,B_001_015_20230820,002,1920,1080,2073600,1097121,39.080902099609375,15.025235642096346,6.034518711419764,-7.881861014660487,14.993118585324755,6.0301971435546875,-7.874114990234375,41.32560570987654,35.845518422067904,50.5280574845679,41.245391845703125,35.774261474609375,50.442626953125,60.0,1439414.5,0.6941620852623457,0.10345043318153091,1.7777777777777777,d1b9e5ef11d93d1a5ffd4398994e3c4c,e75683183b31bb13
B_001_015_20230821190027_001_004_000_002.jpg,./data/you_chalk_brood/abnormal/B_001_015_20230821190027_001_004_000_002.jpg,1,abnormal,B_001,B_001_015,B_001_015_20230821,002,1920,1080,2073600,1055947,43.62159729003906,17.15921897694263,6.522854938271593,-11.150106095679007,17.115550321691178,6.5142059326171875,-11.1405029296875,43.72538773148148,40.6453018904321,59.530090663580246,43.6197509765625,40.546722412109375,59.41600036621094,54.0,1122230.5,0.5411991222993827,0.03680856876262306,1.7777777777777777,1f381ffdeab64e95dace672a4eb93820,c02fe8bd07d01fe2
B_001_015_20230821193148_001_003_000_002.jpg,./data/you_chalk_brood/abnormal/B_001_015_20230821193148_001_003_000_002.jpg,1,abnormal,B_001,B_001_015,B_001_015_20230821,002,1920,1080,2073600,1188137,45.77326965332031,17.962774411462117,5.628908661265427,-11.776755883487652,17.922261555989582,5.6340179443359375,-11.769241333007812,44.235822241512345,43.42203269675926,62.65374035493827,44.14427185058594,43.32774353027344,62.55003356933594,64.0,1522662.0,0.7343084490740741,0.08169039183323826,1.7777777777777777,1ff5ed7c44c78fb942d30a35f7ecdea7,ae55946a4bd229d3
B_001_015_20230821200209_001_001_000_002.jpg,./data/you_chalk_brood/abnormal/B_001_015_20230821200209_001_001_000_002.jpg,1,abnormal,B_001,B_001_015,B_001_015_20230821,002,1920,1080,2073600,1050184,37.82594299316406,14.846305374001453,7.229347029320991,-5.102559317129632,14.807972627527574,7.23333740234375,-5.0933074951171875,44.04478877314815,33.362210165895064,45.31963252314815,43.956695556640625,33.272705078125,45.22355651855469,42.0,1320622.0,0.6368740354938272,0.06413591249247352,1.7777777777777777,072653d87194d55bae93bd60412b51ec,8ba883775d8b28e5
B_001_015_20230821211117_001_003_000_002.jpg,./data/you_chalk_brood/abnormal/B_001_015_20230821211117_001_003_000_002.jpg,1,abnormal,B_001,B_001_015,B_001_015_20230821,002,1920,1080,2073600,994672,39.40147399902344,15.235103296719922,6.65562355324073,-8.92506124614198,15.207758884803921,6.648101806640625,-8.90496826171875,42.17455873842592,35.55632330246914,52.591603491512345,42.10572814941406,35.492462158203125,52.506805419921875,58.0,1543146.0,0.7441869212962963,0.15104571425034657,1.7777777777777777,e0fb32a88409e119bba23c90ca145faa,8ec67333319c898f
B_001_015_20230821211835_001_001_000_002.jpg,./data/you_chalk_brood/abnormal/B_001_015_20230821211835_001_001_000_002.jpg,1,abnormal,B_001,B_001_015,B_001_015_20230821,002,1920,1080,2073600,1213932,41.913421630859375,16.201249130053256,4.989120370370358,-8.737582947530868,16.163437787224264,4.9842681884765625,-8.717376708984375,42.12017698688272,39.59791763117284,54.05968701774692,42.03114318847656,39.51844787597656,53.9483642578125,61.0,1178048.0,0.5681172839506173,0.03412138397242988,1.7777777777777777,d1273f776ad9b452b5277ffa89988e5b,dd660bf79058229e
B_001_015_20230821214910_001_003_000_002.jpg,./data/you_chalk_brood/abnormal/B_001_015_20230821214910_001_003_000_002.jpg,1,abnormal,B_001,B_001_015,B_001_015_20230821,002,1920,1080,2073600,1101011,36.621368408203125,14.017151567417088,5.187468653549388,-10.837580536265435,13.978379193474264,5.18243408203125,-10.823379516601562,35.138684895833336,34.51393759645062,52.04369454089506,35.05064392089844,34.431365966796875,51.9404296875,55.0,708335.0,0.3415967399691358,0.017867636876452563,1.7777777777777777,9f4175bee7eeed3dd8c5e8dca71672ad,f779c758940b14c9
B_001_015_20230821215243_001_003_000_002.jpg,./data/you_chalk_brood/abnormal/B_001_015_20230821215243_001_003_000_002.jpg,1,abnormal,B_001,B_001_015,B_001_015_20230821,002,1920,1080,2073600,1126784,41.70420837402344,16.234600051440328,5.065853587962977,-11.839594907407403,16.19720458984375,5.06640625,-11.830093383789062,39.17414641203704,39.792459972993825,58.854022472993826,39.08860778808594,39.7076416015625,58.7501220703125,62.0,1250106.5,0.6028677179783951,0.06739244910936042,1.7777777777777777,a2aff792af9a54ed0d99ed6cb2d1ba6b,f8f8f82e0624666b
B_001_015_20230821222142_001_003_000_002.jpg,./data/you_chalk_brood/abnormal/B_001_015_20230821222142_001_003_000_002.jpg,1,abnormal,B_001,B_001_015,B_001_015_20230821,002,1920,1080,2073600,1078660,39.30450439453125,15.362400712599856,6.381238425925915,-11.17261236496914,15.320961148131127,6.372039794921875,-11.15850830078125,38.860429205246916,36.56607928240741,55.37513937114198,38.75688171386719,36.47413635253906,55.26240539550781,47.0,1253393.5,0.6044528838734567,0.04520078555813257,1.7777777777777777,f169fc85f4743b30b016ff80325937c5,a7264b3a8aa4ee69
B_001_015_20230821223823_001_001_000_002.jpg,./data/you_chalk_brood/abnormal/B_001_015_20230821223823_001_001_000_002.jpg,1,abnormal,B_001,B_001_015,B_001_015_20230821,002,1920,1080,2073600,1163760,41.01310729980469,15.755182802287582,4.430058352623462,-10.266093749999996,15.715792786841298,4.429962158203125,-10.25726318359375,39.16058690200617,39.29223910108025,55.47923562885803,39.07440185546875,39.19842529296875,55.37763977050781,68.0,1222048.0,0.5893364197530864,0.05489463087674774,1.7777777777777777,71a94681cbe43f3aa99a85b77d1fd3c9,db669b2000916ffe
B_001_015_20230822191001_001_004_000_002.jpg,./data/you_chalk_brood/abnormal/B_001_015_20230822191001_001_004_000_002.jpg,1,abnormal,B_001,B_001_015,B_001_015_20230822,002,1920,1080,2073600,993404,36.302215576171875,13.85018684943113,6.405908564814808,-7.394014274691358,13.810807770373774,6.3997650146484375,-7.373809814453125,40.05605372299383,32.43825327932099,47.27921392746914,39.955322265625,32.34733581542969,47.167205810546875,54.0,1182480.5,0.5702548707561729,0.06277150743866361,1.7777777777777777,48afcbb056c76f26fee50f919c95a165,923c692db2917e66
B_001_015_20230822201915_001_002_000_002.jpg,./data/you_chalk_brood/abnormal/B_001_015_20230822201915_001_002_000_002.jpg,1,abnormal,B_001,B_001_015,B_001_015_20230822,002,1920,1080,2073600,1104627,43.739501953125,16.961847539941903,5.744112172067901,-9.190779803240744,16.91817938112745,5.7494354248046875,-9.180618286132812,44.62746961805556,40.97376736111111,56.547493730709874,44.53392028808594,40.876800537109375,56.431365966796875,65.0,1203832.0,0.5805516975308642,0.05415429395961734,1.737962962962963,aee9a90268fc39489767732bdfe9402f,fcfcef030703c289
B_001_015_20230822210122_001_003_000_002.jpg,./data/you_chalk_brood/abnormal/B_001_015_20230822210122_001_003_000_002.jpg,1,abnormal,B_001,B_001_015,B_001_015_20230822,002,1920,1080,2073600,1194393,38.90965270996094,15.030238781469379,4.772554976851865,-11.925472608024691,14.98989928002451,4.7686920166015625,-11.90863037109375,35.91523582175926,37.20982735339506,56.24538628472222,35.819549560546875,37.11253356933594,56.133514404296875,61.0,1308131.0,0.6308502121913581,0.07645633341348256,1.7777777777777777,f010205bb0d031f6cf579f926ff8b736,b6b26969c9969714
B_001_015_20230822212054_001_003_000_002.jpg,./data/you_chalk_brood/abnormal/B_001_015_20230822212054_001_003_000_002.jpg,1,abnormal,B_001,B_001_015,B_001_015_20230822,002,1920,1080,2073600,1072681,36.58573913574219,14.013622609537643,6.150726273148138,-7.047730999228392,13.979001512714461,6.1455535888671875,-7.0336151123046875,40.08213252314815,32.87611062885802,47.25272472993827,39.994293212890625,32.7940673828125,47.15443420410156,61.0,1264652.5,0.6098825713734568,0.07611542528012982,1.7777777777777777,4c8ab5af6607fd3f1ed60db830b85460,d516797a41b67e01
B_001_016_20230819182755_001_001_000_002.jpg,./data/you_chalk_brood/abnormal/B_001_016_20230819182755_001_001_000_002.jpg,1,abnormal,B_001,B_001_016,B_001_016_20230819,002,1920,1080,2073600,1094358,41.937957763671875,16.27613792816509,3.8328211805555554,-10.833321759259263,16.241580738740808,3.8196868896484375,-10.81719970703125,38.62158661265432,40.7452874228395,57.38606819058642,38.53431701660156,40.66639709472656,57.28123474121094,70.0,962037.5,0.4639455536265432,0.032445557654419685,1.7777777777777777,797b3cea723e966749c34fef02693c48,ce79ce49cc4711ca
B_001_016_20230819184059_001_003_000_002.jpg,./data/you_chalk_brood/abnormal/B_001_016_20230819184059_001_003_000_002.jpg,1,abnormal,B_001,B_001_016,B_001_016_20230819,002,1920,1080,2073600,1203128,45.59294128417969,17.879217728758167,5.018779899691367,-7.724404417438265,17.834245270373774,5.0234222412109375,-7.7160491943359375,46.83566550925926,43.01120852623457,56.52527247299383,46.729644775390625,42.90913391113281,56.41015625,60.0,1444937.0,0.6968253279320987,0.09547889503592262,1.7777777777777777,3f8069e7658ff369743458174c3c21c4,eeaaeeec07511216
B_001_016_20230819221746_001_002_000_002.jpg,./data/you_chalk_brood/abnormal/B_001_016_20230819221746_001_002_000_002.jpg,1,abnormal,B_001,B_001_016,B_001_016_20230819,002,1920,1080,2073600,962323,37.83447265625,14.93699505265069,6.898460165895074,-5.385050154320993,14.903337067248774,6.90594482421875,-5.3742828369140625,43.830983796296294,33.26604504243827,46.31841435185185,43.751190185546875,33.18302917480469,46.226226806640625,48.0,1390765.5,0.6707009548611111,0.1009369277405563,1.7777777777777777,b55f7d9263c308297518e39c9f57705d,9925b68926fe4e91
B_001_016_20230820185738_001_002_000_002.jpg,./data/you_chalk_brood/abnormal/B_001_016_20230820185738_001_002_000_002.jpg,1,abnormal,B_001,B_001_016,B_001_016_20230820,002,1920,1080,2073600,1264157,42.220977783203125,16.190955579762772,9.513557581018517,-7.02760127314815,16.14157882391238,9.514190673828125,-7.022705078125,49.571698013117285,36.80899546682099,51.640286458333335,49.461517333984375,36.702606201171875,51.528533935546875,65.0,258624.5,0.12472246334876544,0.0071869355575047205,1.6444444444444444,b2be51f1b16010b75a14f28b5c39f425,9b9226a9c94d6c6d
B_001_016_20230820221223_001_001_000_002.jpg,./data/you_chalk_brood/abnormal/B_001_016_20230820221223_001_001_000_002.jpg,1,abnormal,B_001,B_001_016,B_001_016_20230820,002,1920,1080,2073600,1058293,42.98588562011719,17.188397368978453,7.710326967592579,-6.9038247492283915,17.147043265548408,7.7154693603515625,-6.8986968994140625,48.24749565972222,38.46822916666667,53.256489679783954,48.16070556640625,38.378814697265625,53.15586853027344,42.0,1155362.0,0.5571768904320987,0.030949417488601375,1.7777777777777777,3677b05406639163000b1f2a7626097a,ccc2eef0988ce559
B_001_016_20230821183716_001_002_000_002.jpg,./data/you_chalk_brood/abnormal/B_001_016_20230821183716_001_002_000_002.jpg,1,abnormal,B_001,B_001_016,B_001_016_20230821,002,1920,1080,2073600,1145017,39.88737487792969,15.286273375090778,6.488076292438279,-13.492176408179006,15.246366613051471,6.4750823974609375,-13.478286743164062,37.69266975308642,37.342251639660496,59.50913387345679,37.59214782714844,37.25434875488281,59.40216064453125,74.0,101097.5,0.048754581404320985,0.04671002461798168,1.6564705882352941,cfe868f2c539f2e59de6557c8fe59e11,cece3159cea03a1b
B_001_016_20230821195332_001_002_000_002.jpg,./data/you_chalk_brood/abnormal/B_001_016_20230821195332_001_002_000_002.jpg,1,abnormal,B_001,B_001_016,B_001_016_20230821,002,1920,1080,2073600,1029706,38.2613525390625,15.198472108750908,6.487305652006171,-8.931202256944445,15.158158844592524,6.4863739013671875,-8.919235229492188,40.49029224537037,34.6655396412037,51.87690055941358,40.39332580566406,34.5787353515625,51.7723388671875,41.0,1472848.5,0.7102857349537037,0.10438089572586752,1.7777777777777777,7dfb03f838e26bc051680c97fb3b1c53,ac338780f7b1c5c3
B_001_016_20230821201844_001_001_000_002.jpg,./data/you_chalk_brood/abnormal/B_001_016_20230821201844_001_001_000_002.jpg,1,abnormal,B_001,B_001_016,B_001_016_20230821,002,1920,1080,2073600,1209935,48.69459533691406,19.481371036068747,4.920117669753097,-11.982586805555556,19.44723690257353,4.9068756103515625,-11.971099853515625,45.780557966820986,46.99513454861111,65.65469376929012,45.70411682128906,46.920257568359375,65.56309509277344,68.0,829520.0,0.4000385802469136,0.013601562774835397,1.7777777777777777,4fcbd3a2d5ce5934b95b3aaaaf1a996f,f26014ec1f9f6c94
B_001_016_20230821204311_001_001_000_002.jpg,./data/you_chalk_brood/abnormal/B_001_016_20230821204311_001_001_000_002.jpg,1,abnormal,B_001,B_001_016,B_001_016_20230821,002,1920,1080,2073600,1140613,47.543487548828125,18.603729991224885,5.821286651234573,-11.697875675154322,18.566248276654413,5.8212127685546875,-11.686264038085938,46.39046826774691,45.02309702932099,64.19804494598766,46.30668640136719,44.94325256347656,64.10226440429688,66.0,1477823.0,0.7126847029320987,0.08688873998088455,1.7777777777777777,8574daba4ee785b4e604bba91dd73c63,8c4e9d5eb9733032
B_001_016_20230822195009_001_002_000_002.jpg,./data/you_chalk_brood/abnormal/B_001_016_20230822195009_001_002_000_002.jpg,1,abnormal,B_001,B_001_016,B_001_016_20230822,002,1920,1080,2073600,928768,42.988922119140625,16.949721806160735,7.340507330246908,-5.456610725308636,16.913404277726716,7.3426513671875,-5.445037841796875,49.39353298611111,38.25483024691358,51.35290750385803,49.309783935546875,38.17079162597656,51.25932312011719,52.0,1280591.0,0.617568962191358,0.08285032358832656,1.7777777777777777,7d8f092e8e7989ab3ff6a3e3aef94707,9fa364495b33057c
B_001_016_20230822202047_001_003_000_002.jpg,./data/you_chalk_brood/abnormal/B_001_016_20230822202047_001_003_000_002.jpg,1,abnormal,B_001,B_001_016,B_001_016_20230822,002,1920,1080,2073600,1065558,39.09832763671875,15.110073226821592,7.8933289930555475,-4.673500675154315,15.068550857843137,7.89544677734375,-4.6676177978515625,46.28545380015432,34.27376832561728,45.96931520061728,46.18544006347656,34.17802429199219,45.86424255371094,54.0,210183.5,0.10136164158950617,0.062279066009989704,1.287856071964018,3c8b5db03395bfc45dc0bb4d1f8f75d7,cc4f9c1dd83db910
B_001_016_20230822203512_001_003_000_002.jpg,./data/you_chalk_brood/abnormal/B_001_016_20230822203512_001_003_000_002.jpg,1,abnormal,B_001,B_001_016,B_001_016_20230822,002,1920,1080,2073600,1019904,53.46659851074219,21.492247261558944,8.550350597993827,-5.416357542438277,21.454796884574144,8.552581787109375,-5.4037628173828125,61.808089795524694,47.81301601080247,61.45234616126543,61.72074890136719,47.72802734375,61.34950256347656,56.0,1486221.0,0.7167346643518518,0.12280579026175502,1.7777777777777777,671faf3e288fa5f837d4b4f2cb274b89,d4346cd3364c4e6b
B_001_016_20230822211719_001_004_000_002.jpg,./data/you_chalk_brood/abnormal/B_001_016_20230822211719_001_004_000_002.jpg,1,abnormal,B_001,B_001_016,B_001_016_20230822,002,1920,1080,2073600,1081160,40.480926513671875,15.665367230997337,6.592274787808634,-7.837035590277779,15.635399911917892,6.5858154296875,-7.8157196044921875,43.99356770833333,36.5240340470679,52.268677662037035,43.921539306640625,36.45668029785156,52.17469787597656,62.0,1615336.0,0.7790007716049383,0.1847260481989319,1.7777777777777777,591685a506b0c4859399f0b7b3cb8ff1,ce318e47b806fe51
B_001_016_20230906105325_001_003_000_002.jpg,./data/you_chalk_brood/abnormal/B_001_016_20230906105325_001_003_000_002.jpg,1,abnormal,B_001,B_001_016,B_001_016_20230906,002,1920,1080,2073600,1534390,78.79299926757812,33.1060461298717,7.865063657407404,6.032366898148155,33.07674632352941,7.860260009765625,6.0301361083984375,93.05195408950617,73.6091902970679,68.91723090277777,92.96316528320312,73.52496337890625,68.83126831054688,52.0,2016596.0,0.9725096450617284,0.318865755484044,1.7777777777777777,cc949f495a61d002e7961373b0916858,d541e0b3bcb8d0d9
B_001_017_20230819183259_001_002_000_002.jpg,./data/you_chalk_brood/abnormal/B_001_017_20230819183259_001_002_000_002.jpg,1,abnormal,B_001,B_001_017,B_001_017_20230819,002,1920,1080,2073600,951392,37.13995361328125,14.668871225187607,6.167363522376547,-4.483375289351855,14.634423349417892,6.1643218994140625,-4.47113037109375,42.34392168209877,33.233250868055556,44.320245466820985,42.259490966796875,33.150390625,44.21588134765625,48.0,1264226.5,0.609677131558642,0.10366620118880522,1.7777777777777777,71e53b5fcbc8ac18e8c69034efdd9752,f5e04a3dbf418623
B_001_017_20230819190112_001_001_000_002.jpg,./data/you_chalk_brood/abnormal/B_001_017_20230819190112_001_001_000_002.jpg,1,abnormal,B_001,B_001_017,B_001_017_20230819,002,1920,1080,2073600,1026630,37.26434326171875,14.478089445654806,7.779782986111115,-4.407170621141972,14.444125306372548,7.7759857177734375,-4.3960723876953125,44.23663483796296,32.544964313271606,43.9836328125,44.15757751464844,32.46253967285156,43.89234924316406,53.0,169143.0,0.0815697337962963,0.05911590820583509,0.8893229166666666,baf6d7add512759d4c0692ccdc05e104,939a32a76d0b48e7
B_001_017_20230819191120_001_004_000_002.jpg,./data/you_chalk_brood/abnormal/B_001_017_20230819191120_001_004_000_002.jpg,1,abnormal,B_001,B_001_017,B_001_017_20230819,002,1920,1080,2073600,1126584,40.21720886230469,16.078744931614622,7.308244598765441,-7.888678626543211,16.03684369255515,7.31219482421875,-7.876129150390625,44.4193822337963,35.924813850308645,52.243572048611114,44.32228088378906,35.830841064453125,52.131591796875,41.0,1028947.5,0.4962131076388889,0.04778894177208158,1.7777777777777777,10d2e45091841e29ba7f933a612d8abc,c64c23cf3cd9a463
B_001_017_20230819193516_001_004_000_002.jpg,./data/you_chalk_brood/abnormal/B_001_017_20230819193516_001_004_000_002.jpg,1,abnormal,B_001,B_001_017,B_001_017_20230819,002,1920,1080,2073600,1093737,42.72015380859375,16.612157505749213,6.842357253086419,-11.396272665895069,16.571822820925245,6.8368377685546875,-11.3857421875,43.33488474151235,39.4030574845679,59.054575135030866,43.24259948730469,39.3126220703125,58.95549011230469,58.0,1373256.5,0.6622571855709877,0.06763739938021526,1.7777777777777777,6381ddd25385622298c6bf7d8c429993,d365db34bc478c81
B_001_017_20230819195032_001_001_000_002.jpg,./data/you_chalk_brood/abnormal/B_001_017_20230819195032_001_001_000_002.jpg,1,abnormal,B_001,B_001_017,B_001_017_20230819,002,1920,1080,2073600,1129627,46.38731384277344,18.27812670206972,5.4439158950617355,-10.733051215277783,18.239853802849264,5.4374847412109375,-10.71630859375,45.451171392746915,44.084745852623456,61.46889805169753,45.36457824707031,44.00041198730469,61.36250305175781,64.0,1036629.0,0.4999175347222222,0.025332618532949273,1.7777777777777777,7eee91d570b3bfc31dfbbb6ba8699019,beebf6ab06090b50
B_001_017_20230820204540_001_004_000_002.jpg,./data/you_chalk_brood/abnormal/B_001_017_20230820204540_001_004_000_002.jpg,1,abnormal,B_001,B_001_017,B_001_017_20230820,002,1920,1080,2073600,831684,41.06593322753906,16.131986239711935,7.078205054012358,-5.650577256944445,16.095473345588236,7.0752410888671875,-5.639556884765625,46.96795138888889,36.53261959876543,49.76324459876543,46.87451171875,36.446685791015625,49.66770935058594,51.0,1345664.0,0.6489506172839506,0.10495424363619173,1.7777777777777777,bc6501d54e620596a62ce917c5c9c6c9,91a7e9e9665e1113
B_001_017_20230820224627_001_003_000_002.jpg,./data/you_chalk_brood/abnormal/B_001_017_20230820224627_001_003_000_002.jpg,1,abnormal,B_001,B_001_017,B_001_017_20230820,002,1920,1080,2073600,1127895,42.44486999511719,16.59836128510046,6.194368248456783,-9.628177565586427,16.553781546798408,6.1943817138671875,-9.609527587890625,43.76295380015432,39.21582224151235,56.5668716242284,43.66447448730469,39.112335205078125,56.440643310546875,55.0,938193.5,0.4524467110339506,0.02819362780279997,1.7777777777777777,bc79008c6ca3af00c6264a2a0926bf75,e3075e38397047ad
B_001_017_20230821191807_001_003_000_002.jpg,./data/you_chalk_brood/abnormal/B_001_017_20230821191807_001_003_000_002.jpg,1,abnormal,B_001,B_001_017,B_001_017_20230821,002,1920,1080,2073600,1158618,41.1414794921875,15.914083492193175,4.072690972222233,-8.585020254629626,15.874490176930147,4.07366943359375,-8.57305908203125,40.219194155092595,39.4126953125,53.246757330246915,40.132293701171875,39.32566833496094,53.14202880859375,63.0,1017291.0,0.49059172453703703,0.031142036257017225,1.7777777777777777,115da6d80ecc3002a9e41fc30d2497a0,ea553aaa15ab548e
B_001_017_20230822191218_001_004_000_002.jpg,./data/you_chalk_brood/abnormal/B_001_017_20230822191218_001_004_000_002.jpg,1,abnormal,B_001,B_001_017,B_001_017_20230822,002,1920,1080,2073600,1054989,43.99095153808594,17.46600323771484,8.152280092592605,-7.949489293981486,17.422814462699144,8.158157348632812,-7.946014404296875,49.42546103395062,39.12639660493827,55.74659722222222,49.3243408203125,39.02632141113281,55.650665283203125,47.0,1612374.5,0.7775725790895062,0.14273842540317364,1.7777777777777777,664e301b9639307c77a76d2ab663b989,c8b9feaef8322130
B_001_018_20230819190532_001_004_000_002.jpg,./data/you_chalk_brood/abnormal/B_001_018_20230819190532_001_004_000_002.jpg,1,abnormal,B_001,B_001_018,B_001_018_20230819,002,1920,1080,2073600,1084218,44.27174377441406,17.446231239409343,7.752632137345671,-9.194213927469136,17.409955193014707,7.749359130859375,-9.180328369140625,48.29490933641976,39.773022762345676,57.71543451003087,48.207000732421875,39.68818664550781,57.62181091308594,52.0,765731.5,0.36927637924382717,0.04915420388052356,1.412037037037037,fba039ff641e9de178ac179f4ce58f28,8cc623667b7b3688
B_001_018_20230819195833_001_001_000_002.jpg,./data/you_chalk_brood/abnormal/B_001_018_20230819195833_001_001_000_002.jpg,1,abnormal,B_001,B_001_018,B_001_018_20230819,002,1920,1080,2073600,1064169,36.933258056640625,14.291320390038733,4.514443962191365,-9.034717881944445,14.255263384650736,4.5132293701171875,-9.023330688476562,35.833582175925926,34.99656925154321,50.60517891589506,35.74555969238281,34.90681457519531,50.51127624511719,97.0,53445.0,0.025774016203703703,0.2357276939363816,0.7963525835866262,2d09f26228ac4e3ac1b9f6bea79a2f09,91693649d32d36ea
B_001_018_20230819204913_001_003_000_002.jpg,./data/you_chalk_brood/abnormal/B_001_018_20230819204913_001_003_000_002.jpg,1,abnormal,B_001,B_001_018,B_001_018_20230819,002,1920,1080,2073600,1154343,42.47502136230469,16.464988236807066,7.773957368827155,-14.421060956790129,16.419964958639707,7.78106689453125,-14.425994873046875,41.36099199459876,39.28972173996914,62.637823109567904,41.25712585449219,39.19233703613281,62.54493713378906,63.0,1232032.0,0.5941512345679012,0.055235667137849685,1.7777777777777777,4f1ced7a5837f77f5dde494e0df27915,8c913373cccf7470
B_001_018_20230819211902_001_004_000_002.jpg,./data/you_chalk_brood/abnormal/B_001_018_20230819211902_001_004_000_002.jpg,1,abnormal,B_001,B_001_018,B_001_018_20230819,002,1920,1080,2073600,1168673,40.284271240234375,15.596297052771726,5.285834780092586,-10.56510754243827,15.558812758501839,5.285186767578125,-10.553573608398438,39.36134500385803,37.969765142746915,55.35399691358025,39.27508544921875,37.884918212890625,55.25389099121094,58.0,1115696.0,0.5380478395061729,0.0368889556193108,1.7777777777777777,82732e1603518b5137e22c3914cb324b,ce45c5b345a18d76
B_001_018_20230819212534_001_002_000_002.jpg,./data/you_chalk_brood/abnormal/B_001_018_20230819212534_001_002_000_002.jpg,1,abnormal,B_001,B_001_018,B_001_018_20230819,002,1920,1080,2073600,911107,38.93421936035156,15.10253211238199,6.8358463541666765,-6.692078028549389,15.06998099532782,6.8295440673828125,-6.6683502197265625,43.72448832947531,34.706305941358025,48.90601080246913,43.64219665527344,34.6298828125,48.80393981933594,53.0,1397023.5,0.6737188946759259,0.11333532760227076,1.7777777777777777,dd05caeefce43c51642f91f077f11f42,e61c6b497c83b386
B_001_018_20230819213547_001_001_000_002.jpg,./data/you_chalk_brood/abnormal/B_001_018_20230819213547_001_001_000_002.jpg,1,abnormal,B_001,B_001_018,B_001_018_20230819,002,1920,1080,2073600,1162698,44.03901672363281,17.428452932098764,5.513340567129632,-12.879843267746907,17.3957794787837,5.49420166015625,-12.85919189453125,41.02779706790123,42.043914448302466,62.78033323688272,40.94819641113281,41.971282958984375,62.677642822265625,55.0,1431619.0,0.6904026813271605,0.0701411044910944,1.7777777777777777,c37403afe93c1b24968ae8a37769d324,f07f6d0f92036394
B_001_018_20230819214217_001_004_000_002.jpg,./data/you_chalk_brood/abnormal/B_001_018_20230819214217_001_004_000_002.jpg,1,abnormal,B_001,B_001_018,B_001_018_20230819,002,1920,1080,2073600,1113556,38.95014953613281,14.896286651234568,5.008107156635816,-10.567140239197528,14.858542049632353,5.01190185546875,-10.553146362304688,37.73214554398148,36.79404031635802,54.064260706018516,37.652679443359375,36.7122802734375,53.963165283203125,62.0,1030208.0,0.496820987654321,0.03259751590626687,1.7777777777777777,bd0617f1ef2ecbd59627a0fbefce6f11,b54a95b55ab54951
B_001_018_20230820192428_001_001_000_002.jpg,./data/you_chalk_brood/abnormal/B_001_018_20230820192428_001_001_000_002.jpg,1,abnormal,B_001,B_001_018,B_001_018_20230820,002,1920,1080,2073600,1067796,37.873291015625,14.585031431554102,6.23333526234569,-8.307499517746919,14.542954388786764,6.229400634765625,-8.292953491210938,39.996975790895064,34.6282349537037,49.862972125771606,39.89710998535156,34.53218078613281,49.75370788574219,51.0,720579.0,0.34750144675925926,0.04684300045671951,1.4055555555555554,81033224cf9cdd16e0b8a9dc2d806de6,bcc822b66b9c8b69
B_001_018_20230820194543_001_003_000_002.jpg,./data/you_chalk_brood/abnormal/B_001_018_20230820194543_001_003_000_002.jpg,1,abnormal,B_001,B_001_018,B_001_018_20230820,002,1920,1080,2073600,1004359,39.53938293457031,15.635066985899298,6.475058834876535,-4.851046971450614,15.596660539215685,6.470947265625,-4.8417816162109375,45.04295380015432,35.40238763503086,47.249178722993825,44.94984436035156,35.31170654296875,47.14556884765625,48.0,1678959.5,0.8096834008487654,0.18510617130961315,1.7777777777777777,7605fa1b0425f4bc6bff492fa7baf91e,87b5a124e489fcb3
B_001_018_20230820215338_001_002_000_002.jpg,./data/you_chalk_brood/abnormal/B_001_018_20230820215338_001_002_000_002.jpg,1,abnormal,B_001,B_001_018,B_001_018_20230820,002,1920,1080,2073600,1072380,43.1905517578125,17.03817628903413,7.031725501543207,-9.886526813271601,17.007930980009192,7.032073974609375,-9.869827270507812,45.18115258487654,39.54109519675926,57.37918354552469,45.1181640625,39.475616455078125,57.292205810546875,49.0,1105529.5,0.5331450135030864,0.04371770126415395,1.7777777777777777,516e5f668953c01a150dee69946e619b,9dc8cdd66aa54989
B_001_018_20230820222608_001_003_000_002.jpg,./data/you_chalk_brood/abnormal/B_001_018_20230820222608_001_003_000_002.jpg,1,abnormal,B_001,B_001_018,B_001_018_20230820,002,1920,1080,2073600,1111730,36.30792236328125,14.028021930222705,4.835438368055549,-9.326271219135805,13.989191990272671,4.8350982666015625,-9.303756713867188,35.67860532407408,34.07105082947531,50.24539641203704,35.59515380859375,33.9852294921875,50.13127136230469,56.0,718073.0,0.34629292052469135,0.025869956640471967,1.7055555555555555,9f38ce02620954154731c0d73277e296,f80b6c6406fd9a2e
B_001_018_20230821201342_001_003_000_002.jpg,./data/you_chalk_brood/abnormal/B_001_018_20230821201342_001_003_000_002.jpg,1,abnormal,B_001,B_001_018,B_001_018_20230821,002,1920,1080,2073600,1149641,35.01243591308594,13.321662808641975,4.754211516203696,-9.52287037037037,13.286222570082721,4.7480926513671875,-9.500411987304688,34.18062114197531,32.88512827932099,48.858456790123455,34.100067138671875,32.808349609375,48.74986267089844,53.0,1194526.5,0.5760640914351852,0.0491677908983348,1.7777777777777777,dbce48cf34bb1b7d11ccfb920915b4f4,b54a6da56bb49509
B_001_018_20230821224203_001_004_000_002.jpg,./data/you_chalk_brood/abnormal/B_001_018_20230821224203_001_004_000_002.jpg,1,abnormal,B_001,B_001_018,B_001_018_20230821,002,1920,1080,2073600,1091713,39.95733642578125,15.483386097494552,6.43228925540123,-9.327635995370372,15.447848450903798,6.429351806640625,-9.3155517578125,41.5098615933642,36.72557339891976,53.30719666280864,41.42474365234375,36.64344787597656,53.20921325683594,56.0,114690.5,0.05530984760802469,0.11833436048788572,0.6538461538461539,717f6b3c6650e28f739a972cfd732f8f,beed324647127a52
B_001_019_20230819183009_001_001_000_002.jpg,./data/you_chalk_brood/abnormal/B_001_019_20230819183009_001_001_000_002.jpg,1,abnormal,B_001,B_001_019,B_001_019_20230819,002,1920,1080,2073600,1209953,41.715301513671875,16.16215126482692,5.103422067901221,-9.087328317901239,16.130783978630514,5.1010589599609375,-9.071624755859375,41.52918499228395,39.31744454089506,55.23202594521605,41.45576477050781,39.246002197265625,55.14347839355469,90.0,51929.0,0.02504292052469136,0.2649858347263293,1.1330798479087452,47771059a544246d8e80899ef33cc9c1,b98575a60bdc0b6a
B_001_019_20230819192255_001_004_000_002.jpg,./data/you_chalk_brood/abnormal/B_001_019_20230819192255_001_004_000_002.jpg,1,abnormal,B_001,B_001_019,B_001_019_20230819,002,1920,1080,2073600,1083448,44.3857421875,17.275714301924474,7.8913435570987644,-9.148442804783954,17.23892511106005,7.8969879150390625,-9.136505126953125,48.52519000771605,39.994794560185184,56.91905671296296,48.44673156738281,39.91712951660156,56.81916809082031,60.0,924682.0,0.44593074845679015,0.021761465324518902,1.7777777777777777,53e870d4faf9ede3a5490f112ccc599f,9bab5966669390d8
B_001_019_20230819193644_001_003_000_002.jpg,./data/you_chalk_brood/abnormal/B_001_019_20230819193644_001_003_000_002.jpg,1,abnormal,B_001,B_001_019,B_001_019_20230819,002,1920,1080,2073600,970459,35.266815185546875,13.57378491134108,4.942883873456793,-8.27233169367284,13.534162932751226,4.94891357421875,-8.258148193359375,35.52342544367284,32.95818383487654,47.27033323688271,35.43470764160156,32.86772155761719,47.16917419433594,46.0,537659.0,0.25928771219135804,0.00941843168191034,1.6990740740740742,158ece297ec4db45007bc235a68ca5a1,c6940ce33ceed691
B_001_019_20230819211150_001_003_000_002.jpg,./data/you_chalk_brood/abnormal/B_001_019_20230819211150_001_003_000_002.jpg,1,abnormal,B_001,B_001_019,B_001_019_20230819,002,1920,1080,2073600,1158716,42.88160705566406,16.61646563332123,7.4414510995370335,-12.641127025462964,16.58294677734375,7.4281158447265625,-12.61981201171875,42.8109944058642,39.58583333333333,60.69564236111111,42.72856140136719,39.51673889160156,60.594390869140625,64.0,1035244.5,0.49924985532407407,0.032251423471119624,1.7777777777777777,a892dfaa50544e6ff4d80e37ee246a9c,b525a5b65a64ca59
B_001_019_20230819224056_001_001_000_002.jpg,./data/you_chalk_brood/abnormal/B_001_019_20230819224056_001_001_000_002.jpg,1,abnormal,B_001,B_001_019,B_001_019_20230819,002,1920,1080,2073600,966883,43.749481201171875,17.203124810881143,7.044017650462962,-6.797039930555556,17.170284495634192,7.0431365966796875,-6.78277587890625,48.94940586419753,39.24745322145062,54.082285397376545,48.86415100097656,39.16542053222656,53.9906005859375,58.0,1343718.0,0.6480121527777778,0.10252371833177092,1.7777777777777777,d68d9c58e845dabf174f2b05b1ce615a,88b71f55708a19ed
B_001_019_20230820185321_001_004_000_002.jpg,./data/you_chalk_brood/abnormal/B_001_019_20230820185321_001_004_000_002.jpg,1,abnormal,B_001,B_001_019,B_001_019_20230820,002,1920,1080,2073600,1066700,37.3192138671875,14.218261127753571,6.780434027777773,-10.284268422067896,14.184684005438113,6.7751617431640625,-10.270538330078125,38.66044801311728,33.918642939814816,52.062648533950615,38.58137512207031,33.84393310546875,51.96954345703125,59.0,863689.0,0.41651668595679014,0.027351672033685333,1.7777777777777777,64b89816208eba34fc49ebad89d9a77b,85525ab5c6feb109
B_001_019_20230820190451_001_003_000_002.jpg,./data/you_chalk_brood/abnormal/B_001_019_20230820190451_001_003_000_002.jpg,1,abnormal,B_001,B_001_019,B_001_019_20230820,002,1920,1080,2073600,952807,36.62060546875,14.145973092168964,6.096980613425927,-7.780358796296298,14.108348173253676,6.101470947265625,-7.7705841064453125,39.26720486111111,33.22380160108025,48.017922453703704,39.18190002441406,33.13795471191406,47.917877197265625,48.0,792779.0,0.38232011959876544,0.024016984609463526,1.7777777777777777,726edce5f15b4cf263711e4816de03bb,909f4948c80dbfeb
B_001_019_20230820222400_001_004_000_002.jpg,./data/you_chalk_brood/abnormal/B_001_019_20230820222400_001_004_000_002.jpg,1,abnormal,B_001,B_001_019,B_001_019_20230820,002,1920,1080,2073600,1050788,39.511871337890625,15.446151998608086,6.294271797839514,-7.993064718364195,15.405034083946079,6.290618896484375,-7.9747467041015625,42.32045042438271,35.8967578125,51.681408179012344,42.22221374511719,35.80131530761719,51.56507873535156,52.0,1723658.0,0.8312393904320987,0.21151830793088883,1.7777777777777777,a8635b1ecb94f74c7534e1e2c37fc501,aaf9e8399491564e
B_001_019_20230821180352_001_003_000_002.jpg,./data/you_chalk_brood/abnormal/B_001_019_20230821180352_001_003_000_002.jpg,1,abnormal,B_001,B_001_019,B_001_019_20230821,002,1920,1080,2073600,1165357,41.17445373535156,16.04781454248366,5.643919753086408,-10.384143036265428,16.002424651501226,5.648162841796875,-10.3697509765625,41.0134162808642,38.51159529320988,56.180686246141974,40.91389465332031,38.408538818359375,56.0574951171875,54.0,946149.0,0.456283275462963,0.024631756302612585,1.7777777777777777,e1d76f5de7361d84992b41b292ac7aef,c6fd2303c4e03f66
B_001_019_20230821201259_001_003_000_002.jpg,./data/you_chalk_brood/abnormal/B_001_019_20230821201259_001_003_000_002.jpg,1,abnormal,B_001,B_001_019,B_001_019_20230821,002,1920,1080,2073600,908298,36.74169921875,14.249804261982572,5.566003568672841,-8.380054012345681,14.219701430376839,5.5644989013671875,-8.363021850585938,38.29559751157407,33.53705054012346,49.95289351851852,38.2177734375,33.465362548828125,49.862152099609375,55.0,1377260.5,0.6641881269290123,0.13727360819343204,1.7777777777777777,e2121321fdcc6a2de7137fef7996fea5,c9991c6766253dc6
B_001_019_20230821224247_001_003_000_002.jpg,./data/you_chalk_brood/abnormal/B_001_019_20230821224247_001_003_000_002.jpg,1,abnormal,B_001,B_001_019,B_001_019_20230821,002,1920,1080,2073600,1026363,43.67120361328125,17.11038413822319,6.438598090277765,-8.559482542438275,17.06801470588235,6.437896728515625,-8.548263549804688,46.053050250771605,40.322047646604936,55.54675925925926,45.953948974609375,40.231292724609375,55.437042236328125,55.0,790999.5,0.3814619502314815,0.022261464148194625,1.6592592592592592,da1ce72715d5895186a236884adbf16a,c4b5359ea6e2f214
B_001_019_20230822192828_001_001_000_002.jpg,./data/you_chalk_brood/abnormal/B_001_019_20230822192828_001_001_000_002.jpg,1,abnormal,B_001,B_001_019,B_001_019_20230822,002,1920,1080,2073600,989288,31.873825073242188,12.186771135923506,5.446979166666665,-7.261713927469131,12.158502316942402,5.4445343017578125,-7.2470703125,34.08210455246913,28.70632137345679,43.09593412422839,34.01078796386719,28.638595581054688,43.020233154296875,49.0,1491519.0,0.7192896412037038,0.14330543522554876,1.7777777777777777,e78e5783297cbaf435521a4e430c0891,9668b648b47c8b6b
B_001_019_20230822210338_001_003_000_002.jpg,./data/you_chalk_brood/abnormal/B_001_019_20230822210338_001_003_000_002.jpg,1,abnormal,B_001,B_001_019,B_001_019_20230822,002,1920,1080,2073600,1126989,41.073028564453125,16.113599537037036,7.3387770061728475,-7.119182098765435,16.062693876378678,7.335357666015625,-7.110626220703125,45.36135561342593,37.06920862268519,51.54154851466049,45.238494873046875,36.9537353515625,51.41352844238281,52.0,240519.0,0.1159910300925926,0.08530503112327484,1.4241071428571428,4583d856d6a9785b4f24f8c101f95426,a5c94e266353b1ae
B_001_020_20230820182126_001_003_000_002.jpg,./data/you_chalk_brood/abnormal/B_001_020_20230820182126_001_003_000_002.jpg,1,abnormal,B_001,B_001_020,B_001_020_20230820,002,1920,1080,2073600,1095195,42.930206298828125,16.510343477668847,6.862119984567897,-12.27486545138889,16.474735035615808,6.871002197265625,-12.2623291015625,42.724164255401234,39.84138165509259,60.06063126929013,42.65089416503906,39.768890380859375,59.966156005859375,68.0,933863.0,0.45035831404320986,0.027895634162503957,1.7777777777777777,64e9376a199d4c2a48ceec29aaf6331e,ffef000018fffc02
B_001_020_20230820224340_001_002_000_002.jpg,./data/you_chalk_brood/abnormal/B_001_020_20230820224340_001_002_000_002.jpg,1,abnormal,B_001,B_001_020,B_001_020_20230820,002,1920,1080,2073600,1117525,38.81022644042969,15.20974737503026,6.168465470679024,-9.426570216049384,15.173196231617647,6.1707305908203125,-9.417694091796875,40.14115596064815,35.53994791666667,52.93564380787037,40.05809020996094,35.459014892578125,52.848663330078125,49.0,951485.5,0.45885681905864195,0.053239223492361244,1.6564814814814814,12138a20d1c298c3463eb9b39d7f12d1,cb5d46b8196630dd
B_001_020_20230821184601_001_003_000_002.jpg,./data/you_chalk_brood/abnormal/B_001_020_20230821184601_001_003_000_002.jpg,1,abnormal,B_001,B_001_020,B_001_020_20230821,002,1920,1080,2073600,1208311,43.90531921386719,17.090015659041395,5.257149884259263,-10.006122202932104,17.055711933210784,5.2571868896484375,-9.994094848632812,43.37109375,41.573619791666665,58.013478491512345,43.29457092285156,41.49827575683594,57.91998291015625,68.0,759311.0,0.36618007330246916,0.02176950305244444,1.6453703703703704,64497d7eb95e9166f30a16a35661e460,b5ad51505ba7a83a
B_001_020_20230821191855_001_002_000_002.jpg,./data/you_chalk_brood/abnormal/B_001_020_20230821191855_001_002_000_002.jpg,1,abnormal,B_001,B_001_020,B_001_020_20230821,002,1920,1080,2073600,1265631,46.218658447265625,18.251575549201164,6.251876446759269,-13.978028067129628,18.211041618795957,6.24566650390625,-13.96435546875,43.07195216049383,43.98356963734568,66.66035059799383,42.98417663574219,43.89154052734375,66.54733276367188,64.0,126059.0,0.06079234182098765,0.05513545994105782,0.7788235294117647,c5aa81ae867ecace882868d53fbb5bd3,c1e1e262b29dba69
B_001_020_20230821202731_001_004_000_002.jpg,./data/you_chalk_brood/abnormal/B_001_020_20230821202731_001_004_000_002.jpg,1,abnormal,B_001,B_001_020,B_001_020_20230821,002,1920,1080,2073600,1088214,34.203033447265625,13.114790985838779,4.57359953703704,-9.716987847222228,13.074789608226103,4.5795745849609375,-9.693435668945312,33.010632716049386,32.11118923611111,49.00532841435185,32.91578674316406,32.01701354980469,48.88887023925781,55.0,675178.0,0.32560667438271607,0.029373546954707112,1.7777777777777777,724c8b74e028836a095d62842c85bb59,e40f3e8ec0f00edd
B_001_020_20230821213743_001_001_000_002.jpg,./data/you_chalk_brood/abnormal/B_001_020_20230821213743_001_001_000_002.jpg,1,abnormal,B_001,B_001_020,B_001_020_20230821,002,1920,1080,2073600,999974,47.729156494140625,18.87971454399661,7.246940104166669,-9.750600405092598,18.841905780867034,7.2450714111328125,-9.745086669921875,50.22566550925926,43.865685281635805,61.8832137345679,50.12799072265625,43.780670166015625,61.7911376953125,60.0,323909.5,0.156206356095679,0.05360630311790314,0.9164926931106472,81522d0c986ca5a3dc61b41d07bb3bdc,e6b4784f49c494b5
B_001_020_20230821222150_001_004_000_002.jpg,./data/you_chalk_brood/abnormal/B_001_020_20230821222150_001_004_000_002.jpg,1,abnormal,B_001,B_001_020,B_001_020_20230821,002,1920,1080,2073600,1044033,40.973052978515625,15.913366353485838,5.5429152199074,-12.336057581018522,15.876913631663603,5.5399017333984375,-12.320816040039062,38.89271460262346,38.68582561728395,58.900980902777775,38.807769775390625,38.605316162109375,58.79838562011719,59.0,1468526.0,0.7082011959876543,0.11928482496482014,1.7777777777777777,60496a4a471b5d645907ab0cd736a696,9176a4db2d6f0c2c
B_001_020_20230822190214_001_002_000_002.jpg,./data/you_chalk_brood/abnormal/B_001_020_20230822190214_001_002_000_002.jpg,1,abnormal,B_001,B_001_020,B_001_020_20230822,002,1920,1080,2073600,1063226,39.40956115722656,15.504474552166544,7.208793885030872,-6.191649787808643,15.46237122778799,7.2147369384765625,-6.1822357177734375,44.785440779320986,35.039729938271606,48.75027006172839,44.687164306640625,34.940460205078125,48.645294189453125,46.0,586660.5,0.2829188368055556,0.04666769532210499,1.3064814814814816,d559caf4299cae93bef92b76f647e460,95274df10a327acb
B_001_021_20230819201142_001_003_000_002.jpg,./data/you_chalk_brood/abnormal/B_001_021_20230819201142_001_003_000_002.jpg,1,abnormal,B_001,B_001_021,B_001_021_20230819,002,1920,1080,2073600,1142376,40.03401184082031,15.63028473735173,6.507745949074064,-10.098746141975312,15.588803758808211,6.4998626708984375,-10.089065551757812,40.56410349151235,37.104810956790125,54.47784673996914,40.4664306640625,37.01329040527344,54.37107849121094,50.0,1357975.0,0.6548876350308642,0.055098012626040194,1.7777777777777777,b99a3ec3b6894aa2dde6010b52201b21,88da5cb789df54a0
B_001_021_20230819220238_001_002_000_002.jpg,./data/you_chalk_brood/abnormal/B_001_021_20230819220238_001_002_000_002.jpg,1,abnormal,B_001,B_001_021,B_001_021_20230819,002,1920,1080,2073600,1061988,42.37651062011719,16.710910456003386,6.454206211419745,-8.405584490740736,16.671806784237134,6.4531097412109375,-8.398117065429688,44.68036313657407,38.96522569444444,54.706979648919756,44.59465026855469,38.88063049316406,54.607025146484375,53.0,290522.0,0.14010513117283951,0.09154189104105258,1.032967032967033,08dac0ee286487b98af33ad010098b30,cb663efc58c69308
B_001_021_20230820183724_001_004_000_002.jpg,./data/you_chalk_brood/abnormal/B_001_021_20230820183724_001_004_000_002.jpg,1,abnormal,B_001,B_001_021,B_001_021_20230820,002,1920,1080,2073600,1057659,44.47662353515625,17.552073120915036,5.657814911265433,-10.238631365740744,17.50985538258272,5.6603851318359375,-10.221771240234375,44.312250675154324,41.77249517746914,59.648169849537034,44.221435546875,41.67900085449219,59.532745361328125,58.0,667213.0,0.32176552854938273,0.04226697773308724,1.4314814814814816,ea4df8c308f9a16fcc8710de4db0f435,d0d8ece089696eb6
B_001_021_20230820194548_001_004_000_002.jpg,./data/you_chalk_brood/abnormal/B_001_021_20230820194548_001_004_000_002.jpg,1,abnormal,B_001,B_001_021,B_001_021_20230820,002,1920,1080,2073600,1151360,39.63349914550781,15.329907823468895,4.582526041666654,-10.451614101080253,15.294877594592524,4.593963623046875,-10.449630737304688,37.69611062885802,37.791528260030866,54.87614824459877,37.61712646484375,37.71186828613281,54.796630859375,58.0,1365273.0,0.6584071180555555,0.0674104340815161,1.7777777777777777,12cfbdc7bd5275cd2734c81145ddf321,ec710f2bccf18b14
B_001_021_20230820211651_001_003_000_002.jpg,./data/you_chalk_brood/abnormal/B_001_021_20230820211651_001_003_000_002.jpg,1,abnormal,B_001,B_001_021,B_001_021_20230820,002,1920,1080,2073600,1076093,40.4224853515625,15.587372533890099,7.311297260802462,-11.975038097993831,15.543440276501226,7.322265625,-11.97259521484375,41.23668113425926,36.864577546296296,57.604119405864196,41.14161682128906,36.76153564453125,57.50715637207031,58.0,1534885.0,0.7402030285493827,0.12119115261956379,1.7777777777777777,bf249c8b059ebb2b15e42a124f411234,94ace9b1e1daa394
B_001_021_20230820215427_001_001_000_002.jpg,./data/you_chalk_brood/abnormal/B_001_021_20230820215427_001_001_000_002.jpg,1,abnormal,B_001,B_001_021,B_001_021_20230820,002,1920,1080,2073600,1077103,44.02992248535156,17.510779396635197,4.559483989197531,-13.116676311728398,17.476465561810663,4.552520751953125,-13.11151123046875,39.6032209683642,42.74666570216049,62.768336709104936,39.52146911621094,42.66755676269531,62.67787170410156,65.0,1259820.0,0.6075520833333333,0.05410799344198476,1.7777777777777777,6cee5ff45aa5c3b2c51faf5e4c93c5e1,9a9c6466339988ef
B_001_021_20230820215427_001_003_000_002.jpg,./data/you_chalk_brood/abnormal/B_001_021_20230820215427_001_003_000_002.jpg,1,abnormal,B_001,B_001_021,B_001_021_20230820,002,1920,1080,2073600,1064312,39.055267333984375,15.405858713084,6.661222029320982,-8.066336323302465,15.367204254748774,6.668426513671875,-8.060943603515625,42.28189766589506,35.232441165123454,51.1631640625,42.19586181640625,35.14427185058594,51.07188415527344,44.0,707242.0,0.341069637345679,0.023270589969807375,1.6777777777777778,a439b1bd51ea2f0581d897441012ba2d,8cb13a72e3664b4b
B_001_021_20230821190206_001_002_000_002.jpg,./data/you_chalk_brood/abnormal/B_001_021_20230821190206_001_002_000_002.jpg,1,abnormal,B_001,B_001_021,B_001_021_20230821,002,1920,1080,2073600,1098713,44.23493957519531,17.627054019910435,6.891856674382723,-9.264022955246915,17.590565400965072,6.8944244384765625,-9.247512817382812,46.99465133101852,40.27591290509259,58.227670717592595,46.91081237792969,40.18952941894531,58.125518798828125,49.0,1088849.5,0.525101032021605,0.05151436167957578,1.7777777777777777,2fa48af6673e126e66d17aa121e83a33,8e8438a9e3ddfc44
B_001_021_20230821201303_001_002_000_002.jpg,./data/you_chalk_brood/abnormal/B_001_021_20230821201303_001_002_000_002.jpg,1,abnormal,B_001,B_001_021,B_001_021_20230821,002,1920,1080,2073600,1130651,44.50933837890625,17.638723409888645,8.582871334876529,-4.5878419174382685,17.601605583639707,8.58734130859375,-4.582122802734375,51.775361689814815,39.68146797839506,51.04459297839506,51.69187927246094,39.59796142578125,50.949920654296875,57.0,268039.0,0.1292626350308642,0.013876996578113315,1.4022403258655805,02ad67465cac0ab56771dcde6c326f41,87adbee4661c06e1
B_001_021_20230822180924_001_001_000_002.jpg,./data/you_chalk_brood/abnormal/B_001_021_20230822180924_001_001_000_002.jpg,1,abnormal,B_001,B_001_021,B_001_021_20230822,002,1920,1080,2073600,1205035,44.10176086425781,17.112790864802708,4.476865837191355,-11.231178626543212,17.070300532322303,4.4716644287109375,-11.2142333984375,41.30880497685185,42.56752170138889,60.14553192515432,41.20733642578125,42.47001647949219,60.025390625,73.0,697636.5,0.3364373553240741,0.023994711597512534,1.5898148148148148,d85cd1facd8867a054c7d92082df46cd,9999666666479a9a
B_001_021_20230822182857_001_004_000_002.jpg,./data/you_chalk_brood/abnormal/B_001_021_20230822182857_001_004_000_002.jpg,1,abnormal,B_001,B_001_021,B_001_021_20230822,002,1920,1080,2073600,1110141,44.13789367675781,17.084964294359718,4.416213348765439,-9.119736689814815,17.047968845741423,4.4148712158203125,-9.101028442382812,43.31853539737654,42.21737606095679,56.939930555555556,43.23448181152344,42.13615417480469,56.83229064941406,69.0,1319900.0,0.6365258487654321,0.0668815205484663,1.7777777777777777,e6bfb4de2333817105ff9ac44251e52b,b952b91a91bb13b8
B_001_021_20230822200236_001_004_000_002.jpg,./data/you_chalk_brood/abnormal/B_001_021_20230822200236_001_004_000_002.jpg,1,abnormal,B_001,B_001_021,B_001_021_20230822,002,1920,1080,2073600,1088775,39.6168212890625,15.344163035584605,7.58075086805556,-14.536287615740747,15.301549574908089,7.5760955810546875,-14.527191162109375,38.1101350308642,36.49399112654321,60.5008342978395,38.011199951171875,36.40069580078125,60.393768310546875,58.0,1125284.0,0.5426716820987655,0.046628641233263615,1.7777777777777777,5e673ce611cf184b1204eba6b30ffd23,bf1300ff4408fcae
B_001_021_20230822203224_001_002_000_002.jpg,./data/you_chalk_brood/abnormal/B_001_021_20230822203224_001_002_000_002.jpg,1,abnormal,B_001,B_001_021,B_001_021_20230822,002,1920,1080,2073600,1071881,42.03807067871094,16.446069353667394,6.38669463734567,-11.580109471450612,16.407608331418505,6.38897705078125,-11.569534301757812,41.37291377314815,39.33302131558642,58.48731963734568,41.28729248046875,39.24510192871094,58.38664245605469,56.0,705653.5,0.34030357831790126,0.016986440145051997,1.6472222222222221,4d17e63eddbf0b4d20a9ca29ab403b0d,d1a66a634b37b704
B_001_021_20230822204820_001_001_000_002.jpg,./data/you_chalk_brood/abnormal/B_001_021_20230822204820_001_001_000_002.jpg,1,abnormal,B_001,B_001_021,B_001_021_20230822,002,1920,1080,2073600,1168027,39.21650695800781,14.971794624485595,6.553511766975305,-10.92570505401234,14.933645211014094,6.5432891845703125,-10.910980224609375,39.490007716049384,36.144688464506174,55.05067418981481,39.401947021484375,36.061676025390625,54.950225830078125,67.0,1108428.0,0.534542824074074,0.048469588111168596,1.7777777777777777,b3cf17f4f9f4e9b23dde170e8031589b,aaa95555aaab445e
B_001_022_20230819193815_001_002_000_002.jpg,./data/you_chalk_brood/abnormal/B_001_022_20230819193815_001_002_000_002.jpg,1,abnormal,B_001,B_001_022,B_001_022_20230819,002,1920,1080,2073600,1183902,44.444183349609375,17.662071267550232,6.638765914351865,-10.770603298611107,17.613824582567403,6.6344757080078125,-10.764144897460938,44.607286361882714,41.479398630401235,60.1716300154321,44.49302673339844,41.3677978515625,60.04510498046875,51.0,1583389.0,0.7635942322530864,0.09090390388780918,1.7777777777777777,68d45cbd80c5e8ae4e4c9952be77873b,c638e4c76b7c4073
B_001_022_20230819200258_001_002_000_002.jpg,./data/you_chalk_brood/abnormal/B_001_022_20230819200258_001_002_000_002.jpg,1,abnormal,B_001,B_001_022,B_001_022_20230819,002,1920,1080,2073600,1083401,45.469940185546875,17.90003233932462,5.989138695987663,-10.15356626157407,17.85666073069853,5.99365234375,-10.1473388671875,45.70842544367284,42.66793740354938,60.15346064814815,45.60408020019531,42.5697021484375,60.04248046875,64.0,191848.0,0.09251929012345679,0.03315460055519509,1.5170532060027284,73bf85600e0efca57151adbc2cae57f2,964f3569938c8576
B_001_022_20230820181917_001_001_000_002.jpg,./data/you_chalk_brood/abnormal/B_001_022_20230820181917_001_001_000_002.jpg,1,abnormal,B_001,B_001_022,B_001_022_20230820,002,1920,1080,2073600,1119521,40.62358093261719,15.953432885499877,7.287106963734573,-6.614136766975307,15.921786439185048,7.2875213623046875,-6.6046142578125,45.59625868055556,36.34060860339506,50.354721739969136,45.52754211425781,36.269866943359375,50.269622802734375,48.0,383648.0,0.18501543209876542,0.03763246423821213,1.847741935483871,812d85336de60b84cf4fdbf953c4e050,8d3949788ea593cb
B_001_022_20230820191846_001_002_000_002.jpg,./data/you_chalk_brood/abnormal/B_001_022_20230820191846_001_002_000_002.jpg,1,abnormal,B_001,B_001_022,B_001_022_20230820,002,1920,1080,2073600,1108067,40.604095458984375,15.850008510348584,6.588656442901225,-10.40506944444445,15.819582471660539,6.589141845703125,-10.391265869140625,41.77366849922839,37.1657315779321,55.84804783950617,41.70381164550781,37.09941101074219,55.764251708984375,53.0,1210150.0,0.5835985725308642,0.05214716797262407,1.7777777777777777,1bcabe088a51043cdbe8a774536f1cfe,95ade666c3b49832
B_001_022_20230820200529_001_003_000_002.jpg,./data/you_chalk_brood/abnormal/B_001_022_20230820200529_001_003_000_002.jpg,1,abnormal,B_001,B_001_022,B_001_022_20230820,002,1920,1080,2073600,1025900,40.03324890136719,15.743194557915757,6.796025752314819,-11.574143036265426,15.704991957720589,6.7956695556640625,-11.56597900390625,40.508284143518516,36.56091338734568,57.44618007330247,40.41351318359375,36.47370910644531,57.35008239746094,50.0,668897.5,0.3225778838734568,0.024466684342740682,1.7777777777777777,fd520803fde13533041e0aedc7afadfe,91b689ca666e5273
B_001_022_20230820200736_001_002_000_002.jpg,./data/you_chalk_brood/abnormal/B_001_022_20230820200736_001_002_000_002.jpg,1,abnormal,B_001,B_001_022,B_001_022_20230820,002,1920,1080,2073600,1152200,39.24351501464844,15.226174238985715,5.394714988425932,-12.53185329861111,15.18804811963848,5.3910980224609375,-12.524307250976562,36.32135079089506,37.32336033950617,57.5304721257716,36.22950744628906,37.233978271484375,57.43479919433594,59.0,979481.0,0.47235773533950615,0.03714575017457634,1.7777777777777777,e1917279023139ab9770f40d369b997b,accd4c8bd5abaa14
B_001_022_20230821185910_001_004_000_002.jpg,./data/you_chalk_brood/abnormal/B_001_022_20230821185910_001_004_000_002.jpg,1,abnormal,B_001,B_001_022,B_001_022_20230821,002,1920,1080,2073600,1141711,42.097137451171875,16.364157626785282,4.884186439043219,-10.151595775462965,16.33194268918505,4.8787994384765625,-10.129669189453125,40.89154851466049,39.988822337962965,56.7520987654321,40.813629150390625,39.91496276855469,56.64543151855469,61.0,1209304.0,0.5831905864197531,0.04782070552316021,1.7777777777777777,bc4f9855f977a25b08525c4aa91956ad,d13c4d933ec9017e
B_001_022_20230821193242_001_003_000_002.jpg,./data/you_chalk_brood/abnormal/B_001_022_20230821193242_001_003_000_002.jpg,1,abnormal,B_001,B_001_022,B_001_022_20230821,002,1920,1080,2073600,1049925,43.18040466308594,17.205128146937785,5.973257619598769,-9.250635127314808,17.170511881510418,5.96826171875,-9.240036010742188,44.01952449845679,40.23591869212963,56.837133969907406,43.94219970703125,40.160552978515625,56.74757385253906,45.0,1127859.5,0.5439137249228395,0.03452000631280792,1.7777777777777777,9ccfaf4320877d1f3cc98e5a72ac59c2,99f42624751adb71
B_001_022_20230821203444_001_003_000_002.jpg,./data/you_chalk_brood/abnormal/B_001_022_20230821203444_001_003_000_002.jpg,1,abnormal,B_001,B_001_022,B_001_022_20230821,002,1920,1080,2073600,1078614,42.91180419921875,16.556408859840232,4.350736400462949,-10.011920331790122,16.525436102175245,4.3471527099609375,-10.003250122070312,41.195077160493824,41.173761091820985,56.97977334104938,41.12150573730469,41.10418701171875,56.897705078125,71.0,1088623.0,0.5249918016975309,0.047093612578225044,1.7777777777777777,055b9fbb022570bb3bae4d762ca7f5cc,8e1633968e3333ce
B_001_022_20230821203734_001_002_000_002.jpg,./data/you_chalk_brood/abnormal/B_001_022_20230821203734_001_002_000_002.jpg,1,abnormal,B_001,B_001_022,B_001_022_20230821,002,1920,1080,2073600,1205213,40.4722900390625,15.466317175018155,8.436787229938261,-8.074751157407405,15.41662477979473,8.431015014648438,-8.068008422851562,45.71649257330247,35.79602478780864,51.66587046682099,45.60536193847656,35.69099426269531,51.54814147949219,65.0,103707.0,0.05001302083333333,0.19872731572976024,1.376657824933687,35fb2739ea2c6eea358dfe314e2b9b86,c7e3c7b0b03c383c
B_001_022_20230821211926_001_002_000_002.jpg,./data/you_chalk_brood/abnormal/B_001_022_20230821211926_001_002_000_002.jpg,1,abnormal,B_001,B_001_022,B_001_022_20230821,002,1920,1080,2073600,1064117,34.44969177246094,13.315137640704432,5.867842881944455,-8.34962625385802,13.27053892846201,5.86767578125,-8.338760375976562,36.5240128279321,31.08943142361111,47.39106963734568,36.412322998046875,30.979705810546875,47.27374267578125,53.0,1646978.5,0.7942604648919753,0.18452105072831604,1.7777777777777777,a1c79e982f880dae866068b97b6a2850,f20fed03d6504f68
B_001_022_20230822180717_001_004_000_002.jpg,./data/you_chalk_brood/abnormal/B_001_022_20230822180717_001_004_000_002.jpg,1,abnormal,B_001,B_001_022,B_001_022_20230822,002,1920,1080,2073600,1268248,43.44856262207031,17.013602562938758,5.522915702160503,-10.075614390432094,16.971968108532476,5.52044677734375,-10.061386108398438,42.89925829475309,41.08307050540123,57.92153790509259,42.806549072265625,40.98597717285156,57.80708312988281,64.0,163756.5,0.0789720775462963,0.08246464019163462,0.51875808538163,0952d9c87404d0b1c4127d5409eadf91,ad425624bbb45b66
B_001_022_20230822192917_001_003_000_002.jpg,./data/you_chalk_brood/abnormal/B_001_022_20230822192917_001_003_000_002.jpg,1,abnormal,B_001,B_001_022,B_001_022_20230822,002,1920,1080,2073600,1165264,34.448333740234375,13.097092108448319,5.531650270061732,-11.536807484567902,13.058118633195466,5.514434814453125,-11.506622314453125,32.759559220679016,32.21251929012346,51.16342013888889,32.66529846191406,32.12986755371094,51.04254150390625,56.0,905950.0,0.43689718364197533,0.024664144202743245,1.7777777777777777,a075f67a7f713f9854283099c0d6b264,9966679876bec821
B_001_022_20230822195648_001_001_000_002.jpg,./data/you_chalk_brood/abnormal/B_001_022_20230822195648_001_001_000_002.jpg,1,abnormal,B_001,B_001_022,B_001_022_20230822,002,1920,1080,2073600,1141233,39.03236389160156,14.951707365044783,4.277309992283961,-9.297527006172842,14.908441281786152,4.2769317626953125,-9.27911376953125,37.7452700617284,37.25533998842592,52.43910445601852,37.651519775390625,37.16014099121094,52.31689453125,66.0,646935.5,0.3119866415895062,0.012424092255026501,1.7777777777777777,57ef8e1540f24f94d79fb594ca47dd88,ab551caa5538ab56
B_001_022_20230822203520_001_003_000_002.jpg,./data/you_chalk_brood/abnormal/B_001_022_20230822203520_001_003_000_002.jpg,1,abnormal,B_001,B_001_022,B_001_022_20230822,002,1920,1080,2073600,1079514,37.78733825683594,14.717728758169935,6.135254629629628,-10.205378086419756,14.68319761986826,6.1239013671875,-10.187942504882812,37.98644627700617,34.86610291280864,52.9711791087963,37.90190124511719,34.79130554199219,52.875274658203125,50.0,1110444.0,0.5355150462962963,0.051361994482160965,1.7518518518518518,60ff1641816b552e497dec5812d904c1,b069566eb1806bf9
B_001_023_20230819183645_001_002_000_002.jpg,./data/you_chalk_brood/abnormal/B_001_023_20230819183645_001_002_000_002.jpg,1,abnormal,B_001,B_001_023,B_001_023_20230819,002,1920,1080,2073600,998107,45.98765563964844,18.44906972434035,7.36242139274691,-8.319584780092597,18.40884339575674,7.3633880615234375,-8.307601928710938,49.91642312885803,41.68476996527778,58.71017168209877,49.82029724121094,41.59761047363281,58.600616455078125,47.0,968921.0,0.46726514274691355,0.07325791350326719,1.7777777777777777,d029ee1e34da943390b38a4d8aa86d19,ce9392e34c4c6d2d
B_001_023_20230819184110_001_004_000_002.jpg,./data/you_chalk_brood/abnormal/B_001_023_20230819184110_001_004_000_002.jpg,1,abnormal,B_001,B_001_023,B_001_023_20230819,002,1920,1080,2073600,948046,41.961181640625,16.60171058006536,6.245107542438262,-5.270960648148147,16.57177495021446,6.247711181640625,-5.260528564453125,46.87729311342593,37.95906346450617,50.243986304012346,46.809326171875,37.88410949707031,50.16304016113281,54.0,1184661.5,0.5713066647376543,0.050976622330550184,1.7777777777777777,428f4ed04727ea14559a795b88d6e6b9,e85571aa558fac16
B_001_023_20230819192810_001_001_000_002.jpg,./data/you_chalk_brood/abnormal/B_001_023_20230819192810_001_001_000_002.jpg,1,abnormal,B_001,B_001_023,B_001_023_20230819,002,1920,1080,2073600,1086620,43.63487243652344,16.804295645727425,6.583267746913577,-11.091139081790118,16.76089417700674,6.5925445556640625,-11.078384399414062,44.110122010030864,40.550242091049384,59.177296006944445,44.01237487792969,40.45384216308594,59.065032958984375,69.0,747587.0,0.36052613811728396,0.038473035251750366,1.4296296296296296,6436dd9b1e25a8c7303e8d710ae5a8a8,e0e0e01f1f1e1d5d
B_001_023_20230820181455_001_002_000_002.jpg,./data/you_chalk_brood/abnormal/B_001_023_20230820181455_001_002_000_002.jpg,1,abnormal,B_001,B_001_023,B_001_023_20230820,002,1920,1080,2073600,1102788,38.661163330078125,14.892974423565722,4.470425347222232,-11.454816743827166,14.868810317095589,4.4600067138671875,-11.431304931640625,35.53808883101852,37.1103337191358,55.233507908950614,35.47502136230469,37.05859375,55.14776611328125,62.0,905238.5,0.43655406057098767,0.023293810605943783,1.7777777777777777,e40cd5df7235fe396473c79408659524,d24d4dd24d0dd15e
B_001_023_20230820200148_001_002_000_002.jpg,./data/you_chalk_brood/abnormal/B_001_023_20230820200148_001_002_000_002.jpg,1,abnormal,B_001,B_001_023,B_001_023_20230820,002,1920,1080,2073600,1084149,40.25517272949219,15.456014925260227,4.940851176697521,-10.844057195216052,15.41592467064951,4.9373016357421875,-10.829360961914062,38.50611304012346,38.32546440972222,55.49364872685185,38.41404724121094,38.238800048828125,55.37995910644531,68.0,827363.5,0.3989986014660494,0.034560909689190566,1.7777777777777777,415693ed92cbb38be294c91118310fcf,fe550055ff5e0303
B_001_023_20230820215512_001_002_000_002.jpg,./data/you_chalk_brood/abnormal/B_001_023_20230820215512_001_002_000_002.jpg,1,abnormal,B_001,B_001_023,B_001_023_20230820,002,1920,1080,2073600,966395,39.977783203125,15.425875431190994,6.668075327932087,-10.517214023919749,15.384042777267156,6.670379638671875,-10.51458740234375,40.91663966049383,36.75681905864197,54.99753954475309,40.8125,36.662628173828125,54.902618408203125,62.0,76919.0,0.03709442515432099,0.06754878932473674,0.902200488997555,edd90bf22a4e8a7dd5dcb7eb7f990626,b12f6993aaad11ca
B_001_023_20230821185401_001_003_000_002.jpg,./data/you_chalk_brood/abnormal/B_001_023_20230821185401_001_003_000_002.jpg,1,abnormal,B_001,B_001_023,B_001_023_20230821,002,1920,1080,2073600,1012880,38.673736572265625,14.980618153897362,7.018363233024701,-7.22901234567901,14.945140165441176,7.0155029296875,-7.2117767333984375,42.95455391589506,34.577942226080246,49.34509837962963,42.86573791503906,34.49418640136719,49.24967956542969,54.0,1580120.5,0.7620179880401234,0.12133291232664592,1.7777777777777777,855f4b487d7f4debb6277222886e68ab,e1c39f1afa1a1aa1
B_001_023_20230821185657_001_002_000_002.jpg,./data/you_chalk_brood/abnormal/B_001_023_20230821185657_001_002_000_002.jpg,1,abnormal,B_001,B_001_023,B_001_023_20230821,002,1920,1080,2073600,1122384,41.99974060058594,16.561953068264344,4.874185474537029,-12.87267698688271,16.521097819010418,4.8563079833984375,-12.86077880859375,38.25203751929013,40.51701099537037,60.13667438271605,38.15068054199219,40.42683410644531,60.025360107421875,62.0,971062.0,0.4682976466049383,0.027272581199255578,1.7777777777777777,5d14eaac93f30198826149d38494143a,fb782424fbda2027
B_001_023_20230821191604_001_003_000_002.jpg,./data/you_chalk_brood/abnormal/B_001_023_20230821191604_001_003_000_002.jpg,1,abnormal,B_001,B_001_023,B_001_023_20230821,002,1920,1080,2073600,1129162,42.64970397949219,16.506648095194866,6.550049189814814,-8.367417534722222,16.467243269378063,6.54339599609375,-8.345108032226562,45.52072145061729,39.05488329475309,54.43238377700617,45.426177978515625,38.97259521484375,54.3167724609375,59.0,1246347.0,0.6010546875,0.06818131187955379,1.7777777777777777,f3dced55940ebdc1878f2922687c920f,e742caff8649c832
B_001_023_20230821201810_001_001_000_002.jpg,./data/you_chalk_brood/abnormal/B_001_023_20230821201810_001_001_000_002.jpg,1,abnormal,B_001,B_001_023,B_001_023_20230821,002,1920,1080,2073600,1177096,44.54478454589844,17.34152652959332,4.409064429012346,-9.178620273919748,17.29775821461397,4.39874267578125,-9.165328979492188,43.63693721064815,42.628112461419754,57.66689091435185,43.53172302246094,42.531768798828125,57.55216979980469,65.0,1044828.5,0.503871768904321,0.037767584910103146,1.7777777777777777,c41470bb70dfd31e38d928e76e013567,fcc8fc84373b0334
B_001_023_20230821204321_001_003_000_002.jpg,./data/you_chalk_brood/abnormal/B_001_023_20230821204321_001_003_000_002.jpg,1,abnormal,B_001,B_001_023,B_001_023_20230821,002,1920,1080,2073600,1071285,42.10432434082031,16.440322977184703,5.804630594135801,-10.444829282407412,16.401271446078432,5.7975311279296875,-10.430618286132812,41.39170235339506,39.67978925540123,57.15621961805556,41.304412841796875,39.59355163574219,57.05271911621094,120.0,51223.0,0.02470244984567901,0.558036922842709,0.7935943060498221,d5050a47cbe13ed02f67e9ea1655de62,a22ad55557aea98a
B_001_023_20230821211637_001_001_000_002.jpg,./data/you_chalk_brood/abnormal/B_001_023_20230821211637_001_001_000_002.jpg,1,abnormal,B_001,B_001_023,B_001_023_20230821,002,1920,1080,2073600,1080895,41.99076843261719,16.473872284253204,6.969982156635808,-15.199092399691352,16.431932636335784,6.971221923828125,-15.196701049804688,39.03319637345679,39.47453993055556,63.408667052469134,38.93890380859375,39.3839111328125,63.30220031738281,60.0,418533.0,0.20183883101851852,0.03906243277049496,1.599074074074074,676ffdf4815428caf64c7e7204936c32,fce19f0f6581418e
B_001_023_20230821214758_001_001_000_002.jpg,./data/you_chalk_brood/abnormal/B_001_023_20230821214758_001_001_000_002.jpg,1,abnormal,B_001,B_001_023,B_001_023_20230821,002,1920,1080,2073600,1146053,39.931671142578125,15.455284737351729,7.284753086419755,-12.761545621141977,15.417157341452207,7.2804412841796875,-12.744308471679688,39.812126253858025,36.62263744212963,58.0895809220679,39.72343444824219,36.544281005859375,57.98316955566406,56.0,1546932.0,0.7460127314814815,0.10051021736108842,1.7777777777777777,01312113a408a7e202bd5e0729d43e55,ea70530e8155f9bc
B_001_023_20230822180801_001_002_000_002.jpg,./data/you_chalk_brood/abnormal/B_001_023_20230822180801_001_002_000_002.jpg,1,abnormal,B_001,B_001_023,B_001_023_20230822,002,1920,1080,2073600,1181973,43.72047424316406,17.162516642459455,6.6548345871913455,-10.586406732253081,17.11959539675245,6.649322509765625,-10.576004028320312,44.88922839506173,40.29424189814815,59.1761328125,44.78416442871094,40.200714111328125,59.07121276855469,56.0,711998.0,0.34336323302469135,0.026049005159733626,1.7777777777777777,0f483502d52f9e0c9fe57bfc024a642a,8e3ec45d659c938c
B_001_023_20230822194809_001_003_000_002.jpg,./data/you_chalk_brood/abnormal/B_001_023_20230822194809_001_003_000_002.jpg,1,abnormal,B_001,B_001_023,B_001_023_20230822,002,1920,1080,2073600,934988,34.40022277832031,13.323384357601064,5.976807002314814,-5.56831259645061,13.289130715762868,5.9768524169921875,-5.550567626953125,38.966285204475305,30.50592158564815,43.229647472993825,38.884521484375,30.424209594726562,43.12872314453125,50.0,1315809.0,0.6345529513888889,0.09050579308834383,1.7777777777777777,96d11655ecee8478eb2acc0a2ab2d999,9ecdcc914991785e
B_001_023_20230822204612_001_002_000_002.jpg,./data/you_chalk_brood/abnormal/B_001_023_20230822204612_001_002_000_002.jpg,1,abnormal,B_001,B_001_023,B_001_023_20230822,002,1920,1080,2073600,1029806,36.64274597167969,14.42540168845316,6.495540123456777,-7.433082561728398,14.386512905943627,6.5006103515625,-7.42315673828125,40.00938753858025,32.93027054398148,47.77893422067901,39.92097473144531,32.84222412109375,47.67716979980469,39.0,1428896.5,0.6890897472993828,0.08571029540841661,1.7777777777777777,2bbc5457cef008f48fc455676dc2fb30,dd6281c879e56e92
B_001_023_20230822204908_001_001_000_002.jpg,./data/you_chalk_brood/abnormal/B_001_023_20230822204908_001_001_000_002.jpg,1,abnormal,B_001,B_001_023,B_001_023_20230822,002,1920,1080,2073600,1181078,46.139373779296875,18.300458234991527,8.089870756172843,-7.76226900077161,18.266523772594976,8.087310791015625,-7.7491455078125,51.54817611882716,41.33992573302469,57.481483892746915,51.46559143066406,41.260101318359375,57.38526916503906,50.0,927261.5,0.44717472029320987,0.021227264315172634,1.7777777777777777,d14cc48bf764fd17aa71c3eac4602c52,f313c7d2d22d286c
B_001_023_20230822204908_001_003_000_002.jpg,./data/you_chalk_brood/abnormal/B_001_023_20230822204908_001_003_000_002.jpg,1,abnormal,B_001,B_001_023,B_001_023_20230822,002,1920,1080,2073600,1121104,37.63615417480469,14.2743564285282,7.394084683641978,-11.568154417438265,14.232171750536152,7.391937255859375,-11.553176879882812,38.79581211419753,34.06570842978395,53.867791280864196,38.701995849609375,33.97148132324219,53.75982666015625,60.0,1326169.5,0.6395493344907407,0.08607612183322418,1.7777777777777777,afe694f33189caa4db1cf3cfac2ac112,a5a5adb5a5a1a5a4
B_001_023_20230901081926_001_004_000_002.jpg,./data/you_chalk_brood/abnormal/B_001_023_20230901081926_001_004_000_002.jpg,1,abnormal,B_001,B_001_023,B_001_023_20230901,002,1920,1080,2073600,1568538,58.52333068847656,24.494011551379813,4.2355521797839515,0.7566218171296271,24.435173483455884,4.2375030517578125,0.7423553466796875,64.57103636188272,55.95622974537037,57.3669246720679,64.41755676269531,55.805999755859375,57.21421813964844,50.0,1953557.0,0.9421088927469136,0.37662853448188593,1.7777777777777777,5a8796421538b56568d6c976ea8ce960,9aba15a55cbe4358
B_001_024_20230819193316_001_002_000_002.jpg,./data/you_chalk_brood/abnormal/B_001_024_20230819193316_001_002_000_002.jpg,1,abnormal,B_001,B_001_024,B_001_024_20230819,002,1920,1080,2073600,1111793,37.31227111816406,14.470449232933912,5.391658950617284,-9.640300443672842,14.428298052619486,5.390869140625,-9.624404907226562,37.403027102623454,34.640679494598764,51.784373070987655,37.301910400390625,34.545806884765625,51.67097473144531,54.0,496378.5,0.2393800636574074,0.01777202377307818,1.8137651821862348,411f224ed0896212f04d6538d8b00e1d,b03b5c0f61b7903b
B_001_024_20230819214942_001_004_000_002.jpg,./data/you_chalk_brood/abnormal/B_001_024_20230819214942_001_004_000_002.jpg,1,abnormal,B_001,B_001_024,B_001_024_20230819,002,1920,1080,2073600,1068925,38.22740173339844,14.867067031287824,5.350032310956777,-14.053473668981482,14.829693962545957,5.3395233154296875,-14.032562255859375,33.842076581790124,36.6461612654321,58.4647014853395,33.75706481933594,36.560516357421875,58.355255126953125,55.0,1208992.5,0.5830403645833333,0.05073164620482591,1.7777777777777777,6aeab5015b8b85bc96c6a161bbaf7d80,b22e9a946c9afe81
B_001_024_20230819221207_001_004_000_002.jpg,./data/you_chalk_brood/abnormal/B_001_024_20230819221207_001_004_000_002.jpg,1,abnormal,B_001,B_001_024,B_001_024_20230819,002,1920,1080,2073600,1235406,40.08589172363281,15.349546682098765,8.099101080246925,-3.9264940200617247,15.302082136565565,8.096847534179688,-3.909759521484375,47.82587094907407,35.32687258873457,45.143654996141976,47.72355651855469,35.21745300292969,45.01454162597656,63.0,163551.5,0.07887321566358024,0.010675929064147398,1.418556701030928,22a3beac394f107c73e2cc0fadfaf9e1,c1471fb8368dc1e3
B_001_024_20230820183009_001_004_000_002.jpg,./data/you_chalk_brood/abnormal/B_001_024_20230820183009_001_004_000_002.jpg,1,abnormal,B_001,B_001_024,B_001_024_20230820,002,1920,1080,2073600,1126546,43.054931640625,16.743710663277657,4.3659268904320925,-10.96286699459877,16.701181449142158,4.3590240478515625,-10.94720458984375,40.1848259066358,41.563886477623456,59.011785783179015,40.08589172363281,41.46891784667969,58.89634704589844,68.0,439320.5,0.21186366705246915,0.007303451775589943,1.7777777777777777,9240ef3c7fcf3999fd0b5286ff65484f,e01fe0a11fe01df3
B_001_024_20230820183138_001_002_000_002.jpg,./data/you_chalk_brood/abnormal/B_001_024_20230820183138_001_002_000_002.jpg,1,abnormal,B_001,B_001_024,B_001_024_20230820,002,1920,1080,2073600,1058815,42.17790222167969,16.32949989409344,3.9665943287037067,-11.109215856481484,16.299264945235908,3.95489501953125,-11.099349975585938,38.865483699845676,40.860186631944444,58.157786458333334,38.79010009765625,40.791656494140625,58.071197509765625,71.0,913123.5,0.4403566261574074,0.043632773190670056,1.7777777777777777,12e2770061abb7be96d92bf9a69b4887,dd21266699dc6563
B_001_024_20230820201033_001_001_000_002.jpg,./data/you_chalk_brood/abnormal/B_001_024_20230820201033_001_001_000_002.jpg,1,abnormal,B_001,B_001_024,B_001_024_20230820,002,1920,1080,2073600,1116498,38.74961853027344,15.355295328007745,6.5646928047839594,-8.400335648148143,15.317472570082721,6.57269287109375,-8.390396118164062,41.46803771219136,35.03350115740741,51.61093267746914,41.382843017578125,34.947021484375,51.51148986816406,43.0,646443.5,0.31174937307098766,0.03329567521528457,1.3953703703703704,101d0ca5e8554d89e90f7a460fced045,dc035b4c8d27b3cc
B_001_024_20230821210628_001_003_000_002.jpg,./data/you_chalk_brood/abnormal/B_001_024_20230821210628_001_003_000_002.jpg,1,abnormal,B_001,B_001_024,B_001_024_20230821,002,1920,1080,2073600,1130869,37.55345153808594,14.178837978092472,7.989967206790112,-6.072476851851846,14.138464834175858,7.987548828125,-6.064056396484375,44.02176745756173,32.76399787808642,45.97730758101852,43.929595947265625,32.66957092285156,45.87553405761719,55.0,197910.0,0.09544270833333333,0.11717411793673091,0.8002628120893561,0b3ea9fadc9e0aca6184051a644c96d4,9b69ee93d9830986
B_001_024_20230822210557_001_002_000_002.jpg,./data/you_chalk_brood/abnormal/B_001_024_20230822210557_001_002_000_002.jpg,1,abnormal,B_001,B_001_024,B_001_024_20230822,002,1920,1080,2073600,1119898,41.0225830078125,16.333454936758653,7.718459683641981,-5.00171923225308,16.29693723192402,7.716064453125,-4.986785888671875,47.34161651234568,36.499664351851855,48.568723476080244,47.25004577636719,36.4144287109375,48.46376037597656,43.0,686649.5,0.33113884066358024,0.044478286629469836,1.2592592592592593,7d23e466ae6770e908f600ea65ac3629,9b97203a49d7bc0d
B_001_024_20230901161707_001_001_000_002.jpg,./data/you_chalk_brood/abnormal/B_001_024_20230901161707_001_001_000_002.jpg,1,abnormal,B_001,B_001_024,B_001_024_20230901,002,1920,1080,2073600,1338795,56.10630798339844,23.567610180646334,3.45954571759259,1.895929301697521,23.516462737438726,3.4574127197265625,1.892974853515625,61.61936294367284,54.09102478780864,53.1470134066358,61.49922180175781,53.97206115722656,53.01795959472656,49.0,1888755.0,0.9108579282407407,0.20742921255497834,1.7777777777777777,903f11b65dde1a8e52c8e4b99237624c,ee78a83b81461fe4
B_001_025_20230819184744_001_001_000_002.jpg,./data/you_chalk_brood/abnormal/B_001_025_20230819184744_001_001_000_002.jpg,1,abnormal,B_001,B_001_025,B_001_025_20230819,002,1920,1080,2073600,1034369,37.800811767578125,14.690310873577825,6.214090952932111,-8.957297935956788,14.654367484298406,6.2233123779296875,-8.942459106445312,39.73224585262346,34.385226658950614,51.17316116898148,39.65342712402344,34.302276611328125,51.077117919921875,54.0,1443360.0,0.6960648148148149,0.07973296449108094,1.7777777777777777,9b773884dfb9f33cfa876c615a51a648,a571c551cea949b6
B_001_025_20230819201612_001_002_000_002.jpg,./data/you_chalk_brood/abnormal/B_001_025_20230819201612_001_002_000_002.jpg,1,abnormal,B_001,B_001_025,B_001_025_20230819,002,1920,1080,2073600,989963,39.491668701171875,15.455531348341808,5.31805555555556,-11.55969280478395,15.415673349417892,5.3125457763671875,-11.5443115234375,37.468900462962964,37.3997444058642,56.35613811728395,37.37477111816406,37.31227111816406,56.24824523925781,50.0,664181.0,0.320303337191358,0.022109334201652616,1.7074074074074075,1cf8f6eac99d12cf2cb52e083ed8b71d,a54e5a2bb51352ae
B_001_025_20230819214733_001_001_000_002.jpg,./data/you_chalk_brood/abnormal/B_001_025_20230819214733_001_001_000_002.jpg,1,abnormal,B_001,B_001_025,B_001_025_20230819,002,1920,1080,2073600,987787,45.89654541015625,18.048777724824497,7.363318383487666,-7.601306905864192,18.01139083563113,7.365753173828125,-7.5927886962890625,50.346427469135804,41.76505883487654,56.26996913580247,50.258758544921875,41.68348693847656,56.178924560546875,54.0,761590.5,0.36727936921296295,0.028524729823286677,1.7777777777777777,fc32a17c6721e519d7ca4195c4b070d7,8634ede33c6c629a
B_001_025_20230820180322_001_003_000_002.jpg,./data/you_chalk_brood/abnormal/B_001_025_20230820180322_001_003_000_002.jpg,1,abnormal,B_001,B_001_025,B_001_025_20230820,002,1920,1080,2073600,1124698,43.27949523925781,17.310937878237713,7.032195698302473,-8.32928867669753,17.272069594439337,7.0350494384765625,-8.313796997070312,46.75196807484568,39.25824025848765,55.75478877314815,46.65959167480469,39.168609619140625,55.65058898925781,44.0,1010903.5,0.48751133294753085,0.07602557644679274,1.4416666666666667,6159b4ad0799b69e5bce8aca39145ed3,fad365aa894d2631
B_001_025_20230820180742_001_001_000_002.jpg,./data/you_chalk_brood/abnormal/B_001_025_20230820180742_001_001_000_002.jpg,1,abnormal,B_001,B_001_025,B_001_025_20230820,002,1920,1080,2073600,1082506,42.915374755859375,16.782296772875817,5.986797357253096,-12.716933834876542,16.745132745481005,5.984100341796875,-12.705520629882812,40.69171875,40.639744888117285,61.09487557870371,40.60942077636719,40.557373046875,60.99824523925781,63.0,746542.5,0.36002242476851853,0.024194136638948215,1.7777777777777777,51c69c7a8827a9d95759239fc7965108,e17ceaf5b8550912
B_001_025_20230820213042_001_002_000_002.jpg,./data/you_chalk_brood/abnormal/B_001_025_20230820213042_001_002_000_002.jpg,1,abnormal,B_001,B_001_025,B_001_025_20230820,002,1920,1080,2073600,1161782,42.3790283203125,16.458201139251997,4.370846354166673,-9.720550733024695,16.423543294270832,4.3679656982421875,-9.711105346679688,40.554722222222225,40.74360869984568,56.226909722222224,40.47825622558594,40.66636657714844,56.13801574707031,69.0,59670.5,0.028776282793209877,0.08888223892352944,0.8982300884955752,120ba4bfe414e0e3cbc5bcbe7c729c05,cecc787070f532c6
B_001_025_20230820214925_001_001_000_002.jpg,./data/you_chalk_brood/abnormal/B_001_025_20230820214925_001_001_000_002.jpg,1,abnormal,B_001,B_001_025,B_001_025_20230820,002,1920,1080,2073600,1001069,34.87841796875,13.54582179708303,6.00049093364197,-10.11559172453704,13.508252910539216,6.009185791015625,-10.107345581054688,35.4451528742284,31.78187355324074,50.183720582561726,35.3638916015625,31.699264526367188,50.09075927734375,46.0,932929.0,0.44990788966049383,0.06618864531173921,1.4935185185185185,24c9f1f0b606cac3fd582df71e3c08a1,fb13c42f846f03d4
B_001_025_20230821182341_001_003_000_002.jpg,./data/you_chalk_brood/abnormal/B_001_025_20230821182341_001_003_000_002.jpg,1,abnormal,B_001,B_001_025,B_001_025_20230821,002,1920,1080,2073600,1168577,40.611785888671875,15.619644153957879,6.116255304783948,-9.849521604938275,15.584561217064952,6.120513916015625,-9.8348388671875,41.178797743055554,37.67326292438272,54.98213589891975,41.099517822265625,37.594390869140625,54.883056640625,69.0,189998.5,0.09162736304012346,0.007945828673292575,1.4656340755082284,3a0a55ed9eeb485405cce396ab0f3293,e7c3803c3e1c397a
B_001_025_20230821184441_001_004_000_002.jpg,./data/you_chalk_brood/abnormal/B_001_025_20230821184441_001_004_000_002.jpg,1,abnormal,B_001,B_001_025,B_001_025_20230821,002,1920,1080,2073600,1122681,40.381561279296875,15.408673558157831,7.319915605709866,-11.34158613040124,15.368083879059435,7.3212738037109375,-11.33123779296875,41.55993103780864,36.91584346064815,55.953286072530865,41.471282958984375,36.83067321777344,55.85145568847656,64.0,1270729.0,0.6128129822530864,0.06792005516854567,1.7777777777777777,7b8677db8b1030366190e5783a465ef6,d9768162f9468f49
B_001_025_20230821195514_001_003_000_002.jpg,./data/you_chalk_brood/abnormal/B_001_025_20230821195514_001_003_000_002.jpg,1,abnormal,B_001,B_001_025,B_001_025_20230821,002,1920,1080,2073600,1308325,43.577056884765625,16.864710799443234,9.848426408179023,-7.581096643518521,16.817345712699144,9.845046997070312,-7.5703887939453125,50.8259659529321,38.07895351080247,53.65404320987654,50.72019958496094,37.981201171875,53.5438232421875,62.0,587638.5,0.2833904803240741,0.008618960379399545,1.7712962962962964,ab36e5a3b1e46a16c10943171c1e8fae,b44db2f54b942d52
B_001_025_20230822181642_001_001_000_002.jpg,./data/you_chalk_brood/abnormal/B_001_025_20230822181642_001_001_000_002.jpg,1,abnormal,B_001,B_001_025,B_001_025_20230822,002,1920,1080,2073600,1063183,42.397674560546875,16.754198438634713,7.249430459104929,-9.675483699845685,16.71118044385723,7.2566070556640625,-9.664337158203125,45.10513454861111,38.41881896219136,56.65849103009259,45.009979248046875,38.31935119628906,56.54829406738281,48.0,965749.0,0.4657354359567901,0.05319512957882942,1.6768518518518518,383f2fd866e20b25f02064d1cbe903f8,935b2f3819e4d68a
B_001_025_20230822190640_001_002_000_002.jpg,./data/you_chalk_brood/abnormal/B_001_025_20230822190640_001_002_000_002.jpg,1,abnormal,B_001,B_001_025,B_001_025_20230822,002,1920,1080,2073600,1035337,39.965850830078125,15.619195753146938,5.8838348765432045,-11.778447627314819,15.580743527879902,5.880523681640625,-11.774368286132812,38.485698784722224,37.600746045524694,56.719137249228396,38.396270751953125,37.5167236328125,56.62579345703125,51.0,951477.5,0.4588529610339506,0.046843351419672226,1.6925925925925926,76642bbfdaf2b5ee52cb9dbdfd8d932c,d27cbb0e239a2f22
B_001_025_20230822203442_001_001_000_002.jpg,./data/you_chalk_brood/abnormal/B_001_025_20230822203442_001_001_000_002.jpg,1,abnormal,B_001,B_001_025,B_001_025_20230822,002,1920,1080,2073600,1093122,43.89068603515625,17.411904275599127,7.275924961419747,-8.10083767361111,17.374010273054534,7.27484130859375,-8.089797973632812,47.66765914351852,39.84417486496913,55.584736207561726,47.58335876464844,39.759765625,55.487030029296875,46.0,1262535.0,0.608861400462963,0.04864494591769389,1.7777777777777777,3ffd0e668cbdf1f2ce25a66f09dc1bf4,e31f2738ac749a8c
B_001_025_20230822210136_001_001_000_002.jpg,./data/you_chalk_brood/abnormal/B_001_025_20230822210136_001_001_000_002.jpg,1,abnormal,B_001,B_001_025,B_001_025_20230822,002,1920,1080,2073600,1033233,42.95603942871094,16.87874625544662,5.3080439814814895,-13.331648341049387,16.84844970703125,5.3024749755859375,-13.323257446289062,39.53113136574074,41.14124131944445,61.7433453896605,39.46302795410156,41.07810974121094,61.66082763671875,65.0,1450757.0,0.6996320408950617,0.10047353808182959,1.7777777777777777,28b1142e19a9fbb10204a5b74e985e16,aa5555aa5555ab34
B_001_025_20230825105412_001_001_000_002.jpg,./data/you_chalk_brood/abnormal/B_001_025_20230825105412_001_001_000_002.jpg,1,abnormal,B_001,B_001_025,B_001_025_20230825,002,1920,1080,2073600,1367005,65.22154235839844,27.34425419087388,7.140934606481494,3.506705246913583,27.299128513710173,7.133209228515625,3.496337890625,76.80833140432098,60.62446421682099,59.48486786265432,76.6827392578125,60.522064208984375,59.387451171875,48.0,1914165.0,0.9231119791666667,0.12132464490140583,1.7777777777777777,c792eb4cb8e0cce932b5fc398d1ebf5f,eb9035b8b8d45659
B_001_025_20230825105505_001_004_000_002.jpg,./data/you_chalk_brood/abnormal/B_001_025_20230825105505_001_004_000_002.jpg,1,abnormal,B_001,B_001_025,B_001_025_20230825,002,1920,1080,2073600,1586815,65.30380249023438,27.093467456427014,8.219202835648161,0.47419753086418837,27.06046310125613,8.219757080078125,0.4693603515625,76.99410734953703,59.7328303433642,64.23424623842592,76.89775085449219,59.64039611816406,64.13775634765625,50.0,1936624.5,0.9339431423611111,0.2680557719982809,1.7777777777777777,68ee2318b074d0a666c14beed0b785f8,b4a366f5e1c99486
B_001_025_20230908135705_001_002_000_002.jpg,./data/you_chalk_brood/abnormal/B_001_025_20230908135705_001_002_000_002.jpg,1,abnormal,B_001,B_001_025,B_001_025_20230908,002,1920,1080,2073600,1385157,74.22377014160156,31.271000514403294,6.183149594907405,5.449864486882717,31.22420965456495,6.181549072265625,5.45477294921875,86.09766589506172,70.23788290895062,64.70745900848766,85.97920227050781,70.11935424804688,64.5758056640625,49.0,2010927.5,0.969775993441358,0.3319846457945976,1.7777777777777777,16e427b501ade38f3c1cddd49e7072c6,dba79056a431ce9c
B_001_026_20230819184409_001_002_000_002.jpg,./data/you_chalk_brood/abnormal/B_001_026_20230819184409_001_002_000_002.jpg,1,abnormal,B_001,B_001_026,B_001_026_20230819,002,1920,1080,2073600,988255,35.72245788574219,14.084302567477607,6.3750004822530855,-7.310667920524693,14.041897642846202,6.3868408203125,-7.302490234375,39.114399594907404,32.03600067515432,46.76457417052469,39.01795959472656,31.941024780273438,46.65885925292969,38.0,606790.0,0.292626350308642,0.050814957730723885,2.1621621621621623,db983fdc14ec0576fffcff5f38e2e6ee,b11e989358698f6e
B_001_026_20230819191048_001_002_000_002.jpg,./data/you_chalk_brood/abnormal/B_001_026_20230819191048_001_002_000_002.jpg,1,abnormal,B_001,B_001_026,B_001_026_20230819,002,1920,1080,2073600,1046538,49.97398376464844,19.429305479908013,4.875106095679001,-11.710495273919747,19.389139811197918,4.8713531494140625,-11.700942993164062,47.538146219135804,48.13526668595679,66.54600356867284,47.44395446777344,48.041229248046875,66.43936157226562,110.0,83380.5,0.04021050347222222,0.19016873576599708,1.1075581395348837,82ee91a8eb30f74d31854d607e15fd07,9bdb99002464677f
B_001_026_20230819204339_001_003_000_002.jpg,./data/you_chalk_brood/abnormal/B_001_026_20230819204339_001_003_000_002.jpg,1,abnormal,B_001,B_001_026,B_001_026_20230819,002,1920,1080,2073600,1171673,42.01072692871094,16.172469211450014,3.8699025848765416,-9.629698591820983,16.12892898858762,3.8747100830078125,-9.615509033203125,39.87580488040123,40.60505545910494,55.66216145833334,39.77824401855469,40.51152038574219,55.54541015625,71.0,943033.0,0.454780574845679,0.01941560075380697,1.7777777777777777,ad522df7eb5d99cfe696134f333efa09,db1b83fce40464ec
B_001_026_20230819210443_001_004_000_002.jpg,./data/you_chalk_brood/abnormal/B_001_026_20230819210443_001_004_000_002.jpg,1,abnormal,B_001,B_001_026,B_001_026_20230819,002,1920,1080,2073600,1119207,35.88916015625,13.848012549927377,6.710412326388877,-8.673513213734566,13.81564271216299,6.7165985107421875,-8.662948608398438,38.301196952160495,32.33534963348765,48.62655478395062,38.22184753417969,32.25694274902344,48.54638671875,47.0,429364.5,0.20706235532407408,0.08100220807979959,0.700925925925926,8a9579e0404d0ba7c140d91d58266cc4,f0030c170f7e8fe3
B_001_026_20230819212206_001_003_000_002.jpg,./data/you_chalk_brood/abnormal/B_001_026_20230819212206_001_003_000_002.jpg,1,abnormal,B_001,B_001_026,B_001_026_20230819,002,1920,1080,2073600,1107224,43.39820861816406,17.048308899176956,6.948962673611106,-8.47030623070988,17.01565611596201,6.9461517333984375,-8.461227416992188,46.19968026620371,39.71067370756173,55.73903838734568,46.11833190917969,39.63734436035156,55.6534423828125,57.0,119289.0,0.05752748842592593,0.05272805959413741,1.7519788918205805,45d16e63cf9b4c82f4407a3b118ca740,d4d1c1cb138b62b7
B_001_026_20230819224400_001_002_000_002.jpg,./data/you_chalk_brood/abnormal/B_001_026_20230819224400_001_002_000_002.jpg,1,abnormal,B_001,B_001_026,B_001_026_20230819,002,1920,1080,2073600,1049823,43.684051513671875,16.992999576373762,6.26268807870369,-14.459729938271607,16.96261536841299,6.2452392578125,-14.437301635742188,40.263072916666665,41.475038097993824,64.52361062885802,40.19822692871094,41.40934753417969,64.43011474609375,67.0,983419.0,0.47425684799382717,0.05261381638536474,1.7777777777777777,4ecdd875bd9ac61377282daba69654a5,c3c1c3961e3c3937
B_001_026_20230819225030_001_004_000_002.jpg,./data/you_chalk_brood/abnormal/B_001_026_20230819225030_001_004_000_002.jpg,1,abnormal,B_001,B_001_026,B_001_026_20230819,002,1920,1080,2073600,1230373,46.47874450683594,18.543660925018155,13.044946952160501,-1.3310489004629602,18.499396829044116,13.045928955078125,-1.3240814208984375,60.90365644290124,38.84068672839506,48.797756076388886,60.811553955078125,38.74122619628906,48.68896484375,63.0,737246.0,0.3555391589506173,0.0270570457410107,1.5194444444444444,1988de15989fade8ef93ab012d8c63b8,c639e7190b966b31
B_001_026_20230820185707_001_002_000_002.jpg,./data/you_chalk_brood/abnormal/B_001_026_20230820185707_001_002_000_002.jpg,1,abnormal,B_001,B_001_026,B_001_026_20230820,002,1920,1080,2073600,1153983,43.08226013183594,16.76371584513435,5.513547453703694,-9.670876253858026,16.723680683210784,5.5052032470703125,-9.653823852539062,43.21129388503086,40.41709731867284,57.276808449074075,43.115814208984375,40.32810974121094,57.1728515625,63.0,714949.0,0.34478636188271605,0.02053406924309198,1.651851851851852,aa8833cad2d1b32e48e225c5cbcb620b,944976a44f922cfe
B_001_026_20230820191219_001_003_000_002.jpg,./data/you_chalk_brood/abnormal/B_001_026_20230820191219_001_003_000_002.jpg,1,abnormal,B_001,B_001_026,B_001_026_20230820,002,1920,1080,2073600,1129079,39.6322021484375,15.225923278261922,5.0071079282407425,-10.742379436728399,15.193960152420344,5.011260986328125,-10.731842041015625,38.075237750771606,37.55123263888889,55.01260127314815,38.007720947265625,37.479827880859375,54.92179870605469,63.0,1012484.0,0.4882735339506173,0.030792741770430836,1.7777777777777777,1957b95d4a649e4fe745a5956329605a,93e16464c191d3ef
B_001_026_20230820203340_001_003_000_002.jpg,./data/you_chalk_brood/abnormal/B_001_026_20230820203340_001_003_000_002.jpg,1,abnormal,B_001,B_001_026,B_001_026_20230820,002,1920,1080,2073600,1126046,38.87055969238281,15.127377602275477,5.489629147376547,-10.343517554012351,15.088189816942402,5.4932861328125,-10.330154418945312,38.26246141975309,36.43225453317901,53.790667438271605,38.1693115234375,36.34394836425781,53.690948486328125,52.0,1100426.5,0.5306840760030864,0.04005623567316274,1.7777777777777777,ba08b31a760be82a178a9a24d0ecf176,d3648fdb254c946a
B_001_026_20230820205723_001_004_000_002.jpg,./data/you_chalk_brood/abnormal/B_001_026_20230820205723_001_004_000_002.jpg,1,abnormal,B_001,B_001_026,B_001_026_20230820,002,1920,1080,2073600,1032046,37.399688720703125,14.379764471374969,4.804535590277766,-10.56147665895061,14.343285654105392,4.8074798583984375,-10.549179077148438,35.81067515432099,35.396487750771605,52.53346209490741,35.728179931640625,35.316314697265625,52.43507385253906,54.0,1341152.5,0.6467749324845679,0.08615685804907852,1.7777777777777777,b517d24f244e1fddaa31ce7d843d9b1a,f803e46697d88cec
B_001_026_20230820215433_001_004_000_002.jpg,./data/you_chalk_brood/abnormal/B_001_026_20230820215433_001_004_000_002.jpg,1,abnormal,B_001,B_001_026,B_001_026_20230820,002,1920,1080,2073600,968405,36.714202880859375,14.015010552832244,4.941210937499989,-7.238343942901238,13.983944163602942,4.939300537109375,-7.2231292724609375,38.29389805169753,33.935965470679015,47.637882908950616,38.21650695800781,33.860748291015625,47.55088806152344,60.0,1213156.0,0.585048225308642,0.07306421079606189,1.7777777777777777,13569b27bdf6158cf8f6203b1c0aafd7,e0b31f1ff0e1541c
B_001_026_20230820225230_001_004_000_002.jpg,./data/you_chalk_brood/abnormal/B_001_026_20230820225230_001_004_000_002.jpg,1,abnormal,B_001,B_001_026,B_001_026_20230820,002,1920,1080,2073600,1169190,41.498016357421875,16.27025879024449,6.382155671296289,-10.014526427469136,16.23458563112745,6.379791259765625,-10.002578735351562,42.72207465277778,38.16790991512346,56.20216531635803,42.63819885253906,38.08961486816406,56.10917663574219,52.0,569683.5,0.2747316261574074,0.02671388473263636,1.7342592592592592,46ece6c6319fb1ca1864052aad530a04,c4692b8ccd3e4f92
B_001_026_20230820225525_001_002_000_002.jpg,./data/you_chalk_brood/abnormal/B_001_026_20230820225525_001_002_000_002.jpg,1,abnormal,B_001,B_001_026,B_001_026_20230820,002,1920,1080,2073600,1102550,44.08439636230469,17.06461037732994,7.077968749999997,-11.320656346450619,17.032542509191178,7.08306884765625,-11.313064575195312,44.946834008487656,40.610766300154324,60.42223765432099,44.87171936035156,40.53660583496094,60.34086608886719,77.0,61850.0,0.029827353395061727,0.07990653949677738,1.0175438596491229,4db95bc6d4a31db736e95ebd50d923e6,879a7c637929e314
B_001_026_20230821190129_001_003_000_002.jpg,./data/you_chalk_brood/abnormal/B_001_026_20230821190129_001_003_000_002.jpg,1,abnormal,B_001,B_001_026,B_001_026_20230821,002,1920,1080,2073600,1055746,38.554229736328125,15.12627674140644,7.845906153549379,-7.979830246913579,15.087956447227329,7.848388671875,-7.9672393798828125,43.51840133101852,33.91474295910494,50.260584972993826,43.42652893066406,33.83021545410156,50.15950012207031,42.0,1391133.0,0.6708781828703704,0.10033120912380104,1.7777777777777777,e3a96cd08ac72eba4dca663df043c2c7,8d18ac856b3b706f
B_001_026_20230821195432_001_004_000_002.jpg,./data/you_chalk_brood/abnormal/B_001_026_20230821195432_001_004_000_002.jpg,1,abnormal,B_001,B_001_026,B_001_026_20230821,002,1920,1080,2073600,1124848,46.48567199707031,18.727865907165334,9.016502218364195,-7.4805502507716,18.684524835324755,9.019851684570312,-7.474609375,53.19986593364197,41.09997685185185,57.5578231095679,53.10137939453125,41.00396728515625,57.449920654296875,41.0,1305249.5,0.6294605999228395,0.06993660587137829,1.7777777777777777,8be797c345b90dd755a81c4e5c20d56e,cbc83b837837c34c
B_001_026_20230821202445_001_004_000_002.jpg,./data/you_chalk_brood/abnormal/B_001_026_20230821202445_001_004_000_002.jpg,1,abnormal,B_001,B_001_026,B_001_026_20230821,002,1920,1080,2073600,1153081,43.43890380859375,17.042834286492376,6.67175106095678,-9.519470486111118,17.007990818397673,6.6693267822265625,-9.502243041992188,45.35760368441358,39.8892790316358,57.40113667052469,45.274749755859375,39.80894470214844,57.3111572265625,55.0,898765.5,0.4334324363425926,0.027486396812666812,1.749074074074074,a35f3ce0d4d4a23e7148bf9bf486babd,a8705e9b170fb4f0
B_001_026_20230821210006_001_003_000_002.jpg,./data/you_chalk_brood/abnormal/B_001_026_20230821210006_001_003_000_002.jpg,1,abnormal,B_001,B_001_026,B_001_026_20230821,002,1920,1080,2073600,1190727,41.19221496582031,16.065394085875088,5.9355343364197495,-12.441583719135807,16.029986213235293,5.927215576171875,-12.422805786132812,39.325388695987655,38.82285686728395,58.924740547839505,39.24946594238281,38.748992919921875,58.820831298828125,57.0,1390574.0,0.6706086033950617,0.08336559420644071,1.7777777777777777,4658cd49dbf9d56d4f6e94a07336d1a0,f5161bc2d4b314dc
B_001_026_20230821211134_001_004_000_002.jpg,./data/you_chalk_brood/abnormal/B_001_026_20230821211134_001_004_000_002.jpg,1,abnormal,B_001,B_001_026,B_001_026_20230821,002,1920,1080,2073600,1100019,36.227752685546875,13.76803702190753,4.590180844907394,-9.279069733796291,13.72873343673407,4.5946197509765625,-9.265853881835938,35.47962239583333,34.21935426311728,49.34520543981481,35.391448974609375,34.132049560546875,49.23393249511719,58.0,927725.0,0.4473982445987654,0.02676866505081219,1.7777777777777777,463f66074101a2299062fe73b9095202,c73173c731c5057a
B_001_027_20230819212758_001_004_000_002.jpg,./data/you_chalk_brood/abnormal/B_001_027_20230819212758_001_004_000_002.jpg,1,abnormal,B_001,B_001_027,B_001_027_20230819,002,1920,1080,2073600,1213137,42.060028076171875,16.21276174049867,5.5446701388888755,-9.72564380787037,16.177655388327207,5.5487823486328125,-9.714324951171875,42.14413435570987,39.45494502314815,56.0029793595679,42.065521240234375,39.37965393066406,55.91078186035156,70.0,86998.0,0.04195505401234568,0.03607940130493182,1.0426356589147288,675818d609068f4a6458464feaef6e48,cc8ccc71237330f7
B_001_027_20230819213727_001_002_000_002.jpg,./data/you_chalk_brood/abnormal/B_001_027_20230819213727_001_002_000_002.jpg,1,abnormal,B_001,B_001_027,B_001_027_20230819,002,1920,1080,2073600,1277334,40.43109130859375,15.367968182643427,8.01436246141975,-4.700811631944447,15.326077330346202,8.002334594726562,-4.6873626708984375,47.70328173225309,35.60610532407407,46.93994743441358,47.60304260253906,35.513153076171875,46.82801818847656,67.0,134221.5,0.06472873263888888,0.050356484093852356,0.6910569105691057,776a6215c9b76cd11aa0eb86ba434b78,936d6d9a64c1ba2c
B_001_027_20230819220712_001_003_000_002.jpg,./data/you_chalk_brood/abnormal/B_001_027_20230819220712_001_003_000_002.jpg,1,abnormal,B_001,B_001_027,B_001_027_20230819,002,1920,1080,2073600,1100701,43.12535095214844,16.93753536522634,6.87281346450618,-10.68474585262345,16.89597335516238,6.8643341064453125,-10.672714233398438,44.497698688271605,39.48910976080247,59.1906356095679,44.39642333984375,39.39613342285156,59.08172607421875,59.0,907135.0,0.4374686535493827,0.0319777573672956,1.7777777777777777,dfc0402e27efd4244e1cc7d16867360c,ced29a8e19a928fa
B_001_027_20230819225239_001_004_000_002.jpg,./data/you_chalk_brood/abnormal/B_001_027_20230819225239_001_004_000_002.jpg,1,abnormal,B_001,B_001_027,B_001_027_20230819,002,1920,1080,2073600,1014469,52.010955810546875,20.98685945442992,8.963693094135806,-4.690226176697536,20.94745112400429,8.963546752929688,-4.681182861328125,61.39829330632716,46.04574845679012,58.91784915123457,61.302764892578125,45.95292663574219,58.813323974609375,51.0,1501038.5,0.7238804494598765,0.12601168458739995,1.7777777777777777,e8cb454487c63767ef5a4378f60069e4,d431346cc912f3bd
B_001_027_20230820195816_001_003_000_002.jpg,./data/you_chalk_brood/abnormal/B_001_027_20230820195816_001_003_000_002.jpg,1,abnormal,B_001,B_001_027,B_001_027_20230820,002,1920,1080,2073600,1128947,33.20762634277344,12.801005166727185,6.3104687500000125,-10.413089313271598,12.762247721354166,6.3046112060546875,-10.396194458007812,33.806044560185185,30.004572241512346,48.990015432098765,33.71913146972656,29.916549682617188,48.878662109375,55.0,1299357.0,0.6266189236111112,0.06406303891094825,1.7777777777777777,2221e012fe67673f6028f679243958d2,f82e0aa1609f64bf
B_001_027_20230820213211_001_003_000_002.jpg,./data/you_chalk_brood/abnormal/B_001_027_20230820213211_001_003_000_002.jpg,1,abnormal,B_001,B_001_027,B_001_027_20230820,002,1920,1080,2073600,1137880,40.1920166015625,15.503847244916486,4.595946180555558,-11.064198495370377,15.468624339384192,4.5936279296875,-11.04925537109375,37.68492959104938,38.45552806712963,56.36964506172839,37.601287841796875,38.3731689453125,56.27220153808594,62.0,1385895.5,0.668352382330247,0.07752455582671973,1.7777777777777777,f5c9f5be81870f35ba9f13a8225bd290,f63c49c3b4b4485e
B_001_027_20230821182853_001_003_000_002.jpg,./data/you_chalk_brood/abnormal/B_001_027_20230821182853_001_003_000_002.jpg,1,abnormal,B_001,B_001_027,B_001_027_20230821,002,1920,1080,2073600,1082939,36.147247314453125,14.110035403050109,5.548352623456793,-8.370238715277779,14.071451822916666,5.554534912109375,-8.3597412109375,37.38671296296296,33.21205439814815,48.819488329475305,37.296417236328125,33.121734619140625,48.718353271484375,46.0,1481227.0,0.7143262924382716,0.13894384187911482,1.7777777777777777,d4ad7c621833a0dc41112c25b3ab7554,b26a9a2fc3a4f911
B_001_027_20230821195434_001_001_000_002.jpg,./data/you_chalk_brood/abnormal/B_001_027_20230821195434_001_001_000_002.jpg,1,abnormal,B_001,B_001_027,B_001_027_20230821,002,1920,1080,2073600,1109207,41.86647033691406,16.24653250574921,5.128769290123444,-12.31664110725309,16.20660520067402,5.121551513671875,-12.304489135742188,38.80035108024691,40.0715268132716,59.85915653935185,38.70475769042969,39.98121643066406,59.7542724609375,65.0,926333.5,0.44672718942901235,0.022644799790142757,1.7777777777777777,6bc55b970d0afbe3e504c905542bd43f,e33ce3c23ee219c1
B_001_027_20230821200726_001_004_000_002.jpg,./data/you_chalk_brood/abnormal/B_001_027_20230821200726_001_004_000_002.jpg,1,abnormal,B_001,B_001_027,B_001_027_20230821,002,1920,1080,2073600,1089981,41.64579772949219,16.229544715262648,8.40986496913581,-14.019289158950613,16.19040096507353,8.411102294921875,-14.006362915039062,41.4410831404321,38.078844521604935,61.2354653742284,41.36320495605469,37.99980163574219,61.13026428222656,59.0,1174296.0,0.5663078703703703,0.05697261449530165,1.7777777777777777,e1e58ca93bee327085f74a7c9cdfaeb8,cc982764f31ccb2b
B_001_027_20230822183330_001_004_000_002.jpg,./data/you_chalk_brood/abnormal/B_001_027_20230822183330_001_004_000_002.jpg,1,abnormal,B_001,B_001_027,B_001_027_20230822,002,1920,1080,2073600,1127642,44.49424743652344,17.277303467683367,6.184851466049395,-13.13122781635802,17.240259507123163,6.189453125,-13.122024536132812,42.55775077160494,42.040391107253086,62.90371334876543,42.47990417480469,41.962615966796875,62.80705261230469,70.0,1026384.0,0.49497685185185186,0.03237061358272252,1.7777777777777777,047fdaf10e1c3417db83c5360f5b104a,e0e0d11f1f1e1cab
B_001_027_20230822193429_001_002_000_002.jpg,./data/you_chalk_brood/abnormal/B_001_027_20230822193429_001_002_000_002.jpg,1,abnormal,B_001,B_001_027,B_001_027_20230822,002,1920,1080,2073600,1118194,41.61187744140625,16.346704414790608,6.845202064043207,-6.629370659722227,16.301987591911764,6.8492279052734375,-6.6214752197265625,45.85753038194444,37.75005063657407,51.35285445601852,45.75611877441406,37.644195556640625,51.23857116699219,55.0,164558.0,0.07935860339506173,0.028648605986894213,1.385390428211587,55ed18d3023146c87ae20398519377c4,aab183d22921ec7f
B_001_027_20230822211147_001_003_000_002.jpg,./data/you_chalk_brood/abnormal/B_001_027_20230822211147_001_003_000_002.jpg,1,abnormal,B_001,B_001_027,B_001_027_20230822,002,1920,1080,2073600,905896,35.96229553222656,13.935080224219318,5.774808545524678,-5.813140432098763,13.901079963235293,5.7608489990234375,-5.795745849609375,39.53264178240741,32.5994425154321,44.66420042438271,39.4447021484375,32.52333068847656,44.56480407714844,48.0,750648.5,0.36200255594135805,0.06664907903887927,1.288888888888889,0780a3a177a77089bc87a39c7e6fa1d9,b502afb4428e3fc9
B_001_028_20230819184917_001_004_000_002.jpg,./data/you_chalk_brood/abnormal/B_001_028_20230819184917_001_004_000_002.jpg,1,abnormal,B_001,B_001_028,B_001_028_20230819,002,1920,1080,2073600,1070098,42.67518615722656,16.455103939724037,7.606799286265442,-13.469950810185182,16.42514097924326,7.598541259765625,-13.455520629882812,42.35039592978395,39.28469618055556,61.578939525462964,42.28062438964844,39.225860595703125,61.496917724609375,65.0,1058291.0,0.5103641010802469,0.04353841036652995,1.7777777777777777,41d006b03e4d949074702383fd960a19,9d37994972c8643e
B_001_028_20230819214151_001_004_000_002.jpg,./data/you_chalk_brood/abnormal/B_001_028_20230819214151_001_004_000_002.jpg,1,abnormal,B_001,B_001_028,B_001_028_20230819,002,1920,1080,2073600,1165469,44.610076904296875,17.273414616618254,8.067073688271591,-11.43636574074074,17.2419708850337,8.072906494140625,-11.425079345703125,46.28373360339506,40.80687258873457,60.40465711805555,46.227508544921875,40.74250793457031,60.32389831542969,69.0,981569.0,0.47336467978395064,0.05387567330217202,1.7777777777777777,5e85b0cdd885b5a24189f0be2d31a6ca,99d9c97667662588
B_001_028_20230819220919_001_002_000_002.jpg,./data/you_chalk_brood/abnormal/B_001_028_20230819220919_001_002_000_002.jpg,1,abnormal,B_001,B_001_028,B_001_028_20230819,002,1920,1080,2073600,1118916,42.587982177734375,16.79019494371823,7.387216435185195,-10.466612654320983,16.74355301202512,7.3870849609375,-10.464614868164062,44.207095389660495,39.044264081790125,57.50151427469136,44.09965515136719,38.93409729003906,57.39009094238281,47.0,1494216.0,0.7205902777777777,0.06188646898870797,1.7777777777777777,be1573b324cd5f6be3a1313c82305168,9b733486d991a26e
B_001_028_20230820214512_001_002_000_002.jpg,./data/you_chalk_brood/abnormal/B_001_028_20230820214512_001_002_000_002.jpg,1,abnormal,B_001,B_001_028,B_001_028_20230820,002,1920,1080,2073600,1008326,39.847076416015625,15.482897225248124,6.761121238425915,-6.4113908179012356,15.448045917585784,6.762725830078125,-6.4002532958984375,44.59389660493827,35.708152488425924,49.47227334104938,44.509979248046875,35.62568664550781,49.377716064453125,56.0,1188900.5,0.5733509355709877,0.06697252069298722,1.7777777777777777,cc3c403b02287084b67b97cc6640a836,d2d6686d1ed018ee
B_001_028_20230820221033_001_003_000_002.jpg,./data/you_chalk_brood/abnormal/B_001_028_20230820221033_001_003_000_002.jpg,1,abnormal,B_001,B_001_028,B_001_028_20230820,002,1920,1080,2073600,1045081,38.96846008300781,14.881337562030986,6.873792438271607,-9.236003568672842,14.841601801853553,6.8784942626953125,-9.226058959960938,41.27103153935185,35.47009886188272,51.72280526620371,41.1834716796875,35.387908935546875,51.61859130859375,57.0,786431.0,0.37925877700617283,0.041001573360955404,1.5666666666666667,41147a4ced52dff1096b60e915c2dbcc,8252ce2d6d4ee7a8
B_001_028_20230820221913_001_003_000_002.jpg,./data/you_chalk_brood/abnormal/B_001_028_20230820221913_001_003_000_002.jpg,1,abnormal,B_001,B_001_028,B_001_028_20230820,002,1920,1080,2073600,1136045,39.38209533691406,15.051768450435729,6.534307484567904,-13.029085648148154,15.015881108302697,6.52447509765625,-13.016998291015625,37.77920380015432,36.708577353395064,58.03391059027778,37.69575500488281,36.6292724609375,57.94233703613281,69.0,129350.5,0.062379677854938274,0.01681193209819773,0.9494204425711275,bfa2fe9475604115960392d7c287c86b,b4b5b4b4b496ca49
B_001_028_20230820224058_001_001_000_002.jpg,./data/you_chalk_brood/abnormal/B_001_028_20230820224058_001_001_000_002.jpg,1,abnormal,B_001,B_001_028,B_001_028_20230820,002,1920,1080,2073600,1052173,45.28401184082031,17.51911726882111,5.377551118827171,-9.61222752700617,17.47894287109375,5.3840179443359375,-9.604202270507812,45.27569492669753,42.818640046296295,58.79958236882716,45.19023132324219,42.730865478515625,58.700927734375,106.0,60171.5,0.029017891589506174,0.13820206092999446,1.2142857142857142,51e60c04277e944f94c81919ef5aba74,d06cf0936493fe70
B_001_028_20230821181251_001_003_000_002.jpg,./data/you_chalk_brood/abnormal/B_001_028_20230821181251_001_003_000_002.jpg,1,abnormal,B_001,B_001_028,B_001_028_20230821,002,1920,1080,2073600,1051815,38.50201416015625,14.904275977366254,6.585659722222232,-8.448951099537041,14.876326018688726,6.57672119140625,-8.435546875,41.174143036265434,34.91799045138889,50.582027874228395,41.10011291503906,34.85523986816406,50.505096435546875,49.0,1196695.0,0.5771098572530864,0.043616502274782906,1.7777777777777777,d9351ca5c5e7d8b53267205b70ec7754,a23d30e31fabc31c
B_001_028_20230821181929_001_002_000_002.jpg,./data/you_chalk_brood/abnormal/B_001_028_20230821181929_001_002_000_002.jpg,1,abnormal,B_001,B_001_028,B_001_028_20230821,002,1920,1080,2073600,1219047,38.59437561035156,14.82776964566691,5.346521026234569,-10.16941261574074,14.781266754748774,5.35906982421875,-10.158294677734375,38.208614486882716,36.15090663580247,53.11416763117284,38.1055908203125,36.04644775390625,52.990203857421875,55.0,982680.0,0.47390046296296295,0.03816459301685109,1.7777777777777777,0500f3004270008d64ab0027c58fc4ba,acadce4f02c9a7a4
B_001_028_20230821193543_001_002_000_002.jpg,./data/you_chalk_brood/abnormal/B_001_028_20230821193543_001_002_000_002.jpg,1,abnormal,B_001,B_001_028,B_001_028_20230821,002,1920,1080,2073600,1102036,43.34776306152344,17.33728062212539,7.042031732253093,-8.341538387345679,17.29748295802696,7.0413818359375,-8.333786010742188,46.84931712962963,39.30725115740741,55.864470003858024,46.75218200683594,39.216033935546875,55.76545715332031,44.0,1145604.0,0.5524710648148148,0.08343522447652447,1.7777777777777777,c794ae27a94afbf2525b92182a66d929,fbc165aa0d0e3639
B_001_028_20230821194215_001_003_000_002.jpg,./data/you_chalk_brood/abnormal/B_001_028_20230821194215_001_003_000_002.jpg,1,abnormal,B_001,B_001_028,B_001_028_20230821,002,1920,1080,2073600,945834,36.33644104003906,14.270392686395546,6.362820698302471,-7.10277295524692,14.235049977022058,6.3701934814453125,-7.1002655029296875,39.95699315200617,32.488158275462965,47.47264949845679,39.87481689453125,32.40327453613281,47.386016845703125,48.0,1494288.0,0.720625,0.10578483601865189,1.7777777777777777,1b4f741cebbdd5c1f92d5deee950e41b,9c6769da27c97224
B_001_028_20230821195807_001_004_000_002.jpg,./data/you_chalk_brood/abnormal/B_001_028_20230821195807_001_004_000_002.jpg,1,abnormal,B_001,B_001_028,B_001_028_20230821,002,1920,1080,2073600,1180719,42.85577392578125,16.679342925441784,7.402948977623453,-14.892133969907405,16.63943421606924,7.394317626953125,-14.879638671875,40.61685474537037,39.990683352623456,64.24409577546297,40.51988220214844,39.903228759765625,64.13795471191406,65.0,835199.5,0.40277753665123456,0.020447065350894324,1.7777777777777777,0b6b56b817cf579a6bccd82b87aaab4e,a9ab565455a9a9aa
B_001_028_20230821213249_001_003_000_002.jpg,./data/you_chalk_brood/abnormal/B_001_028_20230821213249_001_003_000_002.jpg,1,abnormal,B_001,B_001_028,B_001_028_20230821,002,1920,1080,2073600,1193073,44.223052978515625,17.02156579066812,5.683470293209865,-11.420751832561734,16.97772456150429,5.6941375732421875,-11.418014526367188,43.03428674768519,41.87428096064815,60.32375,42.94099426269531,41.77494812011719,60.21949768066406,110.0,42114.0,0.02030960648148148,0.3226968966965408,0.8480565371024735,9464496e379c1444e96333879cc0a4dd,f87ef02e070b072b
B_001_028_20230821213417_001_004_000_002.jpg,./data/you_chalk_brood/abnormal/B_001_028_20230821213417_001_004_000_002.jpg,1,abnormal,B_001,B_001_028,B_001_028_20230821,002,1920,1080,2073600,1069215,42.23785400390625,16.44896797839506,5.00381896219136,-12.505815972222223,16.417667164522058,4.998138427734375,-12.493209838867188,38.98686197916667,40.48480999228395,60.32847945601852,38.91752624511719,40.41059875488281,60.24139404296875,61.0,1269285.0,0.6121166087962963,0.06251843947964958,1.7777777777777777,07213d7da573bef9d43c3e219e4c5ac7,c3713c83c7233ecc
B_001_028_20230821224558_001_004_000_002.jpg,./data/you_chalk_brood/abnormal/B_001_028_20230821224558_001_004_000_002.jpg,1,abnormal,B_001,B_001_028,B_001_028_20230821,002,1920,1080,2073600,1073271,41.085418701171875,15.86054394365771,7.5300535300926015,-14.021973379629628,15.824596928615197,7.523773193359375,-14.004470825195312,39.8722690007716,38.00498553240741,60.796536458333335,39.79695129394531,37.93206787109375,60.69581604003906,65.0,1134707.5,0.547216194058642,0.053518600958921476,1.7777777777777777,aa64b946cd1a805fcc880691cc1dd498,e01fe0ad0ff00ee3
B_001_028_20230822180724_001_001_000_002.jpg,./data/you_chalk_brood/abnormal/B_001_028_20230822180724_001_001_000_002.jpg,1,abnormal,B_001,B_001_028,B_001_028_20230822,002,1920,1080,2073600,1014475,32.4642333984375,12.623627186213993,4.89931954089505,-5.792548225308636,12.594251445695466,4.9066162109375,-5.7842864990234375,35.025420524691356,29.49942756558642,41.631837384259256,34.95698547363281,29.432342529296875,41.55247497558594,50.0,1348261.5,0.6502032696759259,0.08334028710863495,1.7777777777777777,bfd975a2c5f72d153040edf13f0cb56a,c6c66e383231be2d
B_001_028_20230822201002_001_001_000_002.jpg,./data/you_chalk_brood/abnormal/B_001_028_20230822201002_001_001_000_002.jpg,1,abnormal,B_001,B_001_028,B_001_028_20230822,002,1920,1080,2073600,1138572,47.08110046386719,18.70135957546599,6.571827739197545,-10.331086516203698,18.661325492110908,6.5733184814453125,-10.324432373046875,48.34451244212963,43.57764130015432,62.68966338734568,48.25164794921875,43.484954833984375,62.58905029296875,56.0,580982.5,0.2801806037808642,0.02743443784844345,1.7777777777777777,899a1d2ec39177e6471322ac75575de0,877cd72118437ccb
B_001_028_20230822203404_001_004_000_002.jpg,./data/you_chalk_brood/abnormal/B_001_028_20230822203404_001_004_000_002.jpg,1,abnormal,B_001,B_001_028,B_001_028_20230822,002,1920,1080,2073600,1113480,36.18878173828125,13.905882542060034,5.575416666666655,-12.348046874999994,13.867875641467524,5.5673980712890625,-12.324920654296875,33.45760223765432,34.23196614583333,54.072336516203706,33.370574951171875,34.15003967285156,53.95648193359375,58.0,334717.5,0.1614185474537037,0.04497699678540287,1.5945017182130585,8373640a711e8ae3f02370f59d0003d8,dc4c9ccf6c932b90
B_001_028_20230827112304_001_003_000_002.jpg,./data/you_chalk_brood/abnormal/B_001_028_20230827112304_001_003_000_002.jpg,1,abnormal,B_001,B_001_028,B_001_028_20230827,002,1920,1080,2073600,1499521,53.58952331542969,21.91169265159768,4.1925443672839435,4.201787712191361,21.879565669041053,4.1842498779296875,4.205169677734375,62.15802662037037,50.736563464506176,46.61098765432099,62.05915832519531,50.64723205566406,46.516571044921875,57.0,1823013.0,0.8791536458333333,0.102461952451277,1.7777777777777777,3ce86c0d5558cb8095811d011d15d2bb,b090f1bb96654f19
B_001_028_20230828113508_001_002_000_002.jpg,./data/you_chalk_brood/abnormal/B_001_028_20230828113508_001_002_000_002.jpg,1,abnormal,B_001,B_001_028,B_001_028_20230828,002,1920,1080,2073600,1609579,48.623046875,20.014296440026627,3.3506838348765484,3.421525848765441,19.96365416283701,3.342620849609375,3.421600341796875,55.326997974537036,46.49362172067901,43.25898871527778,55.19630432128906,46.363555908203125,43.12937927246094,54.0,1838777.0,0.8867558834876543,0.07997267557610269,1.7777777777777777,f824a1ae85376d652a62fb00a1155c35,bc743f02e0d98637
B_001_028_20230905133633_001_002_000_002.jpg,./data/you_chalk_brood/abnormal/B_001_028_20230905133633_001_002_000_002.jpg,1,abnormal,B_001,B_001_028,B_001_028_20230905,002,1920,1080,2073600,1572111,67.04045104980469,27.878971685124668,5.029972993827158,2.0403737461419666,27.835513844209558,5.0208892822265625,2.0368499755859375,75.37681375385803,63.68411988811729,63.51261284722222,75.26097106933594,63.570953369140625,63.39060974121094,55.0,1953044.5,0.9418617380401234,0.21051516122756092,1.7777777777777777,b17556e91a676b1d4a7263716b939a3c,8f72030e36f9f605
B_001_029_20230819182731_001_001_000_002.jpg,./data/you_chalk_brood/abnormal/B_001_029_20230819182731_001_001_000_002.jpg,1,abnormal,B_001,B_001_029,B_001_029_20230819,002,1920,1080,2073600,893177,38.47895812988281,15.196488630174292,6.247727141203711,-9.020704089506168,15.159768497242647,6.2471923828125,-9.0108642578125,40.39070071373457,34.97799430941358,52.275261863425925,40.30049133300781,34.89813232421875,52.180877685546875,48.0,658185.5,0.3174119888117284,0.035072626210904505,1.712430426716141,fee4cb29f5f23a8fdd552677985d8657,d8b4176c614b33f8
B_001_029_20230819192605_001_004_000_002.jpg,./data/you_chalk_brood/abnormal/B_001_029_20230819192605_001_004_000_002.jpg,1,abnormal,B_001,B_001_029,B_001_029_20230819,002,1920,1080,2073600,983980,39.13685607910156,15.175792975369157,6.737425733024679,-11.080269097222228,15.134037990196079,6.728485107421875,-11.071487426757812,40.01938030478395,35.6885725308642,55.45638985339506,39.91624450683594,35.597320556640625,55.35284423828125,50.0,502758.0,0.2424565972222222,0.21795714971199018,0.7,a647e196bc08b8b1d6df24b4754c5f3f,fc06d96e092b0ecd
B_001_029_20230819192902_001_003_000_002.jpg,./data/you_chalk_brood/abnormal/B_001_029_20230819192902_001_003_000_002.jpg,1,abnormal,B_001,B_001_029,B_001_029_20230819,002,1920,1080,2073600,1192109,45.078582763671875,17.95458480846042,7.772891589506173,-6.5797164351851904,17.915745155484068,7.7742462158203125,-6.569488525390625,50.62739776234568,40.55945601851852,54.60283805941358,50.540374755859375,40.47021484375,54.50144958496094,49.0,522010.5,0.25174117476851854,0.15547814410344213,0.8166666666666667,696df7f81ea7f5e7e27213fa32c09047,ae23d69d6ad609a2
B_001_029_20230819213225_001_002_000_002.jpg,./data/you_chalk_brood/abnormal/B_001_029_20230819213225_001_002_000_002.jpg,1,abnormal,B_001,B_001_029,B_001_029_20230819,002,1920,1080,2073600,1034873,39.5960693359375,15.367429004780925,6.318939525462952,-5.911443865740736,15.333850337009803,6.306640625,-5.8866119384765625,43.85337143132716,35.87628713348766,48.344929591049386,43.771759033203125,35.7952880859375,48.2353515625,55.0,1254270.5,0.604875819830247,0.05129334711685627,1.7777777777777777,85e4d49be4b6fec8655f792c22e4ca7c,bda3006bff1303d4
B_001_029_20230819224952_001_004_000_002.jpg,./data/you_chalk_brood/abnormal/B_001_029_20230819224952_001_004_000_002.jpg,1,abnormal,B_001,B_001_029,B_001_029_20230819,002,1920,1080,2073600,814521,43.93501281738281,17.25855195473251,7.929153163580253,-9.347272376543216,17.22179338043811,7.9315643310546875,-9.341476440429688,47.77489101080247,39.5156428433642,57.28453944830247,47.6937255859375,39.43186950683594,57.1910400390625,52.0,622251.0,0.30008246527777777,0.0685073767446215,1.3333333333333333,a876707ab15a6980a54ad92ca5690277,9aa744d588b174af
B_001_029_20230820182434_001_003_000_002.jpg,./data/you_chalk_brood/abnormal/B_001_029_20230820182434_001_003_000_002.jpg,1,abnormal,B_001,B_001_029,B_001_029_20230820,002,1920,1080,2073600,1172161,39.08222961425781,15.223573476458485,4.432294077932113,-7.0828322723765496,15.180221258425245,4.43463134765625,-7.0711212158203125,39.352265142746916,37.089747299382715,49.540435474537034,39.24505615234375,36.99383544921875,49.4339599609375,80.0,83006.0,0.04002989969135803,0.05280023235276054,1.21875,b7f8e345220b1473558999791c5f5f9b,f891060fdd72e299
B_001_029_20230820193630_001_003_000_002.jpg,./data/you_chalk_brood/abnormal/B_001_029_20230820193630_001_003_000_002.jpg,1,abnormal,B_001,B_001_029,B_001_029_20230820,002,1920,1080,2073600,1231175,44.477783203125,17.436135885681434,6.954919945987655,-14.14239679783951,17.39086076325061,6.955169677734375,-14.130722045898438,42.38573254243827,41.81119839891975,64.504609375,42.291015625,41.713592529296875,64.38134765625,66.0,930303.0,0.44864149305555556,0.023811696600795025,1.7777777777777777,380667f99bcf1ccd72e31458a4660e53,a9ac4755a2aa3cce
B_001_029_20230820210355_001_003_000_002.jpg,./data/you_chalk_brood/abnormal/B_001_029_20230820210355_001_003_000_002.jpg,1,abnormal,B_001,B_001_029,B_001_029_20230820,002,1920,1080,2073600,997770,40.60321044921875,15.968212713326071,5.337789351851853,-10.530704571759259,15.92233695235907,5.3372650146484375,-10.519775390625,39.55234326774691,38.29090277777778,56.24209346064815,39.441741943359375,38.18635559082031,56.126251220703125,57.0,121133.0,0.05841676311728395,0.0635715080872108,0.6086956521739131,1b3a2e407036e3157cb1eab41828b24e,c64cb1f558a5cc17
B_001_029_20230821202956_001_004_000_002.jpg,./data/you_chalk_brood/abnormal/B_001_029_20230821202956_001_004_000_002.jpg,1,abnormal,B_001,B_001_029,B_001_029_20230821,002,1920,1080,2073600,1110655,40.369171142578125,15.48564663519729,6.117301793981483,-9.615870466820994,15.44403076171875,6.1215362548828125,-9.605224609375,41.430316840277776,37.416263985339505,53.63476466049383,41.33473205566406,37.325531005859375,53.53350830078125,60.0,1233159.0,0.5946947337962963,0.12501338521582742,1.7777777777777777,422c0a09054912944adc794691b221b9,aa38eea8c739c15a
B_001_029_20230821203412_001_004_000_002.jpg,./data/you_chalk_brood/abnormal/B_001_029_20230821203412_001_004_000_002.jpg,1,abnormal,B_001,B_001_029,B_001_029_20230821,002,1920,1080,2073600,1069839,41.1934814453125,15.959556175865409,4.399006558641986,-10.685225212191355,15.930217668121935,4.3894195556640625,-10.673248291015625,38.92031876929013,39.49980806327161,56.42070360725309,38.852325439453125,39.435882568359375,56.33271789550781,67.0,1286228.5,0.6202876639660494,0.06605241486336332,1.7777777777777777,b495d06ce6e5fc19f43a212e57ab7c11,92f26d6de0f2d070
B_001_029_20230821215429_001_004_000_002.jpg,./data/you_chalk_brood/abnormal/B_001_029_20230821215429_001_004_000_002.jpg,1,abnormal,B_001,B_001_029,B_001_029_20230821,002,1920,1080,2073600,1223283,41.277557373046875,16.073313248910676,5.626063368055554,-11.925688657407406,16.038584989659928,5.6112823486328125,-11.905990600585938,39.19651523919753,39.07650173611111,58.76463348765432,39.11076354980469,39.00083923339844,58.65779113769531,62.0,697359.5,0.3363037712191358,0.0516562728965315,1.2648148148148148,7001638a1a0d2aa62d09965d61d7da0e,c3e6383c99c4d4e3
B_001_029_20230821222038_001_003_000_002.jpg,./data/you_chalk_brood/abnormal/B_001_029_20230821222038_001_003_000_002.jpg,1,abnormal,B_001,B_001_029,B_001_029_20230821,002,1920,1080,2073600,1097143,32.92976379394531,12.641119167574436,6.068267264660506,-9.414260706018524,12.606865377987132,6.061004638671875,-9.397430419921875,34.28514033564815,29.62153308256173,47.196831114969136,34.196044921875,29.542312622070312,47.09666442871094,54.0,1573950.0,0.7590422453703703,0.14206029515650803,1.7777777777777777,a0922bb8b592ff998eed7ca55d33a691,969a9d4d494d0dd6
B_001_029_20230822181353_001_001_000_002.jpg,./data/you_chalk_brood/abnormal/B_001_029_20230822181353_001_001_000_002.jpg,1,abnormal,B_001,B_001_029,B_001_029_20230822,002,1920,1080,2073600,1028896,37.23381042480469,14.560575148269184,6.558139467592582,-8.439951292438266,14.523548799402574,6.554107666015625,-8.428115844726562,40.072655767746916,33.4787784529321,50.03422019675926,39.98289489746094,33.391357421875,49.934295654296875,51.0,1572911.0,0.7585411844135802,0.10424799112932831,1.7777777777777777,32afc7c5ce82ff992a619dda1f156a43,fe14e708c879c32e
B_001_029_20230822190814_001_003_000_002.jpg,./data/you_chalk_brood/abnormal/B_001_029_20230822190814_001_003_000_002.jpg,1,abnormal,B_001,B_001_029,B_001_029_20230822,002,1920,1080,2073600,1093539,41.14405822753906,16.067202629508596,3.7568716242283813,-10.40774594907407,16.02960324754902,3.7400054931640625,-10.391860961914062,38.09629292052469,39.983625096450616,55.791642071759256,38.00538635253906,39.893829345703125,55.68479919433594,66.0,782945.0,0.3775776427469136,0.0160860660293571,1.7777777777777777,e64afd04daeb7bc2859c99db3db1f1fa,b66901b76d01976e
B_001_029_20230822193854_001_003_000_002.jpg,./data/you_chalk_brood/abnormal/B_001_029_20230822193854_001_003_000_002.jpg,1,abnormal,B_001,B_001_029,B_001_029_20230822,002,1920,1080,2073600,1024776,39.344024658203125,15.640251868494314,6.268893229166679,-9.344847608024693,15.602255428538603,6.2762451171875,-9.33319091796875,40.9330541087963,35.893018422067904,53.8664559220679,40.84989929199219,35.80809020996094,53.76495361328125,46.0,895589.0,0.43190055941358024,0.044807301303404164,1.762962962962963,75f928f794372fea2494056f4b7e442e,dbf37e1c8b026464
B_001_029_20230822211738_001_004_000_002.jpg,./data/you_chalk_brood/abnormal/B_001_029_20230822211738_001_004_000_002.jpg,1,abnormal,B_001,B_001_029,B_001_029_20230822,002,1920,1080,2073600,1081214,41.19670104980469,16.07711151204309,5.982827932098758,-10.921516685956789,16.032391716452207,5.9751434326171875,-10.908905029296875,40.44908130787037,38.69239824459876,56.87414014274692,40.34716796875,38.59083557128906,56.76158142089844,120.0,32821.0,0.015828028549382717,0.6435400733752478,0.6370967741935484,88a1ce7a01bc4ed591602621b3cd2146,aaaaaaa9e5555654
B_001_029_20230907163334_001_004_000_002.jpg,./data/you_chalk_brood/abnormal/B_001_029_20230907163334_001_004_000_002.jpg,1,abnormal,B_001,B_001_029,B_001_029_20230907,002,1920,1080,2073600,1099763,55.467132568359375,23.531999856269668,15.214062500000011,14.52487027391976,23.485490387561274,15.21441650390625,14.53399658203125,83.03821035879629,45.846103395061725,33.6783984375,82.92704772949219,45.73439025878906,33.564849853515625,37.0,2034714.0,0.9812471064814815,0.5830418134556854,1.7777777777777777,5613a8d67ffd2e9addc9e3a9280a6395,c38e070f4bd18fb1
B_001_030_20230819214319_001_001_000_002.jpg,./data/you_chalk_brood/abnormal/B_001_030_20230819214319_001_001_000_002.jpg,1,abnormal,B_001,B_001_030,B_001_030_20230819,002,1920,1080,2073600,894304,34.90618896484375,13.455520568566932,6.714685570987655,-7.075443672839512,13.417334463082108,6.7212677001953125,-7.062530517578125,39.382215470679014,30.66523003472222,45.85052662037037,39.29502868652344,30.572738647460938,45.75140380859375,50.0,1244096.0,0.5999691358024691,0.09354639019184657,1.7777777777777777,55e2385c135ce4fb2e42a06488dd228a,c1c9d12736250dfe
B_001_030_20230819215031_001_001_000_002.jpg,./data/you_chalk_brood/abnormal/B_001_030_20230819215031_001_001_000_002.jpg,1,abnormal,B_001,B_001_030,B_001_030_20230819,002,1920,1080,2073600,1002058,42.878082275390625,16.765667929980633,7.849103973765438,-6.3466078317901236,16.72921573414522,7.8529815673828125,-6.333160400390625,49.056147280092596,38.21385079089506,51.454456500771606,48.97627258300781,38.13568115234375,51.35760498046875,50.0,1491175.5,0.7191239872685186,0.10091831787363378,1.7777777777777777,73d5e9997f634730478dd523ad51c923,9925959daeb2ce11
B_001_030_20230821215640_001_001_000_002.jpg,./data/you_chalk_brood/abnormal/B_001_030_20230821215640_001_001_000_002.jpg,1,abnormal,B_001,B_001_030,B_001_030_20230821,002,1920,1080,2073600,961523,38.96270751953125,15.209009244129751,6.7567129629629505,-7.249375000000001,15.168187758501839,6.7595977783203125,-7.2391204833984375,43.1141049382716,34.94382667824074,49.67033323688272,43.02177429199219,34.844635009765625,49.56689453125,47.0,1540070.5,0.7427037519290124,0.15125037543763017,1.7777777777777777,608fc3bb0fc3b41d94add8fcf52cae1a,e5e4c0d87a5b4366
B_001_030_20230908143537_001_002_000_002.jpg,./data/you_chalk_brood/abnormal/B_001_030_20230908143537_001_002_000_002.jpg,1,abnormal,B_001,B_001_030,B_001_030_20230908,002,1920,1080,2073600,1621730,60.91755676269531,25.210304330065362,6.795139371141971,-2.976766975308635,25.20007563572304,6.8100738525390625,-2.984466552734375,67.81540750385803,56.68480951003087,65.29945939429012,67.76667785644531,56.622222900390625,65.23019409179688,55.0,1816620.5,0.8760708429783951,0.10044275851846661,1.7777777777777777,d8280f0c07435356382fea81aa7d1c55,dbd3399e4464a3a1
B_001_001_20230905140435_001_002_000_000.jpg,./data/you_chalk_brood/normal/B_001_001_20230905140435_001_002_000_000.jpg,0,normal,B_001,B_001_001,B_001_001_20230905,000,1920,1080,2073600,1808857,79.65762329101562,33.2071103016824,9.622661554783946,-1.2661516203703655,33.1723082299326,9.623870849609375,-1.278167724609375,91.26535927854938,73.62651523919753,81.42275752314815,91.13961791992188,73.50009155273438,81.28965759277344,62.0,1926787.5,0.92919921875,0.14576350883921005,1.7777777777777777,ce31aa9fac5be9ffec2f9d11a5e2a7da,806a17b18dcd9e5e
B_001_001_20230907110744_001_003_000_000.jpg,./data/you_chalk_brood/normal/B_001_001_20230907110744_001_003_000_000.jpg,0,normal,B_001,B_001_001,B_001_001_20230907,000,1920,1080,2073600,1599329,46.11970520019531,18.35120336328976,2.0465485146604863,1.3427396797839606,18.328881357230394,2.0553131103515625,1.356170654296875,49.4225887345679,44.957966338734565,43.8433805941358,49.38578796386719,44.91325378417969,43.77919006347656,66.0,1669275.5,0.8050132619598765,0.06398859005626942,1.7777777777777777,5f37020f64def0b07f45a353272f5c61,e90e7e41891d5cb3
B_001_001_20230907111158_001_004_000_000.jpg,./data/you_chalk_brood/normal/B_001_001_20230907111158_001_004_000_000.jpg,0,normal,B_001,B_001_001,B_001_001_20230907,000,1920,1080,2073600,1499389,64.14506530761719,26.74761823710966,11.027537133487641,6.538412422839514,26.691421807981005,11.019821166992188,6.536712646484375,83.20942322530864,56.750975115740744,53.5745987654321,83.05250549316406,56.60313415527344,53.4171142578125,48.0,1884192.0,0.9086574074074074,0.16439886991513436,1.7777777777777777,0c0a1d6d3f27b8d07a88b0d3b2ad9f91,8cefd6e20235499d
B_001_001_20230909115725_001_003_000_000.jpg,./data/you_chalk_brood/normal/B_001_001_20230909115725_001_003_000_000.jpg,0,normal,B_001,B_001_001,B_001_001_20230909,000,1920,1080,2073600,1794365,42.98512268066406,17.33963420630598,3.9253713348765302,-3.2238536844135837,17.313549565333947,3.927581787109375,-3.2364654541015625,45.47896170910494,40.90859760802469,47.85350887345679,45.39349365234375,40.83390808105469,47.78355407714844,58.0,1716180.5,0.8276333429783951,0.07952198469582655,1.7777777777777777,68c349f48a320ac9d61ba9dde6f8cadd,87b24d4dd23a6a2d
B_001_001_20230910105435_001_003_000_000.jpg,./data/you_chalk_brood/normal/B_001_001_20230910105435_001_003_000_000.jpg,0,normal,B_001,B_001_001,B_001_001_20230910,000,1920,1080,2073600,1474042,56.6854248046875,23.492467395908978,5.144329668209878,-5.042420910493831,23.49621342677696,5.1436004638671875,-5.0423736572265625,59.29460117669753,53.85682822145062,64.56840229552469,59.29600524902344,53.85359191894531,64.55888366699219,50.0,1912790.5,0.9224491222993827,0.20848934370432118,1.7777777777777777,13b25e659a9b7925029552dddd15633c,ea6e8950243ff9a4
B_001_002_20230819140159_001_003_000_000.jpg,./data/you_chalk_brood/normal/B_001_002_20230819140159_001_003_000_000.jpg,0,normal,B_001,B_001_002,B_001_002_20230819,000,1920,1080,2073600,1853146,46.29301452636719,19.492492548717017,9.49704619984567,7.818912519290137,19.45404052734375,9.512298583984375,7.82049560546875,63.62590133101852,39.93499614197531,34.44675636574074,63.54039001464844,39.84112548828125,34.354583740234375,49.0,1753242.5,0.845506606867284,0.0699060578700681,1.7777777777777777,08aac70561d44e9e69d6e57c69f3f2ba,8cab9c657b24e287
B_001_002_20230825081614_001_001_000_000.jpg,./data/you_chalk_brood/normal/B_001_002_20230825081614_001_001_000_000.jpg,0,normal,B_001,B_001_002,B_001_002_20230825,000,1920,1080,2073600,1461187,43.64292907714844,18.311159336419756,4.361149691358037,5.62880111882717,18.262730018765318,4.3571929931640625,5.6292266845703125,52.33429494598766,41.06822193287037,35.11736304012346,52.21046447753906,40.96363830566406,35.02082824707031,45.0,1574322.0,0.7592216435185185,0.03897873699046045,1.7777777777777777,c1fa781cc1a722b5df003a1db2175638,b471555b68aadb03
B_001_002_20230904140309_001_003_000_000.jpg,./data/you_chalk_brood/normal/B_001_002_20230904140309_001_003_000_000.jpg,0,normal,B_001,B_001_002,B_001_002_20230904,000,1920,1080,2073600,1560644,48.53849792480469,19.918747163217137,5.794905478395066,0.983877314814805,19.876571356081495,5.7971038818359375,0.97650146484375,56.905486593364195,44.775607638888886,47.01992669753086,56.797332763671875,44.67010498046875,46.91749572753906,54.0,1886279.0,0.9096638695987654,0.1953058169745242,1.7777777777777777,07ea1b3fe05a65597ec7cdfe3d40b4d1,cd5918edc2a67e22
B_001_002_20230904140356_001_004_000_000.jpg,./data/you_chalk_brood/normal/B_001_002_20230904140356_001_004_000_000.jpg,0,normal,B_001,B_001_002,B_001_002_20230904,000,1920,1080,2073600,1701427,40.86320495605469,16.819039162732995,3.4299421296296373,0.9423408564814792,16.758165546492034,3.43133544921875,0.94305419921875,45.79616512345679,38.91157069830247,39.42734085648148,45.64836120605469,38.77400207519531,39.26783752441406,59.0,1777037.5,0.856981819058642,0.13180856378562283,1.7777777777777777,9a0e77ff21518f6a50f5bdf7020760f7,ce0a2ff68ccaf604
B_001_002_20230908145202_001_001_000_000.jpg,./data/you_chalk_brood/normal/B_001_002_20230908145202_001_001_000_000.jpg,0,normal,B_001,B_001_002,B_001_002_20230908,000,1920,1080,2073600,1650840,73.74716186523438,30.592183339385137,7.4513845486111165,6.03804494598765,30.562026079963236,7.4489593505859375,6.0308074951171875,88.13644965277778,68.57569444444445,63.5454330632716,88.04579162597656,68.47848510742188,63.4537353515625,59.0,1900738.0,0.9166367669753086,0.20208719133814187,1.7777777777777777,ec9a2c62d8800be113e8713cfe35469a,951d74962fee3124
B_001_003_20230823082835_001_004_000_000.jpg,./data/you_chalk_brood/normal/B_001_003_20230823082835_001_004_000_000.jpg,0,normal,B_001,B_001_003,B_001_003_20230823,000,1920,1080,2073600,1431804,43.31919860839844,17.837581888465262,4.0158699845679,0.49594521604939246,17.819417317708332,4.0150604248046875,0.4940643310546875,48.35069782021605,40.96861882716049,42.78825327932099,48.29649353027344,40.9189453125,42.728363037109375,47.0,1863352.0,0.8986072530864198,0.10486933344356464,1.7777777777777777,b67e1eaa75e3cc4491e22d02be13c14b,cce4f79f10b32628
B_001_003_20230823082924_001_002_000_000.jpg,./data/you_chalk_brood/normal/B_001_003_20230823082924_001_002_000_000.jpg,0,normal,B_001,B_001_003,B_001_003_20230823,000,1920,1080,2073600,1446565,48.354156494140625,19.684084513435003,5.60219955632715,5.54816695601852,19.6577543370864,5.5999298095703125,5.554656982421875,59.692165798611114,44.48510561342592,39.21711805555555,59.60997009277344,44.41386413574219,39.138336181640625,57.0,1851367.0,0.892827449845679,0.14169138817287003,1.7777777777777777,1cfeb8a9516ee030f1879c7adc18a328,f60c3e309ff97003
B_001_003_20230823134318_001_002_000_000.jpg,./data/you_chalk_brood/normal/B_001_003_20230823134318_001_002_000_000.jpg,0,normal,B_001,B_001_003,B_001_003_20230823,000,1920,1080,2073600,1296872,49.16545104980469,20.54783421084483,3.2540716628086557,0.4556124614197472,20.500260895373774,3.251708984375,0.4530487060546875,53.083665605709875,47.478005883487654,48.759445891203704,52.96246337890625,47.36302185058594,48.6304931640625,48.0,1909611.5,0.9209160397376543,0.18408197497335982,1.7777777777777777,eb62baf4b304c4cf2e664f97f1664b59,d92766171c74ca56
B_001_003_20230825082123_001_004_000_000.jpg,./data/you_chalk_brood/normal/B_001_003_20230825082123_001_004_000_000.jpg,0,normal,B_001,B_001_003,B_001_003_20230825,000,1920,1080,2073600,1517552,63.49188232421875,26.755476314754297,5.6594126157407345,9.48538628472221,26.703180051317403,5.65374755859375,9.488372802734375,76.42282793209877,60.03230179398148,48.71454716435185,76.27159118652344,59.88618469238281,48.57261657714844,53.0,1873258.5,0.9033846932870371,0.12707517801480372,1.7777777777777777,b1923ff7019cfd7514aa89746a202154,d90a27e855726c37
B_001_003_20230825131745_001_003_000_000.jpg,./data/you_chalk_brood/normal/B_001_003_20230825131745_001_003_000_000.jpg,0,normal,B_001,B_001_003,B_001_003_20230825,000,1920,1080,2073600,1452999,52.30262756347656,21.676149464415396,5.21799527391974,-3.8089781057098833,21.622314453125,5.2123565673828125,-3.8150634765625,56.30220630787037,49.302054880401236,58.62959683641975,56.165802001953125,49.17230224609375,58.48524475097656,50.0,1954358.0,0.9424951774691358,0.258261801787056,1.7777777777777777,2814b884a8ed7adbb826ecfe3f40d00d,be84c78f8625d872
B_001_003_20230829090024_001_001_000_000.jpg,./data/you_chalk_brood/normal/B_001_003_20230829090024_001_001_000_000.jpg,0,normal,B_001,B_001_003,B_001_003_20230829,000,1920,1080,2073600,1452443,56.07179260253906,23.163284086782863,4.724978780864205,0.7220206404321061,23.153076171875,4.7223663330078125,0.7118988037109375,62.88667486496914,52.893905767746915,54.971458815586416,62.85675048828125,52.87342834472656,54.95246887207031,55.0,1880837.0,0.9070394483024692,0.1820871933426343,1.7777777777777777,1f2d57a2a72f96f201af4695109aadb7,830f4a5be76b83a4
B_001_003_20230829131553_001_003_000_000.jpg,./data/you_chalk_brood/normal/B_001_003_20230829131553_001_003_000_000.jpg,0,normal,B_001,B_001_003,B_001_003_20230829,000,1920,1080,2073600,1627874,81.40011596679688,34.179538663459205,3.780483699845689,1.9730025077160462,34.16482962814032,3.7743682861328125,1.970184326171875,87.68446711033951,79.02166377314815,77.73791377314815,87.61981201171875,78.96209716796875,77.67300415039062,59.0,1971974.5,0.9509907889660494,0.2060063325216256,1.7777777777777777,c906b00b2401a93065eb653566cc9b39,80b6deb8149c9fa5
B_001_004_20230904142118_001_002_000_000.jpg,./data/you_chalk_brood/normal/B_001_004_20230904142118_001_002_000_000.jpg,0,normal,B_001,B_001_004,B_001_004_20230904,000,1920,1080,2073600,1801043,48.442352294921875,19.527766241527477,5.61725260416668,5.017971161265422,19.505908442478553,5.630859375,5.028411865234375,59.218028549382716,44.656239872685184,40.06556375385802,59.16975402832031,44.608978271484375,40.01811218261719,61.0,1845109.5,0.8898097511574075,0.14826738448537005,1.7777777777777777,b85f715ac152fff01863dc67ebead123,ce21f001f9e4999f
B_001_004_20230910113658_001_004_000_000.jpg,./data/you_chalk_brood/normal/B_001_004_20230910113658_001_004_000_000.jpg,0,normal,B_001,B_001_004,B_001_004_20230910,000,1920,1080,2073600,1763486,61.286834716796875,25.826730437545386,3.5813396990740785,-1.071334394290119,25.797214882046568,3.5770721435546875,-1.08282470703125,63.59418499228395,59.82945505401234,63.53585069444444,63.51210021972656,59.74821472167969,63.456207275390625,52.0,1929797.5,0.9306508005401235,0.16308663416897523,1.7777777777777777,a015b830adec8cc7029cd75bbbdd97a5,a6ae9d3658a79185
B_001_004_20230910113855_001_004_000_000.jpg,./data/you_chalk_brood/normal/B_001_004_20230910113855_001_004_000_000.jpg,0,normal,B_001,B_001_004,B_001_004_20230910,000,1920,1080,2073600,1839880,60.768341064453125,25.511460035403047,3.856503665123455,-0.6212577160493851,25.48886168236826,3.853912353515625,-0.6282501220703125,64.1363845486111,58.94246768904321,62.088123070987656,64.05912780761719,58.862640380859375,61.998748779296875,54.0,1910124.0,0.9211631944444445,0.16836017130808595,1.7777777777777777,37a9f1ac47a2460a6ceee20bdc1a1130,ad9abc3588a29b5a
B_001_005_20230820200754_001_004_000_000.jpg,./data/you_chalk_brood/normal/B_001_005_20230820200754_001_004_000_000.jpg,0,normal,B_001,B_001_005,B_001_005_20230820,000,1920,1080,2073600,1053708,40.25529479980469,15.698837486383443,7.655203510802465,-8.769206211419757,15.661710851332721,7.658966064453125,-8.756546020507812,44.46680555555555,35.81662856867284,52.86674093364198,44.3831787109375,35.73152160644531,52.773406982421875,48.0,1529597.0,0.7376528742283951,0.11936867629535595,1.7777777777777777,a9de38baeb82dfbe3310e0e7b2d8bb8e,ad6185b352be5949
B_001_005_20230821090757_001_003_000_000.jpg,./data/you_chalk_brood/normal/B_001_005_20230821090757_001_003_000_000.jpg,0,normal,B_001,B_001_005,B_001_005_20230821,000,1920,1080,2073600,1588607,43.901641845703125,17.47744568506415,5.557799479166675,-7.571447723765431,17.37417782054228,5.5656585693359375,-7.5937957763671875,45.861770351080246,41.135078607253085,55.12324845679012,45.615753173828125,40.90663146972656,54.88291931152344,63.0,1839827.0,0.887262249228395,0.16130901777237125,1.7777777777777777,7973d1aac8037626c289d9fe8305ca53,b01485aa55ffaa55
B_001_005_20230825083223_001_003_000_000.jpg,./data/you_chalk_brood/normal/B_001_005_20230825083223_001_003_000_000.jpg,0,normal,B_001,B_001_005,B_001_005_20230825,000,1920,1080,2073600,1704683,44.44459533691406,17.628107033708545,2.8865755208333326,-2.7138888888888886,17.588159897748163,2.897674560546875,-2.7252044677734375,46.43775896990741,42.81364872685185,48.30642023533951,46.37174987792969,42.74467468261719,48.22706604003906,66.0,1797847.0,0.8670172646604938,0.144753268906118,1.7777777777777777,6b57247060b181fe9fc3717e89d9b8da,8c71d8ab05f2e257
B_001_005_20230827132449_001_003_000_000.jpg,./data/you_chalk_brood/normal/B_001_005_20230827132449_001_003_000_000.jpg,0,normal,B_001,B_001_005,B_001_005_20230827,000,1920,1080,2073600,1501109,38.9713134765625,16.087165448741224,2.9327102623456653,-4.950825135030868,16.0791015625,2.930023193359375,-4.9595794677734375,38.171842206790124,37.894669656635806,46.941484375,38.154876708984375,37.88099670410156,46.91279602050781,48.0,1668307.5,0.8045464409722223,0.08476954570441435,1.7777777777777777,80153645adf3cea5086324acb911a698,baf2d69003521baf
B_001_005_20230907120004_001_002_000_000.jpg,./data/you_chalk_brood/normal/B_001_005_20230907120004_001_002_000_000.jpg,0,normal,B_001,B_001_005,B_001_005_20230907,000,1920,1080,2073600,1711818,79.14204406738281,33.224122866739286,7.6199676890432215,4.775819830246917,33.167640835631126,7.6215362548828125,4.777740478515625,92.39748167438272,74.24982445987655,71.17143518518519,92.21463012695312,74.06938171386719,70.98739624023438,55.0,2030013.5,0.9789802758487655,0.3762753377499933,1.7777777777777777,88adc401afbed8b8212c3d435f2c9e97,fa6a26b53181e791
B_001_005_20230908090123_001_003_000_000.jpg,./data/you_chalk_brood/normal/B_001_005_20230908090123_001_003_000_000.jpg,0,normal,B_001,B_001_005,B_001_005_20230908,000,1920,1080,2073600,1779414,62.807708740234375,26.151604484386347,5.502595486111119,3.669174382716051,26.15164364085478,5.4954681396484375,3.67901611328125,72.09903356481482,59.26144241898148,57.210998746141975,72.04830932617188,59.21455383300781,57.16313171386719,55.0,1921497.5,0.9266480999228395,0.16179229877740675,1.7777777777777777,554d928ebcfef0d30820cef0b933d42c,80e11335aefb5c6c
B_001_005_20230910114953_001_004_000_000.jpg,./data/you_chalk_brood/normal/B_001_005_20230910114953_001_004_000_000.jpg,0,normal,B_001,B_001_005,B_001_005_20230910,000,1920,1080,2073600,1568104,85.6314697265625,35.80955749969741,2.8506992669753117,1.0038715277777897,35.77505672679228,2.845458984375,0.9973297119140625,89.98095920138888,83.9628549382716,83.64403694058642,89.87864685058594,83.87086486816406,83.54559326171875,73.0,1754818.5,0.8462666377314815,0.03055766874113874,1.7777777777777777,8139cac5f22ae91d0f7cb243dd1e7d32,d337e9083c538cbc
B_001_006_20230823135709_001_002_000_000.jpg,./data/you_chalk_brood/normal/B_001_006_20230823135709_001_002_000_000.jpg,0,normal,B_001,B_001_006,B_001_006_20230823,000,1920,1080,2073600,1572480,36.58209228515625,14.748355044178163,4.326986400462971,2.5462962962963047,14.710896809895834,4.3072509765625,2.5460357666015625,44.44980275848766,33.593418209876546,32.36649980709876,44.331573486328125,33.495361328125,32.26768493652344,52.0,1734288.0,0.8363657407407408,0.07431950999765667,1.7777777777777777,2591b80cf392150110002acf14fca91f,a4e8b22f1f1dd215
B_001_006_20230824083226_001_002_000_000.jpg,./data/you_chalk_brood/normal/B_001_006_20230824083226_001_002_000_000.jpg,0,normal,B_001,B_001_006,B_001_006_20230824,000,1920,1080,2073600,1491766,39.52336120605469,16.182776378298236,2.612487461419761,0.2989549575617332,16.13702512254902,2.6010894775390625,0.2945404052734375,42.96278018904321,38.04443287037037,39.33041329089506,42.83807373046875,37.928619384765625,39.20506286621094,52.0,1854388.5,0.8942845775462963,0.13668040780923324,1.7777777777777777,82c871de2d35b5310d44a0af08eead02,a05a15abfa550fca
B_001_006_20230825133313_001_002_000_000.jpg,./data/you_chalk_brood/normal/B_001_006_20230825133313_001_002_000_000.jpg,0,normal,B_001,B_001_006,B_001_006_20230825,000,1920,1080,2073600,1497905,35.120086669921875,14.432128457092713,4.739261188271598,1.3009780092592678,14.411303950291053,4.72821044921875,1.2928009033203125,42.082604648919755,32.09397907021605,32.99472849151235,42.0230712890625,32.04814147949219,32.94146728515625,47.0,1635026.5,0.7884965760030864,0.10982899766250863,1.7777777777777777,0bc774b18b146507b522e7df1a3b1883,b5ea29e9d2524578
B_001_006_20230825133534_001_004_000_000.jpg,./data/you_chalk_brood/normal/B_001_006_20230825133534_001_004_000_000.jpg,0,normal,B_001,B_001_006,B_001_006_20230825,000,1920,1080,2073600,1443078,68.40106201171875,28.49089846586783,11.181560570987642,2.2054398148148096,28.47983565984988,11.177658081054688,2.204986572265625,84.69196469907408,60.931354166666665,64.47814043209877,84.65415954589844,60.89573669433594,64.43116760253906,47.0,2017880.0,0.9731288580246914,0.2678764709433235,1.7777777777777777,f7b6282e73519bab42beb5f08e585ddf,9e3e7303bf2804ec
B_001_006_20230828082609_001_002_000_000.jpg,./data/you_chalk_brood/normal/B_001_006_20230828082609_001_002_000_000.jpg,0,normal,B_001,B_001_006,B_001_006_20230828,000,1920,1080,2073600,1575831,54.819305419921875,22.771352086359233,4.348659336419757,-0.5810537229938291,22.725459080116423,4.3485870361328125,-0.584747314453125,59.80842496141975,52.25882957175926,56.121767939814816,59.697998046875,52.14753723144531,55.994293212890625,54.0,1892153.0,0.9124966242283951,0.22289795816495805,1.7777777777777777,4ce38c9c46d70f68f1737a3dca83fe11,8f40749fc3d26d13
B_001_006_20230904143736_001_004_000_000.jpg,./data/you_chalk_brood/normal/B_001_006_20230904143736_001_004_000_000.jpg,0,normal,B_001,B_001_006,B_001_006_20230904,000,1920,1080,2073600,1691035,57.02125549316406,23.240273806281774,4.912872781635798,3.129838445216052,23.233433143765318,4.9058990478515625,3.130523681640625,65.88492091049383,53.60993103780864,51.715372299382715,65.84461975097656,53.574188232421875,51.67781066894531,59.0,1752934.0,0.8453578317901235,0.09663730018325344,1.7777777777777777,77f01e5a43005342159dee99ef7532af,caa9b0036bfb0d93
B_001_006_20230904143746_001_004_000_000.jpg,./data/you_chalk_brood/normal/B_001_006_20230904143746_001_004_000_000.jpg,0,normal,B_001,B_001_006,B_001_006_20230904,000,1920,1080,2073600,1674799,44.72737121582031,17.820737639191478,4.4736776620370335,1.0095023148148243,17.726141237745097,4.476104736328125,1.0068511962890625,51.915506847993825,41.79176215277778,42.83087577160494,51.70948791503906,41.590423583984375,42.629791259765625,61.0,1831926.5,0.8834522087191358,0.13182746594514788,1.7777777777777777,474908e5b95bdefe4aae3578dd643919,c39ff2c301e6b41c
B_001_006_20230909133859_001_002_000_000.jpg,./data/you_chalk_brood/normal/B_001_006_20230909133859_001_002_000_000.jpg,0,normal,B_001,B_001_006,B_001_006_20230909,000,1920,1080,2073600,1708763,70.21868896484375,29.48215209694989,5.876881751543209,3.9694511959876593,29.447320676317403,5.885650634765625,3.962249755859375,79.6766835455247,66.77037615740741,64.04584249614197,79.58018493652344,66.67271423339844,63.96015930175781,59.0,1886871.0,0.9099493634259259,0.08774404682379688,1.7777777777777777,cdf085d85569e0c2a3aa555463c7739e,c76e04306ff71d82
B_001_006_20230910115820_001_004_000_000.jpg,./data/you_chalk_brood/normal/B_001_006_20230910115820_001_004_000_000.jpg,0,normal,B_001,B_001_006,B_001_006_20230910,000,1920,1080,2073600,1533943,41.22047424316406,16.259354007806827,6.037965374228406,-1.5939395254629574,16.21380375880821,6.044464111328125,-1.6096954345703125,48.48954475308642,37.32187065972222,43.15498553240741,48.38140869140625,37.21528625488281,43.05577087402344,56.0,1751340.0,0.8445891203703704,0.06686128489780908,1.7777777777777777,a833c4e07863fc6eb2c9ba3e73226ed2,d7784b147af7b200
B_001_007_20230826090335_001_001_000_000.jpg,./data/you_chalk_brood/normal/B_001_007_20230826090335_001_001_000_000.jpg,0,normal,B_001,B_001_007,B_001_007_20230826,000,1920,1080,2073600,1292007,41.70606994628906,17.29975244341564,1.2545433063271503,-0.23391685956789843,17.240726246553308,1.25677490234375,-0.24151611328125,43.134526909722226,41.120491898148146,42.329988425925926,42.996795654296875,40.98802185058594,42.1932373046875,51.0,1822839.0,0.8790697337962963,0.13728202371446085,1.7777777777777777,d189d36394726b6a60592e9a2bd96c4b,d4f5afc680c04b2f
B_001_007_20230906083655_001_003_000_000.jpg,./data/you_chalk_brood/normal/B_001_007_20230906083655_001_003_000_000.jpg,0,normal,B_001,B_001_007,B_001_007_20230906,000,1920,1080,2073600,1585815,46.81011962890625,18.944953174170905,5.419479648919747,-2.8810662615740767,18.86361514820772,5.4263153076171875,-2.898040771484375,52.21224537037037,43.50309413580247,51.4264168595679,52.015167236328125,43.31463623046875,51.243804931640625,55.0,1844672.5,0.889599006558642,0.1428242759521288,1.7777777777777777,8e765522a9e64cf5222b78f6d93c5a3a,9999cda6d8451b63
B_001_007_20230906151913_001_001_000_000.jpg,./data/you_chalk_brood/normal/B_001_007_20230906151913_001_001_000_000.jpg,0,normal,B_001,B_001_007,B_001_007_20230906,000,1920,1080,2073600,1672199,63.23475646972656,25.963003245279594,6.432871334876552,-0.24085214120370324,25.924754423253678,6.4338836669921875,-0.244384765625,71.8902165316358,59.05341724537037,63.09577256944444,71.77398681640625,58.944122314453125,62.97932434082031,61.0,1879322.0,0.9063088348765432,0.13231534068361278,1.7777777777777777,7a278ec00f656a6a63cb7010bfb8105a,b3a854e7666825d5
B_001_007_20230906152056_001_004_000_000.jpg,./data/you_chalk_brood/normal/B_001_007_20230906152056_001_004_000_000.jpg,0,normal,B_001,B_001_007,B_001_007_20230906,000,1920,1080,2073600,1558352,57.38127136230469,23.620230800653594,6.720727719907416,0.1324657600308683,23.591601801853553,6.713958740234375,0.1320648193359375,66.62644965277778,52.9252912808642,56.82183449074074,66.54234313964844,52.84117126464844,56.735748291015625,52.0,1856083.5,0.8951019965277778,0.10923275800524022,1.7777777777777777,d350a7d1bb70f57f16db0d2806e2535a,d718be9b04cd47d0
B_001_008_20230908093637_001_001_000_000.jpg,./data/you_chalk_brood/normal/B_001_008_20230908093637_001_001_000_000.jpg,0,normal,B_001,B_001_008,B_001_008_20230908,000,1920,1080,2073600,1716782,59.10066223144531,24.715526469075286,6.225560860339499,6.19434317129631,24.686051910998774,6.2222137451171875,6.2153472900390625,70.95337528935185,55.12606867283951,49.473504050925925,70.84931945800781,55.01763916015625,49.36143493652344,54.0,1896834.5,0.9147542920524692,0.12553391250924623,1.7777777777777777,c8fb68e9178bfbe9650830a97658edc2,8c3c34f9a3dc0d66
B_001_008_20230910135329_001_001_000_000.jpg,./data/you_chalk_brood/normal/B_001_008_20230910135329_001_001_000_000.jpg,0,normal,B_001,B_001_008,B_001_008_20230910,000,1920,1080,2073600,1460702,66.10456848144531,27.34782929375454,9.86176552854937,3.60860966435186,27.287065094592524,9.864273071289062,3.6025848388671875,82.05280430169753,59.41774450231482,60.04063850308642,81.90083312988281,59.26690673828125,59.90184020996094,55.0,1941629.5,0.936356819058642,0.19330134228789506,1.7777777777777777,526f57159317e5b25926fd2719856286,9cd500a509af2ffc
B_001_008_20230910135407_001_003_000_000.jpg,./data/you_chalk_brood/normal/B_001_008_20230910135407_001_003_000_000.jpg,0,normal,B_001,B_001_008,B_001_008_20230910,000,1920,1080,2073600,1565862,55.90704345703125,23.020742367162914,5.49739101080246,1.2056303047839378,22.98592361749387,5.4940948486328125,1.2026214599609375,63.97421826774691,52.37607445987654,53.82219521604938,63.87261962890625,52.27752685546875,53.71549987792969,54.0,1779905.5,0.8583649209104939,0.08369230036540622,1.7777777777777777,481bffd4cbe763d4eab1cb8108068c2e,b016abf8f525a863
B_001_009_20230825135357_001_002_000_000.jpg,./data/you_chalk_brood/normal/B_001_009_20230825135357_001_002_000_000.jpg,0,normal,B_001,B_001_009,B_001_009_20230825,000,1920,1080,2073600,1399522,52.386871337890625,21.993232949043815,5.204855806327174,9.581957465277782,21.95873185700061,5.206329345703125,9.583084106445312,64.5085513117284,49.24892216435185,37.48592351466049,64.43161010742188,49.167633056640625,37.40534973144531,53.0,583982.5,0.2816273630401235,0.042939213704566166,0.775,8e02304de3f01eff271930028a264c0d,85fc2dda1ab6d830
B_001_009_20230909140014_001_003_000_000.jpg,./data/you_chalk_brood/normal/B_001_009_20230909140014_001_003_000_000.jpg,0,normal,B_001,B_001_009,B_001_009_20230909,000,1920,1080,2073600,1634693,47.036590576171875,19.146112661885745,4.576150173611097,5.412295042438274,19.07504212622549,4.5841064453125,5.4220123291015625,56.8649503279321,44.09279176311728,38.01476321373457,56.679168701171875,43.904388427734375,37.83143615722656,57.0,1918426.5,0.9251671006944444,0.2005416455323496,1.7777777777777777,41b1fc0003deb0f959c5938b2641810a,ccd51748e8e7df00
B_001_010_20230826135654_001_003_000_000.jpg,./data/you_chalk_brood/normal/B_001_010_20230826135654_001_003_000_000.jpg,0,normal,B_001,B_001_010,B_001_010_20230826,000,1920,1080,2073600,1818786,43.1802978515625,18.01941645485355,10.118545042438285,3.0575573881172886,17.958601409313726,10.121414184570312,3.0615081787109375,58.31373505015432,36.542430555555555,39.00617959104938,58.154998779296875,36.40205383300781,38.860443115234375,51.0,1817364.5,0.8764296392746913,0.09325020212927265,1.7777777777777777,7401ff6896d2d2c85ab5c8d0e21da30e,92452f64e1752d97
B_001_010_20230829140515_001_004_000_000.jpg,./data/you_chalk_brood/normal/B_001_010_20230829140515_001_004_000_000.jpg,0,normal,B_001,B_001_010,B_001_010_20230829,000,1920,1080,2073600,1350993,61.3878173828125,25.64268053286129,7.67161217206791,7.28068335262347,25.597025553385418,7.6690216064453125,7.2853240966796875,76.06121045524691,56.3848225308642,49.6494319058642,75.94622802734375,56.27851867675781,49.541015625,48.0,1933474.5,0.9324240451388889,0.19181330044272885,1.7777777777777777,cd1f7a5f829869f7fd13e107226e8ae4,c9eaa7195607b964
B_001_010_20230906091357_001_003_000_000.jpg,./data/you_chalk_brood/normal/B_001_010_20230906091357_001_003_000_000.jpg,0,normal,B_001,B_001_010,B_001_010_20230906,000,1920,1080,2073600,1757918,45.0130615234375,18.006064285282015,1.746017071759269,1.7365224729938404,17.923901127833947,1.7512359619140625,1.746734619140625,48.26489728009259,44.19018084490741,42.32995466820988,48.081085205078125,44.00251770019531,42.139434814453125,66.0,1656399.5,0.7988037712191358,0.05233087261285531,1.7777777777777777,369d68df82372db5bc22bcaff7527e1f,c90f7e01a95d5873
B_001_010_20230910140224_001_003_000_000.jpg,./data/you_chalk_brood/normal/B_001_010_20230910140224_001_003_000_000.jpg,0,normal,B_001,B_001_010,B_001_010_20230910,000,1920,1080,2073600,1632926,64.70362854003906,26.745692250665698,8.342262731481469,5.509440104166657,26.719294529335173,8.342239379882812,5.5068817138671875,79.83210310570988,58.92332079475309,55.43911265432099,79.76506042480469,58.847747802734375,55.369293212890625,55.0,1883179.0,0.9081688850308642,0.14827552566162647,1.7777777777777777,f28a3667db0166107a86ba53a096def6,d5c345ec37093327
B_001_011_20230819151024_001_002_000_000.jpg,./data/you_chalk_brood/normal/B_001_011_20230819151024_001_002_000_000.jpg,0,normal,B_001,B_001_011,B_001_011_20230819,000,1920,1080,2073600,1531562,87.14036560058594,36.56982211480271,6.7274098186728395,2.4893639081790013,36.525777180989586,6.7273406982421875,2.478179931640625,97.72931037808642,82.83811535493827,82.6765162037037,97.60597229003906,82.7091064453125,82.54849243164062,60.0,1975326.0,0.9526070601851852,0.2626649491987042,1.7777777777777777,b8a7d8f4b5ebbe7eae2029656b027874,fc482a4f53d5e988
B_001_011_20230904153336_001_001_000_000.jpg,./data/you_chalk_brood/normal/B_001_011_20230904153336_001_001_000_000.jpg,0,normal,B_001,B_001_011,B_001_011_20230904,000,1920,1080,2073600,1299807,55.788726806640625,23.50135352366255,4.382643711419746,10.657523148148158,23.447738348268995,4.360198974609375,10.66845703125,68.34704378858025,52.94589650848766,38.72218123070988,68.20124816894531,52.81727600097656,38.58586120605469,50.0,1953177.5,0.9419258777006173,0.26859058950821946,1.7777777777777777,66e25b34afdc1e83ab4f93170e9150ad,e584325b857ac337
B_001_011_20230908163546_001_002_000_000.jpg,./data/you_chalk_brood/normal/B_001_011_20230908163546_001_002_000_000.jpg,0,normal,B_001,B_001_011,B_001_011_20230908,000,1920,1080,2073600,1750245,40.9193115234375,16.264005386105058,4.80485773533951,4.6927835648148175,16.238451191023284,4.8112945556640625,4.695281982421875,50.94478829089506,37.494015721450616,32.7150250771605,50.887664794921875,37.43803405761719,32.66436767578125,64.0,1790630.0,0.8635368441358025,0.10027633718514095,1.7777777777777777,70358da8a8063c7adb73f62c266712a4,91696c1c9be744f1
B_001_011_20230909142653_001_003_000_000.jpg,./data/you_chalk_brood/normal/B_001_011_20230909142653_001_003_000_000.jpg,0,normal,B_001,B_001_011,B_001_011_20230909,000,1920,1080,2073600,1676292,74.65647888183594,31.09072031590414,9.526984953703703,-3.536773726851848,31.059360878140318,9.532119750976562,-3.5420684814453125,85.16679253472222,68.53565055941358,79.65800829475309,85.06336975097656,68.4251708984375,79.54269409179688,53.0,1983960.0,0.9567708333333333,0.2808553629683882,1.7777777777777777,6f012967a6b9c3caa77798a18c227118,a4c9ba91958c69d7
B_001_011_20230910141026_001_001_000_000.jpg,./data/you_chalk_brood/normal/B_001_011_20230910141026_001_001_000_000.jpg,0,normal,B_001,B_001_011,B_001_011_20230910,000,1920,1080,2073600,1656378,58.92315673828125,24.5266122382595,5.475349151234582,-1.484728009259257,24.501073500689337,5.4707489013671875,-1.4829559326171875,64.42976948302469,55.801699459876545,61.24526813271605,64.35986328125,55.72833251953125,61.16184997558594,52.0,1883508.5,0.9083277874228395,0.09671568576311103,1.7777777777777777,99aa77dd059d952d2522985120e9e78f,aa335294b45aad5d
B_001_012_20230819151849_001_001_000_000.jpg,./data/you_chalk_brood/normal/B_001_012_20230819151849_001_001_000_000.jpg,0,normal,B_001,B_001_012,B_001_012_20230819,000,1920,1080,2073600,1598629,80.7640380859375,33.98840814875332,6.764695216049375,8.167545331790137,33.97082160500919,6.768280029296875,8.180404663085938,94.60790316358025,76.39905333719136,67.58187596450617,94.5291748046875,76.31806945800781,67.49981689453125,72.0,1536363.5,0.7409160397376543,0.009781170538432492,1.7777777777777777,2585aec7ff21d38209b12728a0f82357,92f45e56724bc45a
B_001_012_20230820115323_001_002_000_000.jpg,./data/you_chalk_brood/normal/B_001_012_20230820115323_001_002_000_000.jpg,0,normal,B_001,B_001_012,B_001_012_20230820,000,1920,1080,2073600,1376037,70.51992797851562,29.74389448680707,9.436281828703699,9.144439621913591,29.695255055147058,9.433563232421875,9.147659301757812,88.02508921682099,64.58752989969136,56.20021074459876,87.895751953125,64.47007751464844,56.08079528808594,51.0,2028156.0,0.9780844907407408,0.34737345304966977,1.7777777777777777,6c239d2fea5e3a2e6a6107789cf1f204,b385f224d0c74f2b
B_001_012_20230824141239_001_002_000_000.jpg,./data/you_chalk_brood/normal/B_001_012_20230824141239_001_002_000_000.jpg,0,normal,B_001,B_001_012,B_001_012_20230824,000,1920,1080,2073600,1778361,46.92083740234375,19.27723292634955,9.078185763888882,4.747393904321001,19.258704091988356,9.0885009765625,4.7462005615234375,61.49911168981482,41.05197916666667,39.37501109182099,61.43885803222656,41.002288818359375,39.32879638671875,48.0,1842458.0,0.8885310570987655,0.06388013677958052,1.7777777777777777,765982a4144821e77ef62702c808261d,e9293de943549ca3
B_001_012_20230826143225_001_002_000_000.jpg,./data/you_chalk_brood/normal/B_001_012_20230826143225_001_002_000_000.jpg,0,normal,B_001,B_001_012,B_001_012_20230826,000,1920,1080,2073600,1516815,67.97357177734375,28.495442046417335,11.209996141975296,8.14261911651235,28.467335420496322,11.212661743164062,8.140640258789062,87.7546378279321,60.56632426697531,54.92772858796296,87.67274475097656,60.487091064453125,54.85169982910156,49.0,1939573.5,0.9353653067129629,0.13747492639433767,1.7777777777777777,62562dfb4807e5fae503a0ef165a2867,d3b703b8158dd269
B_001_012_20230826143225_001_003_000_000.jpg,./data/you_chalk_brood/normal/B_001_012_20230826143225_001_003_000_000.jpg,0,normal,B_001,B_001_012,B_001_012_20230826,000,1920,1080,2073600,1605808,59.87654113769531,25.15022769910433,6.630355420524694,2.0190200617283836,25.097111720664827,6.6278533935546875,2.013214111328125,69.21948977623457,55.934317129629626,56.9245134066358,69.07388305664062,55.7977294921875,56.790374755859375,49.0,1933258.0,0.932319637345679,0.16996327018773005,1.7777777777777777,bdf7fd5a62ef5f1ea850d97073c1b792,c0a497d6bae86f09
B_001_012_20230901132221_001_003_000_000.jpg,./data/you_chalk_brood/normal/B_001_012_20230901132221_001_003_000_000.jpg,0,normal,B_001,B_001_012,B_001_012_20230901,000,1920,1080,2073600,1546859,53.6895751953125,22.276309458968775,4.750563753858017,-1.218535879629627,22.222559311810663,4.7565155029296875,-1.2186279296875,58.76699749228395,50.97101369598766,55.74310763888889,58.62724304199219,50.83024597167969,55.592803955078125,52.0,1925451.5,0.9285549286265432,0.23982927020882408,1.7777777777777777,176b33bb691a303f00a34a0e47fc840c,8b9d762cf7716014
B_001_012_20230904153959_001_003_000_000.jpg,./data/you_chalk_brood/normal/B_001_012_20230904153959_001_003_000_000.jpg,0,normal,B_001,B_001_012,B_001_012_20230904,000,1920,1080,2073600,1604304,53.45314025878906,21.678865211207942,4.763453896604943,-3.656086998456786,21.668330173866423,4.7736968994140625,-3.679412841796875,56.7743180941358,50.81698543595679,58.4767221257716,56.76116943359375,50.803466796875,58.462982177734375,60.0,1872026.0,0.9027903163580246,0.1755840510758798,1.7777777777777777,34e4b569d0a8be3df100c14a40244d6b,bdad91d9d95101aa
B_001_012_20230907142616_001_001_000_000.jpg,./data/you_chalk_brood/normal/B_001_012_20230907142616_001_001_000_000.jpg,0,normal,B_001,B_001_012,B_001_012_20230907,000,1920,1080,2073600,1567410,55.66949462890625,23.08744515553135,6.157204378858012,-0.7038917824074105,23.08059991574755,6.1665191650390625,-0.7152252197265625,62.914438175154324,51.88194444444444,56.520801022376546,62.88740539550781,51.85978698730469,56.50257873535156,50.0,1875491.5,0.9044615644290124,0.1104370219481182,1.7777777777777777,797ba7efb89dc1bb27b1a212c77efa06,a30d43cbfe0caa3c
B_001_012_20230907142834_001_004_000_000.jpg,./data/you_chalk_brood/normal/B_001_012_20230907142834_001_004_000_000.jpg,0,normal,B_001,B_001_012,B_001_012_20230907,000,1920,1080,2073600,1557338,58.607421875,24.0969464869281,11.76381172839507,-11.712759934413583,24.060471478630514,11.758651733398438,-11.71484375,65.84746624228396,51.54817997685185,76.96608940972222,65.75740051269531,51.457427978515625,76.86030578613281,52.0,1852281.0,0.8932682291666667,0.15619668750798177,1.7777777777777777,d451547ffbfea843db96e5e8d66bf0c6,e2a5df09c89cf08e
B_001_012_20230907142940_001_001_000_000.jpg,./data/you_chalk_brood/normal/B_001_012_20230907142940_001_001_000_000.jpg,0,normal,B_001,B_001_012,B_001_012_20230907,000,1920,1080,2073600,1605795,52.752777099609375,22.157740445715323,7.036873553240753,10.468198784722233,22.131521187576592,7.0355377197265625,10.483383178710938,68.37182773919753,48.31301504629629,35.42562065972222,68.28778076171875,48.23216247558594,35.33064270019531,52.0,1930369.0,0.9309264081790124,0.21131366007674326,1.7777777777777777,423560adee6a5060a09fcdf42e303d7b,aa0c54e556dcb34b
B_001_012_20230908105653_001_002_000_000.jpg,./data/you_chalk_brood/normal/B_001_012_20230908105653_001_002_000_000.jpg,0,normal,B_001,B_001_012,B_001_012_20230908,000,1920,1080,2073600,1365469,65.63673400878906,27.374544034434763,8.050077160493828,-2.1715234374999994,27.35772824754902,8.056625366210938,-2.1783294677734375,74.8665586419753,60.47870852623457,68.51729648919753,74.82937622070312,60.43428039550781,68.4718017578125,47.0,1950446.0,0.9406086033950617,0.24905268737745997,1.7777777777777777,6f10dc01f7b34f0410baee09ebe326ff,d5751a5b07dc2d41
B_001_012_20230908163635_001_001_000_000.jpg,./data/you_chalk_brood/normal/B_001_012_20230908163635_001_001_000_000.jpg,0,normal,B_001,B_001_012,B_001_012_20230908,000,1920,1080,2073600,1413915,51.28855895996094,20.713585920479304,7.3719159915123385,-8.581059992283954,20.69496902765012,7.3903961181640625,-8.58843994140625,54.768625578703706,47.08147087191358,64.28223910108025,54.73486328125,47.03974914550781,64.23518371582031,57.0,1809853.0,0.8728071952160494,0.09576565870922422,1.7777777777777777,87cecd8909fc4c2ca845d8f1d24397fc,a1749ea1e32eb196
B_001_012_20230909142748_001_004_000_000.jpg,./data/you_chalk_brood/normal/B_001_012_20230909142748_001_004_000_000.jpg,0,normal,B_001,B_001_012,B_001_012_20230909,000,1920,1080,2073600,1729688,38.92631530761719,15.430709309186637,3.233817033179008,-1.8554793595678944,15.389428232230392,3.239166259765625,-1.8561248779296875,41.77949604552469,37.05772521219136,41.91344280478395,41.69367980957031,36.97166442871094,41.82020568847656,59.0,1817168.5,0.8763351176697531,0.12827187230901121,1.7777777777777777,ba5006f25b7c7adf74a82cf14503253e,9a13368eeda1d9c4
B_001_013_20230901133944_001_003_000_000.jpg,./data/you_chalk_brood/normal/B_001_013_20230901133944_001_003_000_000.jpg,0,normal,B_001,B_001_013,B_001_013_20230901,000,1920,1080,2073600,1540555,48.71156311035156,19.86548221526265,6.696781925154312,0.0402551118827148,19.806745940563726,6.6943206787109375,0.0322265625,58.07098476080247,44.25209683641975,48.51406780478395,57.921417236328125,44.106170654296875,48.362884521484375,54.0,1761386.0,0.8494338348765432,0.13042075856851262,1.7777777777777777,a5a1d09740d45164008316a850ac1531,d76b664d0b7d0c90
B_001_013_20230910142250_001_004_000_000.jpg,./data/you_chalk_brood/normal/B_001_013_20230910142250_001_004_000_000.jpg,0,normal,B_001,B_001_013,B_001_013_20230910,000,1920,1080,2073600,1749590,43.68878173828125,17.38254943566933,4.20045814043209,-4.146406732253084,17.30951047411152,4.2248687744140625,-4.178863525390625,46.45060570987654,41.318518518518516,49.99151186342593,46.31451416015625,41.1741943359375,49.848236083984375,64.0,1786324.0,0.861460262345679,0.12548424615899192,1.7777777777777777,8c2c1e19ca22634ac7b7b2c7c06603ec,d3c9c986c3c3966c
B_001_014_20230831095145_001_001_000_000.jpg,./data/you_chalk_brood/normal/B_001_014_20230831095145_001_001_000_000.jpg,0,normal,B_001,B_001_014,B_001_014_20230831,000,1920,1080,2073600,1394242,54.46044921875,22.719905894456545,4.15392795138888,-0.03137393904320618,22.64121261297488,4.158203125,-0.0340118408203125,59.82989583333333,52.054747781635804,54.619601658950614,59.638702392578125,51.86637878417969,54.4195556640625,51.0,1781698.0,0.8592293595679013,0.07624082758677987,1.7777777777777777,0c5eef43f32f6ebb0c675a9ac3170fe1,d930f176ec9b0a07
B_001_014_20230908111304_001_003_000_000.jpg,./data/you_chalk_brood/normal/B_001_014_20230908111304_001_003_000_000.jpg,0,normal,B_001,B_001_014,B_001_014_20230908,000,1920,1080,2073600,1488567,76.411865234375,31.962949535524086,5.92687982253085,0.718439429012335,31.945722991344976,5.924896240234375,0.7068023681640625,84.82036024305556,72.54031394675926,74.79730902777777,84.77220153808594,72.49539184570312,74.75367736816406,54.0,1980360.0,0.9550347222222222,0.37343641551151047,1.7777777777777777,17435d158befd57ad713562f1376850a,b3bb9e64b6690c84
B_001_014_20230908111924_001_001_000_000.jpg,./data/you_chalk_brood/normal/B_001_014_20230908111924_001_001_000_000.jpg,0,normal,B_001,B_001_014,B_001_014_20230908,000,1920,1080,2073600,1800204,56.82672119140625,23.447252103001695,2.979965760030865,1.0131693672839504,23.41877058440564,2.985260009765625,1.0036468505859375,61.007181230709875,55.1814419367284,55.12702305169753,60.92140197753906,55.09515380859375,55.046722412109375,58.0,1890325.0,0.9116150655864198,0.07630153300440294,1.7777777777777777,d748144586aef3114b0e3140b0421679,f1ac54451d2fa0bd
B_001_014_20230909144845_001_001_000_000.jpg,./data/you_chalk_brood/normal/B_001_014_20230909144845_001_001_000_000.jpg,0,normal,B_001,B_001_014,B_001_014_20230909,000,1920,1080,2073600,1543064,37.626220703125,15.017946433974824,5.09384982638889,-3.742177372685191,15.012763528262868,5.104278564453125,-3.755126953125,41.8814949845679,34.34950424382716,43.62701099537037,41.86119079589844,34.33610534667969,43.61463928222656,59.0,1806139.0,0.8710161072530864,0.1526616763227851,1.7777777777777777,ed2b0619ab5cd1f187a628b6a0a53d33,cc33cc3f3107b1c6
B_001_015_20230831152816_001_004_000_000.jpg,./data/you_chalk_brood/normal/B_001_015_20230831152816_001_004_000_000.jpg,0,normal,B_001,B_001_015,B_001_015_20230831,000,1920,1080,2073600,1661014,37.91304016113281,15.186219665335269,4.336130401234556,-1.8956910686728463,15.152827244178921,4.3396148681640625,-1.8970794677734375,42.60410638503087,35.115878665123454,40.94597366898148,42.509918212890625,35.029815673828125,40.842681884765625,60.0,1762001.5,0.8497306616512346,0.16002504151248498,1.7777777777777777,498e7dccc48737989fb57f1fd337b336,aa71aa38eaaa19ae
B_001_015_20230902112524_001_003_000_000.jpg,./data/you_chalk_brood/normal/B_001_015_20230902112524_001_003_000_000.jpg,0,normal,B_001,B_001_015,B_001_015_20230902,000,1920,1080,2073600,1385717,33.37278747558594,13.469594037460665,2.2009201388888755,-2.748572048611109,13.412391812193627,2.2025299072265625,-2.7609405517578125,34.29815441743827,32.27402295524691,37.9319994212963,34.159912109375,32.1412353515625,37.79621887207031,53.0,1592693.5,0.768081356095679,0.05262735818364426,1.7777777777777777,675216f3ed387b2af1418204e6f286f9,a16da64e8b4e64d6
B_001_015_20230909082731_001_004_000_000.jpg,./data/you_chalk_brood/normal/B_001_015_20230909082731_001_004_000_000.jpg,0,normal,B_001,B_001_015,B_001_015_20230909,000,1920,1080,2073600,1606508,89.40618896484375,37.38748373577826,7.640693962191364,-3.0776258680555486,37.34309177772671,7.638671875,-3.0879364013671875,97.71055314429012,84.57154996141975,93.70932339891975,97.57862854003906,84.44297790527344,93.57786560058594,65.0,2022767.0,0.9754856288580247,0.24027499643296937,1.7777777777777777,64e672ae14829264f07afd577e25d4cf,d0aa9081e9c6d7af
B_001_015_20230909145357_001_002_000_000.jpg,./data/you_chalk_brood/normal/B_001_015_20230909145357_001_002_000_000.jpg,0,normal,B_001,B_001_015,B_001_015_20230909,000,1920,1080,2073600,1435982,44.57916259765625,18.20998093681917,5.830225694444437,2.1367221257715983,18.154841404335173,5.8132476806640625,2.1317596435546875,54.233837770061726,40.65716001157407,40.82483506944445,54.07304382324219,40.51609802246094,40.67759704589844,51.0,1537111.0,0.7412765239197531,0.03997184497657925,1.7777777777777777,2ef138d7fee48182d022defbc478abe7,d187914f2171faca
B_001_016_20230906163226_001_002_000_000.jpg,./data/you_chalk_brood/normal/B_001_016_20230906163226_001_002_000_000.jpg,0,normal,B_001,B_001_016,B_001_016_20230906,000,1920,1080,2073600,1734510,46.04389953613281,18.41188290516824,6.342241994598766,1.303212287808634,18.367925905713847,6.3476715087890625,1.2982330322265625,55.87266493055556,41.696689332561725,43.63117766203704,55.756561279296875,41.58538818359375,43.51531982421875,58.0,1803482.0,0.8697347608024691,0.07815081318874978,1.7777777777777777,d544d4b64f1b945c55252680bbd525c4,98836e96d560373b
B_001_018_20230826103249_001_003_000_000.jpg,./data/you_chalk_brood/normal/B_001_018_20230826103249_001_003_000_000.jpg,0,normal,B_001,B_001_018,B_001_018_20230826,000,1920,1080,2073600,1767305,31.111053466796875,13.118330534374243,7.3513459683642,9.282242959104934,13.071241191789216,7.3502197265625,9.297332763671875,46.004503279320986,26.498726369598767,16.89547309027778,45.8726806640625,26.395767211914062,16.787643432617188,39.0,1237854.0,0.596958912037037,0.009088541638791931,1.75,6a9b7d185ea45d1cee469ac247e4b9a2,980b2ba79e6d4e07
B_001_018_20230826152230_001_001_000_000.jpg,./data/you_chalk_brood/normal/B_001_018_20230826152230_001_001_000_000.jpg,0,normal,B_001,B_001_018,B_001_018_20230826,000,1920,1080,2073600,1687369,51.347442626953125,21.13827481995885,8.827602237654332,8.632564621913588,21.086048799402572,8.833724975585938,8.643997192382812,68.77741030092592,45.37521122685185,37.457373649691355,68.65663146972656,45.25157165527344,37.327789306640625,55.0,1830540.5,0.8827838059413581,0.13748753933942406,1.7777777777777777,2fa5d03005748c20aee070629ee4a1b5,c00fd0e1e91ccfc7
B_001_018_20230827100708_001_003_000_000.jpg,./data/you_chalk_brood/normal/B_001_018_20230827100708_001_003_000_000.jpg,0,normal,B_001,B_001_018,B_001_018_20230827,000,1920,1080,2073600,1604553,59.87113952636719,25.2349448151174,5.241067226080247,9.447781635802471,25.198316387101716,5.2378082275390625,9.453384399414062,72.58556712962962,56.579581886574076,44.37776379243827,72.484619140625,56.48680114746094,44.27409362792969,53.0,1875560.0,0.9044945987654321,0.14981799485229502,1.7777777777777777,8664aa82d54b586d20e7048f3989a5f5,87197392db98b562
B_001_018_20230827151426_001_001_000_000.jpg,./data/you_chalk_brood/normal/B_001_018_20230827151426_001_001_000_000.jpg,0,normal,B_001,B_001_018,B_001_018_20230827,000,1920,1080,2073600,1387866,39.817413330078125,16.490692515432098,7.309406828703715,-1.1741261574074144,16.4570587756587,7.3032379150390625,-1.178131103515625,48.114967206790126,35.400071855709875,41.507026427469135,48.03773498535156,35.32698059082031,41.425811767578125,42.0,1666498.0,0.8036738040123457,0.047574060784062414,1.7777777777777777,e27fd92d22966786b880297715b0c694,f0528bb4128c7eb7
B_001_018_20230827151808_001_004_000_000.jpg,./data/you_chalk_brood/normal/B_001_018_20230827151808_001_004_000_000.jpg,0,normal,B_001,B_001_018,B_001_018_20230827,000,1920,1080,2073600,1509044,41.57099914550781,16.87992711359235,4.267821662808643,2.110411844135797,16.87182856541054,4.2601165771484375,2.10418701171875,48.50748263888889,38.74894483024691,38.25080439814815,48.471038818359375,38.7171630859375,38.22904968261719,52.0,1718358.5,0.8286836902006173,0.05610139670120651,1.7777777777777777,548d875473bb0c8db77e2a7a3285e787,a5535b6c453ad391
B_001_018_20230830131904_001_004_000_000.jpg,./data/you_chalk_brood/normal/B_001_018_20230830131904_001_004_000_000.jpg,0,normal,B_001,B_001_018,B_001_018_20230830,000,1920,1080,2073600,970226,61.4327392578125,25.825314126422175,5.064767554012349,2.1214342206790207,25.78469070733762,5.0644989013671875,2.1295623779296875,68.96920910493827,58.48138551311728,57.724950810185184,68.87117004394531,58.38322448730469,57.60992431640625,50.0,1749116.0,0.8435165895061728,0.14760768957512635,1.7777777777777777,1a3ea58df9186b7617916a8deeb83e98,8399f11275e5df20
B_001_018_20230909085843_001_004_000_000.jpg,./data/you_chalk_brood/normal/B_001_018_20230909085843_001_004_000_000.jpg,0,normal,B_001,B_001_018,B_001_018_20230909,000,1920,1080,2073600,1579564,57.975555419921875,23.935554723432585,6.710221836419748,3.1384297839506132,23.90888288909314,6.7021026611328125,3.1389312744140625,69.38454137731482,53.296472800925926,52.90336612654321,69.3109130859375,53.231475830078125,52.82197570800781,54.0,1900438.5,0.916492332175926,0.2598541201082875,1.7777777777777777,b59ec12e3ca99e06fb3695d58489c673,cf00b3dbad846972
B_001_019_20230823160925_001_003_000_000.jpg,./data/you_chalk_brood/normal/B_001_019_20230823160925_001_003_000_000.jpg,0,normal,B_001,B_001_019,B_001_019_20230823,000,1920,1080,2073600,1471565,48.66474914550781,20.32393961056645,3.7597902199074156,5.596434220679015,20.287367876838236,3.7540435791015625,5.5963287353515625,56.942612364969136,46.28171440972222,40.104113618827164,56.83589172363281,46.191162109375,40.010894775390625,49.0,1664217.0,0.8025737847222222,0.030741756560101623,1.7777777777777777,c83cee671770634ad00c1f6cd35b882c,eb9db30704ba55e0
B_001_019_20230824101340_001_001_000_000.jpg,./data/you_chalk_brood/normal/B_001_019_20230824101340_001_001_000_000.jpg,0,normal,B_001,B_001_019,B_001_019_20230824,000,1920,1080,2073600,1385595,59.70106506347656,25.00001550774631,9.41933738425925,9.637861207561741,24.94570863013174,9.418426513671875,9.636062622070312,78.23214023919753,53.4366121720679,44.62871238425926,78.0863037109375,53.29872131347656,44.493072509765625,52.0,1830044.5,0.8825446084104939,0.13574484045537102,1.7777777777777777,bd20e7c00cff5af92af2cfbdd613cf20,b609d8b4abc86e66
B_001_019_20230824101352_001_003_000_000.jpg,./data/you_chalk_brood/normal/B_001_019_20230824101352_001_003_000_000.jpg,0,normal,B_001,B_001_019,B_001_019_20230824,000,1920,1080,2073600,1454799,55.889678955078125,23.336870045085934,5.010692515432112,5.789727527006164,23.299506692325366,5.0089111328125,5.7845916748046875,65.8552912808642,52.666573591820985,47.151116898148146,65.76258850097656,52.5782470703125,47.06901550292969,55.0,1717890.0,0.8284577546296297,0.05357418339449699,1.7777777777777777,68ca879bb505949732eafd33b4aaaccb,dfdfb003c4be1610
B_001_019_20230824151340_001_004_000_000.jpg,./data/you_chalk_brood/normal/B_001_019_20230824151340_001_004_000_000.jpg,0,normal,B_001,B_001_019,B_001_019_20230824,000,1920,1080,2073600,1265758,60.842864990234375,25.23172865982813,12.537520736882726,0.8079914158950601,25.182363472732842,12.532760620117188,0.8059234619140625,78.00145254629629,52.602912808641975,59.27553481867284,77.87391662597656,52.48828125,59.155059814453125,50.0,1890863.5,0.9118747588734568,0.09370352578322835,1.7777777777777777,33b5746a442e900c2fd6268a38cabfb5,d78f2186d299cce1
B_001_019_20230825102333_001_002_000_000.jpg,./data/you_chalk_brood/normal/B_001_019_20230825102333_001_002_000_000.jpg,0,normal,B_001,B_001_019,B_001_019_20230825,000,1920,1080,2073600,1296405,59.50434875488281,24.975668156923263,8.421014178240739,5.445270061728394,24.927709242876837,8.416168212890625,5.448486328125,73.70250626929013,54.1044743441358,51.18459394290124,73.57838439941406,53.98211669921875,51.06024169921875,45.0,1937034.5,0.9341408661265432,0.22064080550116402,1.7777777777777777,72523b0ce13638c732cef690f0b4713c,9328a360738f1dbb
B_001_019_20230828153457_001_004_000_000.jpg,./data/you_chalk_brood/normal/B_001_019_20230828153457_001_004_000_000.jpg,0,normal,B_001,B_001_019,B_001_019_20230828,000,1920,1080,2073600,1583426,37.07688903808594,15.05453715050835,6.884324845679004,5.847379918981488,14.979044596354166,6.883087158203125,5.8538665771484375,50.6632103587963,32.36660542052469,27.56570601851852,50.447967529296875,32.1640625,27.364288330078125,57.0,1808481.5,0.8721457851080247,0.1305215004929573,1.7777777777777777,10e7e745f1726a1006fa6db7bd447594,ab482363069ecf73
B_001_019_20230904163710_001_002_000_000.jpg,./data/you_chalk_brood/normal/B_001_019_20230904163710_001_002_000_000.jpg,0,normal,B_001,B_001_019,B_001_019_20230904,000,1920,1080,2073600,1389421,43.18025207519531,17.433766793754536,1.281470389660484,6.6805931712962945,17.39853802849265,1.2685546875,6.6934356689453125,49.24752555941358,42.33653211805556,32.36897424768519,49.14933776855469,42.24884033203125,32.27687072753906,60.0,1742352.0,0.8402546296296296,0.09681324557710161,1.7777777777777777,89fb4731fcb599e0bf365cd61d9dfebf,90611c565e567df2
B_001_019_20230906113636_001_002_000_000.jpg,./data/you_chalk_brood/normal/B_001_019_20230906113636_001_002_000_000.jpg,0,normal,B_001,B_001_019,B_001_019_20230906,000,1920,1080,2073600,1559271,57.674896240234375,23.67840640885984,7.400070891203711,3.731274594907404,23.637485878140318,7.4067535400390625,3.721649169921875,70.1592081404321,52.67412422839506,51.5751847029321,70.05691528320312,52.57493591308594,51.48374938964844,57.0,1880885.0,0.9070625964506173,0.10737129924555518,1.7777777777777777,0eead00939ff7345b5107afb5a7503df,e0c331f1f02883ff
B_001_019_20230906165336_001_001_000_000.jpg,./data/you_chalk_brood/normal/B_001_019_20230906165336_001_001_000_000.jpg,0,normal,B_001,B_001_019,B_001_019_20230906,000,1920,1080,2073600,1567680,43.52864074707031,17.85882844650206,5.028725887345672,3.165015914351841,17.773706772748163,5.0148468017578125,3.1636962890625,52.78866078317901,40.23426070601852,38.13865499614197,52.56915283203125,40.02702331542969,37.92057800292969,53.0,1833743.5,0.8843284625771605,0.12467367558054322,1.7777777777777777,4fb94af51a1c4d43ba7bc2b6cae6e833,b448e15ae15cf9c9
B_001_020_20230907082431_001_004_000_000.jpg,./data/you_chalk_brood/normal/B_001_020_20230907082431_001_004_000_000.jpg,0,normal,B_001,B_001_020,B_001_020_20230907,000,1920,1080,2073600,1324573,71.2801513671875,29.75934058036795,1.636471354166673,0.4956172839506223,29.731708601409313,1.635009765625,0.4946441650390625,73.6261684992284,70.4254123263889,70.4427449845679,73.54005432128906,70.33491516113281,70.34400939941406,66.0,1696201.0,0.8179981674382716,0.062301138687395965,1.7777777777777777,cd9e856bb330871e9804f86c33173df5,876938017675cddc
B_001_020_20230907082614_001_003_000_000.jpg,./data/you_chalk_brood/normal/B_001_020_20230907082614_001_003_000_000.jpg,0,normal,B_001,B_001_020,B_001_020_20230907,000,1920,1080,2073600,1642813,49.33331298828125,20.133929814209633,6.661205632716047,-5.4633043981481535,20.105519014246322,6.6618194580078125,-5.466827392578125,53.37140335648148,45.850917727623454,57.410359278549386,53.28230285644531,45.78118896484375,57.327423095703125,54.0,1807001.5,0.8714320505401234,0.09387597368235265,1.7777777777777777,201c093ac9821f532762d2b521069407,8b9e53d86c692ba2
B_001_021_20230910084354_001_001_000_000.jpg,./data/you_chalk_brood/normal/B_001_021_20230910084354_001_001_000_000.jpg,0,normal,B_001,B_001_021,B_001_021_20230910,000,1920,1080,2073600,1710212,74.68951416015625,31.27555846798596,2.9549247685185094,4.327472511574086,31.226980171951592,2.9562225341796875,4.325439453125,81.4965022183642,72.88502941743828,67.54957561728395,81.34776306152344,72.72755432128906,67.38662719726562,59.0,1898016.0,0.9153240740740741,0.16371320651167007,1.7777777777777777,29e6d145a72e5e7b8afaaba2be8bc93a,c5977eac8968788a
B_001_021_20230910153211_001_001_000_000.jpg,./data/you_chalk_brood/normal/B_001_021_20230910153211_001_001_000_000.jpg,0,normal,B_001,B_001_021,B_001_021_20230910,000,1920,1080,2073600,1489360,63.61332702636719,26.325890560699587,5.762927276234564,-1.9867592592592587,26.304500804227942,5.76416015625,-1.9904632568359375,69.54197048611111,60.10838879243827,66.65019724151234,69.48992919921875,60.053680419921875,66.58976745605469,56.0,1933796.5,0.932579330632716,0.2692310767702221,1.7777777777777777,f44acdbd5f32731447292c43bf23dad1,e3a6b5b09da9842b
B_001_021_20230910153249_001_002_000_000.jpg,./data/you_chalk_brood/normal/B_001_021_20230910153249_001_002_000_000.jpg,0,normal,B_001,B_001_021,B_001_021_20230910,000,1920,1080,2073600,1521316,53.074462890625,21.84516631112322,6.50085262345678,2.7145736882715994,21.80456423291973,6.49951171875,2.7147979736328125,63.841198881172836,48.69159239969136,48.42554398148148,63.73637390136719,48.587615966796875,48.31407165527344,55.0,1837038.0,0.8859172453703704,0.14715896771293274,1.7777777777777777,091bc3ab341f8181acd3af1681fdf89a,cb34e4aa117f07b2
B_001_021_20230910153637_001_004_000_000.jpg,./data/you_chalk_brood/normal/B_001_021_20230910153637_001_004_000_000.jpg,0,normal,B_001,B_001_021,B_001_021_20230910,000,1920,1080,2073600,1852520,56.955963134765625,23.368447031590414,6.988575424382702,4.24394820601853,23.31893621706495,7.0059814453125,4.2552032470703125,68.78891734182099,52.47724344135803,50.11801408179012,68.65995788574219,52.34892272949219,49.97975158691406,61.0,1865206.0,0.899501350308642,0.12528872901199142,1.7777777777777777,9144865f0e3725d10ca7cf5f81b66808,e219fc67c683d0ac
B_001_022_20230824102655_001_004_000_000.jpg,./data/you_chalk_brood/normal/B_001_022_20230824102655_001_004_000_000.jpg,0,normal,B_001,B_001_022,B_001_022_20230824,000,1920,1080,2073600,1445253,39.755828857421875,16.227320866618253,6.073657889660495,-1.820232928240742,16.18365717869179,6.0609893798828125,-1.82403564453125,46.936997010030865,35.75220389660494,42.605092110339505,46.81640625,35.648712158203125,42.488800048828125,50.0,1681567.5,0.8109411168981482,0.06852705146893857,1.7777777777777777,eb61737622804ade815258fc43a9b338,b89d89936a7e92d0
B_001_022_20230824103008_001_001_000_000.jpg,./data/you_chalk_brood/normal/B_001_022_20230824103008_001_001_000_000.jpg,0,normal,B_001,B_001_022,B_001_022_20230824,000,1920,1080,2073600,1402124,48.79008483886719,20.11376577251271,4.390401716820975,6.172616705246924,20.118539847579658,4.382843017578125,6.1722564697265625,58.72803722993827,45.71856577932099,38.541459780092595,58.72918701171875,45.72846984863281,38.553497314453125,53.0,1837426.5,0.8861046006944444,0.12500654721895804,1.7777777777777777,7169b01f3b292144c997409e419e3590,c2cecee5c62e821b
B_001_022_20230826154804_001_003_000_000.jpg,./data/you_chalk_brood/normal/B_001_022_20230826154804_001_003_000_000.jpg,0,normal,B_001,B_001_022,B_001_022_20230826,000,1920,1080,2073600,1668222,42.91853332519531,17.333394607843136,3.7693016975308637,0.1691570216049456,17.293599446614582,3.7735748291015625,0.1620941162109375,48.08516830632716,40.479192708333336,42.68482204861111,48.00653076171875,40.40289306640625,42.60841369628906,59.0,1824984.0,0.8801041666666667,0.14369278676731695,1.7777777777777777,209d9617557f90fbce4c6d7a4ef8d379,a4a9d5c64a5726ab
B_001_022_20230905081518_001_001_000_000.jpg,./data/you_chalk_brood/normal/B_001_022_20230905081518_001_001_000_000.jpg,0,normal,B_001,B_001_022,B_001_022_20230905,000,1920,1080,2073600,1406278,58.913665771484375,24.370307582909707,6.251207561728393,-3.1260836226851865,24.311655081954658,6.251708984375,-3.1262359619140625,65.14736352237654,55.095964988425926,63.672600308641975,64.99740600585938,54.94483947753906,63.52168273925781,54.0,1777654.0,0.8572791280864197,0.12306916936738722,1.7777777777777777,b317bde5f09798d42f6246db60a806f4,d60266e556f0347e
B_001_022_20230908133419_001_002_000_000.jpg,./data/you_chalk_brood/normal/B_001_022_20230908133419_001_002_000_000.jpg,0,normal,B_001,B_001_022,B_001_022_20230908,000,1920,1080,2073600,1472228,54.82228088378906,22.861211344105545,4.410345293209872,3.3043330439814724,22.803033566942403,4.401763916015625,3.319091796875,62.56333719135802,52.15577449845679,49.72308449074074,62.39802551269531,51.99809265136719,49.55632019042969,52.0,1875553.0,0.9044912229938271,0.08636919129143084,1.7777777777777777,242f13ed63e1912c6e221b659c0bf4f7,c9a593be8739a470
B_001_022_20230908134025_001_001_000_000.jpg,./data/you_chalk_brood/normal/B_001_022_20230908134025_001_001_000_000.jpg,0,normal,B_001,B_001_022,B_001_022_20230908,000,1920,1080,2073600,1631113,66.48191833496094,27.417319126724763,6.235690104166679,3.0546768904320913,27.41418576708027,6.225555419921875,3.0445556640625,77.0806573109568,62.196901523919756,60.99289592978395,77.04641723632812,62.1834716796875,60.979888916015625,59.0,1847667.5,0.8910433545524692,0.14622113306423995,1.7777777777777777,9bc87dc85957c3ae3ccf5a7a262b21ee,a0755316dc73a32e
B_001_022_20230910084719_001_001_000_000.jpg,./data/you_chalk_brood/normal/B_001_022_20230910084719_001_001_000_000.jpg,0,normal,B_001,B_001_022,B_001_022_20230910,000,1920,1080,2073600,1548127,67.42027282714844,28.158997896998304,5.6965470679012356,3.5537475887345806,28.126292509191178,5.693939208984375,3.55450439453125,77.25648148148149,63.75209297839506,61.402537133487655,77.17294311523438,63.657501220703125,61.30010986328125,55.0,1949626.0,0.9402131558641975,0.23025961134713135,1.7777777777777777,bf4cbf5ed32e7313180aee1021b955f5,f840f8b81f48e379
B_001_023_20230820090148_001_001_000_000.jpg,./data/you_chalk_brood/normal/B_001_023_20230820090148_001_001_000_000.jpg,0,normal,B_001,B_001_023,B_001_023_20230820,000,1920,1080,2073600,1301797,47.74751281738281,19.967335769184217,6.867894483024685,3.1892621527777862,19.920690199908087,6.87060546875,3.1885986328125,58.72327112268518,43.25826822916667,43.09350212191358,58.61732482910156,43.146514892578125,42.97886657714844,48.0,1238110.5,0.5970826099537037,0.04604575036336179,1.473148148148148,0fddc21cebe8e6fb4f337461098cdc57,efca050c86b1517f
B_001_023_20230821111634_001_002_000_000.jpg,./data/you_chalk_brood/normal/B_001_023_20230821111634_001_002_000_000.jpg,0,normal,B_001,B_001_023,B_001_023_20230821,000,1920,1080,2073600,1371911,46.217315673828125,19.194822493040427,3.1787403549382702,0.5433603395061652,19.16482364430147,3.1788177490234375,0.541748046875,50.25421585648148,44.451239872685186,45.51504822530864,50.1793212890625,44.37501525878906,45.43885803222656,49.0,1670649.0,0.805675636574074,0.03197010101031805,1.7777777777777777,ff16c31bf23bd9320e36dda97c93ef12,f47bfc8118316369
B_001_023_20230907155815_001_003_000_000.jpg,./data/you_chalk_brood/normal/B_001_023_20230907155815_001_003_000_000.jpg,0,normal,B_001,B_001_023,B_001_023_20230907,000,1920,1080,2073600,1479323,63.75245666503906,26.800164344287094,7.062360628858016,5.2715379050926,26.757638968673408,7.0509033203125,5.2739715576171875,76.21096257716049,59.22847173996914,55.48063319830247,76.08283996582031,59.108062744140625,55.35102844238281,48.0,1975427.0,0.9526557677469136,0.2774127110271215,1.7777777777777777,a80717f95ebc49c41318770b9d9c5138,a2edd0e38d76c948
B_001_023_20230910090617_001_003_000_000.jpg,./data/you_chalk_brood/normal/B_001_023_20230910090617_001_003_000_000.jpg,0,normal,B_001,B_001_023,B_001_023_20230910,000,1920,1080,2073600,1555042,36.05369567871094,14.204888155107723,4.2554976851851904,-1.2293967013888931,14.127664005055147,4.2506256103515625,-1.23687744140625,41.509526909722226,33.31168209876543,37.71992573302469,41.30357360839844,33.1060791015625,37.51106262207031,57.0,1691822.0,0.8158863811728395,0.08890426110249199,1.7777777777777777,b0740277e60f23abe2e7808ca1288479,f07b3ad64bb60c0a
B_001_023_20230910154640_001_004_000_000.jpg,./data/you_chalk_brood/normal/B_001_023_20230910154640_001_004_000_000.jpg,0,normal,B_001,B_001_023,B_001_023_20230910,000,1920,1080,2073600,1635222,43.50592041015625,17.180231973190512,7.766287133487651,-0.8013715277777749,17.14102950750613,7.772918701171875,-0.807952880859375,53.8202946566358,38.257498553240744,44.34705488040124,53.71571350097656,38.15472412109375,44.25270080566406,60.0,1890737.5,0.9118139949845679,0.2654422759305345,1.7777777777777777,7865e7faa76cdffda289f5d332fda64b,c639c396f20cc3bc
B_001_023_20230910154714_001_002_000_000.jpg,./data/you_chalk_brood/normal/B_001_023_20230910154714_001_002_000_000.jpg,0,normal,B_001,B_001_023,B_001_023_20230910,000,1920,1080,2073600,1661917,58.251068115234375,24.185853531227306,3.5059225501543096,2.251454475308634,24.15124631395527,3.50469970703125,2.2514801025390625,64.36292679398149,56.04840084876543,54.387089602623455,64.27047729492188,55.96049499511719,54.303619384765625,54.0,1901199.0,0.9168590856481481,0.20089529944796525,1.7777777777777777,c64b36ef5759b7bbba3c429992cde0af,be81e86971b0ec47
B_001_023_20230910155035_001_001_000_000.jpg,./data/you_chalk_brood/normal/B_001_023_20230910155035_001_001_000_000.jpg,0,normal,B_001,B_001_023,B_001_023_20230910,000,1920,1080,2073600,1594687,67.10639953613281,27.824140833030743,6.059706790123471,1.8428525270061868,27.772593778722428,6.0588836669921875,1.842620849609375,76.69682339891975,63.0961009837963,63.953662229938274,76.55827331542969,62.95513916015625,63.805511474609375,57.0,1920460.5,0.9261480034722223,0.1870004916751329,1.7777777777777777,5966812a42c34b8433bb4a5941b49a6f,8ce4279bf6968a19
B_001_024_20230909102810_001_003_000_000.jpg,./data/you_chalk_brood/normal/B_001_024_20230909102810_001_003_000_000.jpg,0,normal,B_001,B_001_024,B_001_024_20230909,000,1920,1080,2073600,1507408,77.7149658203125,32.55657263677076,10.186340181327154,6.318580729166655,32.49724145029106,10.175521850585938,6.312042236328125,95.79137008101851,70.84792052469136,67.11485532407407,95.61506652832031,70.69046020507812,66.95584106445312,52.0,1989353.0,0.9593716242283951,0.3478455365163759,1.7777777777777777,57206f5ab88bae7b0b7d565670442c56,b7b055135f86e198
B_001_024_20230909162709_001_003_000_000.jpg,./data/you_chalk_brood/normal/B_001_024_20230909162709_001_003_000_000.jpg,0,normal,B_001,B_001_024,B_001_024_20230909,000,1920,1080,2073600,1812852,68.95980834960938,28.70814950980392,7.250229552469136,5.6134355709876615,28.671875,7.243560791015625,5.6153411865234375,82.3803766396605,64.15475453317902,59.78190200617284,82.24038696289062,64.01710510253906,59.643707275390625,56.0,1961391.5,0.9458871045524692,0.28602777808576335,1.7777777777777777,cca53136550cadca09487b0255ae0645,c09cdd27ba8f061d
B_001_024_20230910155651_001_002_000_000.jpg,./data/you_chalk_brood/normal/B_001_024_20230910155651_001_002_000_000.jpg,0,normal,B_001,B_001_024,B_001_024_20230910,000,1920,1080,2073600,1572684,69.49005126953125,29.112097933309123,8.895684317129621,6.479412615740728,29.05041264552696,8.889389038085938,6.481597900390625,85.26297067901234,63.78227478780864,59.0309375,85.08233642578125,63.61737060546875,58.8623046875,55.0,1967819.5,0.9489870273919753,0.22347712251988888,1.7777777777777777,6bc5370300d133a62f99d282cd8604c4,ef6d330394da1c0d
B_001_025_20230907161202_001_001_000_000.jpg,./data/you_chalk_brood/normal/B_001_025_20230907161202_001_001_000_000.jpg,0,normal,B_001,B_001_025,B_001_025_20230907,000,1920,1080,2073600,1599770,49.6514892578125,19.98732922567175,4.150540605709864,-2.6813300540123493,19.986925312117034,4.147216796875,-2.689117431640625,52.9468393132716,47.21381655092593,53.55261766975308,52.94819641113281,47.21876525878906,53.549652099609375,59.0,1866925.0,0.9003303433641975,0.16040547185553275,1.7777777777777777,6641528a981218f46b5162ea3eec2e88,ff430c3f008b729d
B_001_025_20230907161231_001_001_000_000.jpg,./data/you_chalk_brood/normal/B_001_025_20230907161231_001_001_000_000.jpg,0,normal,B_001,B_001_025,B_001_025_20230907,000,1920,1080,2073600,1728529,46.27775573730469,18.875289919208427,3.6016073495370335,6.907980806327174,18.85727826286765,3.58929443359375,6.909759521484375,55.80442418981482,43.7463956404321,34.67561294367284,55.7493896484375,43.7115478515625,34.64750671386719,56.0,1873096.0,0.9033063271604939,0.18881059661155777,1.7777777777777777,92cc7ed02f4d1c07b9bddf267f32eac9,aad51a2bce93a493
B_001_025_20230909104609_001_003_000_000.jpg,./data/you_chalk_brood/normal/B_001_025_20230909104609_001_003_000_000.jpg,0,normal,B_001,B_001_025,B_001_025_20230909,000,1920,1080,2073600,1689479,61.701446533203125,25.80706283284919,2.3067038001543096,-1.4356187307098764,25.815058689491423,2.3087310791015625,-1.451080322265625,63.1247550154321,60.550037133487656,64.27420765817901,63.098602294921875,60.53192138671875,64.24569702148438,54.0,1898686.0,0.9156471836419753,0.18139672511084548,1.7777777777777777,582022708cb1744a3f6dc8386b03b2dc,fcc3d690a9c325b4
B_001_025_20230910092131_001_001_000_000.jpg,./data/you_chalk_brood/normal/B_001_025_20230910092131_001_001_000_000.jpg,0,normal,B_001,B_001_025,B_001_025_20230910,000,1920,1080,2073600,1737936,48.04933166503906,19.287708598099737,6.1906746720679,0.5854928626543199,19.260517195159313,6.2118377685546875,0.587554931640625,56.53781732253086,44.11593605324074,46.707383294753086,56.462890625,44.037139892578125,46.62367248535156,59.0,1835011.0,0.8849397183641975,0.08304610039971898,1.7777777777777777,f80375be4086866373592236a8c99c5d,a85a57554ab5d24d
B_001_025_20230910092353_001_004_000_000.jpg,./data/you_chalk_brood/normal/B_001_025_20230910092353_001_004_000_000.jpg,0,normal,B_001,B_001_025,B_001_025_20230910,000,1920,1080,2073600,1457484,58.5499267578125,23.93651015190027,6.592641300154327,1.883964120370365,23.864123774509803,6.5855255126953125,1.8908538818359375,68.84574652777778,54.251873070987656,55.26977768132716,68.65756225585938,54.07341003417969,55.074737548828125,60.0,1777649.0,0.8572767168209876,0.09418789814584434,1.7777777777777777,f754fe287c4d3deb3ef663538d825f31,b34c0ae3397aa4ba
B_001_026_20230904131603_001_002_000_000.jpg,./data/you_chalk_brood/normal/B_001_026_20230904131603_001_002_000_000.jpg,0,normal,B_001,B_001_026,B_001_026_20230904,000,1920,1080,2073600,1452113,50.742889404296875,20.867551175562816,5.745059799382716,-3.039454571759265,20.83062863817402,5.741180419921875,-3.0386199951171875,56.034189814814816,47.30845486111111,55.6789453125,55.907623291015625,47.201690673828125,55.55357360839844,53.0,1812572.5,0.8741186824845679,0.16224352299449493,1.7777777777777777,4285f5978380c0ca2fe6c9b889211c7d,f852f7f8189a0e46
B_001_026_20230905103502_001_004_000_000.jpg,./data/you_chalk_brood/normal/B_001_026_20230905103502_001_004_000_000.jpg,0,normal,B_001,B_001_026,B_001_026_20230905,000,1920,1080,2073600,1429840,51.13459777832031,20.60944175895667,4.240052083333325,-1.469774787808646,20.566484039905024,4.24005126953125,-1.4629974365234375,55.74126494984568,48.656117380401234,52.835866608796294,55.638092041015625,48.53987121582031,52.7083740234375,60.0,1793179.5,0.8647663483796296,0.13216463525668345,1.7777777777777777,903f82b859467a62655980f646423cca,82d3b070f9c47cb6
B_001_026_20230905103507_001_002_000_000.jpg,./data/you_chalk_brood/normal/B_001_026_20230905103507_001_002_000_000.jpg,0,normal,B_001,B_001_026,B_001_026_20230905,000,1920,1080,2073600,1566719,56.33734130859375,23.330940223311547,5.009863040123463,2.871235532407411,23.286617503446692,5.0120697021484375,2.8852691650390625,64.62954475308642,53.22389419367284,51.92213541666667,64.50083923339844,53.083526611328125,51.76812744140625,56.0,1857422.0,0.8957474922839506,0.15199136496090318,1.7777777777777777,ee8f73404b931e8b8aa06484a067938e,d9e5027d11c7ed0c
B_001_026_20230905103704_001_004_000_000.jpg,./data/you_chalk_brood/normal/B_001_026_20230905103704_001_004_000_000.jpg,0,normal,B_001,B_001_026,B_001_026_20230905,000,1920,1080,2073600,1652304,60.39591979980469,25.03548380386105,7.517208236882709,2.743108603395058,25.023325003829658,7.5109405517578125,2.7419281005859375,72.20683400848766,55.34307098765432,55.97692563657407,72.14956665039062,55.28916931152344,55.91162109375,52.0,1784519.5,0.8605900366512346,0.09256924137109297,1.7777777777777777,fd7196e2103124ca8735331393bb4edd,875e46b6cfa2414b
B_001_026_20230905103906_001_004_000_000.jpg,./data/you_chalk_brood/normal/B_001_026_20230905103906_001_004_000_000.jpg,0,normal,B_001,B_001_026,B_001_026_20230905,000,1920,1080,2073600,1605776,53.525604248046875,22.006593818082788,7.1273871527777715,0.14361062885802767,21.975271187576592,7.12335205078125,0.13604736328125,63.178016975308644,48.857247781635806,53.076165605709875,63.088653564453125,48.77250671386719,52.985626220703125,53.0,1838732.0,0.8867341820987654,0.13377756099842342,1.7777777777777777,b4734692f66fdad582c4d519183742ac,e3a768e509fa3a24
B_001_027_20230825112011_001_002_000_000.jpg,./data/you_chalk_brood/normal/B_001_027_20230825112011_001_002_000_000.jpg,0,normal,B_001,B_001_027,B_001_027_20230825,000,1920,1080,2073600,1537663,38.14448547363281,15.52403700677802,4.893647762345665,1.350419077932088,15.467146331188726,4.8960418701171875,1.3549957275390625,46.0004759837963,34.83712432484568,36.06676215277778,45.854705810546875,34.685699462890625,35.89697265625,56.0,1799848.5,0.8679824942129629,0.14356621468061287,1.7777777777777777,591a824b90e8dcd7af918d563c3c7011,a95669b5525a2b55
B_001_027_20230829112851_001_002_000_000.jpg,./data/you_chalk_brood/normal/B_001_027_20230829112851_001_002_000_000.jpg,0,normal,B_001,B_001_027,B_001_027_20230829,000,1920,1080,2073600,1356145,60.34831237792969,24.9878784268337,5.683407118055555,0.7244372106481478,24.967699237898284,5.6873931884765625,0.7138671875,68.60610628858025,56.4835797646605,59.225292727623454,68.55342102050781,56.43424987792969,59.17622375488281,53.0,1866506.0,0.9001282793209876,0.18427802863580134,1.7777777777777777,bb532b63f611fa339d5078b3b80fb006,91353627cb3499ce
B_001_027_20230909110210_001_002_000_000.jpg,./data/you_chalk_brood/normal/B_001_027_20230909110210_001_002_000_000.jpg,0,normal,B_001,B_001_027,B_001_027_20230909,000,1920,1080,2073600,1509729,54.53550720214844,22.35504796054224,6.68229648919754,-2.6120061728395,22.326127594592524,6.686920166015625,-2.6165924072265625,61.47269917052469,50.33932677469136,58.60010754243827,61.40797424316406,50.28028869628906,58.52876281738281,55.0,1880322.5,0.9067913290895062,0.1535402634626079,1.7777777777777777,f23978688b3642c2c835f626be2cece9,c734e4831aab2773
B_001_028_20230824110025_001_003_000_000.jpg,./data/you_chalk_brood/normal/B_001_028_20230824110025_001_003_000_000.jpg,0,normal,B_001,B_001_028,B_001_028_20230824,000,1920,1080,2073600,1718782,41.372100830078125,16.710152278503994,4.571787712191366,2.674183063271613,16.63314520143995,4.5616455078125,2.6785430908203125,49.7853549382716,38.273671875,36.98231143904321,49.595672607421875,38.085479736328125,36.78630065917969,58.0,1835706.0,0.8852748842592593,0.17685312869865447,1.7777777777777777,5760e75cbea90de87c4292c078485f7f,d4ee489c9fe190d8
B_001_028_20230825164058_001_003_000_000.jpg,./data/you_chalk_brood/normal/B_001_028_20230825164058_001_003_000_000.jpg,0,normal,B_001,B_001_028,B_001_028_20230825,000,1920,1080,2073600,1313006,44.22105407714844,18.475564708908255,1.4975337577160417,2.907544367283947,18.442789713541668,1.4918212890625,2.9074554443359375,47.67878423996913,43.49964361496914,39.70938175154321,47.59278869628906,43.41839599609375,39.62306213378906,48.0,1692443.5,0.8161861014660494,0.049416317125121685,1.7777777777777777,2ecfec20465b14549b30a3d5ce728224,d540f8e75c1dc8f0
B_001_028_20230826164149_001_004_000_000.jpg,./data/you_chalk_brood/normal/B_001_028_20230826164149_001_004_000_000.jpg,0,normal,B_001,B_001_028,B_001_028_20230826,000,1920,1080,2073600,1609456,58.41619873046875,24.362641460905348,7.703981481481492,3.8261713927469145,24.32794309129902,7.7014007568359375,3.82598876953125,70.74668547453703,53.5563850308642,52.08894145447531,70.63970947265625,53.4505615234375,51.9779052734375,52.0,1911389.5,0.9217734857253086,0.19159164700871278,1.7777777777777777,67e65c4fc147008ec3945532a9d345d5,d602f88d3e03f8dc
B_001_028_20230827163459_001_001_000_000.jpg,./data/you_chalk_brood/normal/B_001_028_20230827163459_001_001_000_000.jpg,0,normal,B_001,B_001_028,B_001_028_20230827,000,1920,1080,2073600,1323711,48.2691650390625,20.072111965928347,4.534504726080257,2.5367235725308603,20.027232450597428,4.51922607421875,2.5291290283203125,55.9232527970679,45.36472993827161,44.13086757330247,55.803466796875,45.26863098144531,44.02784729003906,49.0,1850348.5,0.8923362750771605,0.13794608969493036,1.7777777777777777,cd1ed0b05bcaf630030e4ef0d1a09ca9,879559b4089b95bd
B_001_028_20230831130614_001_004_000_000.jpg,./data/you_chalk_brood/normal/B_001_028_20230831130614_001_004_000_000.jpg,0,normal,B_001,B_001_028,B_001_028_20230831,000,1920,1080,2073600,1369773,36.14555358886719,14.94431433067054,2.7858338155864146,-0.2147554976851893,14.888939950980392,2.7867431640625,-0.217742919921875,39.55961371527778,34.57104118441358,36.654639274691355,39.42364501953125,34.438812255859375,36.50146484375,51.0,1732687.0,0.8355936535493828,0.14251443127377988,1.7777777777777777,27f52198c16bbe205c57dcb1f42a3d11,eeff23388e86c182
B_001_028_20230907162943_001_003_000_000.jpg,./data/you_chalk_brood/normal/B_001_028_20230907162943_001_003_000_000.jpg,0,normal,B_001,B_001_028,B_001_028_20230907,000,1920,1080,2073600,2017283,85.29765319824219,35.69890481269668,6.064434317129638,3.6944130979938166,35.72123808019302,6.0672454833984375,3.683349609375,95.88631076388889,81.25634837962963,78.69838396990741,95.84721374511719,81.21966552734375,78.66368103027344,65.0,2026766.0,0.9774141589506172,0.18660254287802808,1.7777777777777777,b07596ecb665f1fac9118428c936e217,b24bceb5b5190b46
B_001_029_20230822113144_001_001_000_000.jpg,./data/you_chalk_brood/normal/B_001_029_20230822113144_001_001_000_000.jpg,0,normal,B_001,B_001_029,B_001_029_20230822,000,1920,1080,2073600,1385343,35.89710998535156,14.98821468016219,11.214321952160503,4.641511863425933,14.934644512101716,11.214065551757812,4.637054443359375,53.13474922839506,28.65699363425926,29.058919270833332,53.008544921875,28.536834716796875,28.937698364257812,38.0,1174171.0,0.5662475887345679,0.011692760478572643,1.7777777777777777,44d0a69e0cac6509fd3b5df21198c116,86a8ebc7b0e6ca52
B_001_029_20230907102218_001_004_000_000.jpg,./data/you_chalk_brood/normal/B_001_029_20230907102218_001_004_000_000.jpg,0,normal,B_001,B_001_029,B_001_029_20230907,000,1920,1080,2073600,1735824,55.67271423339844,22.798858856814327,7.073471257716051,2.3337697723765416,22.764599370021447,7.070587158203125,2.326629638671875,67.04119695216049,50.768154417438275,51.843504533179015,66.95501708984375,50.69621276855469,51.75917053222656,55.0,1899787.0,0.9161781442901235,0.2408617116895035,1.7777777777777777,b9ee355c8da6e0167fed24436ab8aa10,969636f44b6cc91a
B_001_029_20230907103847_001_002_000_000.jpg,./data/you_chalk_brood/normal/B_001_029_20230907103847_001_002_000_000.jpg,0,normal,B_001,B_001_029,B_001_029_20230907,000,1920,1080,2073600,1513207,48.55537414550781,19.773422370491406,6.606641107253097,1.3373423032407459,19.697463091681986,6.5984039306640625,1.3411712646484375,58.89522665895062,44.124709683641974,45.94022714120371,58.70896911621094,43.94206237792969,45.738861083984375,55.0,1750595.5,0.8442300829475309,0.12378902974087268,1.7777777777777777,7683997d30e7f29d92bc2755230c34d4,f7310f0c32cc7cc6
B_001_029_20230907163310_001_002_000_000.jpg,./data/you_chalk_brood/normal/B_001_029_20230907163310_001_002_000_000.jpg,0,normal,B_001,B_001_029,B_001_029_20230907,000,1920,1080,2073600,1502685,55.016632080078125,22.79864780016945,6.243850790895067,-0.5787051504629659,22.726069431678923,6.25128173828125,-0.58795166015625,63.08782986111111,51.05262635030864,55.946940104166664,62.91770935058594,50.88140869140625,55.77015686035156,53.0,1924237.5,0.9279694733796297,0.1995465943549188,1.7777777777777777,0326e268d610479151820db73d62103b,86f26cc9ec731319
B_001_029_20230907163319_001_001_000_000.jpg,./data/you_chalk_brood/normal/B_001_029_20230907163319_001_001_000_000.jpg,0,normal,B_001,B_001_029,B_001_029_20230907,000,1920,1080,2073600,1860796,55.14421081542969,22.64283977093924,3.8198876350308524,4.660826581790133,22.60109695733762,3.82830810546875,4.6633758544921875,63.5362924382716,52.60267698688271,47.19603829089506,63.421661376953125,52.49366760253906,47.08428955078125,62.0,1917726.0,0.9248292824074074,0.2021115378359436,1.7777777777777777,9a339e438663c434d18087ffe0c8c003,beec4dddd8080197
B_001_029_20230909113306_001_001_000_000.jpg,./data/you_chalk_brood/normal/B_001_029_20230909113306_001_001_000_000.jpg,0,normal,B_001,B_001_029,B_001_029_20230909,000,1920,1080,2073600,1578143,45.998870849609375,18.614937931190997,6.475782214506182,1.382683738425925,18.594073127297793,6.4708099365234375,1.3849029541015625,56.183087866512345,41.475210262345676,43.19270881558642,56.107696533203125,41.42131042480469,43.12615966796875,59.0,1780966.0,0.858876350308642,0.08531080114824773,1.7777777777777777,960ed82d464a03dc5ec5d9d99e8d70a7,f2093ec53fc03837
B_001_030_20230905135551_001_001_000_000.jpg,./data/you_chalk_brood/normal/B_001_030_20230905135551_001_001_000_000.jpg,0,normal,B_001,B_001_030,B_001_030_20230905,000,1920,1080,2073600,1528368,83.12527465820312,34.75187927408618,7.109707754629625,3.9234302662036953,34.711112228094365,7.109527587890625,3.9192657470703125,95.51333526234568,78.31436294367283,76.43787037037038,95.40580749511719,78.20500183105469,76.32568359375,56.0,2030386.0,0.9791599151234568,0.4200904041450676,1.7777777777777777,fc32069ef39224070c4e1f38738598cc,a8cae4a6621d9de5
B_001_030_20230906141225_001_004_000_000.jpg,./data/you_chalk_brood/normal/B_001_030_20230906141225_001_004_000_000.jpg,0,normal,B_001,B_001_030,B_001_030_20230906,000,1920,1080,2073600,1576367,53.47943115234375,22.091473198075526,7.584896315586434,4.072605613425935,22.064143162147673,7.587127685546875,4.073394775390625,66.53527970679012,48.31693962191358,46.45600260416666,66.46376037597656,48.25738525390625,46.3795166015625,52.0,1884225.0,0.9086733217592593,0.18938703866476664,1.7777777777777777,61e655908425f9b0b443f79a12d8ba29,e722854e32fa31ec
B_001_030_20230910104623_001_001_000_000.jpg,./data/you_chalk_brood/normal/B_001_030_20230910104623_001_001_000_000.jpg,0,normal,B_001,B_001_030,B_001_030_20230910,000,1920,1080,2073600,1458113,41.96337890625,16.80308755446623,6.164748746141981,-5.538777006172836,16.77048627068015,6.16607666015625,-5.53692626953125,46.50789978780864,38.1391584683642,50.63399691358025,46.41642761230469,38.0618896484375,50.52732849121094,57.0,1832470.5,0.8837145543981482,0.1485334021680119,1.7777777777777777,23f27f05c0cd690cde7d09ccdeeb0e0f,c9cb7c746423bb18
C_001_001_20230831140409_001_001_000_000.jpg,./data/you_chalk_brood/normal/C_001_001_20230831140409_001_001_000_000.jpg,0,normal,C_001,C_001_001,C_001_001_20230831,000,1920,1080,2073600,930350,179.43577575683594,73.19390696865166,-0.0066483410493844985,-2.8025458140432136,73.14740349264706,0.0174560546875,-2.77154541015625,177.21953896604938,179.76527633101853,184.62562258873456,177.1011505126953,179.64646911621094,184.50355529785156,149.0,2070600.0,0.9985532407407407,0.7235404681217645,1.7777777777777777,1538451c4d9293ca487fa95cf3f45373,c4641b9b9b656666
C_001_002_20230829145715_001_001_000_000.jpg,./data/you_chalk_brood/normal/C_001_002_20230829145715_001_001_000_000.jpg,0,normal,C_001,C_001_002,C_001_002_20230829,000,1920,1080,2073600,891930,180.22518920898438,73.47310975702008,0.31919319058641804,-3.6484230324074076,73.42474245557598,0.3096466064453125,-3.6508331298828125,177.23841820987656,180.54225405092592,187.23017939814815,177.11276245117188,180.4120330810547,187.10023498535156,156.0,2070583.0,0.9985450424382716,0.7210592435771074,1.7777777777777777,b1eb28134a753640933592c17e7c2d62,983cc7c3393c1eb8
C_001_002_20230829145737_001_001_000_000.jpg,./data/you_chalk_brood/normal/C_001_002_20230829145737_001_001_000_000.jpg,0,normal,C_001,C_001_002,C_001_002_20230829,000,1920,1080,2073600,873332,179.14381408691406,73.2420804587267,-0.8290769675925986,-4.047943672839509,73.2028258080576,-0.8557281494140625,-4.017181396484375,174.10320891203705,180.60380160108025,186.8466859567901,173.99000549316406,180.49758911132812,186.732421875,157.0,2070457.5,0.9984845196759259,0.7037373072483488,1.7777777777777777,5f99fbd133b23dea3d6fc683b33e34e6,9838c7c339cece38
C_001_005_20230821171650_001_001_000_000.jpg,./data/you_chalk_brood/normal/C_001_005_20230821171650_001_001_000_000.jpg,0,normal,C_001,C_001_005,C_001_005_20230821,000,1920,1080,2073600,656743,120.7119140625,50.82539147603486,-0.2721865354938302,-2.0270997299382714,50.788215188419116,-0.2588653564453125,-2.0501861572265625,118.48981674382716,121.15678096064815,124.5878018904321,118.39808654785156,121.05755615234375,124.48829650878906,106.0,2070164.0,0.9983429783950617,0.6929327310146468,1.7777777777777777,8c4ac123a41a4af29249b55bbcae8c0d,c6996c3399649b66
C_001_005_20230821171952_001_001_000_000.jpg,./data/you_chalk_brood/normal/C_001_005_20230821171952_001_001_000_000.jpg,0,normal,C_001,C_001_005,C_001_005_20230821,000,1920,1080,2073600,567486,121.51789855957031,51.15704259713144,-0.22537471064815406,-2.3196513310185196,51.12449496400122,-0.2122802734375,-2.333526611328125,119.19762924382717,121.91594714506172,125.87502266589506,119.11695861816406,121.83734130859375,125.78993225097656,106.0,2070598.0,0.9985522762345679,0.7231401235896873,1.7777777777777777,44582ce745c3f1c8dc3b3f13daa407c5,93cccc3331d9c78c
C_001_005_20230821172456_001_001_000_000.jpg,./data/you_chalk_brood/normal/C_001_005_20230821172456_001_001_000_000.jpg,0,normal,C_001,C_001_005,C_001_005_20230821,000,1920,1080,2073600,659331,120.52191162109375,50.74556516279351,-0.31643566743827023,-2.0482320601851853,50.70634430530024,-0.305572509765625,-2.0697021484375,118.20551890432098,121.01675491898148,124.42388069058642,118.10577392578125,120.90725708007812,124.31761169433594,107.0,2070535.5,0.9985221354166667,0.7152242722802701,1.7777777777777777,233c2d404ff88a9edb3f47f64c592eba,c699d96693641b99
C_001_005_20230821172540_001_001_000_000.jpg,./data/you_chalk_brood/normal/C_001_005_20230821172540_001_001_000_000.jpg,0,normal,C_001,C_001_005,C_001_005_20230821,000,1920,1080,2073600,668371,120.59304809570312,50.79397467320261,-0.18676167052468884,-2.0443137538580203,50.75187533509497,-0.1755828857421875,-2.066131591796875,118.45970679012346,121.02228877314815,124.54282069830246,118.36137390136719,120.91539001464844,124.43849182128906,107.0,2070545.5,0.9985269579475309,0.7175714036300151,1.7777777777777777,a3ad5a6cf7bfe5bdae4e597c83de7d9f,c59992666999666b
C_001_005_20230821175515_001_001_000_000.jpg,./data/you_chalk_brood/normal/C_001_005_20230821175515_001_001_000_000.jpg,0,normal,C_001,C_001_005,C_001_005_20230821,000,1920,1080,2073600,683115,121.03207397460938,50.9568069550351,-0.3776340663580271,-2.0075303819444485,50.91966217639399,-0.35943603515625,-2.0335693359375,118.63935281635803,121.53323832947531,124.87203028549382,118.54768371582031,121.43312072753906,124.77531433105469,107.0,2070246.0,0.9983825231481481,0.7040121428740828,1.7777777777777777,6056676b753a27477493618c9120142a,d3cccd3364cc3338
C_001_005_20230821181255_001_001_000_000.jpg,./data/you_chalk_brood/normal/C_001_005_20230821181255_001_001_000_000.jpg,0,normal,C_001,C_001_005,C_001_005_20230821,000,1920,1080,2073600,660607,120.57064819335938,50.77659767610748,-0.2280733989197472,-2.1486631944444383,50.73614382276348,-0.212310791015625,-2.16851806640625,118.33080922067901,120.99756944444445,124.65824652777778,118.2330322265625,120.89445495605469,124.55499267578125,108.0,2064890.5,0.9957998167438271,0.46545138052092105,1.7777777777777777,64b90319ecb2ae2f5cb956d28edc7739,c399cd64339bcc8c
C_001_006_20230822163518_001_001_000_000.jpg,./data/you_chalk_brood/normal/C_001_006_20230822163518_001_001_000_000.jpg,0,normal,C_001,C_001_006,C_001_006_20230822,000,1920,1080,2073600,623969,121.03012084960938,50.90245438453159,-0.4390277777777811,-2.2264120370370364,50.87309594247856,-0.433868408203125,-2.241455078125,118.35351851851851,121.58167872299383,125.14426938657408,118.27362060546875,121.49356079101562,125.050048828125,106.0,2070523.5,0.9985163483796297,0.7139140385387219,1.7777777777777777,6949aa546adba29a522aee6eb42b2d81,90f1c7ce3831c9ce
C_001_013_20230822164044_001_001_000_000.jpg,./data/you_chalk_brood/normal/C_001_013_20230822164044_001_001_000_000.jpg,0,normal,C_001,C_001_013,C_001_013_20230822,000,1920,1080,2073600,774397,120.45858764648438,50.69713598402324,-0.35318528163580254,-1.9419511959876559,50.65232819201899,-0.3387298583984375,-1.958404541015625,118.1772690007716,121.00138937114197,124.17544029706791,118.05990600585938,120.87648010253906,124.05354309082031,103.0,2070593.5,0.998550106095679,0.7223160633199529,1.7777777777777777,f95f815261c73cdede99079f013b724e,93cc4c33cf39cc43
C_001_013_20230822164124_001_001_000_000.jpg,./data/you_chalk_brood/normal/C_001_013_20230822164124_001_001_000_000.jpg,0,normal,C_001,C_001_013,C_001_013_20230822,000,1920,1080,2073600,650076,120.65780639648438,50.788319830246905,-0.17515528549382964,-2.1007132523148186,50.750373391544116,-0.168609619140625,-2.1209564208984375,118.4665591242284,121.06539496527778,124.67410686728395,118.37162780761719,120.96739196777344,124.56855773925781,106.0,2070573.0,0.9985402199074074,0.7210557611799101,1.7777777777777777,d18bb1eb8317aa368f4df3954b048e36,c699996633663699
C_001_015_20230828145032_001_001_000_000.jpg,./data/you_chalk_brood/normal/C_001_015_20230828145032_001_001_000_000.jpg,0,normal,C_001,C_001_015,C_001_015_20230828,000,1920,1080,2073600,1041541,177.9610595703125,72.97096212327524,-2.8499498456790064,-2.9278293788580214,72.92019713158702,-2.804534912109375,-2.9148712158203125,170.94783661265433,180.74500434027777,184.29476321373457,170.81768798828125,180.61740112304688,184.1641845703125,153.0,2070536.5,0.998522617669753,0.715339722449982,1.7777777777777777,a46c9cecad74bd12e72011381dcf7961,c4669b9964677266
C_001_017_20231011133646_001_001_000_000.jpg,./data/you_chalk_brood/normal/C_001_017_20231011133646_001_001_000_000.jpg,0,normal,C_001,C_001_017,C_001_017_20231011,000,1920,1080,2073600,507972,179.60760498046875,73.31677805767369,-0.44696518132715823,-2.431618441358026,73.28819125306373,-0.434173583984375,-2.421173095703125,177.15249421296295,180.28158468364197,184.07728877314815,177.0738067626953,180.20516967773438,184.00076293945312,161.0,2069686.5,0.9981127025462962,0.6703971040853351,1.7777777777777777,fd316be810749d5dd6b8ba7b67f38e2b,93cc983366c69bcc
C_001_017_20231011140334_001_001_000_000.jpg,./data/you_chalk_brood/normal/C_001_017_20231011140334_001_001_000_000.jpg,0,normal,C_001,C_001_017,C_001_017_20231011,000,1920,1080,2073600,849438,178.62562561035156,73.02653696895426,-1.4532016782407453,-3.324372588734562,72.98545687806373,-1.435211181640625,-3.298004150390625,173.58488088348764,180.2251133294753,184.9536366705247,173.4612579345703,180.10324096679688,184.82801818847656,154.0,2070599.0,0.9985527584876543,0.7233402543583723,1.7777777777777777,f431bc96aeb7406481802e43fec2484f,9766cc9933666471
C_001_017_20231011142748_001_001_000_000.jpg,./data/you_chalk_brood/normal/C_001_017_20231011142748_001_001_000_000.jpg,0,normal,C_001,C_001_017,C_001_017_20231011,000,1920,1080,2073600,883480,180.9365692138672,73.79351360142822,-0.38082609953703184,-2.4022569444444457,73.74886905445771,-0.3568115234375,-2.3732147216796875,178.3597699652778,181.56424913194445,185.48316888503086,178.2421417236328,181.44540405273438,185.3629150390625,160.0,2069845.5,0.998189380787037,0.66299036521828,1.7777777777777777,0b157c26b6558516f6653ea850829212,93c9cc6699666699
C_001_017_20231011143806_001_001_000_000.jpg,./data/you_chalk_brood/normal/C_001_017_20231011143806_001_001_000_000.jpg,0,normal,C_001,C_001_017,C_001_017_20231011,000,1920,1080,2073600,847881,179.09507751464844,73.07402093167514,0.28921392746914876,-3.9240880594135774,73.02816353592218,0.2773895263671875,-3.928009033203125,175.90024932484567,179.45837046682098,186.5417221257716,175.7786865234375,179.33535766601562,186.4178466796875,161.0,2067487.5,0.9970522280092593,0.5567644762666859,1.7777777777777777,6ef628d36778b9642672a5476ee15d75,929bcc6c3333ccd8
C_001_018_20230826160933_001_001_000_000.jpg,./data/you_chalk_brood/normal/C_001_018_20230826160933_001_001_000_000.jpg,0,normal,C_001,C_001_018,C_001_018_20230826,000,1920,1080,2073600,632734,178.07049560546875,72.97119171356815,-2.868859953703705,-3.934133873456787,72.93415742761948,-2.8460540771484375,-3.9069366455078125,170.1191121720679,180.85920524691358,185.80482349537036,170.01702880859375,180.75941467285156,185.70028686523438,153.0,2070600.0,0.9985532407407407,0.7235404681217645,1.7777777777777777,94f3a16c778e70e87248138758b64680,9c1e0fc3e1f0f0e1
C_001_018_20230826161023_001_001_000_000.jpg,./data/you_chalk_brood/normal/C_001_018_20230826161023_001_001_000_000.jpg,0,normal,C_001,C_001_018,C_001_018_20230826,000,1920,1080,2073600,837362,179.4032440185547,73.16711185245703,-0.3556447723765501,-3.2149667245370352,73.12909294577206,-0.326873779296875,-3.20880126953125,176.0900139853395,179.97736255787038,185.53783130787036,175.98135375976562,179.8721923828125,185.4283905029297,153.0,2070600.5,0.998553481867284,0.7238820243080569,1.7777777777777777,1ab2f4a263dd614cb72f63dfb89e5987,9c38c3c73ce3c13c
C_001_018_20230826162125_001_001_000_000.jpg,./data/you_chalk_brood/normal/C_001_018_20230826162125_001_001_000_000.jpg,0,normal,C_001,C_001_018,C_001_018_20230826,000,1920,1080,2073600,846997,179.1790313720703,73.06669919511015,0.11787471064815236,-3.3624209104938245,73.02041446461396,0.121246337890625,-3.3571319580078125,176.39011911651235,179.4801461226852,185.5785083912037,176.26107788085938,179.353515625,185.44381713867188,156.0,2070593.0,0.9985498649691358,0.7224569058614007,1.7777777777777777,4c24d05c5948caf3663fd6adf61467a7,9ce1c31e38e1c7c6
C_001_018_20230826162655_001_001_000_000.jpg,./data/you_chalk_brood/normal/C_001_018_20230826162655_001_001_000_000.jpg,0,normal,C_001,C_001_018,C_001_018_20230826,000,1920,1080,2073600,847757,180.68087768554688,73.62259856874849,0.10775945216050786,-3.071945891203697,73.58193191827512,0.10858154296875,-3.069580078125,178.00591242283951,180.9868070023148,186.58244116512347,177.89801025390625,180.8782501220703,186.46949768066406,158.0,2070585.0,0.9985460069444444,0.7210599400565468,1.7777777777777777,2f12abe0a5dd2a8de193045f94a70db6,9ce1c71e70731ee0
C_001_018_20230826162705_001_001_000_000.jpg,./data/you_chalk_brood/normal/C_001_018_20230826162705_001_001_000_000.jpg,0,normal,C_001,C_001_018,C_001_018_20230826,000,1920,1080,2073600,883511,180.31874084472656,73.50124251089325,-0.009875578703699261,-3.011516685956792,73.45610375497856,-0.0003814697265625,-3.010589599609375,177.5563498263889,180.69232011959878,186.12173466435186,177.43386840820312,180.5679473876953,185.9967498779297,159.0,2070489.0,0.9984997106481481,0.7055141067449343,1.7777777777777777,a5dc90aa39348ef5b871820c2ddb3510,8665999992366779
C_001_018_20230826164937_001_001_000_000.jpg,./data/you_chalk_brood/normal/C_001_018_20230826164937_001_001_000_000.jpg,0,normal,C_001,C_001_018,C_001_018_20230826,000,1920,1080,2073600,860031,180.9052734375,73.77276972131446,-0.20439187885801857,-3.656211902006177,73.7291104185815,-0.2048187255859375,-3.6399688720703125,177.23648967978394,181.66070023148148,187.90247058256173,177.11585998535156,181.5413818359375,187.78060913085938,154.0,2070600.0,0.9985532407407407,0.7235404681217645,1.7777777777777777,4b52fb3a53c6f3f37927cecbbcb4d4a0,91c7ce1831e3cdcc
C_001_018_20231012104840_001_001_000_000.jpg,./data/you_chalk_brood/normal/C_001_018_20231012104840_001_001_000_000.jpg,0,normal,C_001,C_001_018,C_001_018_20231012,000,1920,1080,2073600,805304,179.5020751953125,73.24563475853304,-0.10223186728394751,-2.7494280478395012,73.20533303653492,-0.0890655517578125,-2.72625732421875,177.03832513503087,179.966774691358,184.64338541666666,176.931396484375,179.85939025878906,184.53346252441406,159.0,2069753.5,0.9981450135030864,0.6581546688200037,1.7777777777777777,4c75eaaf76689840c9f496669322b17f,93e68c9966cc3333
C_001_018_20231012110234_001_001_000_000.jpg,./data/you_chalk_brood/normal/C_001_018_20231012110234_001_001_000_000.jpg,0,normal,C_001,C_001_018,C_001_018_20231012,000,1920,1080,2073600,833043,178.61822509765625,72.94134837962964,-0.8965581597222183,-3.107338445216044,72.89939132391238,-0.8597412109375,-3.095855712890625,174.69143952546295,179.5773789544753,184.52643180941357,174.56863403320312,179.4535675048828,184.3988494873047,159.0,2067695.0,0.9971522955246913,0.578827766545986,1.7777777777777777,df4880e74fdbb3833e21c9b884d66b45,86e4999b336466ec
C_001_018_20231012111524_001_001_000_000.jpg,./data/you_chalk_brood/normal/C_001_018_20231012111524_001_001_000_000.jpg,0,normal,C_001,C_001_018,C_001_018_20231012,000,1920,1080,2073600,882256,178.0469512939453,72.7223928074316,-0.3649995177469094,-3.5652864583333326,72.67865349264706,-0.347198486328125,-3.5639495849609375,174.35376494984567,178.7802555941358,184.83082609953703,174.2299346923828,178.65557861328125,184.7047119140625,158.0,2069437.0,0.9979923804012346,0.637650890843807,1.7777777777777777,29fa330b8f9d4bcd76b051a4a955b40c,93668c993366669b
C_001_018_20231012114428_001_001_000_000.jpg,./data/you_chalk_brood/normal/C_001_018_20231012114428_001_001_000_000.jpg,0,normal,C_001,C_001_018,C_001_018_20231012,000,1920,1080,2073600,842462,178.42799377441406,72.85890201373759,-0.18743778935184707,-2.846615547839505,72.81667671951593,-0.1738433837890625,-2.8251495361328125,175.73847415123456,178.96131317515432,183.77494839891975,175.62387084960938,178.84811401367188,183.6565399169922,158.0,2070109.0,0.9983164544753086,0.6769818289037787,1.7777777777777777,43a2b2392b02bea376ff76be242813b1,866699d966939b64
C_001_018_20231012132436_001_001_000_000.jpg,./data/you_chalk_brood/normal/C_001_018_20231012132436_001_001_000_000.jpg,0,normal,C_001,C_001_018,C_001_018_20231012,000,1920,1080,2073600,803685,178.4166259765625,72.84430014675623,-0.884025366512347,-3.1491661844135734,72.80491249234069,-0.8477020263671875,-3.130645751953125,174.47572964891975,179.38073591820987,184.3991468942901,174.361328125,179.2637481689453,184.27603149414062,152.0,2070601.0,0.9985537229938272,0.7237407649257476,1.7777777777777777,46827e653fc44901c6f8fb474d5a273f,8666999b336466f2
C_001_018_20231012134814_001_001_000_000.jpg,./data/you_chalk_brood/normal/C_001_018_20231012134814_001_001_000_000.jpg,0,normal,C_001,C_001_018,C_001_018_20231012,000,1920,1080,2073600,810626,179.89144897460938,73.41268098674654,-0.6815465856481495,-2.464529803240737,73.36905086741729,-0.65460205078125,-2.432464599609375,176.95315827546295,180.71499758873458,184.48239824459876,176.83572387695312,180.5941619873047,184.35348510742188,155.0,2070597.0,0.9985517939814815,0.7228573821103051,1.7777777777777777,ac262d1a1dc688fea969b8b24dfd57fa,86cc99b366649b99
C_001_018_20231012142320_001_001_000_000.jpg,./data/you_chalk_brood/normal/C_001_018_20231012142320_001_001_000_000.jpg,0,normal,C_001,C_001_018,C_001_018_20231012,000,1920,1080,2073600,952210,179.39382934570312,73.19588912339627,0.25755160108025166,-3.0948427854938245,73.1456023571538,0.2484588623046875,-3.078277587890625,177.02703607253088,179.73449701003085,185.22917197145063,176.8975830078125,179.6042022705078,185.0985107421875,160.0,2067944.5,0.9972726176697531,0.5397906453982978,1.7777777777777777,c2a0ea80d59f769df55cdcd2a7f385b7,93c6999966cc3366
C_001_018_20231012143714_001_001_000_000.jpg,./data/you_chalk_brood/normal/C_001_018_20231012143714_001_001_000_000.jpg,0,normal,C_001,C_001_018,C_001_018_20231012,000,1920,1080,2073600,901154,180.37594604492188,73.72527989590898,-1.6899083719135746,-3.4912678433641986,73.68476418887867,-1.677764892578125,-3.450439453125,174.80351321373456,182.23579764660494,186.95710407021605,174.68475341796875,182.11865234375,186.8370361328125,161.0,2069139.0,0.9978486689814815,0.6337482669073777,1.7777777777777777,8790bfe0dab6297bb6543f0a76a7e02f,86b399cc663339cc
C_001_018_20231012150622_001_001_000_000.jpg,./data/you_chalk_brood/normal/C_001_018_20231012150622_001_001_000_000.jpg,0,normal,C_001,C_001_018,C_001_018_20231012,000,1920,1080,2073600,819466,180.08311462402344,73.58468137254901,-0.7847771990740711,-4.033608699845672,73.54394650926777,-0.8087005615234375,-4.008636474609375,175.15940007716048,181.5040060763889,187.73351273148148,175.0412139892578,181.3911590576172,187.61729431152344,162.0,2061401.5,0.9941172357253086,0.4277719463773901,1.7777777777777777,a54f863f5c4e42955413df532906e8fd,9666ccc9333364ce
C_001_018_20231012153632_001_001_000_000.jpg,./data/you_chalk_brood/normal/C_001_018_20231012153632_001_001_000_000.jpg,0,normal,C_001,C_001_018,C_001_018_20231012,000,1920,1080,2073600,878021,178.84010314941406,73.00578060699588,-0.16797791280863805,-2.7279899691358054,72.96381931678921,-0.156951904296875,-2.7089996337890625,176.20942177854937,179.37411747685186,184.00799961419753,176.09521484375,179.26126098632812,183.8918914794922,161.0,2062873.5,0.9948271122685185,0.4707541689455468,1.7777777777777777,1cba8570f9da310a3a381bad8ec6eaa2,8766989b33646cb3
C_001_018_20231012160316_001_001_000_000.jpg,./data/you_chalk_brood/normal/C_001_018_20231012160316_001_001_000_000.jpg,0,normal,C_001,C_001_018,C_001_018_20231012,000,1920,1080,2073600,873835,179.97274780273438,73.37526438816268,0.1186728395061607,-2.9063966049382657,73.33196303423713,0.1317596435546875,-2.88311767578125,177.65754340277778,180.2867047646605,185.4530078125,177.54037475585938,180.1690216064453,185.32644653320312,155.0,2070586.0,0.9985464891975309,0.7218906451588635,1.7777777777777777,946a75bcdeec7b4d4224ed39a7bf7c17,86999966333366cd
C_001_018_20231012161804_001_001_000_000.jpg,./data/you_chalk_brood/normal/C_001_018_20231012161804_001_001_000_000.jpg,0,normal,C_001,C_001_018,C_001_018_20231012,000,1920,1080,2073600,875517,180.98471069335938,73.93510064905591,-0.8223813657407391,-4.049519193672836,73.88796937231923,-0.8450927734375,-4.01580810546875,176.00240210262345,182.47462625385802,188.6801027199074,175.8732147216797,182.34414672851562,188.5435028076172,176.0,1590087.5,0.7668246045524691,0.06466159016579538,1.538888888888889,f8c2b7aa7fdfc447c3a06685301ef1ec,869b996433996c9e
C_001_018_20231012162240_001_001_000_000.jpg,./data/you_chalk_brood/normal/C_001_018_20231012162240_001_001_000_000.jpg,0,normal,C_001,C_001_018,C_001_018_20231012,000,1920,1080,2073600,813548,179.57958984375,73.26965947258533,-0.12814525462962933,-2.941750096450619,73.22955561619179,-0.1140899658203125,-2.9222869873046875,176.89708719135803,180.05481674382716,185.086936246142,176.78981018066406,179.9464874267578,184.97586059570312,175.0,1568425.0,0.7563777970679012,0.05858796636198955,1.5324074074074074,110cfc559bbde58d0f6cf1842fc662d0,87c69861679a996d
C_001_018_20231012164100_001_001_000_000.jpg,./data/you_chalk_brood/normal/C_001_018_20231012164100_001_001_000_000.jpg,0,normal,C_001,C_001_018,C_001_018_20231012,000,1920,1080,2073600,955831,179.06263732910156,73.17988531832486,-0.32909529320987474,-4.229915605709877,73.13595640893077,-0.3629913330078125,-4.208953857421875,174.59141637731483,180.18340760030864,187.08971016589507,174.47113037109375,180.06517028808594,186.9701690673828,159.0,2069618.5,0.9980799093364198,0.6109001075603525,1.7777777777777777,86b0bd681e738d9b58b9d6b4b350d0d2,c46c9b93266d4d36
C_001_018_20231012164852_001_001_000_000.jpg,./data/you_chalk_brood/normal/C_001_018_20231012164852_001_001_000_000.jpg,0,normal,C_001,C_001_018,C_001_018_20231012,000,1920,1080,2073600,859198,178.24481201171875,72.93170483085208,-1.4152165316358065,-3.834273244598762,72.89502910539215,-1.4131927490234375,-3.7987060546875,172.7548476080247,179.96508101851853,185.44821855709876,172.64837646484375,179.85853576660156,185.3409423828125,174.0,1551610.0,0.748268711419753,0.06353414530532166,1.5046296296296295,aeb121a02aabf5b98aede2dbb000494f,869b996433b364ce
C_001_019_20230909155531_001_001_000_000.jpg,./data/you_chalk_brood/normal/C_001_019_20230909155531_001_001_000_000.jpg,0,normal,C_001,C_001_019,C_001_019_20230909,000,1920,1080,2073600,866321,180.77023315429688,73.69426497064875,-0.48274787808641406,-2.8614453124999955,73.65117690142463,-0.4494781494140625,-2.8511505126953125,177.69052276234567,181.36691840277777,186.18551601080247,177.57110595703125,181.24710083007812,186.0647430419922,176.0,1577765.0,0.7608820408950617,0.052861042320873686,1.5314814814814814,7f1d00fea9f4cef79c046c9cba644bb9,91cc4e31cd73cc33
C_001_019_20231013104650_001_001_000_000.jpg,./data/you_chalk_brood/normal/C_001_019_20231013104650_001_001_000_000.jpg,0,normal,C_001,C_001_019,C_001_019_20231013,000,1920,1080,2073600,719728,179.07054138183594,73.0886188271605,-0.32534963348764734,-3.0159442515432033,73.04789225260417,-0.306396484375,-3.00189208984375,176.0433733603395,179.66830825617285,184.71836033950618,175.93533325195312,179.55892944335938,184.61013793945312,175.0,1508572.5,0.727513744212963,0.06357046348342935,1.4722222222222223,00e478190f17d97e6d6140bcbb690f58,9399ccc633999966
C_001_019_20231013104752_001_001_000_000.jpg,./data/you_chalk_brood/normal/C_001_019_20231013104752_001_001_000_000.jpg,0,normal,C_001,C_001_019,C_001_019_20231013,000,1920,1080,2073600,753583,179.2801971435547,73.1534767610748,0.1302155671296248,-3.2974117476851887,73.10785630170037,0.1316680908203125,-3.285552978515625,176.58491608796297,179.6828940007716,185.46861593364198,176.4624786376953,179.55865478515625,185.34510803222656,158.0,2069994.5,0.9982612364969136,0.6682703436433769,1.7777777777777777,330460a1e093171d2fc2775a36ca5bd5,86649999327667cd
C_001_019_20231013112220_001_001_000_000.jpg,./data/you_chalk_brood/normal/C_001_019_20231013112220_001_001_000_000.jpg,0,normal,C_001,C_001_019,C_001_019_20231013,000,1920,1080,2073600,858990,178.32257080078125,72.80560170055676,-0.48578848379629846,-3.064632040895063,72.76431214575673,-0.457305908203125,-3.052581787109375,175.01455150462962,178.9880222800926,184.12848186728394,174.89669799804688,178.87176513671875,184.00819396972656,157.0,2070329.0,0.998422550154321,0.6892871848511261,1.7777777777777777,83c0061b2dae321f2b480d8a935e3210,86e699994ccc3373
C_001_019_20231013113554_001_001_000_000.jpg,./data/you_chalk_brood/normal/C_001_019_20231013113554_001_001_000_000.jpg,0,normal,C_001,C_001_019,C_001_019_20231013,000,1920,1080,2073600,831167,179.8060302734375,73.36867075919875,-0.27908034336419973,-2.5341126543209924,73.32706825405944,-0.26556396484375,-2.506561279296875,177.25768904320987,180.37964795524692,184.58530671296296,177.14364624023438,180.26824951171875,184.46363830566406,160.0,2066334.0,0.9964959490740741,0.5234951306325003,1.7777777777777777,72408ff12257c037e818b5779592cc72,93c9cc7666b1338c
C_001_019_20231013114920_001_001_000_000.jpg,./data/you_chalk_brood/normal/C_001_019_20231013114920_001_001_000_000.jpg,0,normal,C_001,C_001_019,C_001_019_20231013,000,1920,1080,2073600,835085,179.95547485351562,73.39876826888162,-0.060551697530868864,-3.074227912808638,73.35895014744179,-0.05181884765625,-3.0618133544921875,177.18711902006171,180.39724006558643,185.73629099151233,177.07847595214844,180.288818359375,185.62562561035156,175.0,1556374.5,0.75056640625,0.06965832432399766,1.5185185185185186,4bb0dbacfcccfe9a3cd7fa4cde95e774,86c6999b67649a93
C_001_019_20231013132952_001_001_000_000.jpg,./data/you_chalk_brood/normal/C_001_019_20231013132952_001_001_000_000.jpg,0,normal,C_001,C_001_019,C_001_019_20231013,000,1920,1080,2073600,845466,179.35638427734375,73.18060056584363,-0.04255835262345897,-3.188442322530861,73.13569910386029,-0.0311126708984375,-3.17327880859375,176.5653665123457,179.80320023148147,185.34368537808643,176.44683837890625,179.68202209472656,185.21920776367188,175.0,1540817.0,0.7430637538580247,0.06020937732993189,1.5185185185185186,2b26e5c87a2451714d90d056685cac02,86e4999b336c64b6
C_001_019_20231013134852_001_001_000_000.jpg,./data/you_chalk_brood/normal/C_001_019_20231013134852_001_001_000_000.jpg,0,normal,C_001,C_001_019,C_001_019_20231013,000,1920,1080,2073600,821182,179.33016967773438,73.19535013465263,-0.1860884452160434,-2.87293016975309,73.14915077359069,-0.1693267822265625,-2.8476715087890625,176.7143397955247,179.8475462962963,184.68456597222223,176.59339904785156,179.7269744873047,184.56146240234375,175.0,1536257.0,0.7408646797839507,0.0621208019770262,1.488888888888889,e5b13dab98c846a589f64c4ae6c7923d,8699cd66339bcc31
C_001_019_20231013135444_001_001_000_000.jpg,./data/you_chalk_brood/normal/C_001_019_20231013135444_001_001_000_000.jpg,0,normal,C_001,C_001_019,C_001_019_20231013,000,1920,1080,2073600,742161,178.76486206054688,72.96055226488744,-0.2055854552469185,-2.9874551504629636,72.91857551125919,-0.190704345703125,-2.978668212890625,175.85123360339506,179.27177613811727,184.4403515625,175.73782348632812,179.15647888183594,184.3192596435547,160.0,2066449.5,0.9965516493055555,0.5351024572144537,1.7777777777777777,b2c7227025c4642ffbdf84e942ec9d32,93d8cce637313199
C_001_019_20231013141058_001_001_000_000.jpg,./data/you_chalk_brood/normal/C_001_019_20231013141058_001_001_000_000.jpg,0,normal,C_001,C_001_019,C_001_019_20231013,000,1920,1080,2073600,853639,178.56219482421875,72.93632235687485,-0.7821956983024734,-2.8237225115740756,72.89368274165135,-0.7504119873046875,-2.799591064453125,175.06594569830247,179.46212336033952,183.87749469521606,174.94268798828125,179.3426971435547,183.74961853027344,160.0,2064440.0,0.9955825617283951,0.5023671583556232,1.7777777777777777,aa31f5b418381d5c4392f934d803c934,93e6cc993166c699
C_001_019_20231013142750_001_001_000_000.jpg,./data/you_chalk_brood/normal/C_001_019_20231013142750_001_001_000_000.jpg,0,normal,C_001,C_001_019,C_001_019_20231013,000,1920,1080,2073600,588426,180.392578125,73.53954891370128,0.03749662422839606,-3.176202739197535,73.50591322954963,0.046661376953125,-3.1692047119140625,177.6663064236111,180.74576871141974,186.3399035493827,177.57350158691406,180.6523895263672,186.24520874023438,161.0,2069414.5,0.9979815297067901,0.6462269563321978,1.7777777777777777,fa5b39cef8b5ac9041d709ae3e89f60c,9363cc9933cccc33
C_001_019_20231013142908_001_001_000_000.jpg,./data/you_chalk_brood/normal/C_001_019_20231013142908_001_001_000_000.jpg,0,normal,C_001,C_001_019,C_001_019_20231013,000,1920,1080,2073600,856449,179.03329467773438,73.1583997140523,-1.1526403356481438,-3.2457913773148164,73.11777750651042,-1.1315155029296875,-3.223846435546875,174.478493441358,180.37157021604938,185.20009452160494,174.35899353027344,180.25511169433594,185.08050537109375,160.0,2067566.5,0.9970903260030864,0.5826890497075228,1.7777777777777777,97adbf047b20ddc15fd4a0a141b48335,86e699cd19996693
C_001_019_20231013144757_001_001_000_000.jpg,./data/you_chalk_brood/normal/C_001_019_20231013144757_001_001_000_000.jpg,0,normal,C_001,C_001_019,C_001_019_20231013,000,1920,1080,2073600,954426,179.08497619628906,73.10866561516583,-0.155648630401231,-2.530692997685179,73.05754418466606,-0.1401214599609375,-2.511322021484375,176.70746334876543,179.60794126157407,183.89464988425925,176.5701446533203,179.47225952148438,183.76329040527344,159.0,2069009.5,0.9977862172067902,0.5853486598506852,1.7777777777777777,ba4731dd95fdef7e3965adea6c83bf16,86cc99334cdc336e
C_001_019_20231013145309_001_001_000_000.jpg,./data/you_chalk_brood/normal/C_001_019_20231013145309_001_001_000_000.jpg,0,normal,C_001,C_001_019,C_001_019_20231013,000,1920,1080,2073600,574469,178.69679260253906,72.91158485384895,-0.002608989197526057,-2.835282600308645,72.88057215073529,0.007537841796875,-2.83306884765625,176.14310667438272,179.0355073302469,184.0731283757716,176.05873107910156,178.94790649414062,183.98800659179688,159.0,2069256.0,0.9979050925925926,0.6692234004631096,1.7777777777777777,9482c06762a67da00909810a25ced587,86e69899336666b9
C_001_019_20231013145841_001_001_000_000.jpg,./data/you_chalk_brood/normal/C_001_019_20231013145841_001_001_000_000.jpg,0,normal,C_001,C_001_019,C_001_019_20231013,000,1920,1080,2073600,846675,179.74925231933594,73.35834884107965,-0.5374011381172892,-3.0771489197530855,73.31277884689032,-0.5041046142578125,-3.0538787841796875,176.46685281635803,180.48341531635802,185.46921296296296,176.33966064453125,180.355712890625,185.3387908935547,175.0,1543220.0,0.7442226080246913,0.06689571054155687,1.5027777777777778,ee47e453e1b107fbe22e79b8f86c9fb8,86e699992666ce33
C_001_019_20231013152347_001_001_000_000.jpg,./data/you_chalk_brood/normal/C_001_019_20231013152347_001_001_000_000.jpg,0,normal,C_001,C_001_019,C_001_019_20231013,000,1920,1080,2073600,719905,180.23426818847656,73.49334093591139,-0.01555989583333428,-2.8634056712962916,73.45804251876532,-0.0103912353515625,-2.851776123046875,177.63327546296296,180.64711130401236,185.65766348379628,177.5323028564453,180.5497283935547,185.55516052246094,161.0,2068926.0,0.9977459490740741,0.6403716036121065,1.7777777777777777,d768cee7a61c65b2640aa411c23eb49d,86b399cc66939b64
C_001_019_20231013160357_001_001_000_000.jpg,./data/you_chalk_brood/normal/C_001_019_20231013160357_001_001_000_000.jpg,0,normal,C_001,C_001_019,C_001_019_20231013,000,1920,1080,2073600,740663,180.0682373046875,73.43839358660132,-0.10745370370369756,-2.817632137345683,73.40108834060968,-0.0972137451171875,-2.8039398193359375,177.4054335455247,180.52368778935184,185.4145317322531,177.30198669433594,180.42123413085938,185.30699157714844,161.0,2069609.5,0.9980755690586419,0.6493903418771707,1.7777777777777777,f05df9c3c27a2d675aa302dd88029176,c49b986c67939a6c
C_001_019_20231013161221_001_001_000_000.jpg,./data/you_chalk_brood/normal/C_001_019_20231013161221_001_001_000_000.jpg,0,normal,C_001,C_001_019,C_001_019_20231013,000,1920,1080,2073600,728659,180.16217041015625,73.49894433853788,-0.1735281635802437,-2.7376007908950584,73.45999325022979,-0.1609649658203125,-2.712646484375,177.6153727816358,180.66096884645063,185.2679716435185,177.5118408203125,180.55694580078125,185.15916442871094,175.0,1612593.5,0.7776781925154321,0.07745749406962799,1.5555555555555556,3fc272d8ca6b1121c818fca65bec1d3e,96ce893333cc6633
C_001_019_20231013163521_001_001_000_000.jpg,./data/you_chalk_brood/normal/C_001_019_20231013163521_001_001_000_000.jpg,0,normal,C_001,C_001_019,C_001_019_20231013,000,1920,1080,2073600,872203,179.71548461914062,73.30525674776084,-0.0637991898148158,-3.0397458526234544,73.26631433823529,-0.0513458251953125,-3.024169921875,176.96328993055556,180.1526456404321,185.44674093364196,176.85406494140625,180.04542541503906,185.3331756591797,159.0,2068697.0,0.9976355131172839,0.5887396260745763,1.7777777777777777,6e474ae74dcc8a21dbbc06debc474443,86e6999966669ac9
C_001_019_20231013164317_001_001_000_000.jpg,./data/you_chalk_brood/normal/C_001_019_20231013164317_001_001_000_000.jpg,0,normal,C_001,C_001_019,C_001_019_20231013,000,1920,1080,2073600,788541,178.49864196777344,72.86354734023239,0.02692949459876104,-3.197019193672844,72.82120050168506,0.0327301025390625,-3.184814453125,175.76162374614196,178.90909915123456,184.49830102237655,175.6486358642578,178.79481506347656,184.3790283203125,175.0,1498527.0,0.7226692708333333,0.06729725975307946,1.4824074074074074,4f4b18a345cc7307e934e57799340b23,93b1ccce66393931
C_002_001_20230909110033_001_001_000_000.jpg,./data/you_chalk_brood/normal/C_002_001_20230909110033_001_001_000_000.jpg,0,normal,C_002,C_002_001,C_002_001_20230909,000,1920,1080,2073600,734053,181.5814666748047,74.0563356708424,-0.6577416087963002,-2.8798533950617298,74.01467715992646,-0.6278076171875,-2.852142333984375,178.54591001157408,182.38209683641975,186.84086902006172,178.4326629638672,182.270751953125,186.72723388671875,178.0,1434900.0,0.6919849537037037,0.056791561257906915,1.45,35e2642cc8f07384be38f1e5f7528eae,c6d9196666993666
C_002_001_20230909112703_001_001_000_000.jpg,./data/you_chalk_brood/normal/C_002_001_20230909112703_001_001_000_000.jpg,0,normal,C_002,C_002_001,C_002_001_20230909,000,1920,1080,2073600,520516,175.18798828125,71.73431221253934,-1.0219999035493856,-3.2091912615740767,71.70077454810048,-1.0019073486328125,-3.1898040771484375,171.51892650462963,176.31374565972223,180.9417761381173,171.4304962158203,176.22174072265625,180.84959411621094,173.0,1292584.5,0.6233528645833334,0.07667360594522932,1.337962962962963,d996cc9c8d13230b620b76d37b9dbd23,c649196666d9d966
C_002_001_20231011090903_001_002_000_000.jpg,./data/you_chalk_brood/normal/C_002_001_20231011090903_001_002_000_000.jpg,0,normal,C_002,C_002_001,C_002_001_20231011,000,1920,1080,2073600,637378,180.95082092285156,73.80603118948196,-0.41715470679012867,-2.9072444058641906,73.76756855085785,-0.3959503173828125,-2.883148193359375,178.06786844135803,181.5922661072531,186.3056674382716,177.96556091308594,181.49160766601562,186.19808959960938,177.0,1481235.0,0.714330150462963,0.08206946052956768,1.4787037037037036,909b702cd440294a3faa4d8f98f4b647,d3994c6633996699
C_002_001_20231011093915_001_002_000_000.jpg,./data/you_chalk_brood/normal/C_002_001_20231011093915_001_002_000_000.jpg,0,normal,C_002,C_002_001,C_002_001_20231011,000,1920,1080,2073600,653416,180.7994384765625,73.74879134138223,-0.3846735146604914,-2.972561728395064,73.7095432655484,-0.363983154296875,-2.9459228515625,177.96541329089507,181.39852478780864,186.23309751157407,177.8614959716797,181.2951202392578,186.12408447265625,177.0,1458099.5,0.7031729841820987,0.08491950181996964,1.4351851851851851,fe8f0b7eafb15be1684f41dc584eaba2,c6d90c663399cce6
C_002_001_20231011094650_001_002_000_000.jpg,./data/you_chalk_brood/normal/C_002_001_20231011094650_001_002_000_000.jpg,0,normal,C_002,C_002_001,C_002_001_20231011,000,1920,1080,2073600,681808,177.8492431640625,72.703217857359,-1.3828722993827114,-2.828259548611115,72.66305960860907,-1.3937225341796875,-2.8031768798828125,172.74649450231482,179.27561294367283,183.0893074845679,172.63897705078125,179.1727294921875,182.9834747314453,175.0,1369183.0,0.6602927276234568,0.07400978110774087,1.375,1b65a65123d99954df5e17199c04f1e3,93b9ccc6333989c6
C_002_001_20231011102223_001_002_000_000.jpg,./data/you_chalk_brood/normal/C_002_001_20231011102223_001_002_000_000.jpg,0,normal,C_002,C_002_001,C_002_001_20231011,000,1920,1080,2073600,471089,179.34580993652344,73.1819433097313,-0.06251832561729032,-3.309864969135802,73.15245983647365,-0.05047607421875,-3.2993621826171875,176.48283130787038,179.77812403549382,185.4323828125,176.40467834472656,179.69769287109375,185.3538360595703,176.0,1453035.0,0.7007306134259259,0.11822207370423868,1.4305555555555556,442d90aea794ac8a3393a082bdb2253d,c6991c6633996673
C_002_001_20231011102307_001_002_000_000.jpg,./data/you_chalk_brood/normal/C_002_001_20231011102307_001_002_000_000.jpg,0,normal,C_002,C_002_001,C_002_001_20231011,000,1920,1080,2073600,564077,178.4163055419922,72.82749580156137,-0.4584018132716068,-3.2077498070987644,72.79470406326593,-0.423858642578125,-3.2064361572265625,175.15025993441358,178.93476755401235,184.39634837962964,175.06349182128906,178.84255981445312,184.3068084716797,175.0,1416583.5,0.6831517650462963,0.0882352512968955,1.412037037037037,e0841c1dff3c82145de85164964db2a0,93cccc3332cccd33
C_002_001_20231011110646_001_002_000_000.jpg,./data/you_chalk_brood/normal/C_002_001_20231011110646_001_002_000_000.jpg,0,normal,C_002,C_002_001,C_002_001_20231011,000,1920,1080,2073600,475398,178.43572998046875,72.80124686062697,-0.3269917052469111,-3.4757233796296276,72.7746223000919,-0.3055267333984375,-3.4757537841796875,175.1037827932099,178.830055941358,184.88846691743828,175.02915954589844,178.7527313232422,184.81407165527344,175.0,1417304.5,0.6834994695216049,0.13012426792484047,1.4157407407407407,8aec0366fa2623e92c5ade30ec69f1d1,d399cc6633c9cc32
C_002_001_20231011112308_001_002_000_000.jpg,./data/you_chalk_brood/normal/C_002_001_20231011112308_001_002_000_000.jpg,0,normal,C_002,C_002_001,C_002_001_20231011,000,1920,1080,2073600,364213,180.3004150390625,73.47433921871217,-0.22857880015432386,-3.555280671296302,73.45241172640931,-0.2163238525390625,-3.554351806640625,177.05914496527777,180.60738184799382,186.8499363425926,176.99652099609375,180.54452514648438,186.78933715820312,177.0,1424479.5,0.6869596354166667,0.16685477334728943,1.386111111111111,69672998af3334c5f831026c0e1351cc,c6c9192663cc7573
C_002_001_20231011130834_001_002_000_000.jpg,./data/you_chalk_brood/normal/C_002_001_20231011130834_001_002_000_000.jpg,0,normal,C_002,C_002_001,C_002_001_20231011,000,1920,1080,2073600,650908,177.83154296875,72.61011766975308,-0.3411058063271639,-3.338095582561735,72.57317038143383,-0.3128662109375,-3.33453369140625,174.59764130015432,178.32880497685184,184.06764756944443,174.4945068359375,178.22669982910156,183.96017456054688,175.0,1387498.0,0.6691251929012346,0.09375042245420356,1.3824074074074073,09562035f9efb846b85c90edbcaaf84c,93cccc3332ccd933
C_002_001_20231011131133_001_002_000_000.jpg,./data/you_chalk_brood/normal/C_002_001_20231011131133_001_002_000_000.jpg,0,normal,C_002,C_002_001,C_002_001_20231011,000,1920,1080,2073600,618897,177.7210235595703,72.58942901234568,-0.4265301890432056,-3.373111014660495,72.55515902650123,-0.3959197998046875,-3.358367919921875,174.52160542052468,178.30832127700617,183.91338927469135,174.42652893066406,178.21527099609375,183.81297302246094,175.0,1381190.0,0.6660831404320988,0.08655854053781967,1.3731481481481482,745855586437741a9d92b4a2776adda6,d3cc8c3333cccc33
C_002_001_20231011132119_001_002_000_000.jpg,./data/you_chalk_brood/normal/C_002_001_20231011132119_001_002_000_000.jpg,0,normal,C_002,C_002_001,C_002_001_20231011,000,1920,1080,2073600,642793,179.0926513671875,73.14648163277656,-1.079184992283956,-3.1461029128086437,73.1100523705576,-1.0599822998046875,-3.123443603515625,174.84468942901233,180.21987027391975,184.85175154320987,174.7436981201172,180.12042236328125,184.74832153320312,176.0,1413893.0,0.6818542631172839,0.10298020684835746,1.4185185185185185,1a314251c1d7230e8df1e7b86edb04f0,c6d9192666cc9b99
C_002_001_20231011132512_001_002_000_000.jpg,./data/you_chalk_brood/normal/C_002_001_20231011132512_001_002_000_000.jpg,0,normal,C_002,C_002_001,C_002_001_20231011,000,1920,1080,2073600,665247,178.45101928710938,72.84509387860082,-0.36879147376542676,-3.4967341820987627,72.80751546223958,-0.333465576171875,-3.48956298828125,175.150859375,178.97880160108025,184.91505931712962,175.046142578125,178.8746337890625,184.8109588623047,175.0,1396939.5,0.6736783854166667,0.08692077297910268,1.4027777777777777,6cd8e3525ed4b07ad46b91bc9604c130,9399ccc63339ccc6
C_002_001_20231011132754_001_002_000_000.jpg,./data/you_chalk_brood/normal/C_002_001_20231011132754_001_002_000_000.jpg,0,normal,C_002,C_002_001,C_002_001_20231011,000,1920,1080,2073600,723164,178.88006591796875,73.21759637496974,-1.4363840663580305,-4.347801890432095,73.17911783854167,-1.455657958984375,-4.3084869384765625,172.8278660300926,180.85763985339506,187.0128621720679,172.716552734375,180.74790954589844,186.8975372314453,176.0,1380833.5,0.6659112172067901,0.08303083064850322,1.3898148148148148,22761ac46a313e85f5b70ca3e1de7f4d,93cccc3133cecd31
C_002_001_20231011135715_001_002_000_000.jpg,./data/you_chalk_brood/normal/C_002_001_20231011135715_001_002_000_000.jpg,0,normal,C_002,C_002_001,C_002_001_20231011,000,1920,1080,2073600,741941,178.9675750732422,73.08334033073105,-0.6673128858024739,-3.0801157407407374,73.04289574716606,-0.6248626708984375,-3.0589599609375,175.70184268904322,179.75340615354938,184.6320129243827,175.59384155273438,179.64366149902344,184.5178985595703,176.0,1415565.5,0.682660831404321,0.07347422496518413,1.3981481481481481,2ca111f23a0344aab2c85dbcdda791a9,c69999663399cc66
C_002_001_20231011142308_001_002_000_000.jpg,./data/you_chalk_brood/normal/C_002_001_20231011142308_001_002_000_000.jpg,0,normal,C_002,C_002_001,C_002_001_20231011,000,1920,1080,2073600,720830,178.3799591064453,72.83137803346646,-0.40508680555555543,-3.3382291666666646,72.79407576018689,-0.37054443359375,-3.324066162109375,175.14223283179012,178.96951195987654,184.55708863811728,175.0380401611328,178.8658905029297,184.4471435546875,175.0,1395768.5,0.6731136670524691,0.06511809844464314,1.3925925925925926,2de64b97a0c21bf92a927484826df7f1,93b1cccc3333cccc
C_002_001_20231011150909_001_002_000_000.jpg,./data/you_chalk_brood/normal/C_002_001_20231011150909_001_002_000_000.jpg,0,normal,C_002,C_002_001,C_002_001_20231011,000,1920,1080,2073600,627625,180.68800354003906,73.63445442992013,-0.283357928240747,-3.5453298611111137,73.6002903358609,-0.25262451171875,-3.54437255859375,177.40264660493827,181.09126687885802,187.26854986496915,177.30470275878906,180.99212646484375,187.17129516601562,177.0,1459090.5,0.7036508969907408,0.08464397143897993,1.4194444444444445,afe41ead74868fe196af898dfb3ad3f2,93c9cc66339989e6
C_002_001_20231011152913_001_002_000_000.jpg,./data/you_chalk_brood/normal/C_002_001_20231011152913_001_002_000_000.jpg,0,normal,C_002,C_002_001,C_002_001_20231011,000,1920,1080,2073600,711091,178.96697998046875,73.05500068082789,-0.33910976080247224,-3.441083622685184,73.01625569661458,-0.307098388671875,-3.422271728515625,175.828543595679,179.53863088348766,185.2666329089506,175.72349548339844,179.43386840820312,185.1573486328125,176.0,1412800.5,0.6813274016203704,0.07490536154769752,1.4074074074074074,b899b87d28a9f4ba0890d3e0350fcb22,93cd4c3233cdcc36
C_002_001_20231011153645_001_002_000_000.jpg,./data/you_chalk_brood/normal/C_002_001_20231011153645_001_002_000_000.jpg,0,normal,C_002,C_002_001,C_002_001_20231011,000,1920,1080,2073600,681013,181.2610626220703,73.88929587267005,-0.17702883873457154,-3.282175443672841,73.84775199142157,-0.158935546875,-3.263702392578125,178.31181616512345,181.7691478587963,187.3496802662037,178.20045471191406,181.65875244140625,187.23226928710938,177.0,1504578.0,0.7255873842592593,0.0731144572127158,1.487037037037037,eea16a83ece70605c6523c38242fd26f,93d9cc663319ccc6
C_002_001_20231011163944_001_002_000_000.jpg,./data/you_chalk_brood/normal/C_002_001_20231011163944_001_002_000_000.jpg,0,normal,C_002,C_002_001,C_002_001_20231011,000,1920,1080,2073600,698210,177.69845581054688,72.587783867405,-0.5091907793209884,-3.1757687114197495,72.55119174134498,-0.4739837646484375,-3.1610107421875,174.46911410108024,178.35524980709877,183.57777584876544,174.36920166015625,178.25521850585938,183.4717559814453,175.0,1357028.0,0.6544309413580247,0.06556135899254792,1.3657407407407407,1a19c3eae25ff5ab1cc596c79c239fc1,9333cccc3333cccc
C_002_002_20230909154257_001_001_000_000.jpg,./data/you_chalk_brood/normal/C_002_002_20230909154257_001_001_000_000.jpg,0,normal,C_002,C_002_002,C_002_002_20230909,000,1920,1080,2073600,782353,178.06930541992188,72.80661689058338,-1.6268658371913602,-2.6620220871913602,72.76831533394608,-1.6511993408203125,-2.637420654296875,172.56903935185184,179.7237292631173,183.06406780478395,172.47154235839844,179.62478637695312,182.9662628173828,175.0,1375335.0,0.6632595486111111,0.07330108709887904,1.4175925925925925,39308b13717c03136c12f2a87e1030a1,c676199966b36c64
C_002_002_20231012092226_001_002_000_000.jpg,./data/you_chalk_brood/normal/C_002_002_20231012092226_001_002_000_000.jpg,0,normal,C_002,C_002_002,C_002_002_20231012,000,1920,1080,2073600,751801,178.88088989257812,73.02611825980392,-0.5897820216049325,-3.304243827160491,72.98693488625919,-0.545013427734375,-3.291229248046875,175.48526523919753,179.57082706404321,184.99721788194444,175.37107849121094,179.4595947265625,184.88099670410156,176.0,1409023.5,0.6795059317129629,0.0692284088700713,1.3962962962962964,27c294cf31f70f54269feff910531c39,c6db196433996666
C_002_002_20231012093047_001_002_000_000.jpg,./data/you_chalk_brood/normal/C_002_002_20231012093047_001_002_000_000.jpg,0,normal,C_002,C_002_002,C_002_002_20231012,000,1920,1080,2073600,746192,178.2088165283203,72.7401777339022,-0.4049652777777766,-3.6089660493827154,72.70068598728554,-0.36517333984375,-3.6074676513671875,174.71776138117283,178.7032098765432,184.93681520061727,174.60130310058594,178.58868408203125,184.8151397705078,175.0,1375854.0,0.6635098379629629,0.05786834495771526,1.3972222222222221,88028619206fafdbc2f0f60012fd43c5,d3d90c6633996666
C_002_002_20231012095434_001_002_000_000.jpg,./data/you_chalk_brood/normal/C_002_002_20231012095434_001_002_000_000.jpg,0,normal,C_002,C_002_002,C_002_002_20231012,000,1920,1080,2073600,662129,180.0265655517578,73.42946358327282,-0.5704200424382719,-3.3735161072530815,73.39302810968137,-0.5289154052734375,-3.36029052734375,176.63879340277776,180.69292148919754,186.23677469135802,176.53750610351562,180.58859252929688,186.13145446777344,155.0,2070577.0,0.9985421489197531,0.7193385686625692,1.7777777777777777,a1867f3a856b64387b5c8304842f08cf,c6e2999966669999
C_002_002_20231012111907_001_002_000_000.jpg,./data/you_chalk_brood/normal/C_002_002_20231012111907_001_002_000_000.jpg,0,normal,C_002,C_002_002,C_002_002_20231012,000,1920,1080,2073600,729010,178.01548767089844,72.82504274086178,-1.8250612461419706,-3.300543016975311,72.78484269684436,-1.8240966796875,-3.2654571533203125,172.1700819830247,179.876484375,184.17543885030864,172.05459594726562,179.76351928710938,184.05455017089844,175.0,1359821.0,0.6557778742283951,0.0717417763976022,1.3537037037037036,2c8e636ca893f65467eecc47d635d00d,c699996667998c66
C_002_002_20231012133834_001_002_000_000.jpg,./data/you_chalk_brood/normal/C_002_002_20231012133834_001_002_000_000.jpg,0,normal,C_002,C_002_002,C_002_002_20231012,000,1920,1080,2073600,720320,178.59596252441406,72.88151627935125,-0.45212625385802596,-3.6937803819444497,72.8433287377451,-0.410247802734375,-3.6902008056640625,175.02729214891974,179.11306086033952,185.4355960648148,174.9188995361328,179.00450134277344,185.32308959960938,176.0,1379329.0,0.6651856674382716,0.08053650455228492,1.3685185185185185,471ad8a99b669ed507e6b1c5c36e6f81,d699196666999966
C_002_002_20231012142600_001_002_000_000.jpg,./data/you_chalk_brood/normal/C_002_002_20231012142600_001_002_000_000.jpg,0,normal,C_002,C_002_002,C_002_002_20231012,000,1920,1080,2073600,615795,178.06085205078125,72.72278768760592,-0.5588093171296293,-3.285954861111108,72.68765318627452,-0.524993896484375,-3.273895263671875,174.73693672839505,178.72983940972222,184.102371720679,174.6406707763672,178.63072204589844,184.00282287597656,175.0,1357883.0,0.6548432677469136,0.08050997414439044,1.3592592592592592,afa056106f112bbc82ebba74720dfd27,93994c6633993337
C_002_002_20231012143034_001_002_000_000.jpg,./data/you_chalk_brood/normal/C_002_002_20231012143034_001_002_000_000.jpg,0,normal,C_002,C_002_002,C_002_002_20231012,000,1920,1080,2073600,654010,178.98114013671875,73.08179560790366,-0.47226466049382054,-3.054076003086422,73.04417628867954,-0.444061279296875,-3.03143310546875,176.00531828703703,179.63271026234568,184.54072337962964,175.9044647216797,179.53273010253906,184.43972778320312,176.0,1403472.0,0.6768287037037037,0.10128368307726611,1.4055555555555554,b88a417e61645be413c5f542ee143079,93d94c663399cc66
C_002_002_20231012143424_001_002_000_000.jpg,./data/you_chalk_brood/normal/C_002_002_20231012143424_001_002_000_000.jpg,0,normal,C_002,C_002_002,C_002_002_20231012,000,1920,1080,2073600,648040,178.0484619140625,72.68626297355362,-0.24200810185185162,-3.5307908950617275,72.65100815716912,-0.213348388671875,-3.5234375,174.89563512731482,178.50014805169752,184.54296971450617,174.7982177734375,178.4023895263672,184.44363403320312,175.0,1357381.0,0.6546011766975308,0.07728315733626762,1.3555555555555556,470a5a46e1aaf4aa688424f3576fb4a1,93cd4c3331ccc673
C_002_002_20231012154244_001_002_000_000.jpg,./data/you_chalk_brood/normal/C_002_002_20231012154244_001_002_000_000.jpg,0,normal,C_002,C_002_002,C_002_002_20231012,000,1920,1080,2073600,723949,179.5498504638672,73.23655308188091,-0.43540653935184537,-3.588205536265434,73.19612390854779,-0.393402099609375,-3.5845794677734375,176.11327160493826,180.05630787037038,186.20416329089505,175.99888610839844,179.9394073486328,186.0859375,176.0,1460660.5,0.7044080343364197,0.07019936607049025,1.4861111111111112,726bc63322c6365cbad01de39fa3a235,96d94c261bcc7333
C_002_002_20231012161523_001_002_000_000.jpg,./data/you_chalk_brood/normal/C_002_002_20231012161523_001_002_000_000.jpg,0,normal,C_002,C_002_002,C_002_002_20231012,000,1920,1080,2073600,678654,179.06912231445312,73.04706317326313,-0.24759452160493822,-3.681721161265429,73.01076851639093,-0.2171173095703125,-3.6775970458984375,175.7723186728395,179.46858555169754,185.87474585262345,175.6688995361328,179.36524963378906,185.7670135498047,176.0,1417742.5,0.6837106963734568,0.08176558749023298,1.4064814814814814,043258677332a0cb083602c336422bcf,93cc4c3366cd3366
C_002_002_20231012161738_001_002_000_000.jpg,./data/you_chalk_brood/normal/C_002_002_20231012161738_001_002_000_000.jpg,0,normal,C_002,C_002_002,C_002_002_20231012,000,1920,1080,2073600,645570,178.7689971923828,72.98369663065843,-0.44162133487654387,-3.1485112847222183,72.95179180070465,-0.411102294921875,-3.1347503662109375,175.68703221450616,179.37368730709878,184.5345452353395,175.60281372070312,179.28636169433594,184.44944763183594,176.0,1413689.5,0.6817561246141975,0.08499276561257421,1.4268518518518518,192334f75c0c04fa6875da51f40dd2e4,93cc4c3367cc1967
C_002_002_20231012161941_001_002_000_000.jpg,./data/you_chalk_brood/normal/C_002_002_20231012161941_001_002_000_000.jpg,0,normal,C_002,C_002_002,C_002_002_20231012,000,1920,1080,2073600,681919,180.85963439941406,73.7050152429799,-0.3064158950617326,-3.60711805555556,73.66844626034008,-0.2719268798828125,-3.600341796875,177.55660493827162,181.2836149691358,187.52809799382717,177.45140075683594,181.1797637939453,187.41949462890625,178.0,1404502.0,0.677325424382716,0.07737420116381599,1.4046296296296297,e089d3320966f775ff3becd78bc22ef7,97994c6699cc6699
C_002_003_20231013081500_001_002_000_000.jpg,./data/you_chalk_brood/normal/C_002_003_20231013081500_001_002_000_000.jpg,0,normal,C_002,C_002_003,C_002_003_20231013,000,1920,1080,2073600,702899,179.98306274414062,73.42184284979425,-0.45266782407406936,-3.1885513117283892,73.38767855775123,-0.4184112548828125,-3.1738739013671875,176.80148678626543,180.59242428626544,185.87768422067901,176.70335388183594,180.4964599609375,185.7773895263672,176.0,1463618.5,0.7058345389660494,0.10025074357592274,1.4333333333333333,f69bd4c42953798a314043c5ecdbdfcf,c6d999646693996c
C_002_003_20231013103401_001_002_000_000.jpg,./data/you_chalk_brood/normal/C_002_003_20231013103401_001_002_000_000.jpg,0,normal,C_002,C_002_003,C_002_003_20231013,000,1920,1080,2073600,587878,177.7991180419922,72.59791477547809,-0.40855468750000057,-3.3675448495370404,72.56654627182904,-0.3759613037109375,-3.3620758056640625,174.5409129050926,178.30471788194444,184.01845244984568,174.45245361328125,178.21556091308594,183.92507934570312,175.0,1347059.0,0.6496233603395062,0.07971197812008825,1.3537037037037036,a3206622698afcd11f82f09f100d43b5,d3cc193366cc9966
C_002_003_20231013110701_001_002_000_000.jpg,./data/you_chalk_brood/normal/C_002_003_20231013110701_001_002_000_000.jpg,0,normal,C_002,C_002_003,C_002_003_20231013,000,1920,1080,2073600,687946,180.21652221679688,73.50691475278383,-0.31442563657407163,-3.2237167245370415,73.46582150926777,-0.2866363525390625,-3.2054901123046875,177.20776765046296,180.75923466435185,186.17718701774692,177.09552001953125,180.6488494873047,186.05697631835938,177.0,1424818.0,0.6871228780864198,0.07838957244438034,1.401851851851852,703ddf50110fd067be70220d09931ffa,93b30dcc66333366
C_002_003_20231013112430_001_002_000_000.jpg,./data/you_chalk_brood/normal/C_002_003_20231013112430_001_002_000_000.jpg,0,normal,C_002,C_002_003,C_002_003_20231013,000,1920,1080,2073600,661441,177.6389923095703,72.5554150402445,-0.5216165123456733,-3.2139067322530934,72.51929788028492,-0.485992431640625,-3.205047607421875,174.3626996527778,178.24682050540125,183.60433979552468,174.25987243652344,178.14572143554688,183.4941864013672,175.0,1356391.5,0.6541239872685185,0.06567515039295514,1.35,18588752f4a2b79c7c204d1c74aa0df2,93cccc3337cc1933
C_002_003_20231013132759_001_002_000_000.jpg,./data/you_chalk_brood/normal/C_002_003_20231013132759_001_002_000_000.jpg,0,normal,C_002,C_002_003,C_002_003_20231013,000,1920,1080,2073600,635147,177.78378295898438,72.75146756233359,-1.871650752314821,-3.825342399691351,72.71855971392463,-1.8629608154296875,-3.799072265625,171.6751740933642,179.69127941743827,184.8244955632716,171.5757598876953,179.59567260742188,184.7240753173828,175.0,1355094.0,0.6534982638888889,0.09264878352949972,1.3731481481481482,07bb14a40d58b13fd0ad3eedec054f50,968d0d6233cd9c76
C_002_003_20231013145014_001_002_000_000.jpg,./data/you_chalk_brood/normal/C_002_003_20231013145014_001_002_000_000.jpg,0,normal,C_002,C_002_003,C_002_003_20231013,000,1920,1080,2073600,685656,177.88983154296875,72.63714483478577,-0.41827064043209816,-3.435646219135805,72.59763231464461,-0.3795318603515625,-3.430023193359375,174.56820408950617,178.42682243441357,184.2605150462963,174.45741271972656,178.31637573242188,184.14822387695312,175.0,1357087.0,0.6544593942901235,0.06366984272454758,1.3722222222222222,2672dfa765f300b108f85912f3e0eba0,93d94c663399cc66
C_002_003_20231013163343_001_002_000_000.jpg,./data/you_chalk_brood/normal/C_002_003_20231013163343_001_002_000_000.jpg,0,normal,C_002,C_002_003,C_002_003_20231013,000,1920,1080,2073600,506434,178.11729431152344,72.69343454974583,-0.42361979166666686,-3.5693344907407436,72.66332888135723,-0.3949737548828125,-3.5693359375,174.60845437885803,178.57282262731482,184.72757571373458,174.52676391601562,178.48484802246094,184.6422119140625,175.0,1383507.0,0.6672005208333334,0.10214413261095731,1.3916666666666666,294aeac8bbfba74d7c52fed2b0130c52,93c94c6633d9ce1c
C_002_004_20230821191947_001_001_000_000.jpg,./data/you_chalk_brood/normal/C_002_004_20230821191947_001_001_000_000.jpg,0,normal,C_002,C_002_004,C_002_004_20230821,000,1920,1080,2073600,617403,121.05841064453125,50.791020825768584,-0.29576003086420144,-1.9284490740740807,50.76760684742647,-0.3077545166015625,-1.94549560546875,118.5984051890432,121.43884837962963,124.5336540316358,118.5025634765625,121.34765625,124.4384765625,118.0,1467634.5,0.7077712673611111,0.0616544797752299,1.4648148148148148,00f7d7e2a18518de495bf8c205e018e6,86991966669b6c6d
C_002_007_20230820094742_001_001_000_000.jpg,./data/you_chalk_brood/normal/C_002_007_20230820094742_001_001_000_000.jpg,0,normal,C_002,C_002_007,C_002_007_20230820,000,1920,1080,2073600,487420,120.33743286132812,50.55368422446139,0.04228587962961683,-2.2817433449074116,50.53201712814032,0.0355224609375,-2.300689697265625,118.15570167824075,120.51592447916667,124.48558883101852,118.07646179199219,120.44291687011719,124.40425109863281,103.0,2070601.0,0.9985537229938272,0.7237407649257476,1.7777777777777777,009cdf71afa17c563ca7d4a4445e2083,931ccc3333cc6676
C_002_012_20230828141638_001_001_000_000.jpg,./data/you_chalk_brood/normal/C_002_012_20230828141638_001_001_000_000.jpg,0,normal,C_002,C_002_012,C_002_012_20230828,000,1920,1080,2073600,665481,179.56248474121094,73.24531703885258,0.05396797839506462,-3.3685353973765473,73.2076966528799,0.06671142578125,-3.353546142578125,176.84765432098766,179.91976273148148,185.78591194058643,176.74867248535156,179.82113647460938,185.6853790283203,175.0,1386850.5,0.6688129340277778,0.052494744265362846,1.4824074074074074,1f7b25acdad52bc4740bdc46f0854586,93cc33cccc33cc39
C_002_012_20230828143809_001_001_000_000.jpg,./data/you_chalk_brood/normal/C_002_012_20230828143809_001_001_000_000.jpg,0,normal,C_002,C_002_012,C_002_012_20230828,000,1920,1080,2073600,697919,177.9934539794922,72.68897342501815,-0.07900704089506405,-3.4982161458333394,72.65024820963542,-0.059356689453125,-3.4744110107421875,175.18337528935186,178.40733506944446,184.33398919753085,175.07852172851562,178.30567932128906,184.22984313964844,175.0,1372772.5,0.6620237750771605,0.0592270942128899,1.385185185185185,8c63f2bf08a44231b9232d2ef741d88d,913946c7733938dc
C_002_012_20230828151757_001_001_000_000.jpg,./data/you_chalk_brood/normal/C_002_012_20230828151757_001_001_000_000.jpg,0,normal,C_002,C_002_012,C_002_012_20230828,000,1920,1080,2073600,651835,180.3602294921875,73.51662222373517,-0.3085271990740779,-3.5508097029320993,73.4833122702206,-0.273712158203125,-3.542816162109375,177.12370466820988,180.80054349922838,186.90440923996914,177.0268096923828,180.7053985595703,186.80809020996094,176.0,1517077.0,0.7316150655864198,0.10242927378914578,1.461111111111111,983c38de480aee90d36ea836cda57163,869919667e996666
C_002_025_20230826151602_001_001_000_000.jpg,./data/you_chalk_brood/normal/C_002_025_20230826151602_001_001_000_000.jpg,0,normal,C_002,C_002_025,C_002_025_20230826,000,1920,1080,2073600,727947,180.35997009277344,73.53416413247398,-0.2961260609567944,-3.412101176697533,73.4955193014706,-0.265777587890625,-3.403900146484375,177.1791550925926,180.8372092013889,186.68993778935186,177.0714111328125,180.72769165039062,186.5823516845703,177.0,1433778.0,0.6914438657407408,0.062400423622781497,1.4268518518518518,aa26a353a691629ed85cd62dda717751,869999666799cc66
C_002_025_20230826153446_001_001_000_000.jpg,./data/you_chalk_brood/normal/C_002_025_20230826153446_001_001_000_000.jpg,0,normal,C_002,C_002_025,C_002_025_20230826,000,1920,1080,2073600,741605,177.9017791748047,72.71849185275963,-1.4467491319444434,-2.723468846450615,72.67538631663604,-1.4658355712890625,-2.6986236572265625,172.62613859953703,179.39166329089505,182.96354166666666,172.51458740234375,179.2818145751953,182.8519287109375,175.0,1364351.5,0.6579627218364198,0.0617124253970711,1.3611111111111112,03802b68bb28a8d116b91845e55bfe7e,84369bd96c6692d9
C_002_025_20230826155212_001_001_000_000.jpg,./data/you_chalk_brood/normal/C_002_025_20230826155212_001_001_000_000.jpg,0,normal,C_002,C_002_025,C_002_025_20230826,000,1920,1080,2073600,597972,178.07916259765625,72.66454342925442,-0.27849585262345045,-3.578927469135806,72.63073491115196,-0.25201416015625,-3.5802154541015625,174.7116372492284,178.45033998842592,184.7466401427469,174.6225128173828,178.3542022705078,184.65245056152344,175.0,1373225.5,0.6622422357253086,0.07538914545495984,1.362962962962963,2c2a938ed3fb1d67553fdae6b580a0a3,849b336499764df1
C_002_026_20230826160733_001_001_000_000.jpg,./data/you_chalk_brood/normal/C_002_026_20230826160733_001_001_000_000.jpg,0,normal,C_002,C_002_026,C_002_026_20230826,000,1920,1080,2073600,520749,178.26333618164062,72.7489118100944,-0.16340663580247394,-3.711711998456792,72.71995394837623,-0.1414337158203125,-3.7114105224609375,174.91259452160494,178.68255256558643,185.15778501157408,174.831298828125,178.6004638671875,185.0756378173828,175.0,1378662.5,0.6648642457561729,0.09095197677034622,1.3814814814814815,b42d366bfae38beadef93d07027e1667,c592136d92db6c93
C_002_026_20230826164907_001_001_000_000.jpg,./data/you_chalk_brood/normal/C_002_026_20230826164907_001_001_000_000.jpg,0,normal,C_002,C_002_026,C_002_026_20230826,000,1920,1080,2073600,729268,178.19125366210938,72.7838118040426,-0.5413821373456784,-2.907651909722219,72.74265663296569,-0.5102996826171875,-2.8831329345703125,175.29067177854938,178.8419068287037,183.4732851080247,175.18017578125,178.73497009277344,183.363525390625,175.0,1362684.5,0.657158805941358,0.057441701046880254,1.3398148148148148,6ce44b68c574bd974b0ec833b13632c6,859b92646dd992f2
C_002_027_20230826172400_001_001_000_000.jpg,./data/you_chalk_brood/normal/C_002_027_20230826172400_001_001_000_000.jpg,0,normal,C_002,C_002_027,C_002_027_20230826,000,1920,1080,2073600,705971,181.64894104003906,74.24599654290729,-1.8778554205246962,-4.845294656635801,74.20527439491421,-1.8600616455078125,-4.8135528564453125,174.68559172453703,183.76178722993828,190.74377604166668,174.57603454589844,183.65565490722656,190.63218688964844,177.0,1514848.0,0.7305401234567901,0.06731129279407888,1.4842592592592592,5a4ea66153cfad8bcabe3331ddd9b033,862699d9196666f3
C_002_027_20230826172608_001_001_000_000.jpg,./data/you_chalk_brood/normal/C_002_027_20230826172608_001_001_000_000.jpg,0,normal,C_002,C_002_027,C_002_027_20230826,000,1920,1080,2073600,720331,181.01661682128906,73.77879901960785,-0.08992717978395603,-3.233117766203705,73.74270570044423,-0.06671142578125,-3.2114105224609375,178.35799238040124,181.38933738425925,186.91557581018517,178.26449584960938,181.2941436767578,186.82293701171875,176.0,1531731.0,0.7386820023148148,0.07340276941656508,1.4833333333333334,656e5805da4aefc868c622c7fd437d13,93cc4c33cecc33c6
C_003_001_20230831152203_001_003_000_000.jpg,./data/you_chalk_brood/normal/C_003_001_20230831152203_001_003_000_000.jpg,0,normal,C_003,C_003_001,C_003_001_20230831,000,1920,1080,2073600,687638,136.1962127685547,56.96345240256597,-1.0357875192901247,-2.2530068479938308,56.93424000459559,-1.002655029296875,-2.23712158203125,133.38758101851852,137.17851466049382,140.14248456790122,133.3195343017578,137.1064453125,140.0648651123047,134.0,1392436.5,0.6715067997685186,0.06729376146748484,1.4074074074074074,610f1bd70049f23e2527386ba1e091ae,d3330ccc663333d9
C_003_001_20230904151906_001_003_000_000.jpg,./data/you_chalk_brood/normal/C_003_001_20230904151906_001_003_000_000.jpg,0,normal,C_003,C_003_001,C_003_001_20230904,000,1920,1080,2073600,674690,135.03530883789062,56.512575080186394,-0.6498239776234556,-1.91075858410494,56.484213436351105,-0.6275787353515625,-1.89794921875,133.03825424382717,135.83609375,138.33587046682098,132.97158813476562,135.76190185546875,138.2640380859375,133.0,1471647.0,0.7097063078703704,0.08263643788002095,1.462037037037037,67efe96479f53c71c5cab4c67d300b52,c63399cc663399cc
C_003_001_20230904161612_001_003_000_000.jpg,./data/you_chalk_brood/normal/C_003_001_20230904161612_001_003_000_000.jpg,0,normal,C_003,C_003_001,C_003_001_20230904,000,1920,1080,2073600,787952,134.4364776611328,56.28015103031954,-0.7136689814814758,-2.0378303433641918,56.246990129059434,-0.696533203125,-2.0054473876953125,132.29156394675925,135.31223524305557,137.8864057677469,132.20960998535156,135.22825622558594,137.79676818847656,133.0,1376208.5,0.6636807966820988,0.06690054999218058,1.425,0a8f5d58d29b828c467e9ea97b23e48c,d7191d6633994c66
C_003_001_20230908172303_001_003_000_000.jpg,./data/you_chalk_brood/normal/C_003_001_20230908172303_001_003_000_000.jpg,0,normal,C_003,C_003_001,C_003_001_20230908,000,1920,1080,2073600,732154,136.1399383544922,56.949764547022504,-0.9774619020061692,-2.219455054012343,56.91902310240503,-0.9505462646484375,-2.187255859375,133.61720100308642,137.175625,139.89250578703704,133.54103088378906,137.09706115722656,139.80906677246094,134.0,1401260.0,0.6757619598765432,0.06564751566059633,1.4055555555555554,3f6bb64d499782d28895b13e76c06d16,9147473939c77839
C_003_001_20230908173155_001_003_000_000.jpg,./data/you_chalk_brood/normal/C_003_001_20230908173155_001_003_000_000.jpg,0,normal,C_003,C_003_001,C_003_001_20230908,000,1920,1080,2073600,658933,136.22906494140625,56.98523397785039,-0.9772579089506195,-1.9939901620370364,56.956745222503066,-0.960174560546875,-1.9591827392578125,133.73238908179013,137.26350019290123,139.56357542438272,133.65968322753906,137.19155883789062,139.4879913330078,134.0,1410407.0,0.6801731288580247,0.07420775015956234,1.413888888888889,d1d65637e7fa7c804209069c3ac5b0f3,9067473c38c75e3c
C_003_001_20230910160130_001_003_000_000.jpg,./data/you_chalk_brood/normal/C_003_001_20230910160130_001_003_000_000.jpg,0,normal,C_003,C_003_001,C_003_001_20230910,000,1920,1080,2073600,455659,133.0081024169922,55.703392603183254,0.2206679205247042,-1.8929851466049428,55.68029665479473,0.2136383056640625,-1.882232666015625,131.9456389853395,133.35145881558643,136.23851128472222,131.88839721679688,133.28811645507812,136.1769256591797,132.0,1282407.5,0.6184449749228395,0.10906424580139504,1.2907407407407407,65e6aefbfb756814a9181927927f6332,913147ce39c73c39
C_003_001_20230912143836_001_003_000_000.jpg,./data/you_chalk_brood/normal/C_003_001_20230912143836_001_003_000_000.jpg,0,normal,C_003,C_003_001,C_003_001_20230912,000,1920,1080,2073600,863659,133.5531463623047,55.94344986837327,-0.8350689621913574,-1.92912037037037,55.90594123391544,-0.8128814697265625,-1.89300537109375,131.28745563271605,134.5153515625,136.8324956597222,131.1980743408203,134.4217071533203,136.73721313476562,132.0,1258607.5,0.6069673514660494,0.05190144564021506,1.2814814814814814,608e6da1cdbc48feb3211e2e38a2f896,93ce4c3333cc3933
C_003_001_20230912151133_001_003_000_000.jpg,./data/you_chalk_brood/normal/C_003_001_20230912151133_001_003_000_000.jpg,0,normal,C_003,C_003_001,C_003_001_20230912,000,1920,1080,2073600,656788,134.1575927734375,56.17038077190753,-0.2542939814814815,-2.0813638117283944,56.13922119140625,-0.2515106201171875,-2.0544586181640625,132.4748509837963,134.79220823688271,137.66032166280866,132.40240478515625,134.71463012695312,137.58218383789062,133.0,1301547.5,0.6276752989969135,0.056453983331066465,1.336111111111111,051ec033f943933854637ec6e9f4aa72,936e4c3933ce1939
C_003_001_20230912152046_001_003_000_000.jpg,./data/you_chalk_brood/normal/C_003_001_20230912152046_001_003_000_000.jpg,0,normal,C_003,C_003_001,C_003_001_20230912,000,1920,1080,2073600,787678,134.06625366210938,56.138874137618004,-0.7401070601851814,-2.0129962384259272,56.105520211014095,-0.723358154296875,-1.979278564453125,131.85617139274692,134.97113088348766,137.46439091435184,131.77659606933594,134.88645935058594,137.3780975341797,133.0,1296202.0,0.6250974151234568,0.05295328034956258,1.3129629629629629,24efb5724adfaa2ed462937058d9a337,91394cce33dc4733
C_003_002_20230831152300_001_003_000_000.jpg,./data/you_chalk_brood/normal/C_003_002_20230831152300_001_003_000_000.jpg,0,normal,C_003,C_003_002,C_003_002_20230831,000,1920,1080,2073600,377948,135.54151916503906,56.70640261891794,-0.9432368827160502,-2.2961926118827165,56.68507295496323,-0.92718505859375,-2.28594970703125,132.9938705632716,136.53095003858024,139.44458622685184,132.94630432128906,136.4746856689453,139.38873291015625,134.0,1322141.5,0.637606819058642,0.10787097571252409,1.3712962962962962,a5547feeba78219078bd897152bb5333,d3734ccc22337173
C_003_002_20230905070240_001_003_000_000.jpg,./data/you_chalk_brood/normal/C_003_002_20230905070240_001_003_000_000.jpg,0,normal,C_003,C_003_002,C_003_002_20230905,000,1920,1080,2073600,544233,139.99569702148438,58.3961661825224,-0.6670177469135865,-2.5967341820987713,58.37225222120098,-0.6410369873046875,-2.5847320556640625,137.3926523919753,140.7203298611111,144.5407735339506,137.34120178222656,140.66024780273438,144.4764862060547,138.0,1390512.5,0.6705789448302469,0.11406401436568846,1.387037037037037,6f40f1ded4b69809c9a6da8108080525,c4991b661b996667
C_003_002_20230905080423_001_003_000_000.jpg,./data/you_chalk_brood/normal/C_003_002_20230905080423_001_003_000_000.jpg,0,normal,C_003,C_003_002,C_003_002_20230905,000,1920,1080,2073600,547317,138.76844787597656,57.93548210179134,-0.6148668981481507,-2.3609211033950572,57.911735983455884,-0.5936279296875,-2.35101318359375,136.44344521604938,139.45909722222223,142.87035686728396,136.39060974121094,139.39993286132812,142.80799865722656,137.0,1366660.0,0.6590760030864198,0.11141113755870691,1.374074074074074,7138c731d8f6d5c09a4da7bdc2655976,d1cc4c33cccd33cc
C_003_002_20230906153902_001_003_000_000.jpg,./data/you_chalk_brood/normal/C_003_002_20230906153902_001_003_000_000.jpg,0,normal,C_003,C_003_002,C_003_002_20230906,000,1920,1080,2073600,591055,137.1712646484375,57.344533519426285,-0.8697588734567887,-2.2295982831790155,57.31799555759804,-0.8434906005859375,-2.211761474609375,134.78059461805555,138.09676745756173,140.97628713348766,134.71937561035156,138.0305938720703,140.9032440185547,136.0,1268277.5,0.6116307388117284,0.09635617426001172,1.2907407407407407,14a0c5299e00584f137ad92c6109fbcb,c6e6199966666c66
C_003_002_20230908154544_001_003_000_000.jpg,./data/you_chalk_brood/normal/C_003_002_20230908154544_001_003_000_000.jpg,0,normal,C_003,C_003_002,C_003_002_20230908,000,1920,1080,2073600,843042,137.57852172851562,57.51099972010409,-0.9330391589506206,-2.1816965663580277,57.47457466873468,-0.8959503173828125,-2.1598052978515625,135.0961786265432,138.55095100308642,141.3509239969136,135.0106658935547,138.45953369140625,141.2563018798828,136.0,1322686.0,0.6378694058641975,0.05620027577902871,1.3416666666666666,afdfc7e1ce0b84c212d8fbfbdfc34377,904747385ec7733c
C_003_002_20230912133250_001_003_000_000.jpg,./data/you_chalk_brood/normal/C_003_002_20230912133250_001_003_000_000.jpg,0,normal,C_003,C_003_002,C_003_002_20230912,000,1920,1080,2073600,764625,134.7365264892578,56.39880722736625,-0.8076316550925924,-2.1280126350308706,56.367163564644606,-0.779388427734375,-2.1062469482421875,132.40185474537037,135.6255502507716,138.39641927083332,132.32785034179688,135.54718017578125,138.3184356689453,133.0,1371284.5,0.6613061824845679,0.08277962161982148,1.3611111111111112,6c315d9b0a665b09c3487733e116fe75,c33319cc66739999
C_003_003_20230827152345_001_003_000_000.jpg,./data/you_chalk_brood/normal/C_003_003_20230827152345_001_003_000_000.jpg,0,normal,C_003,C_003_003,C_003_003_20230827,000,1920,1080,2073600,563379,135.82208251953125,56.823548134531585,-0.7746556712963013,-1.9903727816357986,56.79956174364277,-0.76190185546875,-1.9637298583984375,133.6463565779321,136.72647569444445,139.17989438657406,133.58892822265625,136.6645050048828,139.11097717285156,134.0,1364971.0,0.6582614776234568,0.1076300799471694,1.3916666666666666,034845a5aed7e5779eecf5bbce245017,c619196677996467
C_003_003_20230827152628_001_003_000_000.jpg,./data/you_chalk_brood/normal/C_003_003_20230827152628_001_003_000_000.jpg,0,normal,C_003,C_003_003,C_003_003_20230827,000,1920,1080,2073600,536891,136.10511779785156,56.92519876391915,-0.7089689429012367,-2.2109278549382765,56.90099977979473,-0.6978912353515625,-2.1842193603515625,133.8739520640432,136.96710792824075,139.8364636381173,133.81251525878906,136.90492248535156,139.7682647705078,134.0,1407518.0,0.678779899691358,0.09693202692598979,1.4046296296296297,a018c9bdc9155c3813d7bbeaaa94a30e,c659196666997366
C_003_003_20230829161404_001_003_000_000.jpg,./data/you_chalk_brood/normal/C_003_003_20230829161404_001_003_000_000.jpg,0,normal,C_003,C_003_003,C_003_003_20230829,000,1920,1080,2073600,619741,135.95130920410156,56.86639225520455,-0.8167288773148158,-2.424836998456783,56.83777453852635,-0.787200927734375,-2.40997314453125,133.48911506558642,136.8374966242284,140.09577980324073,133.4215545654297,136.76564025878906,140.02098083496094,134.0,1387643.0,0.6691951195987654,0.0767332943211809,1.387037037037037,72dc114c61c2c573ab478813ef22a8a4,914646396ec73cb6
C_003_003_20230904152616_001_003_000_000.jpg,./data/you_chalk_brood/normal/C_003_003_20230904152616_001_003_000_000.jpg,0,normal,C_003,C_003_003,C_003_003_20230904,000,1920,1080,2073600,618390,135.33749389648438,56.63071914336722,-0.6802729552469202,-1.8681235532407356,56.60353118298101,-0.6605377197265625,-1.8520050048828125,133.34047646604938,136.1576099537037,138.54992862654322,133.27438354492188,136.0888214111328,138.4783935546875,133.0,1495935.0,0.7214192708333333,0.10222398412916157,1.5,b187648e1998ccdb3117a548376354e4,d331ccce3331ccc6
C_003_003_20230904155518_001_003_000_000.jpg,./data/you_chalk_brood/normal/C_003_003_20230904155518_001_003_000_000.jpg,0,normal,C_003,C_003_003,C_003_003_20230904,000,1920,1080,2073600,297883,134.80970764160156,56.41947678376907,-0.8013459683642026,-2.0252686149691357,56.39948826210171,-0.7910919189453125,-2.01727294921875,132.55756172839506,135.67183738425925,138.30308352623456,132.5062255859375,135.62181091308594,138.2473602294922,133.0,1460784.5,0.7044678337191358,0.15359370767582903,1.4481481481481482,29017fa5562b6416d80658a58d939a43,d3264cd93336ce23
C_003_003_20230904160809_001_003_000_000.jpg,./data/you_chalk_brood/normal/C_003_003_20230904160809_001_003_000_000.jpg,0,normal,C_003,C_003_003,C_003_003_20230904,000,1920,1080,2073600,495378,134.1474151611328,56.16399063483418,-0.8205541087963013,-2.070155767746911,56.13836550245098,-0.8079833984375,-2.0539398193359375,131.8803298611111,135.0759587191358,137.67043788580247,131.81369018554688,135.01170349121094,137.60284423828125,132.0,1364751.5,0.6581556230709876,0.09263656024625531,1.3888888888888888,411cb7d50e6d83557cd7f8fb0c25106e,d3674cc83366cc39
C_003_003_20230904171936_001_003_000_000.jpg,./data/you_chalk_brood/normal/C_003_003_20230904171936_001_003_000_000.jpg,0,normal,C_003,C_003_003,C_003_003_20230904,000,1920,1080,2073600,587562,134.1797637939453,56.168651279956435,-0.593126446759257,-2.2553477044753123,56.142506318933826,-0.5695343017578125,-2.242706298828125,132.01574749228396,134.9381317515432,138.0500067515432,131.955322265625,134.87173461914062,137.98245239257812,132.0,1356934.0,0.6543856095679013,0.07788372859659963,1.4083333333333334,0cb5c59fe3466180280dc25c332b9246,d3594c6333cc6635
C_003_003_20230912135900_001_003_000_000.jpg,./data/you_chalk_brood/normal/C_003_003_20230912135900_001_003_000_000.jpg,0,normal,C_003,C_003_003,C_003_003_20230912,000,1920,1080,2073600,685937,134.33609008789062,56.24040978274026,-0.4021233603395018,-2.074583815586422,56.20723948759191,-0.3975372314453125,-2.048583984375,132.46200135030864,135.0308342978395,137.85229938271604,132.38099670410156,134.95184326171875,137.7685089111328,133.0,1329242.5,0.6410312982253087,0.07810410794401941,1.3388888888888888,1909bb9628af48c75b8475aa46214a99,d3334ccccc3931ce
C_003_003_20230912140142_001_003_000_000.jpg,./data/you_chalk_brood/normal/C_003_003_20230912140142_001_003_000_000.jpg,0,normal,C_003,C_003_003,C_003_003_20230912,000,1920,1080,2073600,655746,134.31646728515625,56.24113713386589,-0.7758931327160496,-1.8833309220678984,56.20974671606924,-0.7605133056640625,-1.85491943359375,132.1308805941358,135.22218460648148,137.51519579475308,132.052978515625,135.1449432373047,137.43368530273438,133.0,1351694.0,0.6518586033950617,0.05515836865739144,1.35,cba1c9ed01a7d34c91c2eccca7f6e0ec,d36e4c3333cccc31
C_003_003_20230912150829_001_003_000_000.jpg,./data/you_chalk_brood/normal/C_003_003_20230912150829_001_003_000_000.jpg,0,normal,C_003,C_003_003,C_003_003_20230912,000,1920,1080,2073600,826888,133.0452117919922,55.73990578098523,-0.6644945987654296,-1.9857605131172846,55.70459104051777,-0.650909423828125,-1.9508209228515625,130.93565972222223,133.9137712191358,136.40105324074074,130.84779357910156,133.82638549804688,136.31187438964844,132.0,1205877.5,0.5815381462191358,0.04745987429274335,1.261111111111111,7bda56803e73e78260a526a88db5dc85,93334ccc73311977
C_004_003_20230831145035_001_004_000_000.jpg,./data/you_chalk_brood/normal/C_004_003_20230831145035_001_004_000_000.jpg,0,normal,C_004,C_004_003,C_004_003_20230831,000,1920,1080,2073600,579693,137.27423095703125,57.38232476246671,-1.0555328896604976,-2.172674575617279,57.353401932061885,-1.0233001708984375,-2.1642608642578125,134.33329137731482,138.2111193094136,141.17171730324074,134.2744140625,138.1405029296875,141.09774780273438,136.0,1285524.0,0.6199479166666667,0.09400289865193852,1.3287037037037037,3b16426685175d52fde1e8bfc81868fe,d3624c8d3372ccd9
C_004_004_20230826161427_001_004_000_000.jpg,./data/you_chalk_brood/normal/C_004_004_20230826161427_001_004_000_000.jpg,0,normal,C_004,C_004_004,C_004_004_20230826,000,1920,1080,2073600,542927,137.0640411376953,57.30690586419753,-0.7442746913580294,-1.9618002507716028,57.284294577205884,-0.7313079833984375,-1.945526123046875,134.96171055169754,137.9420886381173,140.40427035108024,134.90541076660156,137.8821258544922,140.34490966796875,134.0,1516636.0,0.7314023919753087,0.12667124929660611,1.4638888888888888,553ce3a6f159dd8f6455ea87f9367dcc,c4931b6c649bd96c
C_004_004_20230827154914_001_004_000_000.jpg,./data/you_chalk_brood/normal/C_004_004_20230827154914_001_004_000_000.jpg,0,normal,C_004,C_004_004,C_004_004_20230827,000,1920,1080,2073600,614387,135.838134765625,56.83159211601307,-0.9795264274691391,-2.0805685763888846,56.805228439031865,-0.957305908203125,-2.054443359375,133.36886140046298,136.8465764853395,139.3841222993827,133.30661010742188,136.7804412841797,139.3087921142578,134.0,1378686.0,0.6648755787037037,0.08435527855024254,1.375925925925926,4a02ad68ea086cd13f437571d72eea5d,c41b1b649bd96696
C_004_004_20230827173124_001_004_000_000.jpg,./data/you_chalk_brood/normal/C_004_004_20230827173124_001_004_000_000.jpg,0,normal,C_004,C_004_004,C_004_004_20230827,000,1920,1080,2073600,230750,135.77566528320312,56.79234484688938,-0.28084297839505723,-2.3067013888888823,56.77679922066483,-0.279571533203125,-2.3000640869140625,133.9524363425926,136.41061728395061,139.66105709876544,133.9149169921875,136.3693389892578,139.619873046875,134.0,1369013.5,0.6602109857253087,0.14686676801659398,1.3703703703703705,83ab5f1e049bb6082a82e2e381a5b7f0,c65919664c9966ee
C_004_004_20230831170002_001_004_000_000.jpg,./data/you_chalk_brood/normal/C_004_004_20230831170002_001_004_000_000.jpg,0,normal,C_004,C_004_004,C_004_004_20230831,000,1920,1080,2073600,719549,147.05418395996094,60.997462024933434,0.047809124228393785,-3.181789641203707,60.97035127527573,0.0691070556640625,-3.1905364990234375,144.79216049382717,147.2254938271605,152.73855709876543,144.71945190429688,147.1468505859375,152.6612091064453,146.0,1148033.0,0.5536424575617284,0.04865091404128824,1.3101851851851851,720933e6699069733030e618bf91530f,9178c6c73938cec3
C_004_004_20230902145722_001_004_000_000.jpg,./data/you_chalk_brood/normal/C_004_004_20230902145722_001_004_000_000.jpg,0,normal,C_004,C_004_004,C_004_004_20230902,000,1920,1080,2073600,387213,137.9966583251953,57.67048989348825,-0.6653954475308694,-2.034237075617284,57.648034189261644,-0.65789794921875,-2.018890380859375,135.89409336419754,138.83366271219137,141.45528452932098,135.83847045898438,138.7780303955078,141.39698791503906,137.0,1251724.0,0.603647762345679,0.09399104528740553,1.298148148148148,78256bc190e391fef740fe3fcfe32703,d16e4c3933cecc31
C_004_004_20230903064536_001_004_000_000.jpg,./data/you_chalk_brood/normal/C_004_004_20230903064536_001_004_000_000.jpg,0,normal,C_004,C_004_004,C_004_004_20230903,000,1920,1080,2073600,700069,139.34213256835938,58.12360657225854,-0.3155791859567927,-2.3649580439814883,58.093100155101105,-0.2874908447265625,-2.3582000732421875,137.35146894290122,139.80364197530864,143.52289496527777,137.2803955078125,139.72335815429688,143.4387969970703,126.0,1956562.0,0.943558063271605,0.41504478853312515,1.7777777777777777,a1b6da21219ee938155d0bc34b517529,91ce7338c739c623
C_004_004_20230906151016_001_004_000_000.jpg,./data/you_chalk_brood/normal/C_004_004_20230906151016_001_004_000_000.jpg,0,normal,C_004,C_004_004,C_004_004_20230906,000,1920,1080,2073600,631945,136.69276428222656,57.105096753207455,-0.40821084104938166,-2.763303915895065,57.076212565104164,-0.373931884765625,-2.7664337158203125,134.21858024691358,137.14085648148148,141.60486304012346,134.15480041503906,137.06668090820312,141.53065490722656,135.0,1353168.5,0.6525696855709876,0.09728407216627401,1.3592592592592592,8ea495ea6b56532538c6d89c14f6d15b,c4db196c669399cc
C_004_004_20230906180407_001_004_000_000.jpg,./data/you_chalk_brood/normal/C_004_004_20230906180407_001_004_000_000.jpg,0,normal,C_004,C_004_004,C_004_004_20230906,000,1920,1080,2073600,825803,145.43939208984375,60.52515829248366,-0.9221137152777743,-2.2372661072530917,60.493367513020836,-0.8855438232421875,-2.223663330078125,142.6772796103395,146.31075376157406,149.45570746527778,142.6039276123047,146.22894287109375,149.373291015625,142.0,1525112.5,0.7354902102623457,0.09151736237512718,1.5212962962962964,5de0d6d14dcf47916219f9a103d62b59,869919666699dd66
C_004_004_20230907074853_001_004_000_000.jpg,./data/you_chalk_brood/normal/C_004_004_20230907074853_001_004_000_000.jpg,0,normal,C_004,C_004_004,C_004_004_20230907,000,1920,1080,2073600,651101,139.4994354248047,58.25462679284677,-0.9523514660493788,-2.114922357253093,58.225959329044116,-0.917724609375,-2.0984344482421875,136.94848572530864,140.43798032407406,143.1875347222222,136.88812255859375,140.36805725097656,143.11026000976562,138.0,1307462.5,0.6305278260030864,0.0885122851641662,1.3,b938551488e5f5148d31b33a56a96c7d,91cccc3333ce333c
C_004_004_20230910162535_001_004_000_000.jpg,./data/you_chalk_brood/normal/C_004_004_20230910162535_001_004_000_000.jpg,0,normal,C_004,C_004_004,C_004_004_20230910,000,1920,1080,2073600,455010,132.9433135986328,55.697269501936574,-0.9875265239197546,-1.9741063850308649,55.67203297334559,-0.957794189453125,-1.97015380859375,130.3621942515432,133.86809702932098,136.4384558256173,130.30970764160156,133.8037109375,136.37506103515625,132.0,1283044.5,0.6187521701388888,0.08497553711644376,1.3,c00ab80644a8bff738acaa57a4035501,93c8cc6633c9ce72
C_004_004_20230912141507_001_004_000_000.jpg,./data/you_chalk_brood/normal/C_004_004_20230912141507_001_004_000_000.jpg,0,normal,C_004,C_004_004,C_004_004_20230912,000,1920,1080,2073600,816190,134.82347106933594,56.434449323710965,-0.8705550733024694,-2.1536757330246843,56.399422439874385,-0.84130859375,-2.1274261474609375,132.42599874614197,135.7742510609568,138.52102382330247,132.33941650390625,135.6866455078125,138.43138122558594,133.0,1383337.5,0.6671187789351852,0.06600728963442777,1.3703703703703705,330fdfe0acf86d26c3e5e39644bdb74d,d34e4c3333ccd931
C_004_005_20230824095844_001_004_000_000.jpg,./data/you_chalk_brood/normal/C_004_005_20230824095844_001_004_000_000.jpg,0,normal,C_004,C_004_005,C_004_005_20230824,000,1920,1080,2073600,818396,139.58180236816406,58.277595656318084,-0.2555565200617309,-2.1964433834876473,58.24340221928615,-0.2482452392578125,-2.169281005859375,137.85437017746915,140.19020351080246,143.3167081404321,137.77565002441406,140.10714721679688,143.2317657470703,139.0,1146121.0,0.5527203896604939,0.06035039091305972,1.239814814814815,376eb315b18f8839b75ef07bb357f517,91394ec73138cce7
C_004_005_20230829142824_001_004_000_000.jpg,./data/you_chalk_brood/normal/C_004_005_20230829142824_001_004_000_000.jpg,0,normal,C_004,C_004_005,C_004_005_20230829,000,1920,1080,2073600,557694,136.21575927734375,56.97574947803195,-0.6369208140432079,-2.137238618827155,56.9491397633272,-0.6280975341796875,-2.1162872314453125,134.13260127314814,137.03868537808643,139.8330078125,134.06419372558594,136.97265625,139.76344299316406,134.0,1413120.5,0.6814817226080246,0.08449436262963664,1.4064814814814814,ae9b8d2b972e23e3ee729cd2ba9ad3ab,93cc4c7333d94c5c
C_004_005_20230829145027_001_004_000_000.jpg,./data/you_chalk_brood/normal/C_004_005_20230829145027_001_004_000_000.jpg,0,normal,C_004,C_004_005,C_004_005_20230829,000,1920,1080,2073600,600235,136.73973083496094,57.18714143064633,-0.9878235918209839,-2.0025308641975244,57.1604949352788,-0.9674530029296875,-1.9766845703125,134.27115547839506,137.7664525462963,140.1192472029321,134.2028350830078,137.6991424560547,140.04437255859375,135.0,1359710.5,0.6557245852623457,0.09146594095467009,1.3611111111111112,b6fd6712e12b4cccf50db20b0305c4e1,934c4c7333cc66d9
C_004_005_20230906154436_001_004_000_000.jpg,./data/you_chalk_brood/normal/C_004_005_20230906154436_001_004_000_000.jpg,0,normal,C_004,C_004_005,C_004_005_20230906,000,1920,1080,2073600,541916,137.21163940429688,57.36091196895424,-1.0367650462962956,-2.126068190586423,57.33669505399816,-1.0100555419921875,-2.1147918701171875,134.53105758101853,138.18814477237655,140.9205618248457,134.47157287597656,138.1297607421875,140.85531616210938,135.0,1393415.0,0.6719786844135802,0.11238200598640957,1.3833333333333333,e62cbee9f2beabca2c7d8b601d6b59e4,c6e6199966666c9a
C_004_005_20230907082057_001_004_000_000.jpg,./data/you_chalk_brood/normal/C_004_005_20230907082057_001_004_000_000.jpg,0,normal,C_004,C_004_005,C_004_005_20230907,000,1920,1080,2073600,725048,137.86813354492188,57.59598822167756,-0.7127290702160565,-2.46938753858025,57.564625459558826,-0.6766815185546875,-2.4558868408203125,135.4005859375,138.6216835455247,142.17641155478395,135.32850646972656,138.5468292236328,142.09132385253906,136.0,1380041.0,0.6655290316358025,0.07874141306707204,1.3824074074074073,bf0133b9e2ada7cf619943dc5a1b543a,867699196666999b
C_004_005_20230907090319_001_004_000_000.jpg,./data/you_chalk_brood/normal/C_004_005_20230907090319_001_004_000_000.jpg,0,normal,C_004,C_004_005,C_004_005_20230907,000,1920,1080,2073600,776493,138.60726928710938,57.84483762254902,-0.6274869791666617,-2.6175819830246922,57.81494739008885,-0.591156005859375,-2.605560302734375,136.08619936342592,139.28045958719136,143.18011236496915,136.01629638671875,139.2053985595703,143.0990753173828,136.0,1429029.5,0.6891538869598766,0.0889309058544151,1.4212962962962963,44209dc8ec2a2efc7147c49f428c99fc,c56d1292966c6d6d
C_004_005_20230910165009_001_004_000_000.jpg,./data/you_chalk_brood/normal/C_004_005_20230910165009_001_004_000_000.jpg,0,normal,C_004,C_004_005,C_004_005_20230910,000,1920,1080,2073600,565479,134.64895629882812,56.35887705004841,-0.7917308063271662,-1.8260672260802409,56.332786410462624,-0.7806243896484375,-1.802276611328125,132.57351803626543,135.5328081597222,137.7404084683642,132.5076446533203,135.4681854248047,137.67178344726562,133.0,1454855.0,0.7016083140432099,0.10673786645285116,1.424074074074074,8160a1f8bc86eb7386dc110682ec2768,904f473938c739ce
C_004_005_20230910165631_001_004_000_000.jpg,./data/you_chalk_brood/normal/C_004_005_20230910165631_001_004_000_000.jpg,0,normal,C_004,C_004_005,C_004_005_20230910,000,1920,1080,2073600,490654,134.7817840576172,56.400819452009195,-0.3629827353395001,-1.9607744984567859,56.37860466452206,-0.360687255859375,-1.9422760009765625,133.07539834104938,135.4083632330247,138.1042505787037,133.0233154296875,135.3526611328125,138.04043579101562,133.0,1452264.5,0.7003590374228396,0.1124031788540561,1.4259259259259258,9df04e2ccd9c15858588c9d9de607d1d,9138cec73331cccd
C_004_005_20230911071727_001_004_000_000.jpg,./data/you_chalk_brood/normal/C_004_005_20230911071727_001_004_000_000.jpg,0,normal,C_004,C_004_005,C_004_005_20230911,000,1920,1080,2073600,744439,135.9070587158203,56.86767580488986,-0.9529465663580226,-1.8425096450617247,56.83261646943934,-0.937408447265625,-1.808349609375,133.47984857253087,136.94200135030863,139.0073003472222,133.3947296142578,136.852294921875,138.9184112548828,134.0,1394198.5,0.6723565297067902,0.06159711218510609,1.4166666666666667,f767b093a8e95f13e646d6605420b679,843b1b6d649b9966
C_004_005_20230912155811_001_004_000_000.jpg,./data/you_chalk_brood/normal/C_004_005_20230912155811_001_004_000_000.jpg,0,normal,C_004,C_004_005,C_004_005_20230912,000,1920,1080,2073600,754968,133.51083374023438,55.91478077342048,-0.5889173418209879,-2.2138898533950595,55.88137757544424,-0.573455810546875,-2.1869354248046875,131.40928047839506,134.33228780864198,137.25572337962964,131.3268585205078,134.24691772460938,137.17218017578125,132.0,1239466.0,0.5977363040123457,0.05132774030708912,1.2731481481481481,d282a4f564c39669a7e301139b9c23aa,93764c993366cc99
C_004_006_20230824075645_001_004_000_000.jpg,./data/you_chalk_brood/normal/C_004_006_20230824075645_001_004_000_000.jpg,0,normal,C_004,C_004_006,C_004_006_20230824,000,1920,1080,2073600,643613,140.38572692871094,58.60305729544905,-0.9695307677469174,-2.4973495370370387,58.5725372912837,-0.9388275146484375,-2.47637939453125,137.64363474151236,141.3664838927469,144.676651716821,137.571044921875,141.28857421875,144.59671020507812,139.0,1208939.0,0.5830145640432098,0.0689024339300303,1.3273584905660378,bcdbd8463155d8dafac580b76b6e3d90,914e4e31cecc31cf
C_004_006_20230825181727_001_004_000_000.jpg,./data/you_chalk_brood/normal/C_004_006_20230825181727_001_004_000_000.jpg,0,normal,C_004,C_004_006,C_004_006_20230825,000,1920,1080,2073600,788730,136.88763427734375,57.23072462781409,-0.8591319444444423,-2.3894536072530883,57.194632735906865,-0.811767578125,-2.3801116943359375,134.2040335648148,137.7319425154321,141.10237461419754,134.1273651123047,137.6453094482422,141.01380920410156,135.0,1365174.0,0.658359375,0.0885555169062693,1.3537037037037036,df447033d046c8d83194904bb6b696e9,91334ccc31736773
C_004_006_20230828085128_001_004_000_000.jpg,./data/you_chalk_brood/normal/C_004_006_20230828085128_001_004_000_000.jpg,0,normal,C_004,C_004_006,C_004_006_20230828,000,1920,1080,2073600,846721,139.76393127441406,58.35127749788187,-0.8108699845679013,-2.337525559413578,58.318104463465076,-0.7732391357421875,-2.313079833984375,137.37411120756173,140.63757185570987,143.79029369212964,137.29208374023438,140.55465698242188,143.69932556152344,138.0,1324640.0,0.6388117283950617,0.07265409974911011,1.325,cfb248e45d01841d39ef7e9ccac82df1,914e4e3133ce78c7
C_004_006_20230904174029_001_004_000_000.jpg,./data/you_chalk_brood/normal/C_004_006_20230904174029_001_004_000_000.jpg,0,normal,C_004,C_004_006,C_004_006_20230904,000,1920,1080,2073600,655174,142.78627014160156,59.502987699709514,-0.5397212577160531,-2.4612837577160462,59.47259042777267,-0.516326904296875,-2.437225341796875,140.5468677662037,143.47018759645061,146.9916690779321,140.47760009765625,143.395751953125,146.91220092773438,140.0,1455807.0,0.7020674189814815,0.08185852078281514,1.4490740740740742,dd879e01899ecb3c8a829e2fce0bd511,c4991b66649b9b66
C_004_006_20230906162831_001_004_000_000.jpg,./data/you_chalk_brood/normal/C_004_006_20230906162831_001_004_000_000.jpg,0,normal,C_004,C_004_006,C_004_006_20230906,000,1920,1080,2073600,618223,135.97296142578125,56.872217116013076,-0.9261183449074082,-2.3923302469135734,56.8417537913603,-0.8950958251953125,-2.3797454833984375,133.29545669367283,136.90030044367285,140.12897521219136,133.22482299804688,136.8264923095703,140.04591369628906,134.0,1360117.5,0.6559208622685185,0.07411109585554565,1.3518518518518519,b4810d50501cf9040b52f5ff0c8101f9,c4e6199976666c99
C_004_006_20230908160411_001_004_000_000.jpg,./data/you_chalk_brood/normal/C_004_006_20230908160411_001_004_000_000.jpg,0,normal,C_004,C_004_006,C_004_006_20230908,000,1920,1080,2073600,782824,137.4304962158203,57.45387069565481,-0.7470283564814792,-2.025042438271612,57.42235969094669,-0.729034423828125,-1.9933624267578125,135.29931423611112,138.33044849537038,140.86941647376543,135.21961975097656,138.25209045410156,140.78968811035156,135.0,1429682.5,0.6894687982253086,0.07552353045773284,1.4370370370370371,ea370cf7b44bd58001e3617b6bf44747,914e473938ce7339
C_004_006_20230908170408_001_004_000_000.jpg,./data/you_chalk_brood/normal/C_004_006_20230908170408_001_004_000_000.jpg,0,normal,C_004,C_004_006,C_004_006_20230908,000,1920,1080,2073600,644819,136.40530395507812,57.05606012466715,-1.004577064043204,-2.15830873842593,57.02639710669424,-0.9832305908203125,-2.1288909912109375,133.88411361882717,137.4590808256173,140.05014371141976,133.80799865722656,137.38265991210938,139.96829223632812,134.0,1425393.5,0.6874004147376543,0.07846771086646331,1.4157407407407407,7f77d55b859d4620dbb793f0f66c1729,9067473839c7ce3c
C_004_006_20230910153213_001_004_000_000.jpg,./data/you_chalk_brood/normal/C_004_006_20230910153213_001_004_000_000.jpg,0,normal,C_004,C_004_006,C_004_006_20230910,000,1920,1080,2073600,524545,131.53485107421875,55.14787524963689,-0.7327758487654279,-1.4552141203703712,55.12017343558517,-0.7223358154296875,-1.4369049072265625,129.6691835455247,132.396160783179,134.05915268132716,129.60289001464844,132.32566833496094,133.98977661132812,130.0,1383701.5,0.667294319058642,0.08323282024081154,1.3925925925925926,a5d1d25bbea875db31bb415eba4732bd,91ce46393c397cc6
C_004_006_20230912155425_001_004_000_000.jpg,./data/you_chalk_brood/normal/C_004_006_20230912155425_001_004_000_000.jpg,0,normal,C_004,C_004_006,C_004_006_20230912,000,1920,1080,2073600,716103,134.16567993164062,56.16993350580972,-0.6001408179012344,-2.1867182677469117,56.13857493681066,-0.584686279296875,-2.158599853515625,132.06924913194445,134.98481433256174,137.8608695023148,131.9951171875,134.90452575683594,137.78033447265625,133.0,1311863.5,0.6326502218364197,0.0772404912986338,1.325925925925926,7f6ea5eb0d8c18e00591bd4b11e4c019,916e4e3331cec731
C_005_006_20230904174635_001_005_000_000.jpg,./data/you_chalk_brood/normal/C_005_006_20230904174635_001_005_000_000.jpg,0,normal,C_005,C_005_006,C_005_006_20230904,000,1920,1080,2073600,404222,141.62477111816406,58.9639096919632,-0.24249951774690715,-2.8506023341049342,58.943672928155635,-0.227569580078125,-2.8492279052734375,139.29088252314816,141.9941830632716,146.6448582175926,139.24578857421875,141.93966674804688,146.59317016601562,140.0,1307856.5,0.6307178337191358,0.11912635667505198,1.3777777777777778,50f7a143c358d9aa8ddd759ce1a5572a,c49b1b649b66649b
C_005_006_20230905082116_001_005_000_000.jpg,./data/you_chalk_brood/normal/C_005_006_20230905082116_001_005_000_000.jpg,0,normal,C_005,C_005_006,C_005_006_20230905,000,1920,1080,2073600,400951,140.44107055664062,58.56331699346405,-0.679626253858018,-2.462269000771599,58.5423308727788,-0.6599884033203125,-2.454437255859375,137.8911791087963,141.16484423225307,144.75373119212964,137.8434600830078,141.1100616455078,144.69590759277344,140.0,1101528.5,0.531215518904321,0.05497821988426988,1.2851851851851852,766e6d5b50c3d9a4feca74578a8c7284,c593136c129b6db6
C_005_006_20230910165454_001_005_000_000.jpg,./data/you_chalk_brood/normal/C_005_006_20230910165454_001_005_000_000.jpg,0,normal,C_005,C_005_006,C_005_006_20230910,000,1920,1080,2073600,460826,134.41307067871094,56.265461033950615,-0.9642544367283961,-1.985562789351846,56.243142520680145,-0.94775390625,-1.9696807861328125,132.03575761959877,135.39125530478395,137.78296055169753,131.98204040527344,135.33314514160156,137.72593688964844,133.0,1421909.5,0.6857202449845679,0.13642581293437972,1.3972222222222221,adfdf4fdb482271a468510af74d58c6f,9133cecc3133c799
C_005_007_20230825180004_001_005_000_000.jpg,./data/you_chalk_brood/normal/C_005_007_20230825180004_001_005_000_000.jpg,0,normal,C_005,C_005_007,C_005_007_20230825,000,1920,1080,2073600,756581,136.5251922607422,57.090819414185425,-0.8273823302469197,-2.500555073302465,57.05693263633579,-0.7877349853515625,-2.4834442138671875,133.96681616512345,137.4099320023148,140.83257716049383,133.88685607910156,137.32748413085938,140.74343872070312,135.0,1326461.5,0.6396901523919754,0.07256707297172611,1.337962962962963,ac1c60224606e98bf2c4714d0893c3a7,91734ecc313367cc
C_005_007_20230828152845_001_005_000_000.jpg,./data/you_chalk_brood/normal/C_005_007_20230828152845_001_005_000_000.jpg,0,normal,C_005,C_005_007,C_005_007_20230828,000,1920,1080,2073600,353645,135.62548828125,56.740915108327286,-0.9870823688271599,-2.1350757137345653,56.719970703125,-0.9691314697265625,-2.124481201171875,133.14296344521605,136.6329865933642,139.25482108410495,133.09326171875,136.5780029296875,139.2025604248047,133.0,1499812.5,0.7232892071759259,0.10770912073009177,1.473148148148148,c6b42f73e2bd473fcefdd393b26c2636,d3cc4c33cc8d3366
C_005_007_20230829141407_001_005_000_000.jpg,./data/you_chalk_brood/normal/C_005_007_20230829141407_001_005_000_000.jpg,0,normal,C_005,C_005_007,C_005_007_20230829,000,1920,1080,2073600,610309,136.00074768066406,56.881995884773666,-0.772812982253086,-2.325515046296303,56.85059790517769,-0.7518157958984375,-2.3087310791015625,133.64534384645063,136.88613474151234,139.97395302854937,133.56857299804688,136.8074951171875,139.8953857421875,133.0,1486075.0,0.7166642554012346,0.09174153089057997,1.4814814814814814,8f4e72e6ea511072c033b36e4869a274,91ce4c3373cc3333
C_005_007_20230831153100_001_005_000_000.jpg,./data/you_chalk_brood/normal/C_005_007_20230831153100_001_005_000_000.jpg,0,normal,C_005,C_005_007,C_005_007_20230831,000,1920,1080,2073600,323974,135.6797637939453,56.68798660282014,-0.3009548611111086,-3.0985378086419786,56.669897939644606,-0.2847137451171875,-3.1021728515625,133.02508728780865,136.0251914544753,141.1586250964506,132.9840087890625,135.9777069091797,141.10829162597656,134.0,1339473.5,0.6459652295524692,0.13445623398058237,1.3703703703703705,5c3e4d0964909f1f45d745821ff77a60,d33328ccccce6672
C_005_007_20230902173015_001_005_000_000.jpg,./data/you_chalk_brood/normal/C_005_007_20230902173015_001_005_000_000.jpg,0,normal,C_005,C_005_007,C_005_007_20230902,000,1920,1080,2073600,500669,142.07186889648438,59.242113932764475,-0.7762278163580305,-1.4913252314814827,59.217415603936885,-0.7611846923828125,-1.46875,140.1013710455247,142.8992934992284,144.6477850115741,140.04666137695312,142.8362274169922,144.57916259765625,139.0,1500477.0,0.7236096643518518,0.12015192075191276,1.5620370370370371,0ade080f07f1079a9ab106cf020672ba,d10cce3338cc73ce
C_005_007_20230904155644_001_005_000_000.jpg,./data/you_chalk_brood/normal/C_005_007_20230904155644_001_005_000_000.jpg,0,normal,C_005,C_005_007,C_005_007_20230904,000,1920,1080,2073600,711805,134.70376586914062,56.38428119704672,-0.6436805555555623,-1.8952826003086471,56.3548308727788,-0.6324920654296875,-1.8627471923828125,132.67660059799383,135.53688802083335,137.89771942515432,132.605224609375,135.46287536621094,137.82000732421875,133.0,1418644.0,0.6841454475308641,0.07371518999720492,1.4398148148148149,abbc56d89b95c451562ae5415905284e,d3314cce3331cdc6
C_005_007_20230904163451_001_005_000_000.jpg,./data/you_chalk_brood/normal/C_005_007_20230904163451_001_005_000_000.jpg,0,normal,C_005,C_005_007,C_005_007_20230904,000,1920,1080,2073600,760186,134.28573608398438,56.21991705246913,-0.7372574266975249,-1.9932831790123515,56.188851150811885,-0.71527099609375,-1.966217041015625,132.14799913194443,135.17311294367283,137.66542004243829,132.07412719726562,135.0928192138672,137.5873565673828,133.0,1361665.5,0.6566673900462963,0.05848037371355668,1.3796296296296295,1929d9e6837770c876a13171115eb3e6,c67319cc663399cc
C_005_007_20230910160846_001_005_000_000.jpg,./data/you_chalk_brood/normal/C_005_007_20230910160846_001_005_000_000.jpg,0,normal,C_005,C_005_007,C_005_007_20230910,000,1920,1080,2073600,446462,132.8604278564453,55.65970349945534,-0.3981216242283949,-1.610284047067907,55.63648897058823,-0.40228271484375,-1.5830078125,131.32741705246914,133.49551697530865,135.55450424382715,131.27044677734375,133.43856811523438,135.49154663085938,132.0,1257194.0,0.6062856867283951,0.09599152445245016,1.2518518518518518,5403ef537f2b0a84a4000a00c982c9d1,91394cce73399c33
C_005_008_20230825172041_001_005_000_000.jpg,./data/you_chalk_brood/normal/C_005_008_20230825172041_001_005_000_000.jpg,0,normal,C_005,C_005_008,C_005_008_20230825,000,1920,1080,2073600,625298,137.0170135498047,57.26748309277414,-0.6689699074074014,-2.698293306327159,57.23577761182598,-0.630126953125,-2.69140625,134.39157841435184,137.7122092013889,141.73804783950618,134.32568359375,137.6370849609375,141.6565399169922,135.0,1365690.5,0.6586084587191358,0.11073150424860145,1.3546296296296296,e14bf7c158e0e341b9b96dfc7a6cccbd,91784e673118cee7
C_005_008_20230826100415_001_005_000_000.jpg,./data/you_chalk_brood/normal/C_005_008_20230826100415_001_005_000_000.jpg,0,normal,C_005,C_005_008,C_005_008_20230826,000,1920,1080,2073600,722585,140.1792755126953,58.51283530773421,-0.7946551890432119,-2.192466242283956,58.483204561121326,-0.767852783203125,-2.1750335693359375,137.87409384645062,141.04455102237654,143.95572964891974,137.8030548095703,140.97042846679688,143.8780975341797,138.0,1383592.0,0.667241512345679,0.08605596664323203,1.3796296296296295,0b137db1fe2424dad43157f37c01dd14,d3cc4c33669933cc
C_005_008_20230827175703_001_005_000_000.jpg,./data/you_chalk_brood/normal/C_005_008_20230827175703_001_005_000_000.jpg,0,normal,C_005,C_005_008,C_005_008_20230827,000,1920,1080,2073600,1081490,120.65852355957031,50.86055207576858,-0.8402445023148175,-2.461968074845686,50.81715303308823,-0.807281494140625,-2.435882568359375,117.9865272955247,121.64668161651234,124.94267216435185,117.88035583496094,121.53834533691406,124.83428955078125,118.0,1389050.0,0.669873649691358,0.041926635615944174,1.4333333333333333,8f9a947d45e0f202010716cd23dbd563,910e4e3946c639ef
C_005_008_20230829154347_001_005_000_000.jpg,./data/you_chalk_brood/normal/C_005_008_20230829154347_001_005_000_000.jpg,0,normal,C_005,C_005_008,C_005_008_20230829,000,1920,1080,2073600,262924,135.89413452148438,56.823918051016705,0.3786005015432181,-2.3225308641975317,56.80778353821997,0.3702850341796875,-2.3171844482421875,134.7027411265432,136.17731674382716,139.8176022376543,134.65916442871094,136.13577270507812,139.7751007080078,134.0,1382485.0,0.6667076581790123,0.15524165910304266,1.3768518518518518,1cc4a37070ecf7ab87ecb7b75784f47c,914e4e314ece31e7
C_005_008_20230831152245_001_005_000_000.jpg,./data/you_chalk_brood/normal/C_005_008_20230831152245_001_005_000_000.jpg,0,normal,C_005,C_005_008,C_005_008_20230831,000,1920,1080,2073600,584282,135.91065979003906,56.852366822500606,-1.099217303240735,-2.273918306327161,56.82745241651348,-1.0725250244140625,-2.2617034912109375,133.01423225308642,136.9308661265432,139.87624614197532,132.95481872558594,136.8675537109375,139.81005859375,134.0,1357623.5,0.6547181230709876,0.08038727026682979,1.3833333333333333,fc8b7406f9a172d9d09b7f0362d1a1ef,d3634ccc333366cc
C_005_008_20230902163704_001_005_000_000.jpg,./data/you_chalk_brood/normal/C_005_008_20230902163704_001_005_000_000.jpg,0,normal,C_005,C_005_008,C_005_008_20230902,000,1920,1080,2073600,788279,136.0109405517578,56.90189780773421,-1.0056365740740745,-2.1281172839506155,56.8679869408701,-0.9767303466796875,-2.1016845703125,133.33575424382715,137.00961419753085,139.71431905864196,133.25350952148438,136.9244384765625,139.62725830078125,134.0,1396691.0,0.6735585455246914,0.06397659172582007,1.4037037037037037,67a2047f688278fc5baeaaa6a9ea776d,d14e4c3333cc5cb3
C_005_008_20230903074840_001_005_000_000.jpg,./data/you_chalk_brood/normal/C_005_008_20230903074840_001_005_000_000.jpg,0,normal,C_005,C_005_008,C_005_008_20230903,000,1920,1080,2073600,597705,135.54232788085938,56.70637311637618,-0.8989048032407396,-2.0419738618827097,56.677970138250615,-0.869049072265625,-2.0321044921875,133.00241560570987,136.40785734953704,139.1673114390432,132.9369659423828,136.33609008789062,139.09719848632812,133.0,1549687.5,0.7473415798611112,0.07331114256367546,1.5935185185185186,5cfe24b836ebc940e4ad4854a05768eb,d1864e39c6e23b39
C_005_008_20230904161438_001_005_000_000.jpg,./data/you_chalk_brood/normal/C_005_008_20230904161438_001_005_000_000.jpg,0,normal,C_005,C_005_008,C_005_008_20230904,000,1920,1080,2073600,763760,134.0331268310547,56.118544427801986,-0.8009456983024705,-2.2258357445987684,56.08521704580269,-0.766998291015625,-2.2107391357421875,131.62570216049383,134.8933526234568,137.8988811728395,131.54852294921875,134.8124542236328,137.8133544921875,132.0,1333717.0,0.6431891396604938,0.06375641914898757,1.3824074074074073,662dab5402051edbfb0d039bcb783ab2,c739196667998c66
C_005_008_20230907085106_001_005_000_000.jpg,./data/you_chalk_brood/normal/C_005_008_20230907085106_001_005_000_000.jpg,0,normal,C_005,C_005_008,C_005_008_20230907,000,1920,1080,2073600,625705,137.82626342773438,57.55704524479545,-0.6429292052469151,-2.699321469907403,57.52801633348652,-0.6118621826171875,-2.689727783203125,135.2453515625,138.52041714891976,142.51250241126544,135.17819213867188,138.44602966308594,142.43385314941406,136.0,1338053.0,0.6452801890432098,0.10695009141956004,1.337962962962963,099b644851dc4b1e4b7a2f561298c180,91714cce273339dc
C_005_008_20230908174319_001_005_000_000.jpg,./data/you_chalk_brood/normal/C_005_008_20230908174319_001_005_000_000.jpg,0,normal,C_005,C_005_008,C_005_008_20230908,000,1920,1080,2073600,742776,136.44732666015625,57.06577024328249,-0.9757383294753055,-2.269801793981486,57.038616105621934,-0.947174072265625,-2.2418212890625,133.90495322145063,137.46924141589506,140.29008053626544,133.8372802734375,137.40023803710938,140.2169647216797,134.0,1428501.0,0.6888990162037038,0.06718496450567495,1.4361111111111111,a929be19f611129f270189abc02d35ef,9047473839c73cf3
C_005_009_20230831162826_001_005_000_000.jpg,./data/you_chalk_brood/normal/C_005_009_20230831162826_001_005_000_000.jpg,0,normal,C_005,C_005_009,C_005_009_20230831,000,1920,1080,2073600,730201,137.16343688964844,57.316995355240856,-0.831607831790123,-2.5234640239197574,57.286945417815566,-0.789398193359375,-2.5144195556640625,134.32456500771605,137.95704957561728,141.63850405092592,134.26060485839844,137.88473510742188,141.55514526367188,135.0,1382660.5,0.666792293595679,0.07930798082889931,1.4027777777777777,9c7e81c39898729757b846a17b02bd34,d3734c8c23337876
C_005_009_20230908164206_001_005_000_000.jpg,./data/you_chalk_brood/normal/C_005_009_20230908164206_001_005_000_000.jpg,0,normal,C_005,C_005_009,C_005_009_20230908,000,1920,1080,2073600,715738,136.6534881591797,57.151501792846766,-0.9741444830246877,-2.1476996527777743,57.120492972579655,-0.952239990234375,-2.1142120361328125,134.1608878279321,137.68801745756173,140.28042148919752,134.08395385742188,137.60899353027344,140.19448852539062,135.0,1347995.0,0.650074749228395,0.08828043106387451,1.3518518518518519,63a22610f0421650a6568acb9e322590,904e473938ce63f3
C_005_009_20230908174822_001_005_000_000.jpg,./data/you_chalk_brood/normal/C_005_009_20230908174822_001_005_000_000.jpg,0,normal,C_005,C_005_009,C_005_009_20230908,000,1920,1080,2073600,424269,136.28575134277344,56.999680200012094,-0.7376080246913546,-2.1916068672839515,56.9753848805147,-0.725433349609375,-2.1725921630859375,134.0600106095679,137.1745167824074,139.98815104166667,134.00193786621094,137.1114044189453,139.92416381835938,134.0,1411432.0,0.6806674382716049,0.09681331126180477,1.4064814814814814,08bab87b46700930cd82cac9738aa764,9067473838c77739
C_005_009_20230911081343_001_005_000_000.jpg,./data/you_chalk_brood/normal/C_005_009_20230911081343_001_005_000_000.jpg,0,normal,C_005,C_005_009,C_005_009_20230911,000,1920,1080,2073600,998802,138.25421142578125,57.767117715141616,-0.279177276234563,-1.911826774691363,57.72381950827206,-0.275634765625,-1.8686676025390625,136.66888020833332,138.8953192515432,141.4840731095679,136.5615234375,138.78749084472656,141.37274169921875,137.0,1295972.5,0.6249867380401235,0.052611337463992235,1.3240740740740742,a83322b19678cc31bda30d2c0b21ff93,93664c9933e6cc39
C_005_009_20230912133734_001_005_000_000.jpg,./data/you_chalk_brood/normal/C_005_009_20230912133734_001_005_000_000.jpg,0,normal,C_005,C_005_009,C_005_009_20230912,000,1920,1080,2073600,747543,134.72332763671875,56.38849760197289,-0.5362437307098702,-2.142832754629623,56.35834937002144,-0.518463134765625,-2.1194000244140625,132.70318913966048,135.48524353780863,138.37126591435185,132.6343231201172,135.40809631347656,138.29464721679688,133.0,1375933.0,0.6635479359567901,0.06950940870819496,1.3611111111111112,806559956a815a90dc98ce823a06a44f,d3664c993366cccc
C_006_009_20230827185042_001_006_000_000.jpg,./data/you_chalk_brood/normal/C_006_009_20230827185042_001_006_000_000.jpg,0,normal,C_006,C_006_009,C_006_009_20230827,000,1920,1080,2073600,957642,143.22659301757812,59.65437394093439,-0.7420505401234578,-2.514141589506167,59.61952359068628,-0.70526123046875,-2.491668701171875,140.6267824074074,144.03285445601853,147.6443643904321,140.5409698486328,143.94281005859375,147.5523223876953,140.0,1479815.5,0.7136455922067901,0.09086716595338842,1.475,8f0d5b2a4bcc09c691be8af966199f16,d83847c7c3713c3c
C_006_009_20230827190556_001_006_000_000.jpg,./data/you_chalk_brood/normal/C_006_009_20230827190556_001_006_000_000.jpg,0,normal,C_006,C_006_009,C_006_009_20230827,000,1920,1080,2073600,872678,143.16561889648438,59.63704308884048,-0.6576171874999943,-2.5320481288580226,59.60159600949755,-0.618072509765625,-2.51800537109375,140.6539809992284,143.88703269675926,147.63809172453705,140.56846618652344,143.79554748535156,147.5454559326172,140.0,1506017.0,0.7262813464506173,0.07847540030582432,1.4638888888888888,63e34d9b9a62f9aa51ab1f55eb481650,d1394ece4c393173
C_006_009_20230831160908_001_006_000_000.jpg,./data/you_chalk_brood/normal/C_006_009_20230831160908_001_006_000_000.jpg,0,normal,C_006,C_006_009,C_006_009_20230831,000,1920,1080,2073600,593976,134.97772216796875,56.48774396332607,-0.8469579475308677,-2.3113599537037004,56.461558622472424,-0.82989501953125,-2.2903289794921875,132.53642264660493,135.92859471450618,138.90021508487655,132.47120666503906,135.86178588867188,138.83009338378906,133.0,1374373.0,0.6627956211419753,0.06291649774279423,1.412037037037037,33bf93ed42812f604f2ad300d541748e,93334ccc663331dd
C_006_010_20230825164628_001_006_000_000.jpg,./data/you_chalk_brood/normal/C_006_010_20230825164628_001_006_000_000.jpg,0,normal,C_006,C_006_010,C_006_010_20230825,000,1920,1080,2073600,765695,136.8428192138672,57.19696048172356,-0.6502150848765496,-2.756804591049388,57.16312184053309,-0.612060546875,-2.748260498046875,134.10869164737653,137.5390909529321,141.72579234182098,134.0303192138672,137.45932006835938,141.63743591308594,135.0,1365404.0,0.6584702932098765,0.08974138748940669,1.3555555555555556,8530a122baa734bfba44ba4005c35a29,91394ecf3131ccce
C_006_010_20230825165936_001_006_000_000.jpg,./data/you_chalk_brood/normal/C_006_010_20230825165936_001_006_000_000.jpg,0,normal,C_006,C_006_010,C_006_010_20230825,000,1920,1080,2073600,688470,137.09507751464844,57.276261233660136,-0.5148220486111086,-2.822748360339503,57.24648868336397,-0.481689453125,-2.8195343017578125,134.47478153935185,137.66463300540124,142.08432050540122,134.4087371826172,137.59304809570312,142.00660705566406,135.0,1381358.0,0.6661641589506173,0.11625456195889271,1.3657407407407407,290d5c27e070f69ee69f1304dc99adfa,91734ecc383167c7
C_006_010_20230827163818_001_006_000_000.jpg,./data/you_chalk_brood/normal/C_006_010_20230827163818_001_006_000_000.jpg,0,normal,C_006,C_006_010,C_006_010_20230827,000,1920,1080,2073600,585897,135.6713409423828,56.75786734446866,-0.5702358217592547,-2.133790991512342,56.735145718443626,-0.5643310546875,-2.112152099609375,133.6460865162037,136.45342447916667,139.2721243248457,133.5893096923828,136.3964080810547,139.20924377441406,134.0,1352065.5,0.6520377604166666,0.09511708024468571,1.3583333333333334,12d2d0ec9d8c710becaf0624b27b3ee6,c609197666cd6793
C_006_010_20230829163456_001_006_000_000.jpg,./data/you_chalk_brood/normal/C_006_010_20230829163456_001_006_000_000.jpg,0,normal,C_006,C_006_010,C_006_010_20230829,000,1920,1080,2073600,517539,144.17132568359375,60.08376338961511,-0.9477845293209839,-2.3030121527777823,60.056194230621934,-0.9361419677734375,-2.271636962890625,141.49920187114196,145.18531876929012,147.9934553433642,141.42945861816406,145.11752319335938,147.92294311523438,143.0,1240884.5,0.5984203800154321,0.05841788165360385,1.3416666666666666,9f43cb0d6bcfc0b34cb826e0675ea782,d3330cd9296666dc
C_006_010_20230831144344_001_006_000_000.jpg,./data/you_chalk_brood/normal/C_006_010_20230831144344_001_006_000_000.jpg,0,normal,C_006,C_006_010,C_006_010_20230831,000,1920,1080,2073600,384167,136.53436279296875,57.05583223644396,-0.5771397569444474,-2.5760165895061675,57.035725911458336,-0.5558929443359375,-2.5749664306640625,133.9800323109568,137.12539110725308,141.07878809799382,133.93443298339844,137.0760498046875,141.02174377441406,135.0,1317495.0,0.6353660300925926,0.14328528400114163,1.3407407407407408,ca93e72a4221782c10a1978e755123ae,d3734ccc33664633
C_006_010_20230902144918_001_006_000_000.jpg,./data/you_chalk_brood/normal/C_006_010_20230902144918_001_006_000_000.jpg,0,normal,C_006,C_006_010,C_006_010_20230902,000,1920,1080,2073600,809751,137.9832763671875,57.66560514251997,-0.7557576195987679,-2.102327835648154,57.63245227290135,-0.7295684814453125,-2.077850341796875,135.70205536265433,138.84861400462964,141.6125241126543,135.62493896484375,138.76515197753906,141.52645874023438,137.0,1238762.0,0.5973967978395062,0.057389410573524896,1.2842592592592592,c15c7fa4e4b6ebfc812738ca7055e779,d36e4c3133cecc31
C_006_010_20230902190737_001_006_000_000.jpg,./data/you_chalk_brood/normal/C_006_010_20230902190737_001_006_000_000.jpg,0,normal,C_006,C_006_010,C_006_010_20230902,000,1920,1080,2073600,774757,136.64395141601562,57.11489651416122,-0.469186439043213,-2.382161940586414,57.08123898973652,-0.4352569580078125,-2.3727874755859375,134.44785638503086,137.23196903935184,140.84847559799383,134.3730010986328,137.14903259277344,140.7624053955078,133.0,1643681.5,0.7926704764660494,0.06446048298966,1.6398148148148148,29cb7d408e8d63bdfc7d9694db020d4c,c69959664c997699
C_006_010_20230904160625_001_006_000_000.jpg,./data/you_chalk_brood/normal/C_006_010_20230904160625_001_006_000_000.jpg,0,normal,C_006,C_006_010,C_006_010_20230904,000,1920,1080,2073600,769532,134.5381622314453,56.30653727154442,-0.5593817515432136,-2.3499078896605,56.273031795726105,-0.531646728515625,-2.3334503173828125,132.3543962191358,135.27347029320987,138.58606674382716,132.27764892578125,135.1898651123047,138.4998779296875,133.0,1405528.5,0.6778204571759259,0.0731652548947479,1.4083333333333334,15215e9479b347fd31558d5ce5d37537,d35c0c3333cc33dc
C_006_010_20230905072554_001_006_000_000.jpg,./data/you_chalk_brood/normal/C_006_010_20230905072554_001_006_000_000.jpg,0,normal,C_006,C_006_010,C_006_010_20230905,000,1920,1080,2073600,593126,139.9916534423828,58.42447557340837,-0.9809664351851808,-2.3521976273148084,58.39845545151655,-0.9526214599609375,-2.3364715576171875,137.06010030864198,140.95402199074073,144.18038387345678,136.9987335205078,140.887939453125,144.10760498046875,138.0,1380763.0,0.6658772183641976,0.08364962165633795,1.3925925925925926,05b3690e05ebf2b30947102a79bd0195,c49b13649b926d9b
C_006_010_20230908155225_001_006_000_000.jpg,./data/you_chalk_brood/normal/C_006_010_20230908155225_001_006_000_000.jpg,0,normal,C_006,C_006_010,C_006_010_20230908,000,1920,1080,2073600,807621,136.75387573242188,57.19691244553376,-0.9632508680555532,-1.9830666473765461,57.163869820389095,-0.9366607666015625,-1.9473114013671875,134.40326195987655,137.78446662808642,140.1380401234568,134.32015991210938,137.7014617919922,140.04574584960938,135.0,1275585.5,0.615155044367284,0.05076337673926008,1.3768518518518518,2de196fe74944c4e1aaac3f4cf27c6a1,904747383ec7393e
C_006_011_20230827172315_001_006_000_000.jpg,./data/you_chalk_brood/normal/C_006_011_20230827172315_001_006_000_000.jpg,0,normal,C_006,C_006_011,C_006_011_20230827,000,1920,1080,2073600,557217,135.736083984375,56.78323650447833,-0.7637003279320993,-2.2655512152777817,56.758249320235905,-0.750457763671875,-2.24298095703125,133.4257740162037,136.62951437114197,139.5566613618827,133.36390686035156,136.56704711914062,139.48822021484375,134.0,1361854.5,0.6567585358796296,0.09881912322539935,1.3722222222222222,ee5d357621ca3cd9ffe34054ad6eb503,c61b19666699cd66
C_006_011_20230830065228_001_006_000_000.jpg,./data/you_chalk_brood/normal/C_006_011_20230830065228_001_006_000_000.jpg,0,normal,C_006,C_006_011,C_006_011_20230830,000,1920,1080,2073600,665905,140.42503356933594,58.59678951827645,-1.0827025462962894,-2.2286038773148107,58.56550628063726,-1.0501861572265625,-2.2226104736328125,137.1591256751543,141.3396619405864,144.56509403935186,137.08859252929688,141.26451110839844,144.48348999023438,139.0,1312612.5,0.6330114293981481,0.06481049817775797,1.4046296296296297,7a17eb61ce277b14edf9d0890c6a59bd,93334ccc4e3333d9
C_006_011_20230831145112_001_006_000_000.jpg,./data/you_chalk_brood/normal/C_006_011_20230831145112_001_006_000_000.jpg,0,normal,C_006,C_006_011,C_006_011_20230831,000,1920,1080,2073600,296720,136.5154571533203,57.04208972555072,-0.6112962962963024,-2.6302642746913563,57.02403349034927,-0.5923614501953125,-2.6270751953125,133.85871576003086,137.12415364583333,141.1556389853395,133.82440185546875,137.07814025878906,141.10528564453125,135.0,1310656.0,0.6320679012345679,0.19112076913790643,1.3416666666666666,93ef04df3f11ea47b749e9f97d2d739b,d3664ccc19337666
C_006_011_20230902164018_001_006_000_000.jpg,./data/you_chalk_brood/normal/C_006_011_20230902164018_001_006_000_000.jpg,0,normal,C_006,C_006_011,C_006_011_20230902,000,1920,1080,2073600,829490,136.53863525390625,57.09916976821593,-0.6910773533950589,-2.2569540895061664,57.066183651194855,-0.67083740234375,-2.2289276123046875,134.26265190972222,137.38813416280865,140.39686487268517,134.1846923828125,137.30490112304688,140.3111114501953,135.0,1329777.0,0.6412890625,0.06199468107909025,1.3611111111111112,c34900e3985d10ca3f0fcdb4bae07053,c62e193b66cc9933
C_006_011_20230903074114_001_006_000_000.jpg,./data/you_chalk_brood/normal/C_006_011_20230903074114_001_006_000_000.jpg,0,normal,C_006,C_006_011,C_006_011_20230903,000,1920,1080,2073600,802554,136.53001403808594,57.06407573832003,-0.5601919367284012,-2.478010706018523,57.03204585056679,-0.5282440185546875,-2.47625732421875,133.91094618055556,137.17348283179012,141.05544077932097,133.83631896972656,137.09800720214844,140.97561645507812,133.0,1636219.0,0.7890716628086419,0.07651738272716258,1.614814814814815,d7934e16185b0d2546b9a276521e9343,c619d966649972e9
C_006_011_20230904154859_001_006_000_000.jpg,./data/you_chalk_brood/normal/C_006_011_20230904154859_001_006_000_000.jpg,0,normal,C_006,C_006_011,C_006_011_20230904,000,1920,1080,2073600,306624,135.67111206054688,56.76614469862018,-0.9491391782407419,-1.8489231288580186,56.745354147518384,-0.93597412109375,-1.84027099609375,133.41339313271604,136.66025125385804,138.82078125,133.36392211914062,136.60455322265625,138.76953125,133.0,1516188.5,0.7311865837191358,0.13607706044613446,1.5064814814814815,19e502f7902b8ebe74de0fb8c7db1369,d319cc663399cc66
C_006_011_20230904161119_001_006_000_000.jpg,./data/you_chalk_brood/normal/C_006_011_20230904161119_001_006_000_000.jpg,0,normal,C_006,C_006_011,C_006_011_20230904,000,1920,1080,2073600,719384,134.36509704589844,56.24815003933673,-0.8056052276234595,-2.261439043209876,56.21547923368566,-0.7679443359375,-2.2501068115234375,131.9060262345679,135.21649884259259,138.3059027777778,131.8335418701172,135.1352081298828,138.22378540039062,133.0,1358719.5,0.6552466724537037,0.0761204719088613,1.374074074074074,59952ac13d1a67930c3697f33b610d7f,d3194c663399cecc
C_006_012_20230829140159_001_006_000_000.jpg,./data/you_chalk_brood/normal/C_006_012_20230829140159_001_006_000_000.jpg,0,normal,C_006,C_006_012,C_006_012_20230829,000,1920,1080,2073600,284289,136.50588989257812,57.08813430464778,-0.8805319251543153,-2.0800202546296305,57.068828507965684,-0.86907958984375,-2.06689453125,134.1827237654321,137.45978298611112,140.01224103009258,134.1371307373047,137.4091033935547,139.96051025390625,134.0,1434614.0,0.6918470293209876,0.15125090006266928,1.400925925925926,be73d729434640c293fdcd24a14e59dc,91ce4e3333cc4cc7
C_006_012_20230830062603_001_006_000_000.jpg,./data/you_chalk_brood/normal/C_006_012_20230830062603_001_006_000_000.jpg,0,normal,C_006,C_006_012,C_006_012_20230830,000,1920,1080,2073600,371158,142.24830627441406,59.26829989711934,-0.8911926118827154,-2.6154783950617286,59.24981809129902,-0.8708648681640625,-2.609375,139.0386897183642,143.01737798996913,146.96796826774693,138.99851989746094,142.96852111816406,146.91445922851562,140.0,1440758.5,0.6948102334104939,0.14639069874316224,1.461111111111111,1be5f18dab124ec7b9d8d4ab22322a6e,c633198c6636d9d9
C_006_012_20230906155811_001_006_000_000.jpg,./data/you_chalk_brood/normal/C_006_012_20230906155811_001_006_000_000.jpg,0,normal,C_006,C_006_012,C_006_012_20230906,000,1920,1080,2073600,705941,136.8188934326172,57.174602093923994,-0.5674782986111069,-2.610382908950612,57.14465571384804,-0.5391387939453125,-2.6058807373046875,134.1738642939815,137.47527826003088,141.48976080246914,134.10345458984375,137.4039306640625,141.40673828125,135.0,1353828.0,0.6528877314814815,0.09021638250110536,1.3601851851851852,ef718a3763de87faba0950c9e472db8d,c666199933776466
C_006_012_20230906163353_001_006_000_000.jpg,./data/you_chalk_brood/normal/C_006_012_20230906163353_001_006_000_000.jpg,0,normal,C_006,C_006_012,C_006_012_20230906,000,1920,1080,2073600,289192,135.83673095703125,56.82295581427015,-1.0137528935185145,-2.2814506172839515,56.80378633386948,-0.9999542236328125,-2.274169921875,133.22142988040125,136.85178288966048,139.71967062114197,133.17283630371094,136.80194091796875,139.67047119140625,134.0,1352290.5,0.6521462673611111,0.13263488998293024,1.3685185185185185,cec1f083b35e9979b1c8b4458dc3589e,c6e61999666619b3
C_006_012_20230906170152_001_006_000_000.jpg,./data/you_chalk_brood/normal/C_006_012_20230906170152_001_006_000_000.jpg,0,normal,C_006,C_006_012,C_006_012_20230906,000,1920,1080,2073600,517704,136.16253662109375,56.946858546659406,-0.9788565779320919,-2.412790316358027,56.921165316712624,-0.9477386474609375,-2.4042205810546875,133.4094608410494,137.12024016203705,140.33557002314814,133.35084533691406,137.0552978515625,140.26991271972656,134.0,1396478.0,0.6734558256172839,0.08409634611106895,1.3916666666666666,6b7a6cc1ac240546067125a5eeab305c,c6e6199966669c99
C_006_012_20230906175043_001_006_000_000.jpg,./data/you_chalk_brood/normal/C_006_012_20230906175043_001_006_000_000.jpg,0,normal,C_006,C_006_012,C_006_012_20230906,000,1920,1080,2073600,508714,135.17266845703125,56.56014206608569,-0.8272125771604948,-2.3903496334876593,56.535991593903184,-0.8007659912109375,-2.378814697265625,132.67670910493828,136.05759452160493,139.2760262345679,132.61952209472656,135.99693298339844,139.2093963623047,133.0,1396016.0,0.673233024691358,0.08027544719237927,1.3981481481481481,d104601a86578ea6bd11bd46bece61ca,c6e619996664d933
C_006_012_20230907064844_001_006_000_000.jpg,./data/you_chalk_brood/normal/C_006_012_20230907064844_001_006_000_000.jpg,0,normal,C_006,C_006_012,C_006_012_20230907,000,1920,1080,2073600,664618,138.50193786621094,57.84053346647301,-0.7037750771605005,-2.576861014660494,57.813744638480394,-0.66961669921875,-2.5654144287109375,135.9453153935185,139.2334905478395,142.97941647376544,135.886474609375,139.1693115234375,142.9037322998047,137.0,1307765.5,0.6306739486882716,0.08212580795112148,1.337962962962963,fa812466dd989f55c3e4f1920e7f4a50,8659d92626d95967
C_006_012_20230912135645_001_006_000_000.jpg,./data/you_chalk_brood/normal/C_006_012_20230912135645_001_006_000_000.jpg,0,normal,C_006,C_006_012,C_006_012_20230912,000,1920,1080,2073600,763148,134.1839599609375,56.184684965807314,-0.7451649305555605,-1.959161361882721,56.15374995212929,-0.7307281494140625,-1.928863525390625,131.97987075617283,135.06843942901236,137.50528356481482,131.9035186767578,134.99139404296875,137.42420959472656,133.0,1318393.0,0.6357990933641975,0.06920015139117995,1.3324074074074075,a9873ddcf1da1900ab018d6aec121d5c,c36c4c9b33ee0cb1
C_006_012_20230912145754_001_006_000_000.jpg,./data/you_chalk_brood/normal/C_006_012_20230912145754_001_006_000_000.jpg,0,normal,C_006,C_006_012,C_006_012_20230912,000,1920,1080,2073600,739969,134.37989807128906,56.257227177136286,-0.1805232445987599,-2.1225573881172863,56.22489779603247,-0.18115234375,-2.0908660888671875,132.7561183449074,134.9786974344136,137.95143277391975,132.67568969726562,134.89779663085938,137.86929321289062,133.0,1326029.0,0.6394815779320988,0.07372107480459096,1.3425925925925926,0512d94ccc28876cfd7163b5ca0ed6e9,93664c9933cecc33
C_007_012_20230829150411_001_007_000_000.jpg,./data/you_chalk_brood/normal/C_007_012_20230829150411_001_007_000_000.jpg,0,normal,C_007,C_007_012,C_007_012_20230829,000,1920,1080,2073600,580797,135.77796936035156,56.8087660372791,-1.0026408179012378,-2.1591338734567955,56.781699984681374,-0.9785308837890625,-2.1365203857421875,133.2553163580247,136.82056230709875,139.42325376157407,133.19065856933594,136.7501983642578,139.35264587402344,134.0,1362573.5,0.6571052758487654,0.07928117299908546,1.3675925925925927,ae4428ed0d8894ff59885250f799e0b6,910e4c3333ce6edc
C_007_012_20230912143808_001_007_000_000.jpg,./data/you_chalk_brood/normal/C_007_012_20230912143808_001_007_000_000.jpg,0,normal,C_007,C_007_012,C_007_012_20230912,000,1920,1080,2073600,703077,134.68519592285156,56.38376376785282,-0.7692283950617309,-2.0001875964506155,56.3522518382353,-0.75091552734375,-1.972137451171875,132.5014028742284,135.60375626929013,138.0696166087963,132.4242706298828,135.523193359375,137.98883056640625,133.0,1358416.5,0.6551005497685185,0.08275620191406115,1.3583333333333334,487d576bfabcf01cd2e05c055eade275,93cc4c3333ccd933
C_007_013_20230826122523_001_007_000_000.jpg,./data/you_chalk_brood/normal/C_007_013_20230826122523_001_007_000_000.jpg,0,normal,C_007,C_007_013,C_007_013_20230826,000,1920,1080,2073600,552019,136.21913146972656,56.97444531439119,-0.6463310185185236,-2.1303231095678967,56.949391084558826,-0.635467529296875,-2.1153564453125,134.12694396219135,137.04896749614198,139.8404827353395,134.06393432617188,136.98500061035156,139.77552795410156,134.0,1423020.0,0.686255787037037,0.10186843430415,1.4,690d475ca7c3dbc57c574570d7f5ea06,c619196664997677
C_007_013_20230904152327_001_007_000_000.jpg,./data/you_chalk_brood/normal/C_007_013_20230904152327_001_007_000_000.jpg,0,normal,C_007,C_007_013,C_007_013_20230904,000,1920,1080,2073600,593410,135.2855682373047,56.60768333182038,-0.6690239197530872,-1.9863565779320993,56.58143884995405,-0.64898681640625,-1.97149658203125,133.22383439429012,136.09966194058643,138.69729552469136,133.160888671875,136.03370666503906,138.63059997558594,133.0,1492893.0,0.7199522569444444,0.08118360702333338,1.4944444444444445,16e9a3f2da2cb20af123023febbf4104,c63319cc66736e23
C_007_013_20230904171926_001_007_000_000.jpg,./data/you_chalk_brood/normal/C_007_013_20230904171926_001_007_000_000.jpg,0,normal,C_007,C_007_013,C_007_013_20230904,000,1920,1080,2073600,687559,134.81504821777344,56.42318124394819,-0.662403067129631,-2.244516782407402,56.392235849417894,-0.637420654296875,-2.2319488525390625,132.58247636959877,135.6126287615741,138.68820746527777,132.50558471679688,135.5336456298828,138.610107421875,133.0,1414560.5,0.6821761670524691,0.07931632029441092,1.425,f73f63864c6f2b97205554fd9ec46700,d34c4c334ecc33ce
C_007_013_20230904173847_001_007_000_000.jpg,./data/you_chalk_brood/normal/C_007_013_20230904173847_001_007_000_000.jpg,0,normal,C_007,C_007_013,C_007_013_20230904,000,1920,1080,2073600,591150,142.98428344726562,59.58096953673444,-0.6160932677469191,-2.3276123649691414,59.55471861596201,-0.5943603515625,-2.3100128173828125,140.73780478395062,143.71036651234567,146.97585069444443,140.67514038085938,143.6448974609375,146.90855407714844,140.0,1480318.5,0.7138881655092593,0.09368802588400481,1.489814814814815,145fe2de0da27dc58853ff5de8688fac,c49b1b6c649b5d64
C_007_013_20230908163934_001_007_000_000.jpg,./data/you_chalk_brood/normal/C_007_013_20230908163934_001_007_000_000.jpg,0,normal,C_007,C_007_013,C_007_013_20230908,000,1920,1080,2073600,628517,136.40478515625,57.05245627572016,-0.987336998456783,-2.1508174189814753,57.024117264093135,-0.9648590087890625,-2.12127685546875,133.9084162808642,137.44247299382715,140.03864969135802,133.8402557373047,137.36846923828125,139.95899963378906,134.0,1432031.0,0.6906013695987654,0.09546352235123018,1.4435185185185184,7930d15addc7cabeba6a8480f37f2400,912f4e3931cece31
C_007_013_20230912155731_001_007_000_000.jpg,./data/you_chalk_brood/normal/C_007_013_20230912155731_001_007_000_000.jpg,0,normal,C_007,C_007_013,C_007_013_20230912,000,1920,1080,2073600,667507,134.4793701171875,56.289294170600336,-0.30257185570987133,-2.2877965856481524,56.25827564912684,-0.2959136962890625,-2.266998291015625,132.65251929012345,135.1415625,138.35046682098766,132.5755615234375,135.06297302246094,138.2737274169922,133.0,1332145.0,0.642431037808642,0.06978464959285526,1.3314814814814815,1f12f46e89799067321e089a60da13b1,93664c997366cc99
C_007_014_20230827173525_001_007_000_000.jpg,./data/you_chalk_brood/normal/C_007_014_20230827173525_001_007_000_000.jpg,0,normal,C_007,C_007_014,C_007_014_20230827,000,1920,1080,2073600,569544,135.7095947265625,56.774416190087145,-0.34586467978394353,-1.9987813464506132,56.748298196231616,-0.3464813232421875,-1.971923828125,133.99567081404322,136.34345823688273,139.03729697145062,133.93507385253906,136.27989196777344,138.9713897705078,134.0,1354772.5,0.6533432195216049,0.08646307400651713,1.3666666666666667,6996d5414c7885006bc037ade78ee15e,c65919666699d966
C_007_014_20230828084412_001_007_000_000.jpg,./data/you_chalk_brood/normal/C_007_014_20230828084412_001_007_000_000.jpg,0,normal,C_007,C_007_014,C_007_014_20230828,000,1920,1080,2073600,815190,140.38482666015625,58.59407755386105,-0.8237712191358071,-2.3487307098765484,58.56158088235294,-0.78448486328125,-2.3267669677734375,137.94884114583334,141.25744068287037,144.44096884645063,137.8717498779297,141.1751708984375,144.35264587402344,139.0,1277168.5,0.6159184510030864,0.07762416331109444,1.2962962962962963,bc1a2d83883c07e53d70cb7583abdb29,d34c4c3333cc9973
C_007_014_20230829171109_001_007_000_000.jpg,./data/you_chalk_brood/normal/C_007_014_20230829171109_001_007_000_000.jpg,0,normal,C_007,C_007_014,C_007_014_20230829,000,1920,1080,2073600,761747,142.1972198486328,59.24997503631082,-0.7324816743827114,-2.5526977237654336,59.21563241996017,-0.696685791015625,-2.5457916259765625,139.37450183256172,142.90243778935186,146.80718315972223,139.29348754882812,142.81695556640625,146.7212677001953,140.0,1434644.0,0.6918614969135802,0.07074232556463574,1.4722222222222223,eb97cb3729092ee35916d8e7531f927b,d1334ccccc333373
C_007_014_20230903111405_001_007_000_000.jpg,./data/you_chalk_brood/normal/C_007_014_20230903111405_001_007_000_000.jpg,0,normal,C_007,C_007_014,C_007_014_20230903,000,1920,1080,2073600,654015,131.8877716064453,55.2738656650932,-0.41915219907407675,-1.6790977044753106,55.247018851485905,-0.4136199951171875,-1.656463623046875,130.25762635030864,132.58190104166667,134.76540219907406,130.1873016357422,132.51307678222656,134.6924285888672,131.0,1101053.5,0.5309864486882716,0.03868985843142122,1.3398148148148148,7d480a649181cf957a32e6504ac06556,c56d12925b6d6d94
C_007_014_20230906153028_001_007_000_000.jpg,./data/you_chalk_brood/normal/C_007_014_20230906153028_001_007_000_000.jpg,0,normal,C_007,C_007_014,C_007_014_20230906,000,1920,1080,2073600,815738,137.13931274414062,57.319629402687,-0.7533328510802448,-2.3822337962962905,57.28565889246323,-0.7141571044921875,-2.3729095458984375,134.58872974537036,137.94475597993826,141.33354697145063,134.51075744628906,137.86412048339844,141.24867248535156,136.0,1261857.5,0.6085346739969136,0.06928131072644839,1.2685185185185186,696301db7f17dd54ed262f47799ac2f0,c63319996c66339b
C_007_014_20230906170251_001_007_000_000.jpg,./data/you_chalk_brood/normal/C_007_014_20230906170251_001_007_000_000.jpg,0,normal,C_007,C_007_014,C_007_014_20230906,000,1920,1080,2073600,619403,135.78497314453125,56.80840311819172,-1.041795910493832,-2.2603452932098804,56.781454647288605,-1.0146331787109375,-2.2440338134765625,133.10720582561729,136.81721739969134,139.66572627314815,133.04164123535156,136.7491455078125,139.59576416015625,134.0,1345537.5,0.6488896122685185,0.09377151190146236,1.3472222222222223,aaf074908ba8dc345106464826529d96,d3b34ccc33331966
C_007_014_20230910170136_001_007_000_000.jpg,./data/you_chalk_brood/normal/C_007_014_20230910170136_001_007_000_000.jpg,0,normal,C_007,C_007_014,C_007_014_20230910,000,1920,1080,2073600,477923,133.64529418945312,55.95252814088598,-0.3543995949074059,-2.640616801697533,55.92739928002451,-0.327880859375,-2.6415863037109375,131.34242717978395,134.0479865933642,138.31911120756172,131.29031372070312,133.98623657226562,138.25592041015625,132.0,1351285.5,0.6516616030092592,0.10015676684421722,1.3601851851851852,b24f78fe093b3c79af8d7f2814c2a878,91314ececf31313e
C_007_014_20230912154409_001_007_000_000.jpg,./data/you_chalk_brood/normal/C_007_014_20230912154409_001_007_000_000.jpg,0,normal,C_007,C_007_014,C_007_014_20230912,000,1920,1080,2073600,710574,134.09323120117188,56.14059625393367,-0.4701075424382708,-2.198642457561732,56.108619839537376,-0.46337890625,-2.1728363037109375,132.1236077353395,134.8479943094136,137.80768759645062,132.04251098632812,134.76914978027344,137.72752380371094,133.0,1316532.5,0.6349018614969136,0.06988447128731823,1.3305555555555555,c3c63b203de2c06a107669de2a4f43b8,863359cc663399e6
C_008_015_20230830072850_001_008_000_000.jpg,./data/you_chalk_brood/normal/C_008_015_20230830072850_001_008_000_000.jpg,0,normal,C_008,C_008_015,C_008_015_20230830,000,1920,1080,2073600,374726,141.92095947265625,59.1884353818688,-1.2346108217592615,-2.3426403356481416,59.16937136182598,-1.2179107666015625,-2.3331146240234375,138.4831389853395,142.91163821373456,146.14354600694443,138.44236755371094,142.8673858642578,146.087646484375,140.0,1370083.0,0.6607267554012346,0.12569697630291343,1.4296296296296296,7fd60f1a91068d9a178b11df44c5e20d,c1734ccc33336ecc
C_008_015_20230831143330_001_008_000_000.jpg,./data/you_chalk_brood/normal/C_008_015_20230831143330_001_008_000_000.jpg,0,normal,C_008,C_008_015,C_008_015_20230831,000,1920,1080,2073600,278140,136.7532501220703,57.12617499546115,-0.5263247492283938,-2.7252946566357963,57.108692842371326,-0.5110321044921875,-2.7249603271484375,134.076300154321,137.28478587962962,141.59141975308643,134.04087829589844,137.2411651611328,141.5391845703125,135.0,1331987.0,0.6423548418209877,0.19505499838820659,1.3592592592592592,4dc94891f1f2a463c1407bbeeabb3f99,d3334ccc663331d9
C_008_015_20230903075201_001_008_000_000.jpg,./data/you_chalk_brood/normal/C_008_015_20230903075201_001_008_000_000.jpg,0,normal,C_008,C_008_015,C_008_015_20230903,000,1920,1080,2073600,826933,134.99244689941406,56.46445946048173,-0.4212880979938234,-2.724020061728396,56.43145991306679,-0.387969970703125,-2.7208709716796875,132.3894179205247,135.5774291087963,139.9171339699074,132.31497192382812,135.4991455078125,139.83419799804688,132.0,1518015.5,0.7320676601080247,0.05850861215699844,1.5694444444444444,fff88f8c364c5c2414677a1d0f75e8f3,d1864e39c7c638c7
C_008_015_20230907122602_001_008_000_000.jpg,./data/you_chalk_brood/normal/C_008_015_20230907122602_001_008_000_000.jpg,0,normal,C_008,C_008_015,C_008_015_20230907,000,1920,1080,2073600,707636,134.64488220214844,56.361335027838294,-0.950372299382721,-1.8453718171296316,56.33263681449142,-0.9283294677734375,-1.8118438720703125,132.3361149691358,135.64907793209878,137.79381172839507,132.26882934570312,135.57508850097656,137.7137908935547,133.0,1405810.0,0.677956211419753,0.0728095243864851,1.3888888888888888,ae25cf7626d34e6ee900ce7fee470b32,c69959669964369b
C_008_016_20230825180830_001_008_000_000.jpg,./data/you_chalk_brood/normal/C_008_016_20230825180830_001_008_000_000.jpg,0,normal,C_008,C_008_016,C_008_016_20230825,000,1920,1080,2073600,711155,136.90505981445312,57.2489433929436,-0.9425390625000034,-2.298660300925931,57.216258329503674,-0.910491943359375,-2.2788238525390625,134.39727864583332,137.90337528935186,140.8289313271605,134.3214569091797,137.820556640625,140.74623107910156,135.0,1358509.0,0.6551451581790123,0.09575688673274008,1.3546296296296296,034747f8a38ce999c86ff96a108740e4,91784ec63139cec7
C_008_016_20230904144733_001_008_000_000.jpg,./data/you_chalk_brood/normal/C_008_016_20230904144733_001_008_000_000.jpg,0,normal,C_008,C_008_016,C_008_016_20230904,000,1920,1080,2073600,614535,135.4715118408203,56.67671738834423,-0.5944704861111063,-2.05468171296296,56.648457845052086,-0.5711212158203125,-2.0434417724609375,133.4241372492284,136.201729841821,139.03598524305556,133.3570098876953,136.13015747070312,138.9627227783203,133.0,1510881.5,0.7286272665895062,0.08200786178805423,1.488888888888889,e634c80ea61545806eb2855daa430cdd,d3194c6631d9669b
C_008_016_20230908160809_001_008_000_000.jpg,./data/you_chalk_brood/normal/C_008_016_20230908160809_001_008_000_000.jpg,0,normal,C_008,C_008_016,C_008_016_20230908,000,1920,1080,2073600,423982,137.6501007080078,57.53537411492374,-0.9700385802469071,-2.0731963734567955,57.5143612132353,-0.9503021240234375,-2.0638427734375,135.24317563657408,138.63777633101853,141.19025077160495,135.19407653808594,138.58473205566406,141.1373748779297,136.0,1335308.0,0.6439564043209877,0.12393137418437633,1.348148148148148,60b8b617ff8e254971fe42fab9f30ad0,914e46313cce33de
C_008_016_20230908194332_001_008_000_000.jpg,./data/you_chalk_brood/normal/C_008_016_20230908194332_001_008_000_000.jpg,0,normal,C_008,C_008_016,C_008_016_20230908,000,1920,1080,2073600,554699,139.88217163085938,58.34555343742436,-0.5384447337962968,-2.444228395061728,58.31933115042892,-0.511505126953125,-2.4369354248046875,137.50471643518517,140.47387345679013,144.20979552469134,137.44801330566406,140.40872192382812,144.13894653320312,132.0,1929798.5,0.9306512827932099,0.3001028967070382,1.749074074074074,4e294e9f08b441446a36beda76cede38,cd92126d92db1b6c
C_008_016_20230910164031_001_008_000_000.jpg,./data/you_chalk_brood/normal/C_008_016_20230910164031_001_008_000_000.jpg,0,normal,C_008,C_008_016,C_008_016_20230910,000,1920,1080,2073600,543102,132.27110290527344,55.43152214203583,-0.9759442515432113,-1.72235243055556,55.404764811197914,-0.9560699462890625,-1.703826904296875,129.96827690972222,133.26080777391977,135.238136091821,129.9081268310547,133.19171142578125,135.1696319580078,131.0,1343315.0,0.6478178047839506,0.1008994550798698,1.3546296296296296,1eeea9238d056007e8b424fc6a5a39cb,91334ecc193167e7
C_008_017_20230825181031_001_008_000_000.jpg,./data/you_chalk_brood/normal/C_008_017_20230825181031_001_008_000_000.jpg,0,normal,C_008,C_008_017,C_008_017_20230825,000,1920,1080,2073600,484248,136.88360595703125,57.221952349612685,-0.7823905285493851,-2.5488999807098764,57.19586540670956,-0.753265380859375,-2.5408935546875,134.3061569251543,137.7000072337963,141.2804586226852,134.24990844726562,137.6364288330078,141.21246337890625,135.0,1367684.0,0.6595698302469136,0.11760671269327627,1.348148148148148,4a6adcc658ddf10c09f32a184fdd1d34,91634cdc33674ed8
C_008_017_20230827165600_001_008_000_000.jpg,./data/you_chalk_brood/normal/C_008_017_20230827165600_001_008_000_000.jpg,0,normal,C_008,C_008_017,C_008_017_20230827,000,1920,1080,2073600,545696,135.29116821289062,56.61584853848947,-0.6863705632716091,-2.0660768711419735,56.59058215571385,-0.6775054931640625,-2.047393798828125,133.1811472800926,136.1484736689815,138.78384403935186,133.11947631835938,136.08413696289062,138.7208251953125,133.0,1423831.5,0.6866471354166667,0.10204094469733538,1.4027777777777777,d35547a44b7e8fc74b6817013bb3a544,c619196666d966d9
C_008_017_20230904153838_001_008_000_000.jpg,./data/you_chalk_brood/normal/C_008_017_20230904153838_001_008_000_000.jpg,0,normal,C_008,C_008_017,C_008_017_20230904,000,1920,1080,2073600,724099,135.5718994140625,56.71971356057855,-0.5720674189814758,-2.0313136574074093,56.69035668466606,-0.5539093017578125,-2.0115509033203125,133.58817322530865,136.33203703703703,139.06315055941357,133.5154571533203,136.25836181640625,138.98489379882812,133.0,1520010.5,0.7330297550154321,0.0956547333748704,1.548148148148148,0fde9fd897caaecb4de10b36e0896c4d,d3334ccc67391933
C_008_017_20230904162244_001_008_000_000.jpg,./data/you_chalk_brood/normal/C_008_017_20230904162244_001_008_000_000.jpg,0,normal,C_008,C_008_017,C_008_017_20230904,000,1920,1080,2073600,714378,133.95114135742188,56.092410471132894,-0.813466435185191,-2.058882619598762,56.05875052657782,-0.7942962646484375,-2.0301971435546875,131.6907421875,134.88853925540124,137.46115162037037,131.6063232421875,134.80433654785156,137.37130737304688,132.0,1346387.0,0.6492992862654321,0.0633427905114275,1.387037037037037,72f118016cc15a1d4a30989fa340773b,d3634ccc3363cc99
C_008_017_20230905075623_001_008_000_000.jpg,./data/you_chalk_brood/normal/C_008_017_20230905075623_001_008_000_000.jpg,0,normal,C_008,C_008_017,C_008_017_20230905,000,1920,1080,2073600,562047,138.56837463378906,57.86312012073348,-0.6882315779321004,-2.308779899691359,57.83816468481924,-0.662933349609375,-2.2980194091796875,136.18801359953704,139.31013551311727,142.59211371527778,136.13467407226562,139.24856567382812,142.52371215820312,136.0,1467695.0,0.7078004436728395,0.11396454693189492,1.4435185185185184,73403d02a9114886dfd35fb455d10086,c69c1966cc9966ce
C_008_017_20230910153826_001_008_000_000.jpg,./data/you_chalk_brood/normal/C_008_017_20230910153826_001_008_000_000.jpg,0,normal,C_008,C_008_017,C_008_017_20230910,000,1920,1080,2073600,569537,133.91134643554688,56.080917718167505,-1.0980295138888891,-1.617445987654321,56.054759306066174,-1.0736541748046875,-1.6007537841796875,131.47958574459878,134.93689477237655,136.74688126929013,131.42063903808594,134.87118530273438,136.67897033691406,132.0,1377266.0,0.6641907793209877,0.08213789155810691,1.3675925925925927,8dbf516c60ab88775541ed9be5fff226,d3334ccc32d9cc66
C_008_017_20230912133133_001_008_000_000.jpg,./data/you_chalk_brood/normal/C_008_017_20230912133133_001_008_000_000.jpg,0,normal,C_008,C_008_017,C_008_017_20230912,000,1920,1080,2073600,767562,135.00042724609375,56.49991451827644,-0.7849368248456727,-2.141053240740746,56.46746467141544,-0.755584716796875,-2.121978759765625,132.66703993055555,135.8595886381173,138.6982060185185,132.5884246826172,135.77928161621094,138.61659240722656,133.0,1401756.5,0.6760013985339506,0.07950963404423121,1.3981481481481481,4b35231743fd29daf24ac5ccfb684b99,c4791b666c9b926c
C_008_018_20230829165345_001_008_000_000.jpg,./data/you_chalk_brood/normal/C_008_018_20230829165345_001_008_000_000.jpg,0,normal,C_008,C_008_018,C_008_018_20230829,000,1920,1080,2073600,519575,142.75579833984375,59.52823128479787,-0.9876017554012293,-1.81592062114197,59.50106751685049,-0.9713592529296875,-1.794525146484375,140.28675298996913,143.75595823688272,145.85932822145062,140.22305297851562,143.68777465820312,145.78866577148438,140.0,1512363.0,0.729341724537037,0.11493980318117697,1.5046296296296295,1695508de0f0f0e732c84f77e32d86f9,d6361999666619f8
C_008_018_20230831141907_001_008_000_000.jpg,./data/you_chalk_brood/normal/C_008_018_20230831141907_001_008_000_000.jpg,0,normal,C_008,C_008_018,C_008_018_20230831,000,1920,1080,2073600,267029,135.01109313964844,56.49481038943355,-0.9851118827160548,-2.1914501350308626,56.478810029871326,-0.971893310546875,-2.1864776611328125,132.33277102623458,135.9556143904321,138.8095669367284,132.296142578125,135.9159698486328,138.7635040283203,133.0,1389290.0,0.6699893904320988,0.17274611742450388,1.387037037037037,2c5042e4c6473685dbfb3efe834b6c07,d3714ccc33339966
C_008_018_20230902144433_001_008_000_000.jpg,./data/you_chalk_brood/normal/C_008_018_20230902144433_001_008_000_000.jpg,0,normal,C_008,C_008_018,C_008_018_20230902,000,1920,1080,2073600,844145,137.72219848632812,57.56814028080368,-0.23801793981481012,-2.0078655478395007,57.534095913756126,-0.239959716796875,-1.9751434326171875,136.14049961419752,138.34284529320988,141.11786651234567,136.0582275390625,138.2581024169922,141.0291290283203,136.0,1321463.0,0.6372796103395062,0.06694040444688139,1.349074074074074,ee5e70bdb9dfd25d4e28bde64d5dc36d,d3264c3933c6ccb9
C_009_018_20230827161240_001_009_000_000.jpg,./data/you_chalk_brood/normal/C_009_018_20230827161240_001_009_000_000.jpg,0,normal,C_009,C_009_018,C_009_018_20230827,000,1920,1080,2073600,576930,135.77938842773438,56.80402917725732,-0.5883482831790161,-2.12402922453704,56.77798402075674,-0.578887939453125,-2.1019134521484375,133.75088734567902,136.5851851851852,139.37657793209877,133.68850708007812,136.5172882080078,139.30523681640625,134.0,1376150.5,0.6636528260030864,0.10104073661596909,1.3824074074074073,270c5d5c6d384442923f68346d6e5152,c64d196666d93366
C_009_018_20230902151804_001_009_000_000.jpg,./data/you_chalk_brood/normal/C_009_018_20230902151804_001_009_000_000.jpg,0,normal,C_009,C_009_018,C_009_018_20230902,000,1920,1080,2073600,663401,137.43568420410156,57.45691929163642,-0.8795775462962894,-2.0349686535493845,57.42882822074142,-0.85601806640625,-2.01483154296875,135.04551311728395,138.36844714506174,140.9401851851852,134.97959899902344,138.29769897460938,140.8710479736328,136.0,1300858.0,0.6273427854938272,0.06807213919650362,1.3425925925925926,7d69218f42b4e1abc56e934e3632e491,d32e4c3133ce9939
C_009_018_20230907080358_001_009_000_000.jpg,./data/you_chalk_brood/normal/C_009_018_20230907080358_001_009_000_000.jpg,0,normal,C_009,C_009_018,C_009_018_20230907,000,1920,1080,2073600,676030,137.37820434570312,57.39333299291939,-0.5769227430555617,-2.613749035493825,57.36399931066177,-0.54547119140625,-2.6052703857421875,134.92859471450618,138.00723668981482,141.9503944830247,134.86309814453125,137.93629455566406,141.8701629638672,135.0,1449271.0,0.698915412808642,0.08636349566955145,1.4259259259259258,49e92ed1b58c5bfd788dcc638d2a7c1a,83cccc3366cc33cd
C_009_018_20230908172734_001_009_000_000.jpg,./data/you_chalk_brood/normal/C_009_018_20230908172734_001_009_000_000.jpg,0,normal,C_009,C_009_018,C_009_018_20230908,000,1920,1080,2073600,640048,136.19509887695312,56.96413436516582,-0.7387977430555566,-2.311469425154314,56.93561030369179,-0.72015380859375,-2.2870635986328125,133.90166473765433,137.08930555555557,140.11039930555555,133.82974243164062,137.0162811279297,140.03651428222656,134.0,1423416.0,0.6864467592592592,0.07712981926448885,1.423148148148148,0e1228a20090bdb6e7d2e92f6d11705d,91464e3967ce3873
C_009_018_20230912142048_001_009_000_000.jpg,./data/you_chalk_brood/normal/C_009_018_20230912142048_001_009_000_000.jpg,0,normal,C_009,C_009_018,C_009_018_20230912,000,1920,1080,2073600,735820,134.8025665283203,56.4187437590777,-0.4705184220678973,-2.0889486882716,56.388771206724876,-0.459381103515625,-2.0637054443359375,132.91511525848765,135.55134403935185,138.35310136959876,132.8384246826172,135.474853515625,138.2744598388672,133.0,1382662.5,0.6667932581018519,0.06635604291973903,1.3981481481481481,05bba66e8100395df607300362a33f04,93794c7233cccc33
C_009_018_20230912160822_001_009_000_000.jpg,./data/you_chalk_brood/normal/C_009_018_20230912160822_001_009_000_000.jpg,0,normal,C_009,C_009_018,C_009_018_20230912,000,1920,1080,2073600,311813,133.9522247314453,56.07746535342531,-0.6085990547839515,-2.320477430555556,56.05673397288603,-0.6007843017578125,-2.3131103515625,131.78315104166666,134.75928722993828,137.87955343364197,131.7327880859375,134.70606994628906,137.82667541503906,133.0,1287033.0,0.6206756365740741,0.11332552886061177,1.3222222222222222,894fc5a940aadd05e392fda88ca1461c,93cc4c3333ccd933
C_009_019_20230825183547_001_009_000_000.jpg,./data/you_chalk_brood/normal/C_009_019_20230825183547_001_009_000_000.jpg,0,normal,C_009,C_009_019,C_009_019_20230825,000,1920,1080,2073600,685510,137.1385040283203,57.320831631263616,-0.81359326774691,-2.552846739969141,57.289955288756126,-0.7747344970703125,-2.543212890625,134.44445457175925,137.9489419367284,141.5934770447531,134.37733459472656,137.87489318847656,141.51458740234375,135.0,1380235.0,0.6656225887345679,0.09278333224513775,1.3722222222222222,558ec41a907e7fd471bbc2d69551b985,914e4c3133ce7cce
C_009_019_20230827181905_001_009_000_000.jpg,./data/you_chalk_brood/normal/C_009_019_20230827181905_001_009_000_000.jpg,0,normal,C_009,C_009_019,C_009_019_20230827,000,1920,1080,2073600,879984,142.23500061035156,59.278657936940206,-0.7526808449074025,-2.769372106481484,59.24234427657782,-0.7077484130859375,-2.7567291259765625,139.27998360339507,143.0523582175926,147.2185831404321,139.19557189941406,142.9589080810547,147.12660217285156,140.0,1430300.5,0.689766830632716,0.09576125480106443,1.4259259259259258,37e5e0aeb032434a2b1da6c07384fb3b,d1da4cce33399c32
C_009_019_20230829155551_001_009_000_000.jpg,./data/you_chalk_brood/normal/C_009_019_20230829155551_001_009_000_000.jpg,0,normal,C_009,C_009_019,C_009_019_20230829,000,1920,1080,2073600,549111,134.40086364746094,56.263237941781654,-0.9018451003086483,-2.1389602623456767,56.238427255667894,-0.8832855224609375,-2.1163787841796875,131.99883342978396,135.3782392939815,138.00735001929013,131.9364013671875,135.3152313232422,137.94081115722656,133.0,1349567.0,0.6508328510802469,0.0816008184502998,1.362037037037037,6b344feb28b16e660fa835afff53db61,914c4e3339cc67b9
C_009_019_20230829160507_001_009_000_000.jpg,./data/you_chalk_brood/normal/C_009_019_20230829160507_001_009_000_000.jpg,0,normal,C_009,C_009_019,C_009_019_20230829,000,1920,1080,2073600,596439,135.8376007080078,56.82568782528444,-0.89108072916666,-2.3240311535493845,56.79780249502144,-0.8668060302734375,-2.3055877685546875,133.36649305555557,136.7966898148148,139.78505594135802,133.2989501953125,136.72633361816406,139.70950317382812,134.0,1372491.0,0.6618880208333333,0.09847608579671213,1.3592592592592592,38589908d485283f060c64985c7e56e1,914e4e3333ccce33
C_009_019_20230829164306_001_009_000_000.jpg,./data/you_chalk_brood/normal/C_009_019_20230829164306_001_009_000_000.jpg,0,normal,C_009,C_009_019,C_009_019_20230829,000,1920,1080,2073600,728369,144.77816772460938,60.30351420660857,-1.1013888888888914,-1.6728452932098747,60.27172612208946,-1.0677490234375,-1.659515380859375,142.20375530478395,145.77116271219137,147.8211115933642,142.13233947753906,145.68862915039062,147.73846435546875,140.0,1692367.0,0.8161492091049383,0.09436784959089951,1.7157407407407408,cf8ed72872ff68473e871e789bd8805f,93730ccc9c337366
C_009_019_20230830063113_001_009_000_000.jpg,./data/you_chalk_brood/normal/C_009_019_20230830063113_001_009_000_000.jpg,0,normal,C_009,C_009_019,C_009_019_20230830,000,1920,1080,2073600,654261,142.9268035888672,59.54973788126362,-1.2346643518518476,-2.1333921682098804,59.5211971507353,-1.205322265625,-2.1270904541015625,139.35939525462962,143.90481385030864,146.9956182484568,139.29510498046875,143.8340301513672,146.91690063476562,123.0,2070601.0,0.9985537229938272,0.7237407649257476,1.7777777777777777,9d716a43ffbfe6d783bcef052c7de45e,c666199999766666
C_009_019_20230831143213_001_009_000_000.jpg,./data/you_chalk_brood/normal/C_009_019_20230831143213_001_009_000_000.jpg,0,normal,C_009,C_009_019,C_009_019_20230831,000,1920,1080,2073600,251459,137.1687469482422,57.25738414578795,-0.13017361111110404,-3.1098982445987673,57.24261115579044,-0.119354248046875,-3.1155853271484375,134.6651779513889,137.34983072916665,142.69981963734568,134.62603759765625,137.30686950683594,142.65823364257812,136.0,1270715.0,0.6128062307098765,0.17428838613339734,1.3148148148148149,94cea7b10742ac3250767cc1ad789e39,c37319cc46667333
C_009_019_20230831144113_001_009_000_000.jpg,./data/you_chalk_brood/normal/C_009_019_20230831144113_001_009_000_000.jpg,0,normal,C_009,C_009_019,C_009_019_20230831,000,1920,1080,2073600,628515,137.2460174560547,57.36644766702977,-1.0017877121913585,-2.19020736882716,57.33515720741421,-0.9658966064453125,-2.18157958984375,134.35146701388888,138.15383005401233,141.18535204475307,134.28591918945312,138.07875061035156,141.10165405273438,136.0,1287810.0,0.6210503472222222,0.07142934995883637,1.337037037037037,c78383121cfb1b89d8ddca9e07bd695f,d1734c8c317366f8
C_009_019_20230831161950_001_009_000_000.jpg,./data/you_chalk_brood/normal/C_009_019_20230831161950_001_009_000_000.jpg,0,normal,C_009,C_009_019,C_009_019_20230831,000,1920,1080,2073600,519300,135.55206298828125,56.714224007504235,-1.0312032214506104,-2.225716628086417,56.6909730200674,-1.0104827880859375,-2.209075927734375,132.87576919367285,136.57614728009258,139.36306857638888,132.82086181640625,136.51486206054688,139.30255126953125,133.0,1428068.0,0.6886902006172839,0.09458084402800035,1.4425925925925926,02b5dc0d424079926271558825423c69,d1334ccc663339dc
C_009_019_20230831164757_001_009_000_000.jpg,./data/you_chalk_brood/normal/C_009_019_20230831164757_001_009_000_000.jpg,0,normal,C_009,C_009_019,C_009_019_20230831,000,1920,1080,2073600,656313,136.0419158935547,56.910966813422895,-0.8263064236111148,-2.1637017746913614,56.88264136220894,-0.807159423828125,-2.1373291015625,133.6931254822531,136.99312355324074,139.70622733410494,133.62734985351562,136.92074584960938,139.63294982910156,134.0,1383220.5,0.6670623553240741,0.06716177070306141,1.4064814814814814,37dcc729c98fa37a214a092c2e6ea15f,d3330ccc4c7333d9
C_009_019_20230904151913_001_009_000_000.jpg,./data/you_chalk_brood/normal/C_009_019_20230904151913_001_009_000_000.jpg,0,normal,C_009,C_009_019,C_009_019_20230904,000,1920,1080,2073600,619822,135.3383026123047,56.62674443234083,-0.6360677083333286,-2.022775848765434,56.597846536075366,-0.6147918701171875,-2.0082244873046875,133.27879484953704,136.12589940200618,138.82919560185186,133.21084594726562,136.052001953125,138.7536163330078,133.0,1484891.0,0.7160932677469136,0.08144936853513006,1.4824074074074074,91cf4f8fb2297d8b4120d964a7ad4f1d,d3334ccc33332673
C_009_019_20230910155219_001_009_000_000.jpg,./data/you_chalk_brood/normal/C_009_019_20230910155219_001_009_000_000.jpg,0,normal,C_009,C_009_019,C_009_019_20230910,000,1920,1080,2073600,501501,133.25906372070312,55.809516839143065,0.06293933256174,-1.7397000385802528,55.784995883118874,0.0559234619140625,-1.723297119140625,132.1693812692901,133.67616946373457,136.20188705632717,132.1092529296875,133.6119384765625,136.13995361328125,132.0,1322019.0,0.6375477430555555,0.10601778652247662,1.325925925925926,6800deaa2853acad29a817ad12afae28,93cecc3126cc99ce
C_009_019_20230910162410_001_009_000_000.jpg,./data/you_chalk_brood/normal/C_009_019_20230910162410_001_009_000_000.jpg,0,normal,C_009,C_009_019,C_009_019_20230910,000,1920,1080,2073600,440922,133.0308837890625,55.7254996520213,-0.7365007716049377,-1.7474402006172909,55.703166886871934,-0.72943115234375,-1.7293853759765625,131.04596402391977,133.8827560763889,135.98641155478396,130.9911346435547,133.8251190185547,135.9296875,132.0,1291837.5,0.6229926215277778,0.1179976792372593,1.2916666666666667,4046300607ee0cba1f6996e0e74bc42a,93334ccc337c6633
C_009_019_20230911104240_001_009_000_000.jpg,./data/you_chalk_brood/normal/C_009_019_20230911104240_001_009_000_000.jpg,0,normal,C_009,C_009_019,C_009_019_20230911,000,1920,1080,2073600,646670,134.25819396972656,56.2179216594045,-0.4897082368827199,-1.8785956790123493,56.1850035424326,-0.48370361328125,-1.851043701171875,132.4290128279321,135.02975742669753,137.44561969521604,132.3473358154297,134.9485321044922,137.36221313476562,133.0,1347646.5,0.6499066840277777,0.05712965466067452,1.3574074074074074,dacdc73b30c2112d05bc581f9dbb3602,93334ccc67733133
C_009_019_20230912153450_001_009_000_000.jpg,./data/you_chalk_brood/normal/C_009_019_20230912153450_001_009_000_000.jpg,0,normal,C_009,C_009_019,C_009_019_20230912,000,1920,1080,2073600,868518,133.64939880371094,55.94566463931252,-0.25194540895061834,-2.3505835262345727,55.91015385646446,-0.2378997802734375,-2.3329925537109375,131.81072193287036,134.22931761188272,137.68885464891974,131.72535705566406,134.1400146484375,137.5983428955078,132.0,1269084.5,0.6120199170524692,0.061434109503231527,1.3009259259259258,59661130336d70663c2516337c003e18,962c199366cc4edb
C_009_020_20230827151913_001_009_000_000.jpg,./data/you_chalk_brood/normal/C_009_020_20230827151913_001_009_000_000.jpg,0,normal,C_009,C_009_020,C_009_020_20230827,000,1920,1080,2073600,637402,135.58612060546875,56.73232741013072,-0.9033902391975346,-2.1224869791666663,56.704430673636644,-0.8813629150390625,-2.1013641357421875,133.20901765046295,136.55424430941358,139.20374083719136,133.14112854003906,136.48464965820312,139.1299591064453,134.0,1351660.0,0.6518422067901235,0.08056394810813369,1.362037037037037,c57e255097bfbdfe3a72c6c225be0c85,c61919664d9b736c
C_009_020_20230827175922_001_009_000_000.jpg,./data/you_chalk_brood/normal/C_009_020_20230827175922_001_009_000_000.jpg,0,normal,C_009,C_009_020,C_009_020_20230827,000,1920,1080,2073600,1079429,121.00297546386719,50.98066221859114,-0.6331568287037044,-2.7663556134259295,50.93864291321997,-0.5938262939453125,-2.7500152587890625,118.27357204861111,121.80547791280864,125.8636009837963,118.17927551269531,121.70672607421875,125.75750732421875,118.0,1384649.0,0.6677512538580247,0.041164886436661975,1.4592592592592593,01eaf5022f342822dc8330aef6fe7903,906747384fc738ce
C_009_020_20230829134758_001_009_000_000.jpg,./data/you_chalk_brood/normal/C_009_020_20230829134758_001_009_000_000.jpg,0,normal,C_009,C_009_020,C_009_020_20230829,000,1920,1080,2073600,267589,134.8712921142578,56.43949747337206,-0.41959876543209873,-2.2249893904321,56.42234652650122,-0.4162750244140625,-2.219818115234375,132.92982349537036,135.57360001929013,138.63542534722222,132.88587951660156,135.52806091308594,138.591796875,133.0,1372557.0,0.6619198495370371,0.16266413532367496,1.3564814814814814,2b21106d15249efb70965bc39d791b9f,911c4c6733394fce
C_009_020_20230829155422_001_009_000_000.jpg,./data/you_chalk_brood/normal/C_009_020_20230829155422_001_009_000_000.jpg,0,normal,C_009,C_009_020,C_009_020_20230829,000,1920,1080,2073600,538470,135.31251525878906,56.62060884924958,-0.7892038001543256,-2.1896860532407345,56.593238980162376,-0.7689056396484375,-2.174652099609375,133.04705295138888,136.21255835262346,139.03273003472222,132.9823455810547,136.14218139648438,138.96826171875,133.0,1436427.5,0.6927215952932099,0.07571821160201385,1.424074074074074,be4c51071dab1a92247b950c1548da0d,914c4c3366cc7977
C_009_020_20230831141322_001_009_000_000.jpg,./data/you_chalk_brood/normal/C_009_020_20230831141322_001_009_000_000.jpg,0,normal,C_009,C_009_020,C_009_020_20230831,000,1920,1080,2073600,580031,137.39532470703125,57.41091272542969,-0.9279103973765501,-2.2453559027777743,57.386516496246934,-0.8970794677734375,-2.23956298828125,134.6225033757716,138.25083863811727,141.38820167824073,134.5673370361328,138.1897430419922,141.31944274902344,136.0,1281332.0,0.6179263117283951,0.08433258179489117,1.337037037037037,6022912d1371d25899d22266c66be224,c766389999d94ccc
C_009_020_20230902155721_001_009_000_000.jpg,./data/you_chalk_brood/normal/C_009_020_20230902155721_001_009_000_000.jpg,0,normal,C_009,C_009_020,C_009_020_20230902,000,1920,1080,2073600,814491,136.23867797851562,56.987854408738805,-0.6884587191358094,-2.1100815007715994,56.953071145450366,-0.6734466552734375,-2.07623291015625,134.01830777391976,137.09427228009258,139.81347173996915,133.93695068359375,137.00711059570312,139.7263946533203,134.0,1408834.5,0.6794147858796297,0.0660349603425207,1.4203703703703703,9a5bf8c9730d7b0d32299f14f888f24a,d3264c993366ccb9
C_009_020_20230906173439_001_009_000_000.jpg,./data/you_chalk_brood/normal/C_009_020_20230906173439_001_009_000_000.jpg,0,normal,C_009,C_009_020,C_009_020_20230906,000,1920,1080,2073600,588532,135.96524047851562,56.87338057522391,-1.0426687885802437,-2.356303530092589,56.846881941253066,-1.011627197265625,-2.345550537109375,133.11149450231483,136.95519048996914,140.0693282214506,133.04933166503906,136.8894805908203,140.0009002685547,134.0,1375861.0,0.663513213734568,0.06637300834988089,1.3731481481481482,8cc8f6c62572dfe2c4d5ccaa5a7dcf28,c6e619996666cc99
C_009_020_20230912143844_001_009_000_000.jpg,./data/you_chalk_brood/normal/C_009_020_20230912143844_001_009_000_000.jpg,0,normal,C_009,C_009_020,C_009_020_20230912,000,1920,1080,2073600,825196,134.2964324951172,56.23069890764948,-0.6212167245370352,-1.8982952353395035,56.19683359183517,-0.60919189453125,-1.86279296875,132.29679157021604,135.1328337191358,137.49789496527777,132.21604919433594,135.04872131347656,137.41329956054688,133.0,1319168.5,0.636173080632716,0.07382540764292135,1.3398148148148148,4927d3bc2a0b86d71977c870267ef212,93334ccc66673933
C_009_021_20230904170650_001_009_000_000.jpg,./data/you_chalk_brood/normal/C_009_021_20230904170650_001_009_000_000.jpg,0,normal,C_009,C_009_021,C_009_021_20230904,000,1920,1080,2073600,329178,133.46681213378906,55.905101670297746,-1.0061246141975317,-1.9477184606481472,55.88409423828125,-0.9923858642578125,-1.93682861328125,131.02039592978394,134.4997728587963,136.7984977816358,130.96958923339844,134.445556640625,136.7462615966797,132.0,1290842.0,0.6225125385802469,0.10032093619339452,1.349074074074074,b9f4bd95f3cbaaa22daa3996e15ec109,d3334ccc663399cc
C_009_021_20230905063227_001_009_000_000.jpg,./data/you_chalk_brood/normal/C_009_021_20230905063227_001_009_000_000.jpg,0,normal,C_009,C_009_021,C_009_021_20230905,000,1920,1080,2073600,507497,139.35581970214844,58.19830795358267,-0.9146932870370392,-2.0120712770061715,58.17513858570772,-0.8908843994140625,-1.9986114501953125,136.9140875771605,140.27899112654322,142.8385223765432,136.8619842529297,140.2220458984375,142.77481079101562,138.0,1300309.5,0.627078269675926,0.09967328622185949,1.3240740740740742,3827c0049852642908e17d742be8e3e7,c49939669b643799
C_010_021_20230824094131_001_010_000_000.jpg,./data/you_chalk_brood/normal/C_010_021_20230824094131_001_010_000_000.jpg,0,normal,C_010,C_010_021,C_010_021_20230824,000,1920,1080,2073600,819833,139.6109619140625,58.285413451646086,-0.7969675925925941,-2.438396990740742,58.25016994102329,-0.7550048828125,-2.4270172119140625,136.94689718364197,140.41618344907408,143.92875096450618,136.8671112060547,140.32974243164062,143.83900451660156,139.0,1178460.0,0.5683159722222222,0.04493864663986148,1.25,0abc34a337e7ac03a8de52b3c5430d73,91474e3947cc4f39
C_010_021_20230825183624_001_010_000_000.jpg,./data/you_chalk_brood/normal/C_010_021_20230825183624_001_010_000_000.jpg,0,normal,C_010,C_010_021,C_010_021_20230825,000,1920,1080,2073600,609734,136.83828735351562,57.18517421629145,-0.6063252314814775,-2.7665788966049405,57.15548646216299,-0.5688934326171875,-2.7654876708984375,134.1520452353395,137.45283613040124,141.71931375385802,134.08554077148438,137.38230895996094,141.6441650390625,135.0,1361374.5,0.6565270543981482,0.10662572816078397,1.3444444444444446,0a0773bf9c3dc3c0d79da9d8f0829239,93734cce3331ccc6
C_010_021_20230825184019_001_010_000_000.jpg,./data/you_chalk_brood/normal/C_010_021_20230825184019_001_010_000_000.jpg,0,normal,C_010,C_010_021,C_010_021_20230825,000,1920,1080,2073600,597468,136.667724609375,57.13291708272815,-0.7721711033950669,-2.6271344521604902,57.102224312576595,-0.7388916015625,-2.6157684326171875,134.0406645447531,137.479190779321,141.21125868055555,133.9710693359375,137.40530395507812,141.1277618408203,135.0,1342715.0,0.6475284529320988,0.09156532677369683,1.3462962962962963,22cc4bbf21231b2fe11b3b572c67676c,91314ecece733338
C_010_021_20230829160808_001_010_000_000.jpg,./data/you_chalk_brood/normal/C_010_021_20230829160808_001_010_000_000.jpg,0,normal,C_010,C_010_021,C_010_021_20230829,000,1920,1080,2073600,614845,136.03375244140625,56.90086332758412,-0.8339988425925924,-2.4523640046296293,56.87231325635723,-0.8059234619140625,-2.435394287109375,133.5520283564815,136.94877218364198,140.20484664351852,133.48558044433594,136.87620544433594,140.1298370361328,134.0,1388144.5,0.6694369695216049,0.0831266944589586,1.3777777777777778,68c6d8543f2500b3dcf599220f4760fd,914c4c3373cc5d73
C_010_021_20230830073117_001_010_000_000.jpg,./data/you_chalk_brood/normal/C_010_021_20230830073117_001_010_000_000.jpg,0,normal,C_010,C_010_021,C_010_021_20230830,000,1920,1080,2073600,578071,139.65707397460938,58.3218594922537,-1.1382581018518465,-2.2413951581790172,58.294318704044116,-1.1097564697265625,-2.226959228515625,136.67187355324074,140.68825086805555,143.59182146990742,136.61083984375,140.61880493164062,143.5233612060547,139.0,1134510.0,0.547120949074074,0.0437550373285089,1.2777777777777777,eec85b6c8efbf04fef6b22a9e9c91f2e,c4321b6664d99b76
C_010_021_20230902174734_001_010_000_000.jpg,./data/you_chalk_brood/normal/C_010_021_20230902174734_001_010_000_000.jpg,0,normal,C_010,C_010_021,C_010_021_20230902,000,1920,1080,2073600,786920,140.34654235839844,58.56786794964899,-0.6183912037037089,-1.8951085069444389,58.53513829848345,-0.5896453857421875,-1.8727264404296875,138.41743827160494,141.09561728395062,143.6393923611111,138.34300231933594,141.01280212402344,143.55441284179688,138.0,1455839.5,0.7020830922067901,0.08940569804582298,1.4592592592592593,a24cb08807a56ee4f743366800b042f2,c689996666996cd9
C_010_021_20230903062150_001_010_000_000.jpg,./data/you_chalk_brood/normal/C_010_021_20230903062150_001_010_000_000.jpg,0,normal,C_010,C_010_021,C_010_021_20230903,000,1920,1080,2073600,310134,135.8494110107422,56.81758200193658,-0.45480758101851393,-1.9806119791666674,56.798747941559434,-0.4484710693359375,-1.967803955078125,134.02931375385802,136.51033613040124,139.24112702546296,133.98277282714844,136.4628143310547,139.18765258789062,132.0,1605845.5,0.7744239486882716,0.15686502934797728,1.599074074074074,c2d0c19a4c7eed8fad25b70cdb25c923,d38c4873cc9972ce
C_010_021_20230906174809_001_010_000_000.jpg,./data/you_chalk_brood/normal/C_010_021_20230906174809_001_010_000_000.jpg,0,normal,C_010,C_010_021,C_010_021_20230906,000,1920,1080,2073600,581734,135.65274047851562,56.75012841170419,-0.8974242862654336,-2.3456008873456824,56.725505754059434,-0.865570068359375,-2.33599853515625,133.0656746720679,136.56467351466048,139.701160783179,133.0095672607422,136.504150390625,139.63552856445312,134.0,1353635.5,0.6527948977623457,0.10972228644056166,1.3166666666666667,3c4923460bed25e4cc53e64de8bd7ab8,c6e419996666999b
C_010_021_20230910141750_001_010_000_000.jpg,./data/you_chalk_brood/normal/C_010_021_20230910141750_001_010_000_000.jpg,0,normal,C_010,C_010_021,C_010_021_20230910,000,1920,1080,2073600,488699,132.42977905273438,55.48207304526749,-0.5044955632716039,-1.7353790509259284,55.4615753772212,-0.4971923828125,-1.7230224609375,130.68892457561728,133.13765721450616,135.4088493441358,130.6391143798828,133.08180236816406,135.35296630859375,131.0,1379188.0,0.6651176697530864,0.11496938109422795,1.3972222222222221,74ea00e05a4ecb0f4a66c8f75219d3c4,9131cecc3133cecd
C_010_021_20230912160454_001_010_000_000.jpg,./data/you_chalk_brood/normal/C_010_021_20230912160454_001_010_000_000.jpg,0,normal,C_010,C_010_021,C_010_021_20230912,000,1920,1080,2073600,803271,133.882080078125,56.06483826555313,-0.5873206018518573,-1.9204224537037078,56.02875952627144,-0.5793304443359375,-1.8787078857421875,131.8448403742284,134.68349006558643,137.08349971064814,131.76075744628906,134.59506225585938,136.99131774902344,133.0,1280528.5,0.6175388213734568,0.06480030930273495,1.2925925925925925,0ee6f70bea1ead6e1a5bc184b525af53,863c593366cc99b3
C_010_022_20230825174158_001_010_000_000.jpg,./data/you_chalk_brood/normal/C_010_022_20230825174158_001_010_000_000.jpg,0,normal,C_010,C_010_022,C_010_022_20230825,000,1920,1080,2073600,748394,136.49806213378906,57.06445359779715,-0.7291131365740711,-2.689248167438265,57.02948476753983,-0.6902313232421875,-2.6900787353515625,133.50637538580247,137.1827801890432,141.3628911072531,133.43174743652344,137.10220336914062,141.27825927734375,135.0,1319318.0,0.6362451774691358,0.07269252623423743,1.3212962962962962,e60d570fe0bf5b8359d09ed03967b8f7,93734ccc33333933
C_010_022_20230825174839_001_010_000_000.jpg,./data/you_chalk_brood/normal/C_010_022_20230825174839_001_010_000_000.jpg,0,normal,C_010,C_010_022,C_010_022_20230825,000,1920,1080,2073600,710099,136.80870056152344,57.1616881127451,-0.4467963927469185,-2.943047357253093,57.130898868336395,-0.4135589599609375,-2.945587158203125,134.13812741126543,137.28377989969135,142.04071614583333,134.06625366210938,137.2099609375,141.95901489257812,135.0,1346757.5,0.6494779610339506,0.08989094893619999,1.336111111111111,504ce28e6c572b7de393d62e3a77e05b,91634edc3163ce9c
C_010_022_20230825181700_001_010_000_000.jpg,./data/you_chalk_brood/normal/C_010_022_20230825181700_001_010_000_000.jpg,0,normal,C_010,C_010_022,C_010_022_20230825,000,1920,1080,2073600,722876,136.53494262695312,57.0918561637618,-0.8252189429012304,-2.445326485339507,57.058937222349876,-0.78369140625,-2.4341583251953125,133.9352907986111,137.37755160108026,140.79699797453705,133.85867309570312,137.2965545654297,140.71292114257812,134.0,1436868.0,0.6929340277777778,0.07905225687697288,1.4111111111111112,908ad6dd978b794173672fa87aad9953,93664c99336766cc
C_010_022_20230827174722_001_010_000_000.jpg,./data/you_chalk_brood/normal/C_010_022_20230827174722_001_010_000_000.jpg,0,normal,C_010,C_010_022,C_010_022_20230827,000,1920,1080,2073600,601056,135.28408813476562,56.611311577099976,-1.039919463734563,-2.173148148148144,56.58293480966606,-1.012664794921875,-2.154510498046875,132.57178578317902,136.29976803626542,139.03570746527777,132.5065155029297,136.22750854492188,138.96263122558594,133.0,1418037.5,0.6838529610339507,0.07579490552926778,1.4166666666666667,bafb516c7690096972dc0c6765cf2747,c6197c66996c3399
C_010_022_20230830065155_001_010_000_000.jpg,./data/you_chalk_brood/normal/C_010_022_20230830065155_001_010_000_000.jpg,0,normal,C_010,C_010_022,C_010_022_20230830,000,1920,1080,2073600,539395,141.2570343017578,58.84059814512224,-0.3547964891975255,-2.7811270254629648,58.816247079886644,-0.331329345703125,-2.7800140380859375,138.83682146990742,141.67755063657407,146.17756799768517,138.7755126953125,141.61317443847656,146.107666015625,139.0,1361075.5,0.6563828607253086,0.07139772644855723,1.4296296296296296,450e321741a73a122c840938816c4847,c639192666999977
C_010_022_20230831160954_001_010_000_000.jpg,./data/you_chalk_brood/normal/C_010_022_20230831160954_001_010_000_000.jpg,0,normal,C_010,C_010_022,C_010_022_20230831,000,1920,1080,2073600,374224,134.0493927001953,56.119091170418784,-0.7093016975308615,-2.3291184413580197,56.09967400045956,-0.7016448974609375,-2.3165283203125,131.72882185570987,134.92653983410494,137.98316213348767,131.67852783203125,134.87709045410156,137.93353271484375,132.0,1298799.0,0.6263498263888889,0.10106071142527223,1.3425925925925926,374a4aabe6c5eaa5112fd87dc7772803,93734ccc333399cc
C_010_022_20230904155115_001_010_000_000.jpg,./data/you_chalk_brood/normal/C_010_022_20230904155115_001_010_000_000.jpg,0,normal,C_010,C_010_022,C_010_022_20230904,000,1920,1080,2073600,653155,136.22076416015625,56.98952603031953,-0.9867018711419746,-1.6908396026234556,56.961508358226105,-0.96514892578125,-1.6662139892578125,133.99852912808643,137.24208381558643,139.1148929398148,133.9307861328125,137.16981506347656,139.03927612304688,134.0,1474890.0,0.7112702546296297,0.10564476784058113,1.4925925925925927,97000ec1602bac37f96e0cbf8c7e431a,d159cc663399ce26
C_010_022_20230908165427_001_010_000_000.jpg,./data/you_chalk_brood/normal/C_010_022_20230908165427_001_010_000_000.jpg,0,normal,C_010,C_010_022,C_010_022_20230908,000,1920,1080,2073600,711903,136.22052001953125,56.98220656318083,-0.9810373263888863,-2.2975675154320925,56.950569900811885,-0.949737548828125,-2.27288818359375,133.69215470679012,137.25812307098766,140.12569637345678,133.6150665283203,137.17578125,140.04153442382812,134.0,1415050.5,0.6824124710648148,0.0752766366861093,1.3981481481481481,3fe9eb8220310c5cdabb0363abdbe3bf,91474e3839c75e39
C_010_023_20230827161003_001_010_000_000.jpg,./data/you_chalk_brood/normal/C_010_023_20230827161003_001_010_000_000.jpg,0,normal,C_010,C_010_023,C_010_023_20230827,000,1920,1080,2073600,491844,135.9935760498047,56.89269982298475,-0.4966555748456756,-1.7746711033950646,56.866616641773895,-0.4969635009765625,-1.7462310791015625,134.25839265046295,136.69081259645063,138.94085455246915,134.19577026367188,136.6278533935547,138.8689727783203,134.0,1394294.0,0.6724025848765433,0.09545151027953445,1.387037037037037,0f1679dbacc68ef303c3f85d80142c59,c4191b66599366ed
C_010_023_20230827170100_001_010_000_000.jpg,./data/you_chalk_brood/normal/C_010_023_20230827170100_001_010_000_000.jpg,0,normal,C_010,C_010_023,C_010_023_20230827,000,1920,1080,2073600,592982,135.4779510498047,56.68350240559187,-0.5914795524691385,-2.2194743441358042,56.65798411649816,-0.58050537109375,-2.199249267578125,133.37726996527778,136.28055893132716,139.23620418595678,133.3158721923828,136.21615600585938,139.16860961914062,134.0,1334626.0,0.6436275077160494,0.08353093526002431,1.3518518518518519,1bdfdf9fb8ba93bdfde8b0e1ee85a7e5,c6191966599b6766
C_010_023_20230827174700_001_010_000_000.jpg,./data/you_chalk_brood/normal/C_010_023_20230827174700_001_010_000_000.jpg,0,normal,C_010,C_010_023,C_010_023_20230827,000,1920,1080,2073600,580486,135.14273071289062,56.550801674836606,-0.48500096450617036,-1.9487123842592524,56.525854970894606,-0.4832916259765625,-1.91802978515625,133.31771556712962,135.82433400848765,138.3732036072531,133.26119995117188,135.76390075683594,138.30844116210938,133.0,1411537.0,0.680718074845679,0.11243159722014572,1.4101851851851852,a3e20ab51c3d207fb2296361b04786e0,c41939669b6c669b
C_010_023_20230829143457_001_010_000_000.jpg,./data/you_chalk_brood/normal/C_010_023_20230829143457_001_010_000_000.jpg,0,normal,C_010,C_010_023,C_010_023_20230829,000,1920,1080,2073600,622865,136.90382385253906,57.248005741648505,-0.9729287229938279,-2.198383969907411,57.221045400582106,-0.9430084228515625,-2.181121826171875,134.409073591821,137.89998987268518,140.65654224537036,134.34693908691406,137.82981872558594,140.58651733398438,135.0,1370729.5,0.6610385320216049,0.10291584900263913,1.3666666666666667,d5a573ca27c20dc34054568fc7af50f1,93dc4c3339cc6633
C_010_023_20230831154905_001_010_000_000.jpg,./data/you_chalk_brood/normal/C_010_023_20230831154905_001_010_000_000.jpg,0,normal,C_010,C_010_023,C_010_023_20230831,000,1920,1080,2073600,650400,135.77459716796875,56.80107514070443,-1.0528260030864232,-2.300807291666672,56.774621103324144,-1.024749755859375,-2.2842864990234375,132.98447916666666,136.79695794753087,139.74762924382716,132.9213409423828,136.7293243408203,139.6786651611328,134.0,1346230.5,0.6492238136574074,0.07077826475874321,1.3907407407407408,372eb49ce855476b9e7450fd339b269d,d1334ccc663333dc
C_010_023_20230904150743_001_010_000_000.jpg,./data/you_chalk_brood/normal/C_010_023_20230904150743_001_010_000_000.jpg,0,normal,C_010,C_010_023,C_010_023_20230904,000,1920,1080,2073600,609122,135.93197631835938,56.8750421735052,-0.9525540123456722,-1.902129629629627,56.84268128638174,-0.9267425537109375,-1.885345458984375,133.58609230324075,136.89806182484568,139.2416980131173,133.50762939453125,136.81903076171875,139.15684509277344,134.0,1438451.5,0.6936976755401234,0.07107772768164757,1.4425925925925926,4cedfb59a4c9cc69a08f639b916abfb5,d7194c663399cc66
C_010_023_20230904162229_001_010_000_000.jpg,./data/you_chalk_brood/normal/C_010_023_20230904162229_001_010_000_000.jpg,0,normal,C_010,C_010_023,C_010_023_20230904,000,1920,1080,2073600,743926,134.20748901367188,56.19420520908981,-0.8686824845678984,-1.9776866319444508,56.162312825520836,-0.8446807861328125,-1.95050048828125,131.92299141589507,135.16726032021606,137.57769627700617,131.8453369140625,135.08673095703125,137.49578857421875,132.0,1373031.5,0.6621486786265433,0.06969812988198454,1.3907407407407408,2d89f1dd2073b7b45beeb0032c6e6f3c,c64c193366cc9b9b
C_010_023_20230910153647_001_010_000_000.jpg,./data/you_chalk_brood/normal/C_010_023_20230910153647_001_010_000_000.jpg,0,normal,C_010,C_010_023,C_010_023_20230910,000,1920,1080,2073600,539133,132.60694885253906,55.55826014433551,-0.6936680169753089,-1.7386246141975334,55.53552365770527,-0.6783599853515625,-1.7233428955078125,130.69512683256173,133.43214265046296,135.58537760416667,130.64065551757812,133.37281799316406,135.52420043945312,131.0,1375021.5,0.6631083622685185,0.09285660159097829,1.3666666666666667,a171d60a2c14bc3d08d5b6152061058b,914ec73138cecd33
C_010_023_20230912132715_001_010_000_000.jpg,./data/you_chalk_brood/normal/C_010_023_20230912132715_001_010_000_000.jpg,0,normal,C_010,C_010_023,C_010_023_20230912,000,1920,1080,2073600,813436,134.74478149414062,56.40978009259259,-0.6777420910493817,-1.9408666087962985,56.371633492264095,-0.663665771484375,-1.903228759765625,132.68698640046296,135.60386140046296,138.04066502700618,132.59756469726562,135.51156616210938,137.93832397460938,133.0,1396582.5,0.6735062210648148,0.06077268801753961,1.3916666666666666,314f27099a5c5fa9656d07658dfed48e,c3664c993366cc9b
C_010_023_20230912142226_001_010_000_000.jpg,./data/you_chalk_brood/normal/C_010_023_20230912142226_001_010_000_000.jpg,0,normal,C_010,C_010_023,C_010_023_20230912,000,1920,1080,2073600,872650,134.34104919433594,56.23527236897846,-0.26562162422840174,-2.1427039930555623,56.200154622395836,-0.260467529296875,-2.1112060546875,132.6174609375,134.9875573881173,137.98264419367283,132.52842712402344,134.90084838867188,137.89129638671875,133.0,1319764.5,0.6364605034722223,0.05132653321997721,1.3222222222222222,0640ff055ae33bad805972dab6b259ae,93dc4c7333cc4633
C_010_024_20230906180935_001_010_000_000.jpg,./data/you_chalk_brood/normal/C_010_024_20230906180935_001_010_000_000.jpg,0,normal,C_010,C_010_024,C_010_024_20230906,000,1920,1080,2073600,529094,145.7255096435547,60.6341533526991,-0.7365610532407345,-2.4585161072530894,60.60943603515625,-0.7128143310546875,-2.444976806640625,143.26607011959877,146.50502652391975,149.9616796875,143.2108917236328,146.44374084472656,149.89599609375,143.0,1455540.0,0.7019386574074075,0.10692672995071079,1.4416666666666667,ead0272d17aa08b3b1a0b619965195a3,91cece7131cecc31
C_010_024_20230910145410_001_010_000_000.jpg,./data/you_chalk_brood/normal/C_010_024_20230910145410_001_010_000_000.jpg,0,normal,C_010,C_010_024,C_010_024_20230910,000,1920,1080,2073600,307739,132.67108154296875,55.58776627935125,-0.28291377314815236,-1.2599686535493788,55.56848264208027,-0.28851318359375,-1.240814208984375,131.48643229166666,133.2111506558642,134.77542727623458,131.44056701660156,133.16517639160156,134.72268676757812,131.0,1392080.5,0.6713351176697531,0.13211065343760153,1.3898148148148148,d3a329e763ee7ff5614513d84689d9eb,9167c61c387339ce
C_011_024_20230829142705_001_011_000_000.jpg,./data/you_chalk_brood/normal/C_011_024_20230829142705_001_011_000_000.jpg,0,normal,C_011,C_011_024,C_011_024_20230829,000,1920,1080,2073600,670651,136.4532470703125,57.06600040093197,-0.931135706018523,-2.284738618827163,57.0352352366728,-0.9004364013671875,-2.2641448974609375,133.93414544753085,137.41749517746914,140.36870322145063,133.8587188720703,137.34080505371094,140.2837371826172,134.0,1432850.5,0.6909965760030864,0.0842073530583501,1.401851851851852,9d370a9823a513b1858f2a7933d8e72e,91cc4e3339ce639c
C_011_024_20230829161109_001_011_000_000.jpg,./data/you_chalk_brood/normal/C_011_024_20230829161109_001_011_000_000.jpg,0,normal,C_011,C_011_024,C_011_024_20230829,000,1920,1080,2073600,253296,136.26119995117188,56.98255302892762,-0.946974826388896,-2.3898119212962996,56.96783925972733,-0.93572998046875,-2.3804168701171875,133.68143132716048,137.23287037037036,140.29060185185185,133.6452178955078,137.1945037841797,140.2470245361328,134.0,1409793.5,0.6798772665895062,0.1842710799857434,1.385185185185185,f821b7fc4045dbedf4452d92fbf39cce,914e4c334ecc33e7
C_011_024_20230831141736_001_011_000_000.jpg,./data/you_chalk_brood/normal/C_011_024_20230831141736_001_011_000_000.jpg,0,normal,C_011,C_011_024,C_011_024_20230831,000,1920,1080,2073600,345162,136.46017456054688,57.06129379992738,-1.004975405092594,-2.287346643518518,57.041973039215684,-0.9872589111328125,-2.282806396484375,133.741953125,137.42642843364197,140.4078096064815,133.69522094726562,137.37791442871094,140.35829162597656,135.0,1317413.5,0.6353267264660494,0.1416639711790208,1.3453703703703703,e4f84fc6c707f867c6655bef6662c01f,d3734c8c33664e71
C_011_024_20230831143224_001_011_000_000.jpg,./data/you_chalk_brood/normal/C_011_024_20230831143224_001_011_000_000.jpg,0,normal,C_011,C_011_024,C_011_024_20230831,000,1920,1080,2073600,401456,136.7645263671875,57.141086450012104,-0.665449459876541,-2.65342592592593,57.11889528760723,-0.6405487060546875,-2.65435791015625,133.94593460648147,137.40746238425925,141.49128375771605,133.90150451660156,137.3518829345703,141.4371337890625,135.0,1360880.5,0.6562888213734568,0.1541822886645898,1.362962962962963,fda69afbd43898cbf876752c16080189,91334ccc333339dd
C_011_024_20230902171213_001_011_000_000.jpg,./data/you_chalk_brood/normal/C_011_024_20230902171213_001_011_000_000.jpg,0,normal,C_011,C_011_024,C_011_024_20230902,000,1920,1080,2073600,796879,136.17909240722656,56.9533492949649,-0.48899160879629733,-2.2944560185185168,56.91975313074448,-0.4698028564453125,-2.2721405029296875,134.07176311728395,136.9083024691358,140.12551890432098,133.9925994873047,136.82504272460938,140.03868103027344,134.0,1403483.0,0.6768340084876543,0.06454583771188226,1.4287037037037038,a8a831ae43c1ef8de65450e63e8f4986,d3664c197366cc99
C_011_024_20230904171915_001_011_000_000.jpg,./data/you_chalk_brood/normal/C_011_024_20230904171915_001_011_000_000.jpg,0,normal,C_011,C_011_024,C_011_024_20230904,000,1920,1080,2073600,718078,134.2263946533203,56.21252155954974,-0.951348861882721,-1.9153380594135854,56.17824778837316,-0.923614501953125,-1.8912811279296875,131.89423659336418,135.2396841242284,137.51547501929014,131.81265258789062,135.15274047851562,137.42730712890625,133.0,1348789.5,0.6504578993055555,0.08151980488189209,1.3787037037037038,8a511819eb9fe556f04d87de2a0cbe74,d3194c663399ce66
C_011_024_20230906180227_001_011_000_000.jpg,./data/you_chalk_brood/normal/C_011_024_20230906180227_001_011_000_000.jpg,0,normal,C_011,C_011_024,C_011_024_20230906,000,1920,1080,2073600,775281,142.62416076660156,59.47656666061486,-0.9492018711419803,-2.5632711226851796,59.443610696231616,-0.9183349609375,-2.530792236328125,139.91727816358025,143.62897183641977,146.95492091049383,139.84066772460938,143.54415893554688,146.8673553466797,140.0,1407885.5,0.6789571277006173,0.07830263399145354,1.3712962962962962,6f57055a2cfbe97b4140c4e3922975bf,934c0c3373dcdc33
C_011_024_20230908154218_001_011_000_000.jpg,./data/you_chalk_brood/normal/C_011_024_20230908154218_001_011_000_000.jpg,0,normal,C_011,C_011_024,C_011_024_20230908,000,1920,1080,2073600,789776,137.46566772460938,57.47572829671992,-1.0612345679012378,-2.0269039351851887,57.445211971507355,-1.029754638671875,-1.9987335205078125,134.99427854938273,138.54710069444445,140.92451437114198,134.91734313964844,138.46839904785156,140.8428955078125,136.0,1316464.5,0.634869068287037,0.07033052304123188,1.3351851851851853,e95d89ce303602bea5c46b69f4b77750,914f473938c77338
C_011_024_20230910155736_001_011_000_000.jpg,./data/you_chalk_brood/normal/C_011_024_20230910155736_001_011_000_000.jpg,0,normal,C_011,C_011_024,C_011_024_20230910,000,1920,1080,2073600,342815,132.5482177734375,55.53835216957153,-0.8304383680555532,-1.5935845871913585,55.51890653722427,-0.8231353759765625,-1.579376220703125,130.55415075231483,133.45069203317902,135.2464771412037,130.50701904296875,133.40093994140625,135.1929931640625,131.0,1368281.0,0.6598577353395062,0.1272942121689388,1.3453703703703703,a655bfa0eb702bb8f429ed4a5d100133,9173ccd831673333
C_011_024_20230912134519_001_011_000_000.jpg,./data/you_chalk_brood/normal/C_011_024_20230912134519_001_011_000_000.jpg,0,normal,C_011,C_011_024,C_011_024_20230912,000,1920,1080,2073600,689936,134.88038635253906,56.448433717622855,-0.3800906635802477,-2.1885966435185225,56.41592586741728,-0.372711181640625,-2.1623382568359375,132.99564477237655,135.55947579089505,138.57734037422838,132.91879272460938,135.479736328125,138.49658203125,133.0,1405773.0,0.6779383680555555,0.07001317951824092,1.3916666666666666,aab8ca6b620b8eab9b167790827ed749,c32c4c3373ccdc99
C_011_025_20230831142801_001_011_000_000.jpg,./data/you_chalk_brood/normal/C_011_025_20230831142801_001_011_000_000.jpg,0,normal,C_011,C_011_025,C_011_025_20230831,000,1920,1080,2073600,504715,137.77296447753906,57.550925169450494,-0.862481674382721,-2.518698398919753,57.5241029028799,-0.829925537109375,-2.51239013671875,134.85163194444445,138.57319830246914,142.25519483024692,134.7969970703125,138.50933837890625,142.1851806640625,136.0,1309045.0,0.6312909915123457,0.09216104303386835,1.3703703703703705,0e71fe97995654db6145f4a25369cbd5,d3334ccc233339d9
C_011_025_20230831145352_001_011_000_000.jpg,./data/you_chalk_brood/normal/C_011_025_20230831145352_001_011_000_000.jpg,0,normal,C_011,C_011_025,C_011_025_20230831,000,1920,1080,2073600,323727,137.12281799316406,57.29623558914306,-0.8572415123456807,-2.379431423611109,57.2789031384038,-0.842864990234375,-2.373504638671875,134.3113416280864,137.91866030092592,141.3335117669753,134.2717742919922,137.87815856933594,141.28076171875,136.0,1253800.5,0.6046491608796296,0.11422714200187006,1.3203703703703704,008d3aec0c015e22ca728c3fc0dbbc87,d3734ccc26333999
C_011_025_20230831163725_001_011_000_000.jpg,./data/you_chalk_brood/normal/C_011_025_20230831163725_001_011_000_000.jpg,0,normal,C_011,C_011_025,C_011_025_20230831,000,1920,1080,2073600,707132,136.42401123046875,57.01586555918663,-0.10471981095679439,-2.5637384259259193,56.98826808555454,-0.097564697265625,-2.55084228515625,134.54322193287038,136.9090263310185,140.82829137731483,134.47792053222656,136.83958435058594,140.75363159179688,135.0,1303581.5,0.6286562017746914,0.08334881631823397,1.3685185185185185,bd4c66c2c67d354b12d7bb32e90eb6dc,d3624ccc99337366
C_011_025_20230831164736_001_011_000_000.jpg,./data/you_chalk_brood/normal/C_011_025_20230831164736_001_011_000_000.jpg,0,normal,C_011,C_011_025,C_011_025_20230831,000,1920,1080,2073600,453057,135.93258666992188,56.86201415365529,-0.6966473765432113,-2.21680266203704,56.84025783164829,-0.689605712890625,-2.194793701171875,133.69385175540123,136.8084447337963,139.6711183449074,133.64248657226562,136.75326538085938,139.60943603515625,134.0,1361456.0,0.6565663580246913,0.07965928634694049,1.3953703703703704,f60fd86e9050a7bb712851ddf6c75b18,d3334ccc633333cc
C_011_025_20230902151844_001_011_000_000.jpg,./data/you_chalk_brood/normal/C_011_025_20230902151844_001_011_000_000.jpg,0,normal,C_011,C_011_025,C_011_025_20230902,000,1920,1080,2073600,712955,137.39280700683594,57.44383680555556,-0.8285344328703701,-1.979054783950616,57.41287530637255,-0.813201904296875,-1.948822021484375,135.10699025848766,138.31758439429012,140.78621383101853,135.0297393798828,138.24285888671875,140.70523071289062,136.0,1306032.0,0.629837962962963,0.06308444997998917,1.3444444444444446,4d694678bc5be72f932cb16f705f118f,d1334ecc3133c79c
C_011_025_20230904144624_001_011_000_000.jpg,./data/you_chalk_brood/normal/C_011_025_20230904144624_001_011_000_000.jpg,0,normal,C_011,C_011_025,C_011_025_20230904,000,1920,1080,2073600,699183,135.19927978515625,56.58929417060035,-0.7103559027777777,-1.5208887924382708,56.55962775735294,-0.6998443603515625,-1.4889678955078125,133.3465374228395,136.0685474537037,137.76956404320987,133.27456665039062,135.99456787109375,137.6919403076172,133.0,1470271.5,0.70904296875,0.09302277567622123,1.4759259259259259,c03bd634cb2388587d39ff850a0037b6,c71c997366989966
C_011_025_20230906173826_001_011_000_000.jpg,./data/you_chalk_brood/normal/C_011_025_20230906173826_001_011_000_000.jpg,0,normal,C_011,C_011_025,C_011_025_20230906,000,1920,1080,2073600,607923,135.5972137451172,56.7292873244977,-0.9005488040123453,-2.4192795138888954,56.700906192555145,-0.8688201904296875,-2.4008636474609375,132.98300395447532,136.53235387731482,139.75222463348766,132.91526794433594,136.4640350341797,139.6732177734375,134.0,1339967.0,0.6462032214506173,0.07055237785876108,1.3462962962962963,fed00fe6ba1cbb123c642f2355250177,c6e619993366cc99
C_011_025_20230908153435_001_011_000_000.jpg,./data/you_chalk_brood/normal/C_011_025_20230908153435_001_011_000_000.jpg,0,normal,C_011,C_011_025,C_011_025_20230908,000,1920,1080,2073600,500910,137.0576171875,57.31454324013556,-1.064933931327161,-2.0586868248456796,57.28875253714767,-1.044403076171875,-2.039825439453125,134.55968460648148,138.13879918981482,140.56834008487655,134.49557495117188,138.07162475585938,140.4978790283203,135.0,1297744.0,0.625841049382716,0.08249875365162276,1.3944444444444444,d751f5cb1a2ff373ed777356292c7294,9c63613c3fc3703c
C_011_026_20230903072244_001_011_000_000.jpg,./data/you_chalk_brood/normal/C_011_026_20230903072244_001_011_000_000.jpg,0,normal,C_011,C_011_026,C_011_026_20230903,000,1920,1080,2073600,664026,137.9099578857422,57.609319966412485,-0.5333887924382736,-2.3369106867284017,57.57968678193934,-0.5032501220703125,-2.32470703125,135.70216049382717,138.54771219135802,141.98875192901235,135.63743591308594,138.47364807128906,141.91200256347656,135.0,1557448.5,0.7510843460648148,0.09729831512572686,1.5777777777777777,db7407da77363f9f7a27c7b7306ed17a,9018c7e7383cc6f9
C_011_026_20230905084127_001_011_000_000.jpg,./data/you_chalk_brood/normal/C_011_026_20230905084127_001_011_000_000.jpg,0,normal,C_011,C_011_026,C_011_026_20230905,000,1920,1080,2073600,628172,140.75775146484375,58.69456699346405,-0.3522106481481444,-2.652832754629628,58.66604674096201,-0.336273193359375,-2.6378021240234375,138.53291329089507,141.2992828896605,145.3490166859568,138.46588134765625,141.2300567626953,145.27334594726562,139.0,1301671.5,0.6277350983796296,0.08311853224408562,1.3546296296296296,0ca2c5992400debb13c793cf263628ab,c66659d96666c899
C_011_026_20230907075409_001_011_000_000.jpg,./data/you_chalk_brood/normal/C_011_026_20230907075409_001_011_000_000.jpg,0,normal,C_011,C_011_026,C_011_026_20230907,000,1920,1080,2073600,699819,139.62615966796875,58.24973599007504,-0.6367621527777771,-2.8108318865740785,58.21737850413603,-0.602874755859375,-2.802642822265625,136.78365451388888,140.31533854166668,144.631584683642,136.70797729492188,140.2362823486328,144.54544067382812,138.0,1307508.5,0.6305500096450617,0.08590192254451273,1.3296296296296297,3cc35ddba42edf3bedecef4a24650c58,914ccc3331cc7773
C_011_026_20230911082855_001_011_000_000.jpg,./data/you_chalk_brood/normal/C_011_026_20230911082855_001_011_000_000.jpg,0,normal,C_011,C_011_026,C_011_026_20230911,000,1920,1080,2073600,574546,137.4850616455078,57.464598651960785,-0.7666739004629619,-1.9939641203703644,57.43695427389706,-0.7511138916015625,-1.96917724609375,135.33514467592593,138.37710262345678,140.85792824074073,135.26625061035156,138.3046417236328,140.7827911376953,135.0,1444676.0,0.6966994598765432,0.11172009540460304,1.4435185185185184,979efe3604fb6c07dc0b823c2b8cce7d,863d996666999966
C_012_027_20230831145944_001_012_000_000.jpg,./data/you_chalk_brood/normal/C_012_027_20230831145944_001_012_000_000.jpg,0,normal,C_012,C_012_027,C_012_027_20230831,000,1920,1080,2073600,561328,137.33111572265625,57.38740506233357,-1.0016237461419735,-2.501509452160491,57.35876345166973,-0.9670257568359375,-2.4959869384765625,134.09828703703704,138.1924537037037,141.85374035493828,134.0379638671875,138.12742614746094,141.77947998046875,136.0,1275951.5,0.6153315489969136,0.07027239665791803,1.3351851851851853,1adecc55814e2752af88bea85aa7518d,d3334ccc3373cc98
C_012_027_20230831192908_001_012_000_000.jpg,./data/you_chalk_brood/normal/C_012_027_20230831192908_001_012_000_000.jpg,0,normal,C_012,C_012_027,C_012_027_20230831,000,1920,1080,2073600,375771,140.23423767089844,58.52742942084241,0.05307339891976426,-2.083883584104939,58.503334195006126,0.0486907958984375,-2.0700225830078125,138.89101032021605,140.66771170910494,143.73842158564815,138.83522033691406,140.6069793701172,143.67425537109375,139.0,1240306.0,0.5981413966049383,0.10029942027832067,1.3685185185185185,9cec107684dbdfb2f207ad3b9506350b,91664e3971ce313b
C_012_027_20230901071858_001_012_000_000.jpg,./data/you_chalk_brood/normal/C_012_027_20230901071858_001_012_000_000.jpg,0,normal,C_012,C_012_027,C_012_027_20230901,000,1920,1080,2073600,864240,139.22946166992188,58.12299798777536,-0.5139028742283926,-2.1851147762345704,58.084692861519606,-0.48443603515625,-2.16748046875,137.13107108410495,139.91237316743826,143.0485517939815,137.04266357421875,139.81687927246094,142.95095825195312,138.0,1282510.5,0.6184946469907407,0.0561112018557603,1.3944444444444444,3072962a96d530e7ef796c5d3ef65840,914c4e3339ce7339
C_012_027_20230902154458_001_012_000_000.jpg,./data/you_chalk_brood/normal/C_012_027_20230902154458_001_012_000_000.jpg,0,normal,C_012,C_012_027,C_012_027_20230902,000,1920,1080,2073600,763897,136.5563507080078,57.1107869613895,-1.0384919945987718,-2.1395182291666686,57.08142448874081,-1.012359619140625,-2.117156982421875,133.84349151234568,137.56066936728396,140.27394290123456,133.7684783935547,137.48802185058594,140.1958770751953,135.0,1335587.5,0.644091194058642,0.0636395787290942,1.3611111111111112,7e4d0b650fc0db4006882a5297d78027,d1334c4c337bcc66
C_012_028_20230826083905_001_012_000_000.jpg,./data/you_chalk_brood/normal/C_012_028_20230826083905_001_012_000_000.jpg,0,normal,C_012,C_012_028,C_012_028_20230826,000,1920,1080,2073600,301509,139.513671875,58.23914798172355,-0.7757089120370324,-2.296848958333328,58.22080724379595,-0.7610015869140625,-2.2918701171875,137.113682966821,140.3215803433642,143.46925009645062,137.06985473632812,140.27423095703125,143.4210968017578,138.0,1323124.0,0.6380806327160494,0.15082841607568884,1.3185185185185184,e1441a756bc4e3098e8ef7011dc0bf9d,d327cc983333cc9c
C_012_028_20230829151953_001_012_000_000.jpg,./data/you_chalk_brood/normal/C_012_028_20230829151953_001_012_000_000.jpg,0,normal,C_012,C_012_028,C_012_028_20230829,000,1920,1080,2073600,636178,135.6639862060547,56.7589774721617,-0.842087673611104,-2.3096923225308643,56.7314177868413,-0.8178253173828125,-2.2892913818359375,133.2513845486111,136.59088879243828,139.59067997685185,133.1817626953125,136.52157592773438,139.51708984375,134.0,1359470.0,0.6556086033950618,0.06374576835263498,1.3666666666666667,f6fe307c0adc7fea98a300b1bcb95377,914e4c3173cedc71
C_012_028_20230904165149_001_012_000_000.jpg,./data/you_chalk_brood/normal/C_012_028_20230904165149_001_012_000_000.jpg,0,normal,C_012,C_012_028,C_012_028_20230904,000,1920,1080,2073600,769665,133.85964965820312,56.055862684580006,-0.7148625578703758,-1.9762123842592558,56.022237141927086,-0.6995697021484375,-1.942779541015625,131.7249180169753,134.74512249228394,137.2007455632716,131.64109802246094,134.66061401367188,137.11398315429688,132.0,1330256.5,0.6415203028549382,0.0727823691471888,1.3787037037037038,2484b795de5f40a02824648b963e70d5,c66619996664dd33
C_012_028_20230906181336_001_012_000_000.jpg,./data/you_chalk_brood/normal/C_012_028_20230906181336_001_012_000_000.jpg,0,normal,C_012,C_012_028,C_012_028_20230906,000,1920,1080,2073600,436689,144.39645385742188,60.15944610869039,-0.8919492669753026,-1.9816309799382736,60.134624406403184,-0.872772216796875,-1.964813232421875,142.13427324459877,145.33623505015433,147.7661791087963,142.0789031982422,145.27102661132812,147.70095825195312,141.0,1507783.0,0.7271330054012346,0.13685496109057507,1.487037037037037,7df21c84449570d527dcb59d6f4515ab,86d91966d9cc6699
C_012_029_20230827164055_001_012_000_000.jpg,./data/you_chalk_brood/normal/C_012_029_20230827164055_001_012_000_000.jpg,0,normal,C_012,C_012_029,C_012_029_20230827,000,1920,1080,2073600,567072,135.41905212402344,56.66666439724038,-0.828981963734563,-2.0532484567901292,56.64154052734375,-0.81439208984375,-2.0287933349609375,133.15435619212963,136.354363908179,138.88322964891975,133.0936737060547,136.29071044921875,138.8157501220703,133.0,1433786.5,0.6914479648919754,0.09051054604355835,1.4268518518518518,4090c69f84503be240538af5e0e371a7,c65919666c997366
C_012_029_20230828132942_001_012_000_000.jpg,./data/you_chalk_brood/normal/C_012_029_20230828132942_001_012_000_000.jpg,0,normal,C_012,C_012_029,C_012_029_20230828,000,1920,1080,2073600,599655,136.20468139648438,56.97542362624061,-0.7983709490740694,-2.049858217592586,56.947254854090076,-0.77886962890625,-2.02581787109375,133.98849922839506,137.10502314814815,139.68847222222223,133.92202758789062,137.0333709716797,139.61268615722656,134.0,1438520.0,0.6937307098765432,0.07437830107177791,1.4361111111111111,d944246023c5fa5b733cfe0a17c81374,91ce4e3163ce1c73
C_012_029_20230829152726_001_012_000_000.jpg,./data/you_chalk_brood/normal/C_012_029_20230829152726_001_012_000_000.jpg,0,normal,C_012,C_012_029,C_012_029_20230829,000,1920,1080,2073600,658523,134.7630615234375,56.40587743585088,-0.3733072916666629,-2.0372304205246934,56.375540939031865,-0.3742523193359375,-2.002655029296875,132.95462673611112,135.43460744598767,138.15968653549382,132.88015747070312,135.36264038085938,138.0832977294922,133.0,1370079.5,0.6607250675154321,0.09296841000298131,1.3731481481481482,147db6688e05a0554b330747b5c8a1ba,930c4c7333cc6e79
C_012_029_20230831142949_001_012_000_000.jpg,./data/you_chalk_brood/normal/C_012_029_20230831142949_001_012_000_000.jpg,0,normal,C_012,C_012_029,C_012_029_20230831,000,1920,1080,2073600,393108,136.8381805419922,57.191113115771,-0.8270949074074139,-2.461112557870365,57.16778923483456,-0.8043670654296875,-2.4562225341796875,134.07602430555556,137.6328800154321,141.17565779320987,134.0232696533203,137.57666015625,141.10699462890625,135.0,1354844.5,0.6533779417438271,0.12309289071319564,1.3925925925925926,056014ba5483bfa936501128596b9771,d3334ccc27333933
C_012_029_20230906161554_001_012_000_000.jpg,./data/you_chalk_brood/normal/C_012_029_20230906161554_001_012_000_000.jpg,0,normal,C_012,C_012_029,C_012_029_20230906,000,1920,1080,2073600,258482,137.16127014160156,57.26525867677318,-0.314650366512339,-2.8733232060185117,57.248786477481616,-0.3022613525390625,-2.87664794921875,134.67219232253086,137.49824363425927,142.25006847993828,134.63204956054688,137.45529174804688,142.20254516601562,135.0,1383842.0,0.667362075617284,0.20397491739427578,1.3814814814814815,2ff7c5e43878f0f5236b214ddad04bc4,c6e6199964669b6c
C_012_029_20230906165126_001_012_000_000.jpg,./data/you_chalk_brood/normal/C_012_029_20230906165126_001_012_000_000.jpg,0,normal,C_012,C_012_029,C_012_029_20230906,000,1920,1080,2073600,646248,135.79090881347656,56.80066985899298,-0.9562861689814781,-2.3986000192901287,56.773855171951595,-0.9269561767578125,-2.38330078125,133.1244743441358,136.7540943287037,139.91077835648147,133.05984497070312,136.68971252441406,139.83934020996094,134.0,1349574.0,0.6508362268518518,0.10443063205282066,1.3388888888888888,dd844ae58819c9bbd67f18c485f79795,c6e6199966663333
C_012_029_20230907065031_001_012_000_000.jpg,./data/you_chalk_brood/normal/C_012_029_20230907065031_001_012_000_000.jpg,0,normal,C_012,C_012_029,C_012_029_20230907,000,1920,1080,2073600,748844,139.69937133789062,58.28292616043331,-0.6897371720679075,-2.5380946180555526,58.25094185623468,-0.647918701171875,-2.5340118408203125,136.96430555555557,140.4031886574074,144.25749035493828,136.8934326171875,140.32545471191406,144.17562866210938,138.0,1320029.5,0.6365883005401235,0.07609048488423813,1.3416666666666666,690bee6ad8ce1ed2c9dbae0be9d44455,936ecc3133cecc19
C_012_029_20230908181102_001_012_000_000.jpg,./data/you_chalk_brood/normal/C_012_029_20230908181102_001_012_000_000.jpg,0,normal,C_012,C_012_029,C_012_029_20230908,000,1920,1080,2073600,687077,135.59669494628906,56.74555003328492,-1.001120273919753,-1.6687471064814758,56.714088589537376,-0.9892425537109375,-1.627471923828125,133.15690827546297,136.65406876929012,138.35839940200617,133.08079528808594,136.575927734375,138.27247619628906,133.0,1467244.5,0.7075831886574074,0.08318096944566264,1.4583333333333333,c3bfabfe6e05a38f09d93e256378625c,903e4773381cc7e3
