filename,path,label,class_dir,site,hive_proxy,session,disease_code,native_w,native_h,native_area_px,file_size_bytes,mean_intensity_256,lab_L_native,lab_a_native,lab_b_native,lab_L_256,lab_a_256,lab_b_256,rgb_r_native,rgb_g_native,rgb_b_native,rgb_r_256,rgb_g_256,rgb_b_256,otsu_threshold,otsu_largest_area_px,otsu_largest_area_frac,otsu_circularity,otsu_aspect_ratio,md5,phash_hex
B_001_001_20230819184543_001_004_000_003.jpg,./data/you_foulbrood/abnormal/B_001_001_20230819184543_001_004_000_003.jpg,1,abnormal,B_001,B_001_001,B_001_001_20230819,003,1920,1080,2073600,1162907,38.901458740234375,15.188754992737836,7.3386858603394955,-3.0630574845679064,15.146550197227329,7.336334228515625,-3.0540618896484375,47.00176408179012,34.14006606867284,42.99157407407407,46.90538024902344,34.04243469238281,42.876922607421875,48.0,562254.0,0.2711487268518519,0.026218999948294217,1.5824074074074075,123dbf9d58c9e7a1e7e039c0b59655db,ca8e6019f7645d1d
B_001_001_20230819185339_001_002_000_003.jpg,./data/you_foulbrood/abnormal/B_001_001_20230819185339_001_002_000_003.jpg,1,abnormal,B_001,B_001_001,B_001_001_20230819,003,1920,1080,2073600,1110678,38.54866027832031,14.816682363531832,5.233641975308643,-12.018914448302468,14.782672956878065,5.226654052734375,-12.003265380859375,35.91509789737654,36.66803337191358,55.70094955632716,35.83610534667969,36.593414306640625,55.608367919921875,61.0,801548.0,0.38654899691358025,0.016052888482870717,1.7777777777777777,1444b9910fc4a2c56c004382f796d92f,ce79fcce31850532
B_001_001_20230819221134_001_004_000_003.jpg,./data/you_foulbrood/abnormal/B_001_001_20230819221134_001_004_000_003.jpg,1,abnormal,B_001,B_001_001,B_001_001_20230819,003,1920,1080,2073600,1127053,44.04765319824219,17.321021506596466,6.287120466820994,-13.386369116512341,17.279956294041053,6.2791900634765625,-13.377273559570312,41.61065923996914,41.6166869212963,63.62066936728395,41.52130126953125,41.523895263671875,63.51997375488281,59.0,298964.0,0.14417631172839507,0.06726563844290402,0.6916666666666667,cec96a14f25b1006a0f2e5e7d6fae10e,a64fc66d5bb01a52
B_001_001_20230819221722_001_002_000_003.jpg,./data/you_foulbrood/abnormal/B_001_001_20230819221722_001_002_000_003.jpg,1,abnormal,B_001,B_001_001,B_001_001_20230819,003,1920,1080,2073600,1130803,39.026214599609375,15.16490748305495,4.929197530864201,-12.632992380401234,15.129023533241421,4.9176025390625,-12.611495971679688,35.40798900462963,37.512643711419756,56.93087577160494,35.32304382324219,37.43841552734375,56.81884765625,57.0,787105.5,0.37958405671296297,0.022178303670216212,1.7777777777777777,f7d863eccd0d9c93302d8a0d8a21de39,a325a95b2d511de6
B_001_001_20230819222852_001_003_000_003.jpg,./data/you_foulbrood/abnormal/B_001_001_20230819222852_001_003_000_003.jpg,1,abnormal,B_001,B_001_001,B_001_001_20230819,003,1920,1080,2073600,1034770,38.688385009765625,15.417695662369887,6.95227237654322,-8.50164255401235,15.379782284007353,6.957275390625,-8.4986572265625,41.975521797839505,34.65348765432099,51.694925250771604,41.88243103027344,34.570465087890625,51.602264404296875,40.0,1075560.0,0.5186921296296296,0.061580007707207916,1.7777777777777777,06bcff592b70fa6aa156b06d98087aa2,e2b985ed4b901f85
B_001_001_20230819223943_001_002_000_003.jpg,./data/you_foulbrood/abnormal/B_001_001_20230819223943_001_002_000_003.jpg,1,abnormal,B_001,B_001_001,B_001_001_20230819,003,1920,1080,2073600,1059540,43.678955078125,17.09259202523602,5.092531828703699,-12.13188271604939,17.05486821193321,5.0893096923828125,-12.126266479492188,40.90755063657407,41.851186824845676,61.003078221450615,40.815582275390625,41.76564025878906,60.90541076660156,61.0,1247132.5,0.6014334972993827,0.05487139299485624,1.7777777777777777,5162c1085b11d840e9e8d0caa8567ae6,fb5bec6404da9198
B_001_001_20230819224112_001_002_000_003.jpg,./data/you_foulbrood/abnormal/B_001_001_20230819224112_001_002_000_003.jpg,1,abnormal,B_001,B_001_001,B_001_001_20230819,003,1920,1080,2073600,1092165,38.50360107421875,14.768188506112322,6.186603973765443,-13.470840567129628,14.726430855545344,6.184326171875,-13.458602905273438,36.04134837962963,36.14517939814815,57.863695023148146,35.9478759765625,36.055023193359375,57.75457763671875,63.0,243081.5,0.11722680362654321,0.03735773042248375,0.8364167478091529,dc78702bffa2837c97b985bdf1c25bce,c7c78c383839a6e6
B_001_001_20230820211410_001_002_000_003.jpg,./data/you_foulbrood/abnormal/B_001_001_20230820211410_001_002_000_003.jpg,1,abnormal,B_001,B_001_001,B_001_001_20230820,003,1920,1080,2073600,1044498,37.155029296875,14.316648889494068,6.727817804783939,-7.823995466820989,14.276476093367034,6.7218170166015625,-7.8032073974609375,40.64618634259259,33.37231722608025,48.300348668981485,40.553436279296875,33.284881591796875,48.18775939941406,47.0,1010373.0,0.48725549768518517,0.04182053715389649,1.7777777777777777,dfbbae8e57382f0793687bab640f3fa8,9958caad69e43176
B_001_001_20230820212924_001_002_000_003.jpg,./data/you_foulbrood/abnormal/B_001_001_20230820212924_001_002_000_003.jpg,1,abnormal,B_001,B_001_001,B_001_001_20230820,003,1920,1080,2073600,1146460,48.60467529296875,19.043508495219072,9.58945794753086,-3.5555579668209845,19.003625009574144,9.580474853515625,-3.541290283203125,59.61120081018519,42.258008777006175,53.18826919367284,59.517059326171875,42.161224365234375,53.07304382324219,60.0,490004.5,0.2363061824845679,0.07056729418012639,1.645278450363196,5b1aac517f2c9814f781f3df6394f21b,ca0489f88b733f93
B_001_001_20230820222754_001_004_000_003.jpg,./data/you_foulbrood/abnormal/B_001_001_20230820222754_001_004_000_003.jpg,1,abnormal,B_001,B_001_001,B_001_001_20230820,003,1920,1080,2073600,1025137,39.406829833984375,15.539694156983781,6.080301890432111,-9.467927276234562,15.493158078661152,6.082366943359375,-9.4599609375,40.697703028549384,36.138200231481484,53.928078703703704,40.59181213378906,36.030853271484375,53.8099365234375,49.0,261245.5,0.1259864486882716,0.17768857811985558,1.3700361010830324,97b8cc47874037dc1be7372e8ae74d86,e60cf4f331f0c686
B_001_001_20230821180326_001_004_000_003.jpg,./data/you_foulbrood/abnormal/B_001_001_20230821180326_001_004_000_003.jpg,1,abnormal,B_001,B_001_001,B_001_001_20230821,003,1920,1080,2073600,1185924,42.99806213378906,16.765499992435245,5.225966917438285,-9.759221643518515,16.725703220741423,5.2266998291015625,-9.74627685546875,42.8349430941358,40.430978973765434,57.46125868055555,42.74322509765625,40.34375,57.35661315917969,63.0,1217641.5,0.5872113715277778,0.06018337042594786,1.7777777777777777,a009366de06f24ca7d47f730768c9bf3,861c696339c7969b
B_001_001_20230821181213_001_004_000_003.jpg,./data/you_foulbrood/abnormal/B_001_001_20230821181213_001_004_000_003.jpg,1,abnormal,B_001,B_001_001,B_001_001_20230821,003,1920,1080,2073600,1098731,41.661285400390625,16.444890575829096,7.258677179783945,-10.862560281635808,16.404652315027572,7.2530059814453125,-10.844512939453125,43.554087577160495,37.69416425540123,57.99699893904321,43.46446228027344,37.601165771484375,57.88133239746094,49.0,835974.0,0.40315104166666665,0.04073262699902738,1.7777777777777777,05f62535f3ecb365be71fa0ec17f804e,9869730f2639e6a3
B_001_001_20230821184615_001_002_000_003.jpg,./data/you_foulbrood/abnormal/B_001_001_20230821184615_001_002_000_003.jpg,1,abnormal,B_001,B_001_001,B_001_001_20230821,003,1920,1080,2073600,1091896,33.90765380859375,12.826366761982571,4.448698881172845,-10.848383005401232,12.789486155790442,4.4506988525390625,-10.826568603515625,31.475665509259258,32.16777295524691,49.93657552083334,31.390670776367188,32.0831298828125,49.83369445800781,58.0,531585.5,0.25635874807098763,0.03698744703759129,1.3212962962962962,874ee62e1b801fc51017cbbc1481b36d,8a939bc4236caf33
B_001_001_20230821185038_001_002_000_003.jpg,./data/you_foulbrood/abnormal/B_001_001_20230821185038_001_002_000_003.jpg,1,abnormal,B_001,B_001_001,B_001_001_20230821,003,1920,1080,2073600,1126888,38.92041015625,14.929895530743163,5.110485628858015,-11.544183545524689,14.887049057904411,5.1162109375,-11.537033081054688,36.90035300925926,36.981096161265434,54.99350983796296,36.81257629394531,36.88519287109375,54.88572692871094,66.0,1114326.0,0.5373871527777778,0.05357862519528079,1.7777777777777777,800609753cb5f5f316c7106cadea8e34,92926d6d6d6c9193
B_001_001_20230821185245_001_002_000_003.jpg,./data/you_foulbrood/abnormal/B_001_001_20230821185245_001_002_000_003.jpg,1,abnormal,B_001,B_001_001,B_001_001_20230821,003,1920,1080,2073600,1152836,47.988616943359375,18.8263866194626,8.452640335648141,-5.829789255401238,18.780900543811274,8.4556884765625,-5.813018798828125,55.36633825231481,42.86433883101852,55.896693672839504,55.26188659667969,42.76292419433594,55.77197265625,57.0,662822.0,0.3196479552469136,0.03768976347650404,1.5435185185185185,031660b759a0256419c7342ea2aac0f6,cd18b953c64626ed
B_001_001_20230821190433_001_003_000_003.jpg,./data/you_foulbrood/abnormal/B_001_001_20230821190433_001_003_000_003.jpg,1,abnormal,B_001,B_001_001,B_001_001_20230821,003,1920,1080,2073600,1072752,37.77790832519531,14.706357608629872,6.10936776620369,-10.289067322530869,14.672414742264094,6.1015625,-10.273330688476562,37.8965803433642,34.88341001157407,53.06671392746914,37.81005859375,34.805877685546875,52.96830749511719,50.0,1086895.0,0.5241584683641975,0.07238786184192804,1.7703703703703704,b37b316c1d3eaead27cfa800f4c8e4a0,b069566eb1806bf9
B_001_001_20230821213547_001_004_000_003.jpg,./data/you_foulbrood/abnormal/B_001_001_20230821213547_001_004_000_003.jpg,1,abnormal,B_001,B_001_001,B_001_001_20230821,003,1920,1080,2073600,1212951,45.36387634277344,17.492004432946015,9.482742091049374,-4.3137345679012356,17.450483733532476,9.475784301757812,-4.2971649169921875,54.883375289351854,39.599983121141975,50.80929783950617,54.78752136230469,39.51422119140625,50.697845458984375,66.0,612013.0,0.2951451581790123,0.06060947271979101,1.0453703703703703,63dadbea0303671c68639c59a30752af,a1e26c3d1ba57c58
B_001_001_20230821221829_001_003_000_003.jpg,./data/you_foulbrood/abnormal/B_001_001_20230821221829_001_003_000_003.jpg,1,abnormal,B_001,B_001_001,B_001_001_20230821,003,1920,1080,2073600,1204277,42.0098876953125,16.40087656590414,5.710705054012351,-13.522686631944438,16.355321547564337,5.7073822021484375,-13.515151977539062,38.84583960262346,40.045546392746914,61.17903790509259,38.741943359375,39.94737243652344,61.06611633300781,59.0,1363907.5,0.6577486014660494,0.060818070157858305,1.7777777777777777,1d4ebc6c73ecb423f7850c27843e66e1,b585e04a7a5b19b6
B_001_001_20230821222418_001_002_000_003.jpg,./data/you_foulbrood/abnormal/B_001_001_20230821222418_001_002_000_003.jpg,1,abnormal,B_001,B_001_001,B_001_001_20230821,003,1920,1080,2073600,1095335,41.809326171875,16.315329974582426,5.697785493827155,-13.112824556327155,16.273821662454043,5.6875152587890625,-13.094802856445312,38.755407503858024,39.74308738425926,61.29021026234568,38.65989685058594,39.64630126953125,61.17341613769531,64.0,937889.0,0.4522998649691358,0.03184752917969425,1.7777777777777777,85d0cca78c751c9a1d378f457312c856,f00d1ff0401ee3f3
B_001_001_20230821223931_001_002_000_003.jpg,./data/you_foulbrood/abnormal/B_001_001_20230821223931_001_002_000_003.jpg,1,abnormal,B_001,B_001_001,B_001_001_20230821,003,1920,1080,2073600,1253197,39.07746887207031,14.949923406862744,7.924172453703704,-6.220540123456786,14.903372970281863,7.9163055419921875,-6.2119140625,45.209675443672836,34.39322386188272,47.948580729166665,45.10652160644531,34.29109191894531,47.83103942871094,65.0,179032.0,0.08633873456790124,0.0801391900523224,0.8517441860465116,bb608674059423217212874e158e045d,a54a72b50f4f16b1
B_001_001_20230821224138_001_003_000_003.jpg,./data/you_foulbrood/abnormal/B_001_001_20230821224138_001_003_000_003.jpg,1,abnormal,B_001,B_001_001,B_001_001_20230821,003,1920,1080,2073600,1250652,42.19151306152344,16.402689459271365,5.3392939814814895,-10.442618152006176,16.361395143995097,5.343902587890625,-10.428909301757812,41.40938030478395,39.856726948302466,57.06583333333333,41.31819152832031,39.76347351074219,56.95344543457031,61.0,1088430.5,0.5248989679783951,0.03928300638651066,1.7777777777777777,7b8a59ac231ed2acb797e0f0b6bb3e5d,997a91d9266e2565
B_001_001_20230821225359_001_003_000_003.jpg,./data/you_foulbrood/abnormal/B_001_001_20230821225359_001_003_000_003.jpg,1,abnormal,B_001,B_001_001,B_001_001_20230821,003,1920,1080,2073600,1223358,40.59895324707031,15.682287316932946,9.182606577932091,-6.366289062500002,15.637003580729166,9.173965454101562,-6.3555450439453125,48.654316165123454,34.94239776234568,49.42881510416667,48.55085754394531,34.84202575683594,49.309295654296875,54.0,256159.0,0.12353346836419753,0.030907574973554158,0.825925925925926,f7038857bd52da2c44db6521ae74cadc,d3fd153c4f921c09
B_001_001_20230822181106_001_002_000_003.jpg,./data/you_foulbrood/abnormal/B_001_001_20230822181106_001_002_000_003.jpg,1,abnormal,B_001,B_001_001,B_001_001_20230822,003,1920,1080,2073600,1194702,41.25111389160156,16.15018930797628,6.878072916666667,-1.7485720486111092,16.11156987208946,6.8707122802734375,-1.733306884765625,49.58720630787037,36.763858506944445,43.2768147183642,49.487213134765625,36.674530029296875,43.1585693359375,51.0,256709.5,0.1237989486882716,0.04923216590725385,1.4261704681872749,31a0b9d0f10f3545e3558c41ea6f1460,9d24bbca4c31227f
B_001_001_20230822182954_001_002_000_003.jpg,./data/you_foulbrood/abnormal/B_001_001_20230822182954_001_002_000_003.jpg,1,abnormal,B_001,B_001_001,B_001_001_20230822,003,1920,1080,2073600,1303926,42.14698791503906,16.095906333212298,9.855453800154322,-9.977384741512353,16.052964154411764,9.850204467773438,-9.962921142578125,47.56046778549383,36.822294560185185,56.058309220679014,47.46954345703125,36.7359619140625,55.95069885253906,67.0,386099.0,0.18619743441358025,0.04278583094259431,0.8157407407407408,2a55ad6fc5d63af58b28c1a749410f0e,84376a4a37b4d86b
B_001_001_20230822205550_001_002_000_003.jpg,./data/you_foulbrood/abnormal/B_001_001_20230822205550_001_002_000_003.jpg,1,abnormal,B_001,B_001_001,B_001_001_20230822,003,1920,1080,2073600,1183776,42.93658447265625,16.61636350913822,6.609279996141964,-13.350450424382714,16.5899658203125,6.59820556640625,-13.325454711914062,40.85720920138889,40.27734182098765,62.55440634645062,40.79559326171875,40.22181701660156,62.46687316894531,76.0,151340.5,0.07298442322530864,0.012165776648323275,1.3037383177570094,498e46009376b7f091d2b9160bd86e18,a925669b5a46a5bc
B_001_001_20230903152138_001_004_000_003.jpg,./data/you_foulbrood/abnormal/B_001_001_20230903152138_001_004_000_003.jpg,1,abnormal,B_001,B_001_001,B_001_001_20230903,003,1920,1080,2073600,1282563,50.54310607910156,21.204051493282495,3.151754436728396,2.2348943865740694,21.174106971890318,3.1487579345703125,2.232025146484375,55.50927517361111,48.815394000771605,47.1875462962963,55.43013000488281,48.74531555175781,47.110076904296875,47.0,1825720.0,0.8804591049382716,0.10748754114690007,1.7777777777777777,1552b4ace3381949f8ca3675a5d33975,b53cb861dd8b6611
B_001_001_20230912094654_001_001_000_003.jpg,./data/you_foulbrood/abnormal/B_001_001_20230912094654_001_001_000_003.jpg,1,abnormal,B_001,B_001_001,B_001_001_20230912,003,1920,1080,2073600,1129605,68.68714904785156,28.192795706245462,-0.1585643325617241,-1.7967978395061692,28.154338761871937,-0.178680419921875,-1.7923126220703125,66.75624855324074,69.36057773919752,71.1561545138889,66.65518188476562,69.26649475097656,71.05354309082031,83.0,1439447.0,0.6941777584876543,0.06492420936700367,1.7777777777777777,1bc168bdd7c7ce7b054f864d025e477b,f1d1c960857ed985
B_001_001_20230912131457_001_001_000_003.jpg,./data/you_foulbrood/abnormal/B_001_001_20230912131457_001_001_000_003.jpg,1,abnormal,B_001,B_001_001,B_001_001_20230912,003,1920,1080,2073600,1311690,72.528564453125,29.900625605180345,-0.7528303433641952,1.9703858024691385,29.859146417356005,-0.76727294921875,1.9876861572265625,71.96205729166667,73.50891734182099,69.80085841049383,71.86750793457031,73.40972900390625,69.68096923828125,87.0,645731.0,0.3114057677469136,0.03040431310073922,1.6398148148148148,43eecb3c21ec9a1a6b0b22d9e77613e6,9bc0e9691296ce67
B_001_001_20230912181039_001_001_000_003.jpg,./data/you_foulbrood/abnormal/B_001_001_20230912181039_001_001_000_003.jpg,1,abnormal,B_001,B_001_001,B_001_001_20230912,003,1920,1080,2073600,1241998,73.21772766113281,29.99569943718228,-0.016999421296290507,-0.377176408179011,29.94912540211397,-0.03778076171875,-0.3524322509765625,72.11239149305555,73.85124228395061,73.76509307484568,72.00892639160156,73.74717712402344,73.62422180175781,88.0,303048.5,0.14614607445987654,0.035979157841891846,0.7731481481481481,6b6471ba86dbf3786a2232124989e669,c01c2d63cdec653e
B_001_002_20230819182109_001_001_000_003.jpg,./data/you_foulbrood/abnormal/B_001_002_20230819182109_001_001_000_003.jpg,1,abnormal,B_001,B_001_002,B_001_002_20230819,003,1920,1080,2073600,1063055,40.812286376953125,15.84177030380053,5.133925540123471,-12.343590856481484,15.801128312653185,5.13372802734375,-12.332595825195312,38.13600646219136,38.91105420524691,58.33857831790124,38.04248046875,38.81913757324219,58.22557067871094,62.0,1285166.0,0.6197752700617284,0.07479744446148832,1.7777777777777777,139339ac49342b2cb59faca2bf3ab0d9,85674b6395b74954
B_001_002_20230819182441_001_002_000_003.jpg,./data/you_foulbrood/abnormal/B_001_002_20230819182441_001_002_000_003.jpg,1,abnormal,B_001,B_001_002,B_001_002_20230819,003,1920,1080,2073600,1144147,42.05070495605469,16.43270716079642,6.867302758487654,-13.72386188271605,16.38879514208027,6.869659423828125,-13.717941284179688,40.1075993441358,39.40122444058642,61.527572337962965,40.00697326660156,39.30259704589844,61.4195556640625,61.0,771062.0,0.3718470293209877,0.0318533143213074,1.7777777777777777,234dc4dda08b993225f98641927cd913,a95e35a850bc2be3
B_001_002_20230819190509_001_001_000_003.jpg,./data/you_foulbrood/abnormal/B_001_002_20230819190509_001_001_000_003.jpg,1,abnormal,B_001,B_001_002,B_001_002_20230819,003,1920,1080,2073600,1175472,42.21492004394531,16.350963938816268,7.734585262345689,-13.100847318672834,16.309186150045957,7.736846923828125,-13.089996337890625,42.294822530864195,38.71581934799383,60.86240837191358,42.20195007324219,38.621307373046875,60.7559814453125,61.0,1483780.5,0.7155577256944444,0.10790831078413937,1.7777777777777777,05f2b97c718d59f8df9b659f67d3143b,b6b794942182b767
B_001_002_20230819193326_001_004_000_003.jpg,./data/you_foulbrood/abnormal/B_001_002_20230819193326_001_004_000_003.jpg,1,abnormal,B_001,B_001_002,B_001_002_20230819,003,1920,1080,2073600,1068110,38.241912841796875,14.694482646453642,5.486373456790119,-7.869254436728397,14.662290086933211,5.4859619140625,-7.859832763671875,39.34704475308642,35.61629195601852,49.52586082175926,39.276458740234375,35.54411315917969,49.4459228515625,59.0,453367.0,0.2186376350308642,0.01388242707945709,1.4148148148148147,61fc5a24dd12a039bfecf1c7c1519625,cc8f8cf42725b896
B_001_002_20230819201411_001_001_000_003.jpg,./data/you_foulbrood/abnormal/B_001_002_20230819201411_001_001_000_003.jpg,1,abnormal,B_001,B_001_002,B_001_002_20230819,003,1920,1080,2073600,1098142,40.723419189453125,16.107559269849915,6.33023582175926,-8.619525462962969,16.07064639820772,6.342529296875,-8.606552124023438,43.084844714506175,37.139196566358024,53.81265335648148,43.008758544921875,37.054962158203125,53.71723937988281,48.0,932794.0,0.44984278549382717,0.023245070482924828,1.7777777777777777,d467a6ce5b06274c6e7ad02726614ba4,9bf3428c352e9e64
B_001_002_20230819221724_001_004_000_003.jpg,./data/you_foulbrood/abnormal/B_001_002_20230819221724_001_004_000_003.jpg,1,abnormal,B_001,B_001_002,B_001_002_20230819,003,1920,1080,2073600,1089679,41.87925720214844,16.194721503570566,4.107082851080236,-10.440287422839504,16.159440582873774,4.0950469970703125,-10.420974731445312,39.401741898148146,40.389304108796296,56.727297453703706,39.31336975097656,40.3111572265625,56.6190185546875,70.0,1231413.0,0.5938527199074074,0.06509811199079958,1.7777777777777777,b23a391fea1e98f37f0e7d01b847e210,8c2333cc73238f73
B_001_002_20230819222517_001_002_000_003.jpg,./data/you_foulbrood/abnormal/B_001_002_20230819222517_001_002_000_003.jpg,1,abnormal,B_001,B_001_002,B_001_002_20230819,003,1920,1080,2073600,1158093,40.05596923828125,15.38572511952312,8.661762152777783,-5.784463252314808,15.342586741727942,8.660476684570312,-5.771270751953125,47.755323109567904,34.73481385030864,48.04255787037037,47.65971374511719,34.63706970214844,47.93055725097656,49.0,479612.0,0.2312943672839506,0.023751900796345815,1.2314814814814814,8b7a4556226421f4595633f6c83f103c,aba1253cd8576725
B_001_002_20230819224743_001_001_000_003.jpg,./data/you_foulbrood/abnormal/B_001_002_20230819224743_001_001_000_003.jpg,1,abnormal,B_001,B_001_002,B_001_002_20230819,003,1920,1080,2073600,1194497,44.99580383300781,17.60751425956185,6.293897569444454,-13.348152006172839,17.56793452244179,6.2935333251953125,-13.332916259765625,42.718723958333335,42.582602719907406,64.1351702353395,42.63031005859375,42.49534606933594,64.02255249023438,65.0,875804.0,0.42235918209876544,0.04800480192929364,1.4953703703703705,efac3459ad6d0374bedf7de468d52d52,8e33334cce39d48b
B_001_002_20230819225453_001_001_000_003.jpg,./data/you_foulbrood/abnormal/B_001_002_20230819225453_001_001_000_003.jpg,1,abnormal,B_001,B_001_002,B_001_002_20230819,003,1920,1080,2073600,1237104,43.377685546875,16.889133986928105,9.03576292438271,-5.307431037808641,16.840000526577818,9.030166625976562,-5.2951202392578125,52.113879243827164,37.71158420138889,50.53690875771605,52.001708984375,37.60459899902344,50.40797424316406,51.0,703008.5,0.339028018904321,0.10092739219228397,1.162962962962963,c0c97c81396ce307e5c328285ef7ca18,c6a8c741707707f3
B_001_002_20230820185716_001_003_000_003.jpg,./data/you_foulbrood/abnormal/B_001_002_20230820185716_001_003_000_003.jpg,1,abnormal,B_001,B_001_002,B_001_002_20230820,003,1920,1080,2073600,1019222,37.53654479980469,14.548138503086419,7.407320119598779,-5.350801022376544,14.514794443167892,7.4107208251953125,-5.33807373046875,43.90645447530864,32.974590084876546,45.08546440972222,43.82548522949219,32.895538330078125,44.99443054199219,47.0,860181.0,0.4148249421296296,0.024778993494987675,1.7777777777777777,92c4f38897d524d43abf8e0550c39f65,cb2c19c04f1bf715
B_001_002_20230820191227_001_002_000_003.jpg,./data/you_foulbrood/abnormal/B_001_002_20230820191227_001_002_000_003.jpg,1,abnormal,B_001,B_001_002,B_001_002_20230820,003,1920,1080,2073600,1046422,44.81291198730469,17.547458809912854,7.631036361882707,-9.956514274691358,17.50579833984375,7.62945556640625,-9.944503784179688,47.8710262345679,40.717173514660495,58.705395929783954,47.77311706542969,40.63011169433594,58.59623718261719,53.0,745850.5,0.35968870563271604,0.018661425987695813,1.7777777777777777,43e79c550a2501fba3f669ee4b458831,b5f53f0701a29659
B_001_002_20230820192322_001_003_000_003.jpg,./data/you_foulbrood/abnormal/B_001_002_20230820192322_001_003_000_003.jpg,1,abnormal,B_001,B_001_002,B_001_002_20230820,003,1920,1080,2073600,1072879,39.78863525390625,15.664574066509319,7.263710937500008,-4.2286357060185225,15.627614937576594,7.260284423828125,-4.222625732421875,46.30910590277778,35.451769868827164,45.77088300540124,46.2230224609375,35.37120056152344,45.6783447265625,41.0,1502471.5,0.724571518132716,0.07959453647137225,1.7777777777777777,abac5ebcf4b8bf43cfb5025eb48418de,f41a87f1c2616c6e
B_001_002_20230820193633_001_002_000_003.jpg,./data/you_foulbrood/abnormal/B_001_002_20230820193633_001_002_000_003.jpg,1,abnormal,B_001,B_001_002,B_001_002_20230820,003,1920,1080,2073600,1157359,42.82676696777344,16.71745491406439,5.298464023919763,-10.777563657407413,16.680734671798408,5.3014984130859375,-10.761444091796875,41.79044367283951,40.393594232253086,58.79109230324074,41.709381103515625,40.3089599609375,58.68775939941406,62.0,689061.5,0.3323020351080247,0.017621818425689165,1.673148148148148,0af3c27be945f5b0db5b2b4cb4a57f69,96369d69d2d2314d
B_001_002_20230820200413_001_001_000_003.jpg,./data/you_foulbrood/abnormal/B_001_002_20230820200413_001_001_000_003.jpg,1,abnormal,B_001,B_001_002,B_001_002_20230820,003,1920,1080,2073600,1140310,45.93080139160156,17.970896309912852,5.782391010802456,-10.21913580246914,17.93048335056679,5.7696075439453125,-10.202117919921875,46.06931327160494,43.280850694444446,60.05105179398148,45.973175048828125,43.18687438964844,59.93525695800781,65.0,1253834.5,0.6046655574845679,0.06488945092769575,1.7777777777777777,b84f404ff8b4aa20f6fbab433df372e5,b5b53ddac2691492
B_001_002_20230820201043_001_001_000_003.jpg,./data/you_foulbrood/abnormal/B_001_002_20230820201043_001_001_000_003.jpg,1,abnormal,B_001,B_001_002,B_001_002_20230820,003,1920,1080,2073600,1219179,44.41267395019531,17.41651026537158,5.623587480709887,-12.920504436728393,17.375087364047182,5.61260986328125,-12.908828735351562,41.4285865162037,42.46062017746914,63.050713252314814,41.32633972167969,42.36781311035156,62.94181823730469,66.0,420315.5,0.20269844714506172,0.006970755203237413,1.7777777777777777,13b186ab45a5bedab07ab81a3e06e8e6,f5fdc3424ac19e03
B_001_002_20230820202429_001_001_000_003.jpg,./data/you_foulbrood/abnormal/B_001_002_20230820202429_001_001_000_003.jpg,1,abnormal,B_001,B_001_002,B_001_002_20230820,003,1920,1080,2073600,1062791,36.85169982910156,13.9400680449649,7.2371170910493845,-5.697637442129633,13.898243623621324,7.230560302734375,-5.6839599609375,42.753371913580246,32.50357011959876,44.58771556712963,42.65538024902344,32.40803527832031,44.477325439453125,52.0,353326.5,0.1703927951388889,0.026457801669756136,1.0462962962962963,279a7aa33b0f3b5db978e0d8ec0144d9,8ed66d496951b1b2
B_001_002_20230820214139_001_002_000_003.jpg,./data/you_foulbrood/abnormal/B_001_002_20230820214139_001_002_000_003.jpg,1,abnormal,B_001,B_001_002,B_001_002_20230820,003,1920,1080,2073600,1022111,37.42955017089844,14.283663723977245,5.868072434413591,-12.621884162808641,14.249243642769608,5.86871337890625,-12.605072021484375,35.41614872685185,35.118270158179016,55.207192322530865,35.3377685546875,35.0438232421875,55.11772155761719,57.0,1124217.0,0.5421571180555556,0.041437571134017824,1.7777777777777777,0734dcd4f7d958091fb2bd9559222a8a,f40383f29103f1fe
B_001_002_20230820215655_001_004_000_003.jpg,./data/you_foulbrood/abnormal/B_001_002_20230820215655_001_004_000_003.jpg,1,abnormal,B_001,B_001_002,B_001_002_20230820,003,1920,1080,2073600,1027311,48.348052978515625,18.831574338840475,6.353138985339513,-13.766850887345683,18.799725700827207,6.3436737060546875,-13.748687744140625,45.90765190972222,45.88902874228395,67.95724729938271,45.835906982421875,45.82398986816406,67.85952758789062,107.0,53299.0,0.02570360725308642,0.22138678455479202,1.1134020618556701,151d99866370b0f592f0fc094e501c23,e53842adb7531ca6
B_001_002_20230820221705_001_001_000_003.jpg,./data/you_foulbrood/abnormal/B_001_002_20230820221705_001_001_000_003.jpg,1,abnormal,B_001,B_001_002,B_001_002_20230820,003,1920,1080,2073600,983226,40.21791076660156,15.874779298293392,6.862516396604946,-7.980541570216047,15.835589240579043,6.86669921875,-7.96405029296875,43.82649209104938,36.25643904320987,52.030903742283954,43.741973876953125,36.16728210449219,51.923980712890625,44.0,1395511.0,0.6729894868827161,0.12004768578803497,1.7777777777777777,13794180a3187b1ce57bfcadc2425b3f,c6489c331ead193f
B_001_002_20230820222923_001_004_000_003.jpg,./data/you_foulbrood/abnormal/B_001_002_20230820222923_001_004_000_003.jpg,1,abnormal,B_001,B_001_002,B_001_002_20230820,003,1920,1080,2073600,1036410,40.263580322265625,15.580169942205279,6.9526099537037,-13.621656057098761,15.542040058210784,6.938751220703125,-13.598968505859375,38.4410759066358,37.54816792052469,59.665716145833336,38.35475158691406,37.464019775390625,59.55364990234375,63.0,359767.0,0.1734987461419753,0.04637242866889161,0.9462962962962963,aaf08d2062bd958315f287dec9227b6e,9296666c4959b2b7
B_001_002_20230820224146_001_002_000_003.jpg,./data/you_foulbrood/abnormal/B_001_002_20230820224146_001_002_000_003.jpg,1,abnormal,B_001,B_001_002,B_001_002_20230820,003,1920,1080,2073600,1095693,43.66175842285156,17.141407006475433,4.086612172067902,-10.925262345679016,17.104498171338847,4.0769195556640625,-10.912887573242188,40.695512635030866,42.275450906635804,59.215570987654324,40.60816955566406,42.1925048828125,59.11589050292969,67.0,1363677.5,0.6576376832561729,0.08843770302230572,1.7777777777777777,00538f959afb1df29f41d1bdc38108b8,b4b794e94b4b485c
B_001_002_20230820225111_001_004_000_003.jpg,./data/you_foulbrood/abnormal/B_001_002_20230820225111_001_004_000_003.jpg,1,abnormal,B_001,B_001_002,B_001_002_20230820,003,1920,1080,2073600,1103548,40.08892822265625,15.74783496732026,6.3487360146604885,-10.819549093364202,15.710820216758579,6.3512725830078125,-10.805694580078125,40.48526909722222,36.90049864969136,56.16127218364198,40.39752197265625,36.820587158203125,56.061492919921875,49.0,506459.0,0.24424141589506174,0.04429206400484387,2.981366459627329,51e3ab3a49baedb1755f2d06f7be120f,cc37adc8d81515d9
B_001_002_20230821183109_001_004_000_003.jpg,./data/you_foulbrood/abnormal/B_001_002_20230821183109_001_004_000_003.jpg,1,abnormal,B_001,B_001_002,B_001_002_20230821,003,1920,1080,2073600,1163595,37.390228271484375,14.5041598583878,5.74786506558641,-10.357823591820988,14.463740330116421,5.73681640625,-10.3345947265625,37.129498456790124,34.660250771604936,52.945190489969136,37.032928466796875,34.57017517089844,52.827392578125,51.0,572468.0,0.2760744598765432,0.04512858900794249,1.2296450939457202,e32741c94d09f7c52b48c5585ec66d6f,85d14a4e35725abb
B_001_002_20230821191024_001_003_000_003.jpg,./data/you_foulbrood/abnormal/B_001_002_20230821191024_001_003_000_003.jpg,1,abnormal,B_001,B_001_002,B_001_002_20230821,003,1920,1080,2073600,1134856,44.23114013671875,17.0733890855725,6.757260320216062,-10.919438657407412,17.035851572074144,6.7538909912109375,-10.906051635742188,44.98377941743827,41.00152826003087,59.644831211419756,44.89668273925781,40.921417236328125,59.54350280761719,68.0,1365884.5,0.6587020158179012,0.06454865107292,1.7777777777777777,94e184b9a05191a5724d3090013412d0,ada1565456a8a5eb
B_001_002_20230821200814_001_001_000_003.jpg,./data/you_foulbrood/abnormal/B_001_002_20230821200814_001_001_000_003.jpg,1,abnormal,B_001,B_001_002,B_001_002_20230821,003,1920,1080,2073600,1090004,39.4688720703125,15.273697916666666,5.271154513888888,-11.920911940586421,15.243637982536764,5.2618865966796875,-11.901565551757812,37.081432291666665,37.37767891589506,57.07190731095679,37.00987243652344,37.31120300292969,56.981658935546875,59.0,1188312.0,0.5730671296296296,0.05417889690024328,1.7777777777777777,c1e8386809409e4b7135418df7b4bf44,b53f4a43b5b4414d
B_001_002_20230821204036_001_001_000_003.jpg,./data/you_foulbrood/abnormal/B_001_002_20230821204036_001_001_000_003.jpg,1,abnormal,B_001,B_001_002,B_001_002_20230821,003,1920,1080,2073600,1153822,41.865325927734375,16.038573438634714,7.24862509645061,-11.645723861882715,15.994741402420344,7.25579833984375,-11.638290405273438,42.573866705246914,38.506651234567904,58.2120384837963,42.46943664550781,38.412506103515625,58.10478210449219,72.0,751228.0,0.3622820216049383,0.02697756168344733,1.7777777777777777,18b6c9ba160b7c2ae8433f29ee88e610,e11e3ee11ec3d11a
B_001_002_20230821205339_001_002_000_003.jpg,./data/you_foulbrood/abnormal/B_001_002_20230821205339_001_002_000_003.jpg,1,abnormal,B_001,B_001_002,B_001_002_20230821,003,1920,1080,2073600,1019810,37.457855224609375,14.642633253146938,5.773831500771593,-12.413596161265431,14.60546755323223,5.7700347900390625,-12.400619506835938,35.13953944830247,35.1753337191358,56.0102131558642,35.05914306640625,35.09349060058594,55.912139892578125,51.0,158285.0,0.07633342978395062,0.11774506687093712,0.5959595959595959,3b656326183922c212f51ba65576cd76,ae718678e80e75d1
B_001_002_20230821205804_001_004_000_003.jpg,./data/you_foulbrood/abnormal/B_001_002_20230821205804_001_004_000_003.jpg,1,abnormal,B_001,B_001_002,B_001_002_20230821,003,1920,1080,2073600,1074299,42.80877685546875,16.81810264615105,6.354767071759255,-4.8815287422839475,16.78076052198223,6.3492889404296875,-4.869049072265625,47.57137104552469,39.28267023533951,49.257396797839505,47.48365783691406,39.199005126953125,49.15901184082031,51.0,984304.5,0.47468388310185183,0.022259988764431294,1.7777777777777777,86a2407790a79beb0dded3732494d106,e7b609eee420c8dc
B_001_002_20230821210014_001_001_000_003.jpg,./data/you_foulbrood/abnormal/B_001_002_20230821210014_001_001_000_003.jpg,1,abnormal,B_001,B_001_002,B_001_002_20230821,003,1920,1080,2073600,1029041,33.82084655761719,13.325456722040668,5.599661940586429,-7.965448977623453,13.284900141697303,5.6153717041015625,-7.955352783203125,35.480877700617285,30.750979938271605,46.176474247685185,35.38787841796875,30.66156005859375,46.066986083984375,41.0,1040996.0,0.5020235339506173,0.03339875386152835,1.7777777777777777,5c06ca344efd769e20372c8c66016923,e3a13982b03fcdb4
B_001_002_20230821214643_001_004_000_003.jpg,./data/you_foulbrood/abnormal/B_001_002_20230821214643_001_004_000_003.jpg,1,abnormal,B_001,B_001_002,B_001_002_20230821,003,1920,1080,2073600,1096296,39.93243408203125,15.454944323408377,5.7888821373456665,-4.442849151234569,15.416588876761642,5.7894287109375,-4.437469482421875,43.5587924382716,36.956273630401235,46.5618359375,43.46855163574219,36.86711120605469,46.470977783203125,111.0,33576.0,0.01619212962962963,0.45616250922310325,0.9506172839506173,4a9d053e1766035e529bcfb3b601d795,c12ee3c11ec33c57
B_001_002_20230822181439_001_001_000_003.jpg,./data/you_foulbrood/abnormal/B_001_002_20230822181439_001_001_000_003.jpg,1,abnormal,B_001,B_001_002,B_001_002_20230822,003,1920,1080,2073600,1133066,42.42860412597656,16.538794140341324,3.760041473765426,-11.057261766975316,16.49838316674326,3.7486724853515625,-11.045623779296875,38.803183352623456,41.33984857253086,58.23099103009259,38.705657958984375,41.247039794921875,58.11738586425781,71.0,436121.5,0.21032093942901234,0.0187440238812203,1.3611111111111112,a554a0d9d2904e35ca9d1ed7b985fc79,fd0923762709d98b
B_001_002_20230822182535_001_001_000_003.jpg,./data/you_foulbrood/abnormal/B_001_002_20230822182535_001_001_000_003.jpg,1,abnormal,B_001,B_001_002,B_001_002_20230822,003,1920,1080,2073600,1162570,43.20637512207031,16.690052158980873,7.428374807098777,-13.163399402006178,16.65289186963848,7.4289703369140625,-13.1448974609375,42.78634837962963,39.95845148533951,61.759925733024694,42.71134948730469,39.88066101074219,61.65631103515625,68.0,1172929.5,0.5656488715277778,0.061013626800330505,1.7777777777777777,43ab61901ec5804f230314e0e870babf,d2926d6d6c9291cd
B_001_002_20230822185639_001_001_000_003.jpg,./data/you_foulbrood/abnormal/B_001_002_20230822185639_001_001_000_003.jpg,1,abnormal,B_001,B_001_002,B_001_002_20230822,003,1920,1080,2073600,1137774,41.27888488769531,16.566333817477606,7.108233989197544,-7.864104938271609,16.527087641697303,7.1191253662109375,-7.861175537109375,45.22403645833333,37.14079716435185,53.12271074459876,45.129913330078125,37.05120849609375,53.02656555175781,41.0,1292557.0,0.6233396026234568,0.11261183590191011,1.7777777777777777,4d0079ae69afff992b1d0622c96124df,910732f0e54f6d99
B_001_002_20230822190230_001_001_000_003.jpg,./data/you_foulbrood/abnormal/B_001_002_20230822190230_001_001_000_003.jpg,1,abnormal,B_001,B_001_002,B_001_002_20230822,003,1920,1080,2073600,1240270,41.32301330566406,15.873254432946018,8.668419656635791,-6.739697627314811,15.826290355009192,8.672195434570312,-6.7308807373046875,47.81152536651235,36.41156057098765,50.37230082947531,47.71437072753906,36.31547546386719,50.26176452636719,59.0,405256.5,0.19543619791666667,0.021032045768913054,1.1074074074074074,2127bd868304171f4fbafde96b0b52f2,8c35849473f66bcc
B_001_002_20230822190650_001_004_000_003.jpg,./data/you_foulbrood/abnormal/B_001_002_20230822190650_001_004_000_003.jpg,1,abnormal,B_001,B_001_002,B_001_002_20230822,003,1920,1080,2073600,1112256,41.04414367675781,15.936263162672477,5.752142168209872,-10.821686439043205,15.90505562576593,5.757598876953125,-10.806900024414062,40.728660300925924,38.23155719521605,57.013796778549384,40.65577697753906,38.16355895996094,56.92771911621094,60.0,844136.5,0.4070874324845679,0.05225822727557171,1.5277777777777777,9d87a46da13a142d2db654fdd943ee30,a1521c07af78f8e6
B_001_002_20230822203742_001_002_000_003.jpg,./data/you_foulbrood/abnormal/B_001_002_20230822203742_001_002_000_003.jpg,1,abnormal,B_001,B_001_002,B_001_002_20230822,003,1920,1080,2073600,1154271,45.30143737792969,17.821186796477853,8.075215567129618,-14.624208140432103,17.775525859757966,8.076217651367188,-14.620346069335938,44.224786361882714,42.02213011188272,65.88151041666667,44.12158203125,41.924041748046875,65.77230834960938,67.0,1282703.5,0.6185877218364197,0.09538627885373398,1.7777777777777777,1b6c4ad93f3d72eae774ea5e3f65f552,92926d6d6dee9190
B_001_003_20230819183447_001_002_000_003.jpg,./data/you_foulbrood/abnormal/B_001_003_20230819183447_001_002_000_003.jpg,1,abnormal,B_001,B_001_003,B_001_003_20230819,003,1920,1080,2073600,1276867,39.397613525390625,14.912549549140646,7.876883198302465,-8.92599103009259,14.87222708907782,7.8740997314453125,-8.90557861328125,43.24841820987654,35.108584104938274,52.11761043595679,43.16130065917969,35.02593994140625,52.00404357910156,97.0,23402.0,0.011285686728395061,0.3824982580894502,0.6594827586206896,c3cbef2ed84a2d5d88cfe590a5f2028a,b05a6d6d72335629
B_001_003_20230819185843_001_004_000_003.jpg,./data/you_foulbrood/abnormal/B_001_003_20230819185843_001_004_000_003.jpg,1,abnormal,B_001,B_001_003,B_001_003_20230819,003,1920,1080,2073600,1233689,41.1107177734375,15.758905039639313,6.069031153549389,-9.840783661265434,15.718623142616421,6.0719757080078125,-9.831756591796875,42.03089747299383,38.18530623070988,54.56589988425926,41.93992614746094,38.10389709472656,54.47303771972656,63.0,1314819.5,0.6340757619598766,0.05315662736454847,1.7777777777777777,ea3cef36e11786da0a3a0c112894c268,af155a56dca4c42b
B_001_003_20230819192526_001_002_000_003.jpg,./data/you_foulbrood/abnormal/B_001_003_20230819192526_001_002_000_003.jpg,1,abnormal,B_001,B_001_003,B_001_003_20230819,003,1920,1080,2073600,1233021,41.96522521972656,16.249803127269427,12.330725308641973,-6.088877314814809,16.21057248583027,12.321807861328125,-6.079315185546875,52.647280092592595,34.961775655864194,50.672187017746914,52.55982971191406,34.88740539550781,50.57038879394531,116.0,15530.0,0.007489390432098765,0.23851613655609444,0.7966101694915254,4853360bd0cb7e6b6c2366f1a8073c3a,a84929fc07fa1397
B_001_003_20230819212215_001_004_000_003.jpg,./data/you_foulbrood/abnormal/B_001_003_20230819212215_001_004_000_003.jpg,1,abnormal,B_001,B_001_003,B_001_003_20230819,003,1920,1080,2073600,1210660,39.6092529296875,15.13302053074316,9.22174575617285,-6.071574556327164,15.09298287185968,9.2109375,-6.0576629638671875,47.07669897762346,34.29935426311729,48.07490740740741,46.987213134765625,34.218505859375,47.9659423828125,60.0,225068.0,0.10853973765432098,0.020673770615732345,1.0611169652265542,5dd5d606087d4b695544297975aa68c6,a1e362a41f1b9727
B_001_003_20230819224034_001_003_000_003.jpg,./data/you_foulbrood/abnormal/B_001_003_20230819224034_001_003_000_003.jpg,1,abnormal,B_001,B_001_003,B_001_003_20230819,003,1920,1080,2073600,1185887,36.27886962890625,13.863835557371097,5.225322145061739,-12.078345389660498,13.828005323223039,5.2157135009765625,-12.067367553710938,33.53740499614197,34.399864969135805,53.77214554398148,33.45613098144531,34.32240295410156,53.677764892578125,60.0,795088.5,0.38343388310185184,0.030917371810130437,1.7777777777777777,7f258aa0274e99ac06978daab7406363,924b964a96cbb74c
B_001_003_20230820182354_001_003_000_003.jpg,./data/you_foulbrood/abnormal/B_001_003_20230820182354_001_003_000_003.jpg,1,abnormal,B_001,B_001_003,B_001_003_20230820,003,1920,1080,2073600,1294526,42.407623291015625,16.216336086903894,10.104578993055554,-10.071138117283951,16.16592706418505,10.097885131835938,-10.06024169921875,48.11558738425926,36.94261911651235,56.427821180555554,47.99806213378906,36.839691162109375,56.303436279296875,67.0,363136.0,0.17512345679012345,0.007344516337160582,1.3111111111111111,8b990efc0d88f8a43ae67b4a624ae4ac,84734a3ff4496b94
B_001_003_20230820185843_001_002_000_003.jpg,./data/you_foulbrood/abnormal/B_001_003_20230820185843_001_002_000_003.jpg,1,abnormal,B_001,B_001_003,B_001_003_20230820,003,1920,1080,2073600,1129338,39.759429931640625,15.397257020091986,5.245318769290122,-11.963396508487648,15.362901874617034,5.23590087890625,-11.943923950195312,37.272795621141974,37.74472897376543,57.30271701388889,37.19633483886719,37.66876220703125,57.20579528808594,59.0,1187532.5,0.5726912133487654,0.0603431503275826,1.7777777777777777,95578ee69dc190d70d4338c3fde6da72,b55a4ab55a4bb641
B_001_003_20230820190055_001_004_000_003.jpg,./data/you_foulbrood/abnormal/B_001_003_20230820190055_001_004_000_003.jpg,1,abnormal,B_001,B_001_003,B_001_003_20230820,003,1920,1080,2073600,1136509,42.314605712890625,16.68470784918906,6.509168595679,-10.55720196759259,16.642288507199755,6.499053955078125,-10.541244506835938,42.84038532021605,39.2045703125,57.75395543981482,42.74365234375,39.10960388183594,57.640869140625,49.0,1535775.5,0.7406324749228395,0.07644997441574755,1.7777777777777777,227062b4cf280e2e556aaa123f8b1f0a,8e54c6bc53ac645b
B_001_003_20230820192407_001_003_000_003.jpg,./data/you_foulbrood/abnormal/B_001_003_20230820192407_001_003_000_003.jpg,1,abnormal,B_001,B_001_003,B_001_003_20230820,003,1920,1080,2073600,1070725,36.319061279296875,14.163075110445412,5.274405381944433,-7.388384452160494,14.125390146292892,5.275482177734375,-7.3669281005859375,38.10830680941358,33.36044560185185,47.80339265046296,38.01788330078125,33.272125244140625,47.69444274902344,49.0,1171942.5,0.5651728877314814,0.05996317451189708,1.7777777777777777,8a21326cd72f37db5471ffc601167da0,d632c86b3bc43476
B_001_003_20230820192657_001_004_000_003.jpg,./data/you_foulbrood/abnormal/B_001_003_20230820192657_001_004_000_003.jpg,1,abnormal,B_001,B_001_003,B_001_003_20230820,003,1920,1080,2073600,1083385,42.81321716308594,16.66811248033164,5.958777970679023,-11.52368827160494,16.633923100490197,5.94647216796875,-11.506118774414062,41.75973861882716,40.26052758487654,59.394491705246914,41.67546081542969,40.18428039550781,59.295196533203125,59.0,1114373.5,0.5374100597993827,0.0573299027897952,1.7777777777777777,93b15a9b9471612c4cbbc741a85f6706,86387ac69c6466bb
B_001_003_20230820193253_001_002_000_003.jpg,./data/you_foulbrood/abnormal/B_001_003_20230820193253_001_002_000_003.jpg,1,abnormal,B_001,B_001_003,B_001_003_20230820,003,1920,1080,2073600,1160505,38.719268798828125,14.616707894577585,9.650709394290118,-10.955672743055558,14.572382908241421,9.642608642578125,-10.943161010742188,43.29389949845679,33.52514419367284,54.19849103009259,43.19964599609375,33.43211364746094,54.084625244140625,68.0,62526.0,0.030153356481481482,0.04675108980906742,0.9967532467532467,9407bba6876c650b0793acf54cbb709d,dc057703ce4cf361
B_001_003_20230820195320_001_003_000_003.jpg,./data/you_foulbrood/abnormal/B_001_003_20230820195320_001_003_000_003.jpg,1,abnormal,B_001,B_001_003,B_001_003_20230820,003,1920,1080,2073600,1145465,45.50865173339844,17.69029215081094,9.882094907407406,-7.089567418981488,17.634935566023284,9.880584716796875,-7.07763671875,53.42012972608025,39.8159196566358,55.069075038580245,53.29737854003906,39.69590759277344,54.93426513671875,59.0,511538.0,0.24669077932098765,0.011698753040014243,1.5888888888888888,74c8a790c41fd162bd4364ced115464e,df78dacc32cd3081
B_001_003_20230820205522_001_002_000_003.jpg,./data/you_foulbrood/abnormal/B_001_003_20230820205522_001_002_000_003.jpg,1,abnormal,B_001,B_001_003,B_001_003_20230820,003,1920,1080,2073600,1074926,38.42433166503906,14.539645742556282,8.36625289351852,-7.50001832561729,14.495777803308824,8.367050170898438,-7.4961395263671875,44.198495370370374,33.67717881944444,48.50467496141975,44.09397888183594,33.58320617675781,48.40678405761719,55.0,405407.5,0.19550901813271604,0.025950909499620044,1.2342592592592592,8c999576bce26cbcc644b1ccbf8a0990,c34ec338c69e6339
B_001_003_20230820215020_001_001_000_003.jpg,./data/you_foulbrood/abnormal/B_001_003_20230820215020_001_001_000_003.jpg,1,abnormal,B_001,B_001_003,B_001_003_20230820,003,1920,1080,2073600,984314,35.44927978515625,13.33544352154442,5.43845244984567,-9.217660108024688,13.299841787300858,5.447509765625,-9.205947875976562,36.11209297839506,32.77421151620371,48.2810971257716,36.0321044921875,32.69305419921875,48.18235778808594,54.0,1156753.5,0.5578479456018518,0.04918655075196322,1.7777777777777777,01476807c2ce2e7d63ac9281365962cf,b0b4252c9692eb6f
B_001_003_20230820224902_001_002_000_003.jpg,./data/you_foulbrood/abnormal/B_001_003_20230820224902_001_002_000_003.jpg,1,abnormal,B_001,B_001_003,B_001_003_20230820,003,1920,1080,2073600,1131410,42.43988037109375,16.54269244734931,5.947345196759272,-13.645209780092586,16.50775984221814,5.940338134765625,-13.631729125976562,39.19544849537037,40.37940586419753,62.155692033179015,39.11625671386719,40.30046081542969,62.05897521972656,65.0,706625.0,0.34077208719135804,0.01975086125583212,1.7777777777777777,72bfbac316c945bfa646652fefae42aa,8738e33bceab30c4
B_001_003_20230821182102_001_002_000_003.jpg,./data/you_foulbrood/abnormal/B_001_003_20230821182102_001_002_000_003.jpg,1,abnormal,B_001,B_001_003,B_001_003_20230821,003,1920,1080,2073600,1101333,44.32118225097656,17.56353277808037,7.184787808641971,-10.414359085648144,17.520542518765318,7.187286376953125,-10.405593872070312,46.47515866126543,40.33557725694445,60.22713734567901,46.374481201171875,40.233642578125,60.11767578125,55.0,1062753.0,0.5125159143518518,0.05809606089757959,1.6296296296296295,228a7eff1944e929a1ae0f465dbcf4b3,f66dec96830a6643
B_001_003_20230821184703_001_002_000_003.jpg,./data/you_foulbrood/abnormal/B_001_003_20230821184703_001_002_000_003.jpg,1,abnormal,B_001,B_001_003,B_001_003_20230821,003,1920,1080,2073600,1220914,47.97694396972656,18.5984681372549,8.665501060956785,-3.3785667438271645,18.551031374463847,8.6551513671875,-3.3607177734375,57.49491753472222,42.472589216820985,52.21691550925926,57.37995910644531,42.36924743652344,52.09136962890625,66.0,272917.0,0.13161506558641975,0.032129047123634145,0.8555555555555555,4edf32b09180862b54125fbec8f78382,889be396d464652f
B_001_003_20230821190606_001_003_000_003.jpg,./data/you_foulbrood/abnormal/B_001_003_20230821190606_001_003_000_003.jpg,1,abnormal,B_001,B_001_003,B_001_003_20230821,003,1920,1080,2073600,1395954,41.502838134765625,15.872525001512953,10.501860050154335,-6.4934804205246905,15.821054496017156,10.490005493164062,-6.4792938232421875,50.19603636188272,35.441094232253086,50.850779320987655,50.08201599121094,35.33033752441406,50.713470458984375,121.0,22874.0,0.011031057098765432,0.44052149069128066,0.695852534562212,eed3857e27169757814dcb09e3167a9c,8dc66687d96e6648
B_001_003_20230821190732_001_003_000_003.jpg,./data/you_foulbrood/abnormal/B_001_003_20230821190732_001_003_000_003.jpg,1,abnormal,B_001,B_001_003,B_001_003_20230821,003,1920,1080,2073600,1224379,35.6240234375,13.510927854938272,7.37916907793209,-4.510656828703702,13.469800762101716,7.373626708984375,-4.50579833984375,42.71215518904321,30.974312307098767,41.766472800925925,42.613372802734375,30.87896728515625,41.66368103027344,51.0,230645.0,0.11122926311728396,0.021692961429244654,0.9091769157994324,a0a84a40be0e1d39085edbbad783fa5e,c60c1aec9f43791e
B_001_003_20230821190815_001_001_000_003.jpg,./data/you_foulbrood/abnormal/B_001_003_20230821190815_001_001_000_003.jpg,1,abnormal,B_001,B_001_003,B_001_003_20230821,003,1920,1080,2073600,1218396,42.275787353515625,16.572132769002664,7.698457754629629,-2.787391975308637,16.534561456418505,7.691619873046875,-2.776824951171875,51.10848138503086,37.22581934799383,45.86278597608025,51.010345458984375,37.13615417480469,45.757476806640625,51.0,499309.5,0.2407935474537037,0.03389018000088938,1.0324074074074074,4e06e712615f97d2d93418cb5b6ed69b,c4675b19b7ac9941
B_001_003_20230821194137_001_002_000_003.jpg,./data/you_foulbrood/abnormal/B_001_003_20230821194137_001_002_000_003.jpg,1,abnormal,B_001,B_001_003,B_001_003_20230821,003,1920,1080,2073600,1136822,40.69097900390625,15.617315911704187,5.620423900462953,-9.759506172839508,15.583226821001839,5.6178741455078125,-9.745101928710938,40.96830391589506,38.05246141975309,54.27799816743827,40.89300537109375,37.97833251953125,54.184814453125,65.0,841146.5,0.4056454957561728,0.025851042602320764,1.7777777777777777,cd1299b120fab882ffc359f9681bb184,ff0207ff80c4fc03
B_001_003_20230821200648_001_004_000_003.jpg,./data/you_foulbrood/abnormal/B_001_003_20230821200648_001_004_000_003.jpg,1,abnormal,B_001,B_001_003,B_001_003_20230821,003,1920,1080,2073600,1318668,39.38316345214844,15.09656711450012,8.225395929783957,-3.171332947530871,15.056672937729779,8.216400146484375,-3.1684417724609375,48.2943465470679,34.156916473765435,43.642260320216046,48.19877624511719,34.065399169921875,43.54412841796875,57.0,236693.5,0.11414617091049382,0.06182151778026382,0.9400977995110025,1ebed26472c89f3d119638e5c786f696,bed48d55ae925132
B_001_003_20230821202832_001_002_000_003.jpg,./data/you_foulbrood/abnormal/B_001_003_20230821202832_001_002_000_003.jpg,1,abnormal,B_001,B_001_003,B_001_003_20230821,003,1920,1080,2073600,1072220,43.287567138671875,16.98108073862261,7.456446277006165,-12.35286024305556,16.94305419921875,7.4491424560546875,-12.343292236328125,44.04294897762345,39.528414834104936,61.40465422453704,43.95396423339844,39.439300537109375,61.30853271484375,53.0,866530.0,0.41788676697530863,0.02932627762686298,1.7777777777777777,68f3f0219779fd94144a0a0e4b96065b,9136169d2d3d66c9
B_001_003_20230821203706_001_004_000_003.jpg,./data/you_foulbrood/abnormal/B_001_003_20230821203706_001_004_000_003.jpg,1,abnormal,B_001,B_001_003,B_001_003_20230821,003,1920,1080,2073600,1123290,46.781158447265625,18.360300925925927,6.333043016975296,-12.601385995370364,18.326290355009192,6.3253631591796875,-12.587615966796875,45.745124421296296,43.94204378858025,64.74964216820987,45.6656494140625,43.86747741699219,64.65249633789062,63.0,611251.0,0.2947776813271605,0.020310249981067372,1.7777777777777777,f41412977cd2ad8078dc48b3a56fa1db,ec3135ed8e0f12e8
B_001_003_20230821204839_001_003_000_003.jpg,./data/you_foulbrood/abnormal/B_001_003_20230821204839_001_003_000_003.jpg,1,abnormal,B_001,B_001_003,B_001_003_20230821,003,1920,1080,2073600,1181571,39.0404052734375,15.171831691781652,6.448842110339513,-12.409646026234569,15.13128542432598,6.431060791015625,-12.395523071289062,37.696359953703706,36.40999758873457,56.88462625385802,37.597991943359375,36.31707763671875,56.77099609375,51.0,1275038.0,0.6148910108024691,0.0588837395917743,1.7777777777777777,783e31cd4c8bdac567565fd2d6b469d7,abb43683997cc698
B_001_003_20230821204839_001_004_000_003.jpg,./data/you_foulbrood/abnormal/B_001_003_20230821204839_001_004_000_003.jpg,1,abnormal,B_001,B_001_003,B_001_003_20230821,003,1920,1080,2073600,1071801,45.11283874511719,17.82619523117889,4.155529513888894,-11.494970582561734,17.796499214920342,4.1424560546875,-11.481613159179688,41.639240451388886,43.81135079089506,61.42676552854938,41.5626220703125,43.7440185546875,61.34193420410156,69.0,1056994.0,0.5097386188271605,0.031024195456005068,1.7777777777777777,b9b3fafffd6d9b8fdf43b154d577e6d0,e31ce31ff00f7c04
B_001_003_20230821225236_001_003_000_003.jpg,./data/you_foulbrood/abnormal/B_001_003_20230821225236_001_003_000_003.jpg,1,abnormal,B_001,B_001_003,B_001_003_20230821,003,1920,1080,2073600,1182596,47.25709533691406,18.34221265280804,10.218614486882728,-8.87536844135802,18.295826631433822,10.21673583984375,-8.8624267578125,54.546230709876546,41.3503018904321,59.35397762345679,54.44837951660156,41.25392150878906,59.23823547363281,64.0,307720.5,0.14839916087962962,0.050906843835077306,0.984313725490196,a039218204bdd139ba1149f03f8f055a,b2e250d4ad69da2d
B_001_003_20230822183124_001_004_000_003.jpg,./data/you_foulbrood/abnormal/B_001_003_20230822183124_001_004_000_003.jpg,1,abnormal,B_001,B_001_003,B_001_003_20230822,003,1920,1080,2073600,1155128,40.90626525878906,15.958119061667878,5.6213136574073985,-13.989716917438273,15.924006443397671,5.6107635498046875,-13.966339111328125,37.0167828896605,39.089436728395064,60.98797743055555,36.940582275390625,39.015716552734375,60.87699890136719,61.0,1189648.0,0.5737114197530864,0.04217870181562802,1.7777777777777777,b0e6eb276bdceed58709ef2ab765d169,e33c3cc33c45d43c
B_001_003_20230822183337_001_003_000_003.jpg,./data/you_foulbrood/abnormal/B_001_003_20230822183337_001_003_000_003.jpg,1,abnormal,B_001,B_001_003,B_001_003_20230822,003,1920,1080,2073600,1237805,42.85052490234375,16.5050507973251,5.340049672067892,-8.437942226080253,16.474370021446077,5.338775634765625,-8.421951293945312,43.70518518518519,40.24756799768519,54.606725019290124,43.638946533203125,40.191497802734375,54.51387023925781,66.0,506467.5,0.2442455150462963,0.007903435017451407,1.7777777777777777,12b334928ad634b8fee6e7c1946c3eb6,d90f7625b0252eda
B_001_003_20230822184803_001_003_000_003.jpg,./data/you_foulbrood/abnormal/B_001_003_20230822184803_001_003_000_003.jpg,1,abnormal,B_001,B_001_003,B_001_003_20230822,003,1920,1080,2073600,1042285,39.19879150390625,15.141697114802712,4.542814911265424,-11.532075135030865,15.104076909083947,4.534393310546875,-11.5174560546875,36.379002700617285,37.612304205246915,55.427334104938275,36.29302978515625,37.52580261230469,55.31968688964844,63.0,1203428.0,0.5803568672839506,0.047919491893245555,1.7777777777777777,f5a7e9afe00812a7e75798264eaafbac,f5ff4b6ab4864801
B_001_003_20230822190652_001_002_000_003.jpg,./data/you_foulbrood/abnormal/B_001_003_20230822190652_001_002_000_003.jpg,1,abnormal,B_001,B_001_003,B_001_003_20230822,003,1920,1080,2073600,1014907,39.44795227050781,15.343389917695472,7.358593750000011,-7.731119309413586,15.29541015625,7.353485107421875,-7.715545654296875,44.13964265046296,35.05580729166667,50.86030092592593,44.01551818847656,34.94715881347656,50.72637939453125,50.0,826707.0,0.3986820023148148,0.021703468201095873,1.7777777777777777,f1c13d7b801f8806659748d8101ea058,de6e069178369a6a
B_001_003_20230822194612_001_003_000_003.jpg,./data/you_foulbrood/abnormal/B_001_003_20230822194612_001_003_000_003.jpg,1,abnormal,B_001,B_001_003,B_001_003_20230822,003,1920,1080,2073600,1265856,42.530731201171875,16.472446895424834,9.547916184413566,-8.938889853395068,16.421909706265318,9.540420532226562,-8.928024291992188,48.47428915895062,37.3206177662037,54.649162808641975,48.3587646484375,37.22027587890625,54.52638244628906,56.0,962573.0,0.464203800154321,0.02920121452559735,1.7777777777777777,21ef55163d7f1ac285a252bf2865693c,e3033fc10f3ec0cb
B_001_003_20230822201225_001_003_000_003.jpg,./data/you_foulbrood/abnormal/B_001_003_20230822201225_001_003_000_003.jpg,1,abnormal,B_001,B_001_003,B_001_003_20230822,003,1920,1080,2073600,1109519,40.22027587890625,15.60016585723796,4.548321759259267,-9.631773726851847,15.56671142578125,4.5488433837890625,-9.612396240234375,39.04695842978395,38.179972993827164,54.42347945601852,38.9747314453125,38.10638427734375,54.31993103027344,62.0,1070139.5,0.5160780767746913,0.03427254313250982,1.7777777777777777,ac131d4d8897bf3fd84d8a9c57b02276,8b464cab8f668d95
B_001_003_20230822201433_001_003_000_003.jpg,./data/you_foulbrood/abnormal/B_001_003_20230822201433_001_003_000_003.jpg,1,abnormal,B_001,B_001_003,B_001_003_20230822,003,1920,1080,2073600,1050448,38.002716064453125,14.5294338916122,6.62153308256174,-13.706104841820988,14.492486691942402,6.6183624267578125,-13.685470581054688,36.05904899691358,35.375624517746914,57.31978057484568,35.975494384765625,35.29817199707031,57.213897705078125,62.0,1207557.5,0.582348331404321,0.07030631464869028,1.7777777777777777,e55416f4925c95e74e60a4bac9dbd98d,db826666d99a7461
B_001_003_20230822202319_001_001_000_003.jpg,./data/you_foulbrood/abnormal/B_001_003_20230822202319_001_001_000_003.jpg,1,abnormal,B_001,B_001_003,B_001_003_20230822,003,1920,1080,2073600,1119193,44.949981689453125,17.68083601882111,6.0648731674382645,-13.087228491512349,17.639632879518995,6.0653533935546875,-13.0758056640625,42.72055507330247,42.62271749614197,63.48101128472222,42.62992858886719,42.53620910644531,63.37309265136719,60.0,1301650.5,0.6277249710648148,0.07049587852018593,1.7777777777777777,099e2d3a4f5e64205e6fbc5ff3bf18fe,aa0f11f1aa8f5574
B_001_003_20230822210525_001_004_000_003.jpg,./data/you_foulbrood/abnormal/B_001_003_20230822210525_001_004_000_003.jpg,1,abnormal,B_001,B_001_003,B_001_003_20230822,003,1920,1080,2073600,1219828,48.21711730957031,18.648592199225366,9.109181134259273,-3.3433039158950635,18.598842246859682,9.106430053710938,-3.3350830078125,58.068523341049385,42.545264274691355,52.44946662808642,57.94903564453125,42.43888854980469,52.32810974121094,72.0,239124.0,0.11531828703703703,0.0272467537810326,0.9631067961165048,71288cbdc827e0528b9a2b3cf027f605,c7951881839efbe1
B_001_003_20230822210608_001_003_000_003.jpg,./data/you_foulbrood/abnormal/B_001_003_20230822210608_001_003_000_003.jpg,1,abnormal,B_001,B_001_003,B_001_003_20230822,003,1920,1080,2073600,1091469,44.52178955078125,17.46876626422174,6.634428047839492,-10.037293595679017,17.425854252833947,6.6387786865234375,-10.022872924804688,46.305744116512344,40.925586902006174,59.30687451774691,46.21104431152344,40.825408935546875,59.19561767578125,56.0,1353598.0,0.652776813271605,0.07863303981274834,1.7777777777777777,d6d11460b0954d615aecb1686848c1ab,853cda44156acb7d
B_001_003_20230822210731_001_004_000_003.jpg,./data/you_foulbrood/abnormal/B_001_003_20230822210731_001_004_000_003.jpg,1,abnormal,B_001,B_001_003,B_001_003_20230822,003,1920,1080,2073600,1133948,35.08741760253906,13.281871822803197,5.173024209104938,-11.145515528549382,13.248859480315565,5.1682586669921875,-11.126754760742188,33.43442370756173,32.899372588734565,51.41458188657408,33.35639953613281,32.823150634765625,51.31614685058594,60.0,860193.0,0.4148307291666667,0.026691523719671026,1.7777777777777777,69117b993bb9f086401864f337a6a106,d633d6b632863385
B_001_003_20230822210817_001_001_000_003.jpg,./data/you_foulbrood/abnormal/B_001_003_20230822210817_001_001_000_003.jpg,1,abnormal,B_001,B_001_003,B_001_003_20230822,003,1920,1080,2073600,881758,28.647933959960938,11.26448536976519,4.864125192901241,-4.094265528549386,11.240162568933824,4.8629913330078125,-4.08880615234375,32.386371527777776,25.586016107253087,35.188641493055556,32.326995849609375,25.529708862304688,35.11351013183594,43.0,1584973.5,0.7643583622685185,0.2070332174880648,1.7777777777777777,92b71dc9c1e9537213672d30ef2e64de,cccc0feef0631474
B_001_003_20230822211156_001_004_000_003.jpg,./data/you_foulbrood/abnormal/B_001_003_20230822211156_001_004_000_003.jpg,1,abnormal,B_001,B_001_003,B_001_003_20230822,003,1920,1080,2073600,1085168,38.91059875488281,15.166377882171385,5.752076581790135,-10.182136381172839,15.127748975566789,5.752044677734375,-10.159042358398438,39.06373119212963,36.00889371141975,54.23673273533951,38.977508544921875,35.9188232421875,54.12361145019531,53.0,1349777.5,0.6509343653549383,0.0930543217670942,1.7777777777777777,49434b15b6a00756da57755147a02002,d10bf36ecc382e64
B_001_004_20230819183239_001_001_000_003.jpg,./data/you_foulbrood/abnormal/B_001_004_20230819183239_001_001_000_003.jpg,1,abnormal,B_001,B_001_004,B_001_004_20230819,003,1920,1080,2073600,1206580,39.587371826171875,15.284757209210847,4.410868537808653,-7.91480516975308,15.24129830154718,4.4089202880859375,-7.9013214111328125,39.62841772762346,37.533824749228394,50.94665364583334,39.523101806640625,37.440216064453125,50.82920837402344,58.0,1132015.5,0.54591796875,0.04393490523942423,1.7777777777777777,c911713966fca65405cf7b7fbbe2a093,dfd9200433fdea12
B_001_004_20230819183449_001_001_000_003.jpg,./data/you_foulbrood/abnormal/B_001_004_20230819183449_001_001_000_003.jpg,1,abnormal,B_001,B_001_004,B_001_004_20230819,003,1920,1080,2073600,1085966,42.50517272949219,16.521876134713146,4.718690200617289,-10.62250819830247,16.484692143458947,4.711517333984375,-10.605941772460938,40.79928337191358,40.56855516975309,57.711357060185186,40.70768737792969,40.48304748535156,57.60234069824219,66.0,1095299.5,0.5282115644290123,0.038986883084910176,1.7777777777777777,22ecc3ee738c972e30eff23144f6d636,b2962e4b69685c2f
B_001_004_20230819183449_001_003_000_003.jpg,./data/you_foulbrood/abnormal/B_001_004_20230819183449_001_003_000_003.jpg,1,abnormal,B_001,B_001_004,B_001_004_20230819,003,1920,1080,2073600,1360089,51.981201171875,20.387192303618978,8.61993007330247,-5.249913194444446,20.337572284773284,8.615585327148438,-5.2379913330078125,60.04753423996914,46.66124421296296,59.1488956404321,59.930328369140625,46.548309326171875,59.01951599121094,66.0,372505.0,0.17964168595679011,0.05733830546524927,1.6412614980289093,571f4f47094e7b83f44d7a7da56f051f,8c21b7c65dd83366
B_001_004_20230819184254_001_004_000_003.jpg,./data/you_foulbrood/abnormal/B_001_004_20230819184254_001_004_000_003.jpg,1,abnormal,B_001,B_001_004,B_001_004_20230819,003,1920,1080,2073600,1118989,39.58549499511719,15.459992473069475,8.65515673225309,-4.473984857253086,15.422620586320466,8.647109985351562,-4.4664306640625,48.64891155478395,33.9268537808642,45.74333912037037,48.55265808105469,33.83709716796875,45.63873291015625,45.0,546684.5,0.2636402874228395,0.04026125196481337,1.6055555555555556,bb2011979d74d888d1236df58981ead1,d8c981f366f05e13
B_001_004_20230819191226_001_001_000_003.jpg,./data/you_foulbrood/abnormal/B_001_004_20230819191226_001_001_000_003.jpg,1,abnormal,B_001,B_001_004,B_001_004_20230819,003,1920,1080,2073600,1137201,41.90876770019531,16.325185525599128,6.731075424382709,-9.597695312499994,16.282151166130514,6.736419677734375,-9.583053588867188,44.00267023533951,38.27647907021605,55.996469425154324,43.91094970703125,38.179779052734375,55.88456726074219,57.0,372006.5,0.17940128279320988,0.2189634164755644,0.6731481481481482,e8c0c8dd1af0baf02d3df63b3667892b,bc2feb9c004b9695
B_001_004_20230819193458_001_004_000_003.jpg,./data/you_foulbrood/abnormal/B_001_004_20230819193458_001_004_000_003.jpg,1,abnormal,B_001,B_001_004,B_001_004_20230819,003,1920,1080,2073600,1109245,41.59564208984375,16.270955693234086,5.822871817129624,-10.06302613811728,16.23055252374387,5.825225830078125,-10.048110961914062,42.0674040316358,38.638939043209874,56.402907503858025,41.97489929199219,38.54768371582031,56.2933349609375,55.0,965634.5,0.46568021797839504,0.036294547381836045,1.7777777777777777,8aa7ffb9aa71e743d8baf28ad770ed55,873698e7718d43e1
B_001_004_20230819203345_001_003_000_003.jpg,./data/you_foulbrood/abnormal/B_001_004_20230819203345_001_003_000_003.jpg,1,abnormal,B_001,B_001_004,B_001_004_20230819,003,1920,1080,2073600,1254495,43.24470520019531,16.65352006929315,9.85150462962963,-6.7279880401234635,16.611914541207106,9.843582153320312,-6.7158203125,51.14015576774691,37.63201919367284,52.092718942901236,51.05126953125,37.54656982421875,51.98841857910156,64.0,372529.5,0.1796535011574074,0.007844645861060609,1.7138888888888888,c2c2831b9f7cad56d47e74115e51a5ab,956d4a526db59469
B_001_004_20230819203845_001_004_000_003.jpg,./data/you_foulbrood/abnormal/B_001_004_20230819203845_001_004_000_003.jpg,1,abnormal,B_001,B_001_004,B_001_004_20230819,003,1920,1080,2073600,1076141,43.923309326171875,17.280366247579277,5.005415219907405,-12.431539351851853,17.24026549096201,5.00555419921875,-12.42791748046875,40.753177083333334,42.274798418209876,61.40784143518518,40.65887451171875,42.18238830566406,61.30729675292969,63.0,1187400.0,0.5726273148148148,0.042586264817078286,1.7777777777777777,7a66b130b8ea43efca8bd25c628ee146,d3964ccd6ccc9991
B_001_004_20230819205910_001_002_000_003.jpg,./data/you_foulbrood/abnormal/B_001_004_20230819205910_001_002_000_003.jpg,1,abnormal,B_001,B_001_004,B_001_004_20230819,003,1920,1080,2073600,1141147,39.90391540527344,15.564862661885744,6.731345003858024,-11.647890142746917,15.535751043581495,6.7230682373046875,-11.629776000976562,39.13392843364198,37.132519290123454,56.74547694830247,39.07270812988281,37.071380615234375,56.6639404296875,59.0,56072.0,0.027040895061728396,0.07131592630239883,0.9300847457627118,ac043f0fd14c51929da00db5f3ea9d47,967bb1869870ad87
B_001_004_20230819214114_001_001_000_003.jpg,./data/you_foulbrood/abnormal/B_001_004_20230819214114_001_001_000_003.jpg,1,abnormal,B_001,B_001_004,B_001_004_20230819,003,1920,1080,2073600,1170597,43.38157653808594,17.038194444444443,6.059029706790113,-14.428442804783955,16.99420405369179,6.047698974609375,-14.41259765625,39.26614920910494,41.491300636574074,64.64307436342592,39.15953063964844,41.39640808105469,64.52210998535156,67.0,134315.5,0.06477406442901235,0.08228420190236864,1.8942307692307692,a494005bc39c62d398b1e5a46bc14585,b53c836ca6855ad6
B_001_004_20230819220636_001_003_000_003.jpg,./data/you_foulbrood/abnormal/B_001_004_20230819220636_001_003_000_003.jpg,1,abnormal,B_001,B_001_004,B_001_004_20230819,003,1920,1080,2073600,1074392,45.753631591796875,18.034296326555314,7.164775752314824,-10.563714313271603,17.998280244715072,7.15716552734375,-10.550827026367188,47.77163339120371,41.83413339120371,61.37409770447531,47.686187744140625,41.75787353515625,61.279266357421875,55.0,579438.0,0.2794357638888889,0.042032196042711155,1.2564814814814815,b21765c9e8b63fb49ae8f5d3ac392ce8,da06601096fbdbe6
B_001_004_20230819221305_001_001_000_003.jpg,./data/you_foulbrood/abnormal/B_001_004_20230819221305_001_001_000_003.jpg,1,abnormal,B_001,B_001_004,B_001_004_20230819,003,1920,1080,2073600,1118452,41.53834533691406,16.14558067053982,4.661865837191357,-10.656959876543212,16.10485002106311,4.6597747802734375,-10.64794921875,39.697539544753084,39.66442563657407,56.79568383487654,39.59706115722656,39.57176208496094,56.68711853027344,62.0,1278773.0,0.6166922260802469,0.05791325010888211,1.7777777777777777,d4954bbaec3ba994e7a926c65ca77e9e,c74ec23c3039f2e3
B_001_004_20230819222227_001_004_000_003.jpg,./data/you_foulbrood/abnormal/B_001_004_20230819222227_001_004_000_003.jpg,1,abnormal,B_001,B_001_004,B_001_004_20230819,003,1920,1080,2073600,1345493,42.585540771484375,16.422388079460177,8.07381510416667,-3.8430719521605,16.379693723192403,8.066207885742188,-3.8352508544921875,51.23939766589506,37.32563030478395,47.79126929012346,51.13346862792969,37.221923828125,47.68031311035156,66.0,307977.5,0.14852309992283952,0.033769279460363795,0.8077285579641847,ea04826978779bb8d8ca463d17d3b484,cb037dcc2ce63398
B_001_004_20230819222731_001_004_000_003.jpg,./data/you_foulbrood/abnormal/B_001_004_20230819222731_001_004_000_003.jpg,1,abnormal,B_001,B_001_004,B_001_004_20230819,003,1920,1080,2073600,1187121,40.12446594238281,15.653468061607358,5.497712191358033,-13.758124517746907,15.618884516697303,5.485748291015625,-13.7357177734375,36.286420235339506,38.35495659722222,59.87143663194445,36.2041015625,38.27801513671875,59.76182556152344,59.0,1420695.5,0.6851347897376543,0.07592530881582006,1.7777777777777777,16a66c5e51255d5f26f83f3871a15f01,ea3cc13de13b6434
B_001_004_20230819223652_001_004_000_003.jpg,./data/you_foulbrood/abnormal/B_001_004_20230819223652_001_004_000_003.jpg,1,abnormal,B_001,B_001_004,B_001_004_20230819,003,1920,1080,2073600,1204522,46.77622985839844,18.224360589143064,6.511892843364194,-13.455558449074076,18.187800388710173,6.494384765625,-13.437835693359375,44.47167004243827,44.28580536265432,66.30130497685185,44.37989807128906,44.20709228515625,66.19656372070312,78.0,331726.5,0.15997612847222223,0.05850752609824721,1.2553672316384181,d371b84a6cf64bf392582abee66a0cd8,95b56666995a4b61
B_001_004_20230819225040_001_001_000_003.jpg,./data/you_foulbrood/abnormal/B_001_004_20230819225040_001_001_000_003.jpg,1,abnormal,B_001,B_001_004,B_001_004_20230819,003,1920,1080,2073600,1007026,43.192901611328125,16.93523643639555,6.774821566358014,-9.699747781635807,16.90127503638174,6.771881103515625,-9.681961059570312,45.51532600308642,39.35887827932099,57.62310570987654,45.43537902832031,39.28367614746094,57.5230712890625,54.0,928490.0,0.44776716820987655,0.08215023292109115,1.6231481481481482,d5e9331b7ed93cff04b44c691920f6d8,889f31e927a6e8e1
B_001_004_20230819225124_001_004_000_003.jpg,./data/you_foulbrood/abnormal/B_001_004_20230819225124_001_004_000_003.jpg,1,abnormal,B_001,B_001_004,B_001_004_20230819,003,1920,1080,2073600,1114617,40.06932067871094,15.509748509743403,4.127128182870365,-10.719374517746914,15.469904880897671,4.1204681396484375,-10.707855224609375,37.35242573302469,38.60635223765432,55.471470389660496,37.26210021972656,38.51930236816406,55.3653564453125,66.0,1354638.0,0.6532783564814815,0.07894817672478999,1.7777777777777777,89234935775044a6961b72e533895eae,b40d4bb496486abf
B_001_004_20230819225206_001_003_000_003.jpg,./data/you_foulbrood/abnormal/B_001_004_20230819225206_001_003_000_003.jpg,1,abnormal,B_001,B_001_004,B_001_004_20230819,003,1920,1080,2073600,1107231,40.48255920410156,15.78035073983297,4.230633198302456,-10.946051311728397,15.742749980851716,4.225128173828125,-10.936126708984375,37.64735387731481,39.047099729938274,55.957182677469135,37.5635986328125,38.96272277832031,55.85417175292969,63.0,1138463.5,0.5490275366512346,0.04692910382850997,1.7777777777777777,51af993568078a13e53cae1505074480,b217696969939754
B_001_004_20230820181259_001_002_000_003.jpg,./data/you_foulbrood/abnormal/B_001_004_20230820181259_001_002_000_003.jpg,1,abnormal,B_001,B_001_004,B_001_004_20230820,003,1920,1080,2073600,1078263,43.64726257324219,16.996982230392156,6.896159336419743,-9.255560378086415,16.9538849475337,6.894744873046875,-9.248641967773438,45.596431327160495,40.292147472993825,56.70760898919753,45.493408203125,40.19715881347656,56.604278564453125,62.0,1306004.5,0.6298247010030864,0.07232228356204551,1.7777777777777777,3f61829d0d8a93b76ea0d1c8116aac5e,a387565cbe3c13a1
B_001_004_20230820184039_001_004_000_003.jpg,./data/you_foulbrood/abnormal/B_001_004_20230820184039_001_004_000_003.jpg,1,abnormal,B_001,B_001_004,B_001_004_20230820,003,1920,1080,2073600,1167625,40.057342529296875,15.708166341382233,7.619445891203696,-4.518019868827167,15.67019593481924,7.6187286376953125,-4.508758544921875,47.54440200617284,35.1900602816358,46.243089313271604,47.45216369628906,35.101898193359375,46.13725280761719,45.0,791958.5,0.38192443094135803,0.034690003032318124,1.6768518518518518,049f13fc948ca75aaf0953ca610fb06a,c4989853c747a72f
B_001_004_20230820184627_001_004_000_003.jpg,./data/you_foulbrood/abnormal/B_001_004_20230820184627_001_004_000_003.jpg,1,abnormal,B_001,B_001_004,B_001_004_20230820,003,1920,1080,2073600,1176466,39.927337646484375,15.26767920902929,8.699017168209878,-4.932793692129636,15.227409811580882,8.694610595703125,-4.9197540283203125,48.36927662037037,34.472064043209876,46.58382378472222,48.27882385253906,34.38310241699219,46.47611999511719,54.0,267945.0,0.12921730324074074,0.035319643958944186,0.8333333333333334,983a86157f483a34118ddd755ba9c961,d947df13c0dd0326
B_001_004_20230820185719_001_003_000_003.jpg,./data/you_foulbrood/abnormal/B_001_004_20230820185719_001_003_000_003.jpg,1,abnormal,B_001,B_001_004,B_001_004_20230820,003,1920,1080,2073600,1112081,46.3446044921875,18.091895122246427,4.877779706790136,-11.573281732253093,18.056078144148284,4.8734893798828125,-11.561813354492188,44.04490981867284,44.422632619598765,62.94705295138889,43.95976257324219,44.34242248535156,62.84765625,73.0,1209586.5,0.5833268229166667,0.05178877736094442,1.7777777777777777,e5b7a680e6cb472716c6204691f38df4,a8da9f1bb8f1d014
B_001_004_20230820191605_001_001_000_003.jpg,./data/you_foulbrood/abnormal/B_001_004_20230820191605_001_001_000_003.jpg,1,abnormal,B_001,B_001_004,B_001_004_20230820,003,1920,1080,2073600,1072875,36.864349365234375,14.406383517913337,6.624022472993829,-8.801519097222226,14.369087967218137,6.621307373046875,-8.784774780273438,39.17399257330247,33.28848427854938,50.00399546682099,39.08726501464844,33.20652770996094,49.904144287109375,45.0,1208766.0,0.5829311342592592,0.1043198748198413,1.7777777777777777,c846a1213134991ba58905f749427fda,c925368a591e2dde
B_001_004_20230820192408_001_001_000_003.jpg,./data/you_foulbrood/abnormal/B_001_004_20230820192408_001_001_000_003.jpg,1,abnormal,B_001,B_001_004,B_001_004_20230820,003,1920,1080,2073600,1042088,47.05128479003906,18.828474302529653,8.135446084104927,-8.614588155864197,18.788494035309437,8.136795043945312,-8.603271484375,52.10107060185185,42.17999565972222,59.80061149691358,52.00146484375,42.088226318359375,59.69438171386719,48.0,906668.0,0.4372434413580247,0.09933320380680412,1.7777777777777777,d31c92430449a87e20a066a4384af7c2,837b4e8746e4d992
B_001_004_20230820193845_001_002_000_003.jpg,./data/you_foulbrood/abnormal/B_001_004_20230820193845_001_002_000_003.jpg,1,abnormal,B_001,B_001_004,B_001_004_20230820,003,1920,1080,2073600,1112205,41.66386413574219,16.108988441055434,4.56545910493827,-10.926039255401236,16.07485902075674,4.5565643310546875,-10.91802978515625,39.365898919753086,39.986308834876546,56.93580343364197,39.278778076171875,39.91184997558594,56.84391784667969,71.0,750253.5,0.3618120659722222,0.015959598715354878,1.7777777777777777,1b102f7040ab7a8d5bf85a216964ad1d,aa56a256b296d5b1
B_001_004_20230820201508_001_004_000_003.jpg,./data/you_foulbrood/abnormal/B_001_004_20230820201508_001_004_000_003.jpg,1,abnormal,B_001,B_001_004,B_001_004_20230820,003,1920,1080,2073600,1088837,42.00904846191406,16.8627140825466,7.613308256172843,-7.383605324074068,16.820612888710173,7.619842529296875,-7.378387451171875,47.02323784722222,37.489437692901234,53.06511043595679,46.9239501953125,37.39179992675781,52.95957946777344,40.0,980137.5,0.47267433449074076,0.08472453461060607,1.7777777777777777,2dea2be981350df3b8cd7724f39bb4af,9b852174092ff66d
B_001_004_20230820221753_001_003_000_003.jpg,./data/you_foulbrood/abnormal/B_001_004_20230820221753_001_003_000_003.jpg,1,abnormal,B_001,B_001_004,B_001_004_20230820,003,1920,1080,2073600,1021389,37.91705322265625,14.525535584604212,5.8069772376543085,-10.795087287808641,14.485012877221202,5.8145294189453125,-10.782379150390625,37.61606819058642,35.20104263117284,53.48456211419753,37.52264404296875,35.112030029296875,53.381805419921875,60.0,392522.0,0.1892949459876543,0.029458964637221117,1.4361111111111111,66e82945250fc1ea582b26c6d5d7bf44,db9b306765199a45
B_001_004_20230821183407_001_001_000_003.jpg,./data/you_foulbrood/abnormal/B_001_004_20230821183407_001_001_000_003.jpg,1,abnormal,B_001,B_001_004,B_001_004_20230821,003,1920,1080,2073600,1238250,46.51582336425781,17.917171614015977,9.797670235339496,-6.1171648341049405,17.880937164905024,9.792160034179688,-6.1033935546875,55.05504050925926,40.737162905092596,54.47505931712963,54.974456787109375,40.658355712890625,54.37532043457031,71.0,313224.5,0.15105348186728396,0.02853463727754517,0.7361111111111112,523bb61ff70b10d8934e313562ee1c05,cecc39b9853333a1
B_001_004_20230821185249_001_002_000_003.jpg,./data/you_foulbrood/abnormal/B_001_004_20230821185249_001_002_000_003.jpg,1,abnormal,B_001,B_001_004,B_001_004_20230821,003,1920,1080,2073600,1067142,43.90193176269531,17.125860490801262,5.4724889081790025,-11.6943889853395,17.09397259880515,5.466766357421875,-11.680084228515625,42.295525655864196,41.634293981481484,60.33427324459876,42.225677490234375,41.56834411621094,60.24479675292969,62.0,1203223.0,0.5802580054012346,0.04840122452491537,1.7777777777777777,1392565fbc95938b3ef0731d81ba99b5,9877cc9b636891b4
B_001_004_20230821202749_001_004_000_003.jpg,./data/you_foulbrood/abnormal/B_001_004_20230821202749_001_004_000_003.jpg,1,abnormal,B_001,B_001_004,B_001_004_20230821,003,1920,1080,2073600,1287641,46.63999938964844,18.02259516460905,9.040710841049389,-5.818813657407404,17.97593060661765,9.035858154296875,-5.816192626953125,54.664788773148146,41.18843074845679,54.54812789351852,54.54804992675781,41.07942199707031,54.44218444824219,92.0,34994.0,0.01687596450617284,0.10783158065158419,0.9923664122137404,8ef1ed2a947fb9f935dc4a9aa485e28a,8e3037475cb3b386
B_001_004_20230821203707_001_002_000_003.jpg,./data/you_foulbrood/abnormal/B_001_004_20230821203707_001_002_000_003.jpg,1,abnormal,B_001,B_001_004,B_001_004_20230821,003,1920,1080,2073600,1156389,42.032867431640625,16.394830625151293,4.755872395833336,-11.930949074074078,16.3548189051011,4.7536468505859375,-11.921905517578125,38.931293402777776,40.47475067515432,58.89863570601852,38.83750915527344,40.38807678222656,58.79559326171875,62.0,1081806.5,0.5217045235339506,0.048370296109495135,1.7777777777777777,86bc64adcae2f87bcd36776b8074183a,ddc989b468267761
B_001_004_20230821210725_001_003_000_003.jpg,./data/you_foulbrood/abnormal/B_001_004_20230821210725_001_003_000_003.jpg,1,abnormal,B_001,B_001_004,B_001_004_20230821,003,1920,1080,2073600,1038093,37.076324462890625,14.689771506596465,6.128229166666671,-8.058255208333335,14.653104894301471,6.132965087890625,-8.044036865234375,39.510017843364196,33.58965663580247,49.49723620756173,39.426788330078125,33.5101318359375,49.399383544921875,42.0,1618159.0,0.7803621720679013,0.22163156183339577,1.7777777777777777,7a560e475408f4f5180419a27db1fde2,881bb3839ea3d25b
B_001_004_20230821223512_001_004_000_003.jpg,./data/you_foulbrood/abnormal/B_001_004_20230821223512_001_004_000_003.jpg,1,abnormal,B_001,B_001_004,B_001_004_20230821,003,1920,1080,2073600,1241401,41.55400085449219,16.09193578280077,7.388282214506177,-12.120385320216045,16.04880538641238,7.3875732421875,-12.105514526367188,41.890740258487654,38.24516300154321,58.53298755787037,41.79100036621094,38.15391540527344,58.41984558105469,61.0,1346486.0,0.6493470293209876,0.0839918066271504,1.7777777777777777,2139aff4f6b0e049721df5f165a8ce13,b5dc4a62bfb64121
B_001_004_20230821224351_001_001_000_003.jpg,./data/you_foulbrood/abnormal/B_001_004_20230821224351_001_001_000_003.jpg,1,abnormal,B_001,B_001_004,B_001_004_20230821,003,1920,1080,2073600,1141620,40.15983581542969,15.636462493948196,6.093687789351861,-10.943769772376541,15.599263509114584,6.09405517578125,-10.929534912109375,40.146529706790126,37.177198109567904,56.28250144675926,40.063079833984375,37.09288024902344,56.181182861328125,54.0,649789.5,0.31336299189814815,0.021266320880568623,1.5407407407407407,eaa2f0eb1cfe1ae568bfbcb18ef89465,87336d5832ecadc2
B_001_004_20230822184804_001_001_000_003.jpg,./data/you_foulbrood/abnormal/B_001_004_20230822184804_001_001_000_003.jpg,1,abnormal,B_001,B_001_004,B_001_004_20230822,003,1920,1080,2073600,1301976,44.09271240234375,17.072769343076736,10.510561342592581,-8.693109567901232,17.027462230009192,10.50244140625,-8.6875,51.37138647762346,38.25231336805555,55.838893229166665,51.266204833984375,38.1556396484375,55.735870361328125,65.0,746391.0,0.35994936342592593,0.012361239218774375,1.7777777777777777,ddd85770b19c6d87c32e89deb491498a,a585a5353d34387e
B_001_004_20230822195118_001_001_000_003.jpg,./data/you_foulbrood/abnormal/B_001_004_20230822195118_001_001_000_003.jpg,1,abnormal,B_001,B_001_004,B_001_004_20230822,003,1920,1080,2073600,1072583,39.059783935546875,15.092047362926651,4.553085455246901,-11.385913387345681,15.056254069010416,4.5578765869140625,-11.384017944335938,36.279674479166665,37.46349585262346,55.13919319058642,36.2015380859375,37.38502502441406,55.05635070800781,58.0,1413687.5,0.6817551601080247,0.10190819863190141,1.7777777777777777,cd2ab0883181f5fe5c2ab428b415b7e2,a9e8667389d96523
B_001_004_20230822200714_001_001_000_003.jpg,./data/you_foulbrood/abnormal/B_001_004_20230822200714_001_001_000_003.jpg,1,abnormal,B_001,B_001_004,B_001_004_20230822,003,1920,1080,2073600,1167693,40.26957702636719,15.45480172778988,5.2988536844135865,-9.55057050540124,15.419514973958334,5.302337646484375,-9.539581298828125,40.14571759259259,37.805438368055555,54.06380063657407,40.069732666015625,37.7252197265625,53.97047424316406,71.0,117202.5,0.05652126736111111,0.011046914352846823,0.9416666666666667,d6c5addfc5e5c414e4a0fe9d8c1456d4,dc9ccc65667225e4
B_001_004_20230822201858_001_004_000_003.jpg,./data/you_foulbrood/abnormal/B_001_004_20230822201858_001_004_000_003.jpg,1,abnormal,B_001,B_001_004,B_001_004_20230822,003,1920,1080,2073600,1287202,44.074462890625,17.099988841987415,8.593096064814802,-5.3570823688271645,17.050685508578432,8.599502563476562,-5.3510894775390625,51.214617091049384,39.22024112654321,51.19109278549383,51.108917236328125,39.115234375,51.07984924316406,63.0,478391.0,0.2307055362654321,0.025251381260186008,1.2351851851851852,b1fa1f0347b9ab77f05c2babd1f56d3e,f2901f7f00f03f07
B_001_004_20230822212248_001_002_000_003.jpg,./data/you_foulbrood/abnormal/B_001_004_20230822212248_001_002_000_003.jpg,1,abnormal,B_001,B_001_004,B_001_004_20230822,003,1920,1080,2073600,1128376,39.08575439453125,15.416489462297264,6.246311728395057,-11.505755208333326,15.377658021216298,6.2478179931640625,-11.493057250976562,38.58077449845679,36.082125771604936,56.67456452546296,38.49052429199219,35.993560791015625,56.57562255859375,49.0,984835.5,0.47493995949074075,0.028962899753009187,1.7777777777777777,d8c5f6a5859ce3d19ff58b578d27b4f8,9627483ba59993cd
B_001_004_20230824193216_001_001_000_003.jpg,./data/you_foulbrood/abnormal/B_001_004_20230824193216_001_001_000_003.jpg,1,abnormal,B_001,B_001_004,B_001_004_20230824,003,1920,1080,2073600,1094751,42.700225830078125,16.621500922900022,4.403797260802463,-11.974262635030868,16.581013997395832,4.400390625,-11.95751953125,39.02673852237654,41.39903018904321,59.667742091049384,38.936920166015625,41.31071472167969,59.54986572265625,71.0,345494.5,0.1666157889660494,0.06771512592276185,0.8351851851851851,5641d6978ae276b3bef509ef463f65f0,e2bec77c457dc010
B_001_004_20230908152003_001_004_000_003.jpg,./data/you_foulbrood/abnormal/B_001_004_20230908152003_001_004_000_003.jpg,1,abnormal,B_001,B_001_004,B_001_004_20230908,003,1920,1080,2073600,1487475,49.43898010253906,19.83766188574195,4.573304880401224,-0.018239293981480387,19.804615693933822,4.576934814453125,-0.0236968994140625,55.51652102623457,46.579541859567904,48.96126109182099,55.43537902832031,46.50190734863281,48.88584899902344,59.0,1855965.0,0.895044849537037,0.159477014195689,1.7777777777777777,3bdccd70f9adbe2d9d8373d42a90916a,e1031c0edeffc0cc
B_001_004_20230912144417_001_001_000_003.jpg,./data/you_foulbrood/abnormal/B_001_004_20230912144417_001_001_000_003.jpg,1,abnormal,B_001,B_001_004,B_001_004_20230912,003,1920,1080,2073600,1274510,71.2001953125,29.418907725127088,-0.7288691165123424,3.3547415123456688,29.383754356234682,-0.743133544921875,3.367706298828125,71.4569671103395,72.0686858603395,66.73364390432099,71.36761474609375,71.98548889160156,66.63323974609375,87.0,678021.5,0.3269779610339506,0.05836391335024978,1.2416666666666667,43cf998d33b5158047d137eab57386a7,c790e14c187967fc
B_001_005_20230820184841_001_004_000_003.jpg,./data/you_foulbrood/abnormal/B_001_005_20230820184841_001_004_000_003.jpg,1,abnormal,B_001,B_001_005,B_001_005_20230820,003,1920,1080,2073600,1198658,44.85191345214844,17.479425381263617,5.374894386574084,-8.435807291666663,17.43798947801777,5.383819580078125,-8.432830810546875,45.45940200617284,42.42448832947531,56.617029320987655,45.36476135253906,42.33268737792969,56.51560974121094,67.0,734474.0,0.35420235339506173,0.025219400865584295,1.7777777777777777,90b18f670b8427c5e4b32cccb274742f,c80d3fe69f50262b
B_001_005_20230820185047_001_002_000_003.jpg,./data/you_foulbrood/abnormal/B_001_005_20230820185047_001_002_000_003.jpg,1,abnormal,B_001,B_001_005,B_001_005_20230820,003,1920,1080,2073600,1067636,43.18829345703125,16.813370514100704,6.086108699845681,-14.043813657407412,16.77837895412071,6.0805511474609375,-14.034133911132812,40.00090374228395,41.055448977623456,63.13482735339506,39.92015075683594,40.9835205078125,63.04315185546875,64.0,782951.5,0.3775807773919753,0.03269793087781143,1.7777777777777777,4c08a2612cdaa98c2917bc657b4efcc7,f4e50b4ba4a1f45c
B_001_005_20230820185047_001_003_000_003.jpg,./data/you_foulbrood/abnormal/B_001_005_20230820185047_001_003_000_003.jpg,1,abnormal,B_001,B_001_005,B_001_005_20230820,003,1920,1080,2073600,1199659,42.51249694824219,16.652829407225852,4.936451099537038,-10.759125192901237,16.621410893458947,4.93182373046875,-10.74102783203125,40.80303481867284,40.417555941358025,58.39967833719136,40.73200988769531,40.34764099121094,58.3050537109375,59.0,1445331.5,0.6970155767746914,0.0857204329735506,1.7777777777777777,607f7721af281da642b5a088dc9a7f80,e81874e22ef8c4bb
B_001_005_20230820185133_001_001_000_003.jpg,./data/you_foulbrood/abnormal/B_001_005_20230820185133_001_001_000_003.jpg,1,abnormal,B_001,B_001_005,B_001_005_20230820,003,1920,1080,2073600,1402039,49.42578125,19.177551591624304,9.623335744598762,-5.210638503086415,19.129435221354168,9.623504638671875,-5.2034454345703125,58.26856867283951,43.68597993827161,56.630182291666664,58.16432189941406,43.57908630371094,56.514617919921875,77.0,173795.0,0.08381317515432099,0.06490751199272217,0.5368303571428571,16c1e0559d383fb7ec10ba0690b0c414,b269a5baab346e28
B_001_005_20230820191819_001_003_000_003.jpg,./data/you_foulbrood/abnormal/B_001_005_20230820191819_001_003_000_003.jpg,1,abnormal,B_001,B_001_005,B_001_005_20230820,003,1920,1080,2073600,1121925,42.61419677734375,16.92329963235294,6.556485821759253,-9.588601948302468,16.87996658624387,6.5553741455078125,-9.575820922851562,44.31768566743827,39.14360966435185,56.8989134837963,44.21507263183594,39.044189453125,56.77961730957031,49.0,711734.5,0.34323615933641977,0.02913310393362326,1.4805555555555556,83b2a26681eb7ea58be9a26e20f32d5c,d4398df29e4c6896
B_001_005_20230820204814_001_003_000_003.jpg,./data/you_foulbrood/abnormal/B_001_005_20230820204814_001_003_000_003.jpg,1,abnormal,B_001,B_001_005,B_001_005_20230820,003,1920,1080,2073600,1126855,46.40812683105469,18.18667563090051,5.447707851080253,-10.864966242283955,18.152759028416053,5.44842529296875,-10.852706909179688,45.65123649691358,43.89652729552469,61.998298128858025,45.575958251953125,43.81959533691406,61.902130126953125,66.0,977510.5,0.4714074556327161,0.025537140519806552,1.7777777777777777,6f9dfd3fb0540f074a7305b182a840d5,d907c0db24dc3d8d
B_001_005_20230904142517_001_001_000_003.jpg,./data/you_foulbrood/abnormal/B_001_005_20230904142517_001_001_000_003.jpg,1,abnormal,B_001,B_001_005,B_001_005_20230904,003,1920,1080,2073600,1537557,44.430999755859375,18.442994848402325,2.7046923225308603,5.180326485339492,18.378086464077818,2.6802215576171875,5.19451904296875,51.73495804398148,42.65445360725309,36.10001494984568,51.55189514160156,42.47947692871094,35.91014099121094,54.0,1844659.0,0.8895924961419753,0.14913998515330512,1.7777777777777777,7973c93057f45fc0646f1490b2565387,f90156b7b1e1065e
B_001_006_20230824224546_001_003_000_003.jpg,./data/you_foulbrood/abnormal/B_001_006_20230824224546_001_003_000_003.jpg,1,abnormal,B_001,B_001_006,B_001_006_20230824,003,1920,1080,2073600,1265342,42.959991455078125,16.80086389494069,7.701860532407409,-3.327892554012351,16.758045869715072,7.695556640625,-3.317901611328125,51.29275607638889,38.035726755401235,47.26211033950617,51.18840026855469,37.9395751953125,47.14610290527344,52.0,307543.0,0.14831356095679013,0.04520049320008066,0.9359605911330049,437178ed4c3165405e85ac303613b097,e3704e99d74e2991
B_001_006_20230912102608_001_001_000_003.jpg,./data/you_foulbrood/abnormal/B_001_006_20230912102608_001_001_000_003.jpg,1,abnormal,B_001,B_001_006,B_001_006_20230912,003,1920,1080,2073600,1066961,70.01820373535156,28.966116898148147,0.3711477623456858,-1.2727912808641975,28.9280610926011,0.350189208984375,-1.263397216796875,69.33426745756172,70.17160445601851,71.85012876157407,69.23764038085938,70.083740234375,71.74562072753906,74.0,1552721.5,0.7488047357253086,0.15474595447195644,1.7777777777777777,192b10bd78c8232f633fa4c1168bff9f,9bc95516bec9b026
B_001_007_20230903092632_001_004_000_003.jpg,./data/you_foulbrood/abnormal/B_001_007_20230903092632_001_004_000_003.jpg,1,abnormal,B_001,B_001_007,B_001_007_20230903,003,1920,1080,2073600,1192229,42.108551025390625,17.506330564633263,3.0645886381172716,-0.10432822145061493,17.453511555989582,3.0626983642578125,-0.10577392578125,46.0688459683642,40.312474922839506,42.24356481481482,45.93768310546875,40.18504333496094,42.10231018066406,45.0,1802066.0,0.8690518904320987,0.08000834039148537,1.7777777777777777,e25c82c2e2a336f1195cb7116d69173f,a7e3c9d4469087ad
B_001_007_20230903093414_001_004_000_003.jpg,./data/you_foulbrood/abnormal/B_001_007_20230903093414_001_004_000_003.jpg,1,abnormal,B_001,B_001_007,B_001_007_20230903,003,1920,1080,2073600,1511100,38.75621032714844,15.787355324074074,3.4421682098765416,0.17820939429012128,15.716941683900123,3.4383697509765625,0.1706085205078125,43.826955054012345,36.545771604938274,38.39311824845679,43.65971374511719,36.38291931152344,38.22552490234375,52.0,1796122.5,0.866185619212963,0.16831815572773434,1.7777777777777777,8656ce393231ada927f2b31e6238fb05,b3a9099496eb65d2
B_001_007_20230912114450_001_001_000_003.jpg,./data/you_foulbrood/abnormal/B_001_007_20230912114450_001_001_000_003.jpg,1,abnormal,B_001,B_001_007,B_001_007_20230912,003,1920,1080,2073600,1145844,75.79231262207031,31.43365162037037,0.4027546296296407,-1.9481722608024654,31.39157164330576,0.394012451171875,-1.94439697265625,74.57270640432098,76.05926986882716,78.51939814814814,74.46913146972656,75.95611572265625,78.411376953125,89.0,1775354.5,0.8561701871141976,0.23444767340743863,1.7777777777777777,a760f5efb6b2273cdcbea4be95e7c65f,903d6d10d2779ec9
B_001_008_20230908093555_001_003_000_003.jpg,./data/you_foulbrood/abnormal/B_001_008_20230908093555_001_003_000_003.jpg,1,abnormal,B_001,B_001_008,B_001_008_20230908,003,1920,1080,2073600,1464467,57.732025146484375,23.775223160251755,5.5417139274691465,0.639778163580246,23.721349379595587,5.536376953125,0.6379852294921875,65.6209514853395,54.14491319444444,56.753132716049386,65.48434448242188,54.0194091796875,56.625579833984375,54.0,1869877.5,0.9017541956018519,0.18757066473706424,1.7777777777777777,305f3397463eb76466194b4237d01f4a,f9d0cecd2533e824
B_001_008_20230908093600_001_003_000_003.jpg,./data/you_foulbrood/abnormal/B_001_008_20230908093600_001_003_000_003.jpg,1,abnormal,B_001,B_001_008,B_001_008_20230908,003,1920,1080,2073600,1472272,57.6961669921875,23.75376573468894,5.562451774691368,0.6404938271604976,23.7025541417739,5.5616912841796875,0.6367950439453125,65.59891203703704,54.08348958333333,56.70365692515432,65.47064208984375,53.967315673828125,56.58369445800781,54.0,1870279.5,0.9019480613425926,0.18948885186026862,1.7777777777777777,eaf5a96ce741fc575026144fc658d71d,f9d0decd2531e824
B_001_009_20230902100119_001_002_000_003.jpg,./data/you_foulbrood/abnormal/B_001_009_20230902100119_001_002_000_003.jpg,1,abnormal,B_001,B_001_009,B_001_009_20230902,003,1920,1080,2073600,1450056,49.991790771484375,20.77708314421448,4.834524016203716,2.0246547067901304,20.741642970664827,4.8346099853515625,2.0238800048828125,57.67420138888889,46.90147521219136,46.637096354166665,57.59619140625,46.81623840332031,46.53999328613281,52.0,1865359.0,0.8995751350308642,0.20338045615583245,1.7777777777777777,2ddf744d85d2dc57628ca3c25651e8b3,acf8b3698f5d1124
B_001_009_20230912145517_001_001_000_003.jpg,./data/you_foulbrood/abnormal/B_001_009_20230912145517_001_001_000_003.jpg,1,abnormal,B_001,B_001_009,B_001_009_20230912,003,1920,1080,2073600,1243072,72.943603515625,30.080025644517068,-0.3376847029320942,1.925806327160501,30.03467634612439,-0.3555755615234375,1.937408447265625,73.09406780478395,73.54209056712963,70.38370129243827,72.98664855957031,73.43408203125,70.25901794433594,85.0,1281586.0,0.6180488040123456,0.08503721497486322,1.7777777777777777,f5525fcfafe1f0548e269eef0adf4e9a,b32c5b9fb6d96200
B_001_009_20230912145529_001_001_000_003.jpg,./data/you_foulbrood/abnormal/B_001_009_20230912145529_001_001_000_003.jpg,1,abnormal,B_001,B_001_009,B_001_009_20230912,003,1920,1080,2073600,1189474,73.429931640625,30.43804598614137,-0.09116898148148778,0.33020688657407504,30.391881606158087,-0.1032562255859375,0.3408050537109375,72.82339940200617,73.97437210648148,73.16360387731481,72.70829772949219,73.86534118652344,73.03675842285156,85.0,963880.0,0.4648341049382716,0.05457159163579835,1.7777777777777777,1616fd5024d510a220eaf940d981c49f,f8a40dc0d71f586b
B_001_009_20230912145532_001_001_000_003.jpg,./data/you_foulbrood/abnormal/B_001_009_20230912145532_001_001_000_003.jpg,1,abnormal,B_001,B_001_009,B_001_009_20230912,003,1920,1080,2073600,1153576,74.29710388183594,31.069486050593074,0.14153838734569035,1.4037591628086545,31.023691214767158,0.1393585205078125,1.41192626953125,74.60687307098766,74.64761140046296,72.5648828125,74.50447082519531,74.53857421875,72.44203186035156,90.0,1137748.0,0.5486824845679013,0.033709037449236756,1.7777777777777777,729a61aac13fd798ef76b88ce328af74,d8c0e4f2b3272793
B_001_011_20230912122802_001_001_000_003.jpg,./data/you_foulbrood/abnormal/B_001_011_20230912122802_001_001_000_003.jpg,1,abnormal,B_001,B_001_011,B_001_011_20230912,003,1920,1080,2073600,1162422,76.13539123535156,31.61266850490196,0.574121334876537,-2.3257682291666697,31.571338129978553,0.565277099609375,-2.319488525390625,74.28518566743827,76.63507040895061,79.29200135030864,74.18466186523438,76.53569030761719,79.18055725097656,82.0,1046221.5,0.5045435474537037,0.0293067992731461,1.7777777777777777,fabd8e10c3568a89859a9a17dc470db6,cb3091536ec96dc3
B_001_012_20230820221008_001_004_000_003.jpg,./data/you_foulbrood/abnormal/B_001_012_20230820221008_001_004_000_003.jpg,1,abnormal,B_001,B_001_012,B_001_012_20230820,003,1920,1080,2073600,1123436,42.13484191894531,16.308506187969016,4.613298611111105,-10.824062499999997,16.270500631893384,4.6125640869140625,-10.818939208984375,40.045070408950615,40.39164207175926,57.28174768518519,39.9554443359375,40.304656982421875,57.18913269042969,70.0,937392.0,0.4520601851851852,0.024060295300662338,1.7777777777777777,d687223ab6da0bedbafd891f65606f21,ab55e2aa54a37c46
B_001_012_20230820225422_001_004_000_003.jpg,./data/you_foulbrood/abnormal/B_001_012_20230820225422_001_004_000_003.jpg,1,abnormal,B_001,B_001_012,B_001_012_20230820,003,1920,1080,2073600,1125696,37.71678161621094,14.396484280440571,5.02709346064816,-11.65567033179012,14.359214633118873,5.020660400390625,-11.640838623046875,35.158870563271606,35.90642505787037,54.47909915123457,35.06922912597656,35.8199462890625,54.37153625488281,67.0,211900.5,0.10218967013888888,0.008602004829452775,1.2472222222222222,fed576934814a0af00c812670bcf3931,c738c74438c43baf
B_001_012_20230821180805_001_004_000_003.jpg,./data/you_foulbrood/abnormal/B_001_012_20230821180805_001_004_000_003.jpg,1,abnormal,B_001,B_001_012,B_001_012_20230821,003,1920,1080,2073600,1110209,45.99613952636719,18.16848636831276,7.91425684799384,-12.634470003858027,18.12508975758272,7.896392822265625,-12.6192626953125,46.5698755787037,42.257618152006174,64.53504774305556,46.46202087402344,42.16050720214844,64.42080688476562,56.0,426612.5,0.2057351948302469,0.02850873898141713,2.5067567567567566,d6d7942ef2037f99411ecf3a12d91aaa,932d93996916cc4f
B_001_012_20230821181145_001_002_000_003.jpg,./data/you_foulbrood/abnormal/B_001_012_20230821181145_001_002_000_003.jpg,1,abnormal,B_001,B_001_012,B_001_012_20230821,003,1920,1080,2073600,1275067,44.4630126953125,17.21329089506173,7.638090277777792,-3.053223379629628,17.16229008693321,7.6326751708984375,-3.046539306640625,52.99332851080247,39.55571711033951,48.36652536651235,52.86531066894531,39.43168640136719,48.23435974121094,68.0,259902.0,0.12533854166666666,0.03983681768772491,1.2025806451612904,c522799ef361aa0e4bce203b201097bc,e8395e4667e2b88c
B_001_012_20230821185940_001_002_000_003.jpg,./data/you_foulbrood/abnormal/B_001_012_20230821185940_001_002_000_003.jpg,1,abnormal,B_001,B_001_012,B_001_012_20230821,003,1920,1080,2073600,1211504,42.839019775390625,16.700095883260712,6.335703607253095,-13.206037326388895,16.668665268841913,6.3260498046875,-13.190475463867188,40.84912181712963,40.33772231867284,61.47375096450617,40.778411865234375,40.26954650878906,61.37977600097656,64.0,290120.5,0.13991150655864198,0.009227966743791106,1.3185185185185184,cf362502e67f0a0c44b9ed8b571337d8,b497f41a78cbc845
B_001_012_20230821191717_001_001_000_003.jpg,./data/you_foulbrood/abnormal/B_001_012_20230821191717_001_001_000_003.jpg,1,abnormal,B_001,B_001_012,B_001_012_20230821,003,1920,1080,2073600,1065026,43.29267883300781,17.37180256747761,6.668589409722216,-8.523664158950623,17.333936504289216,6.6700592041015625,-8.511367797851562,46.14098572530864,39.48013551311728,56.38518952546296,46.045562744140625,39.395416259765625,56.28300476074219,45.0,1037726.5,0.5004468074845679,0.04982477741119329,1.7287037037037036,f492d59461a2b467be6f21c010b9e69a,93d74ec1c348b633
B_001_012_20230821192346_001_004_000_003.jpg,./data/you_foulbrood/abnormal/B_001_012_20230821192346_001_004_000_003.jpg,1,abnormal,B_001,B_001_012,B_001_012_20230821,003,1920,1080,2073600,1119682,39.239410400390625,15.164147414366981,5.989793595679004,-13.742347608024687,15.128467036228553,5.9840850830078125,-13.729324340820312,35.94787953317901,37.17502411265432,59.090678530092596,35.8695068359375,37.09248352050781,58.9923095703125,62.0,121126.0,0.05841338734567901,0.04200027178768088,0.47685185185185186,3e90b0232206fdcac0c6181f90dd936c,a64e7930b4cfa45a
B_001_012_20230821194109_001_004_000_003.jpg,./data/you_foulbrood/abnormal/B_001_012_20230821194109_001_004_000_003.jpg,1,abnormal,B_001,B_001_012,B_001_012_20230821,003,1920,1080,2073600,1040901,43.56549072265625,17.486381172839504,8.000693962191349,-10.200971739969134,17.44937073950674,8.0040283203125,-10.191390991210938,46.895289834104936,39.031603973765435,59.02369116512346,46.81340026855469,38.95115661621094,58.928070068359375,42.0,1186083.5,0.5719924286265432,0.0568973453485381,1.7777777777777777,4d7e5a1b8bb39531c553ed2b3d05780d,955e667372ba8990
B_001_012_20230821203719_001_001_000_003.jpg,./data/you_foulbrood/abnormal/B_001_012_20230821203719_001_001_000_003.jpg,1,abnormal,B_001,B_001_012,B_001_012_20230821,003,1920,1080,2073600,1184019,38.91105651855469,15.208027149903172,7.666931423611118,-2.875980420524698,15.167810776654411,7.6658477783203125,-2.8675079345703125,47.69142264660494,33.88610387731482,42.55514805169753,47.599212646484375,33.78900146484375,42.444580078125,45.0,810429.0,0.3908318865740741,0.04281454307572972,1.2157407407407408,f6f5e67ece643d7f1cfbd2cc56ec48cc,cf1bd406349b9339
B_001_012_20230821211028_001_001_000_003.jpg,./data/you_foulbrood/abnormal/B_001_012_20230821211028_001_001_000_003.jpg,1,abnormal,B_001,B_001_012,B_001_012_20230821,003,1920,1080,2073600,1058767,37.979827880859375,14.788572303921569,5.538116319444441,-10.367833719135803,14.748762542126226,5.537109375,-10.34820556640625,37.69921006944445,35.23950472608025,53.65456211419753,37.60527038574219,35.15223693847656,53.536651611328125,52.0,1302988.5,0.6283702256944445,0.09108883756385441,1.7777777777777777,abab2c91148adfb6cefa6f93eefefa60,c6a50c3d71c372ce
B_001_012_20230821211028_001_002_000_003.jpg,./data/you_foulbrood/abnormal/B_001_012_20230821211028_001_002_000_003.jpg,1,abnormal,B_001,B_001_012,B_001_012_20230821,003,1920,1080,2073600,1082030,40.613189697265625,15.594816441236988,8.313847415123462,-12.59809413580247,15.554073558134192,8.319229125976562,-12.5880126953125,41.9662962962963,36.71880594135803,57.9177700617284,41.87928771972656,36.6314697265625,57.81561279296875,60.0,1304251.5,0.6289793113425926,0.07907601113524326,1.7777777777777777,d8112f302583396877c90b1580c329a6,989ccddd86a86f11
B_001_012_20230821221039_001_004_000_003.jpg,./data/you_foulbrood/abnormal/B_001_012_20230821221039_001_004_000_003.jpg,1,abnormal,B_001,B_001_012,B_001_012_20230821,003,1920,1080,2073600,1175338,40.58970642089844,15.98029268034374,7.458529128086411,-2.61590133101852,15.93691956763174,7.45037841796875,-2.6163787841796875,49.28091049382716,35.676349826388886,43.988249421296295,49.170928955078125,35.5723876953125,43.8787841796875,45.0,841105.5,0.40562572337962965,0.0374381161709056,1.364814814814815,faa0cefab62316d93acd8018951f91b0,b7292346f4d704e6
B_001_012_20230821224154_001_002_000_003.jpg,./data/you_foulbrood/abnormal/B_001_012_20230821224154_001_002_000_003.jpg,1,abnormal,B_001,B_001_012,B_001_012_20230821,003,1920,1080,2073600,1169959,42.07652282714844,16.407809474098283,5.7263165509259295,-13.369145447530869,16.369910146675856,5.717071533203125,-13.357925415039062,39.00874035493827,40.06815441743827,61.11912229938272,38.92120361328125,39.986175537109375,61.019683837890625,64.0,1203719.0,0.5804972029320987,0.09626933273273586,1.7777777777777777,d05eb6167d069de5ec8ac78da11ba8da,be228c2ae9966ba9
B_001_012_20230821224827_001_003_000_003.jpg,./data/you_foulbrood/abnormal/B_001_012_20230821224827_001_003_000_003.jpg,1,abnormal,B_001,B_001_012,B_001_012_20230821,003,1920,1080,2073600,1265303,38.85015869140625,14.759604590292907,8.308417245370379,-3.510958236882715,14.722547344132966,8.29840087890625,-3.49688720703125,47.497489872685186,33.69806857638889,43.31653694058642,47.406768798828125,33.618865966796875,43.20927429199219,57.0,257994.0,0.12441840277777778,0.03918975645146477,1.243781094527363,e21ee8db3e73983c550b354754702129,fc078afc9d0631c6
B_001_012_20230822180827_001_002_000_003.jpg,./data/you_foulbrood/abnormal/B_001_012_20230822180827_001_002_000_003.jpg,1,abnormal,B_001,B_001_012,B_001_012_20230822,003,1920,1080,2073600,1018484,34.57914733886719,13.54600656620673,5.76789351851852,-9.822046682098772,13.510395124846815,5.7752227783203125,-9.812026977539062,34.99479504243827,31.529876543209877,50.06385175540124,34.91278076171875,31.44927978515625,49.965484619140625,53.0,499065.5,0.2406758777006173,0.015031975964261368,1.7777777777777777,7aaa7ba993c1171118c23bc2b407146f,8d8e4e46e5a72d25
B_001_012_20230822202629_001_002_000_003.jpg,./data/you_foulbrood/abnormal/B_001_012_20230822202629_001_002_000_003.jpg,1,abnormal,B_001,B_001_012,B_001_012_20230822,003,1920,1080,2073600,1055902,43.1092529296875,16.771918686456065,4.441145351080252,-11.083759162808647,16.730280857460173,4.4314117431640625,-11.077606201171875,40.58017795138889,41.539219714506174,58.63433159722222,40.47947692871094,41.44294738769531,58.52879333496094,72.0,759837.5,0.36643397955246915,0.016772678698914505,1.7777777777777777,ff3bb5ff0bfaa2f3b7421ac3fbd9a275,f817f02bd407a956
B_001_012_20230822210200_001_003_000_003.jpg,./data/you_foulbrood/abnormal/B_001_012_20230822210200_001_003_000_003.jpg,1,abnormal,B_001,B_001_012,B_001_012_20230822,003,1920,1080,2073600,1056380,40.23939514160156,15.789417665214234,5.7628052662037135,-9.373394097222217,15.747501148897058,5.7639617919921875,-9.358322143554688,41.02019724151234,37.26108796296296,54.525804398148146,40.926361083984375,37.16351318359375,54.4122314453125,57.0,201595.5,0.09722005208333333,0.06626185360476182,0.6462962962962963,8de4c581aedac15a7ffe715eda90f0fe,f5fc69c8c200b795
B_001_012_20230822211756_001_001_000_003.jpg,./data/you_foulbrood/abnormal/B_001_012_20230822211756_001_001_000_003.jpg,1,abnormal,B_001,B_001_012,B_001_012_20230822,003,1920,1080,2073600,1052755,37.253997802734375,14.792998630779472,6.688616415895069,-8.29357783564815,14.749043782552084,6.7078857421875,-8.2935791015625,40.28589602623457,33.43087818287037,49.96766155478395,40.18743896484375,33.330291748046875,49.8651123046875,41.0,1025773.5,0.49468243634259257,0.110059167507353,1.4907407407407407,f0e9cc05e436ad0b1f1c7de9f5ae1fea,d6966f8c19339561
B_001_013_20230819190946_001_003_000_003.jpg,./data/you_foulbrood/abnormal/B_001_013_20230819190946_001_003_000_003.jpg,1,abnormal,B_001,B_001_013,B_001_013_20230819,003,1920,1080,2073600,1153304,41.84529113769531,16.504261982570807,7.038244116512345,-10.594456018518514,16.466968012791053,7.0321044921875,-10.583633422851562,43.18965518904321,38.216364293981485,57.780274884259256,43.09895324707031,38.131378173828125,57.68605041503906,49.0,756596.0,0.3648707561728395,0.017372703051029836,1.7777777777777777,86224efa52a91acaca3c16c6110394f5,a1e6590a4e9d335e
B_001_013_20230819191617_001_002_000_003.jpg,./data/you_foulbrood/abnormal/B_001_013_20230819191617_001_002_000_003.jpg,1,abnormal,B_001,B_001_013,B_001_013_20230819,003,1920,1080,2073600,1067837,43.11474609375,16.65799499969741,5.708871527777774,-12.650368441358026,16.618670295266543,5.706298828125,-12.63800048828125,40.89581452546296,40.93628954475309,60.882821662808645,40.80641174316406,40.850341796875,60.77290344238281,70.0,861492.5,0.41545741705246914,0.0507687427529468,1.7268518518518519,3ecd05073d49d9fa800cf8f64e451e87,e3c33c3c34c2c71d
B_001_013_20230819194224_001_004_000_003.jpg,./data/you_foulbrood/abnormal/B_001_013_20230819194224_001_004_000_003.jpg,1,abnormal,B_001,B_001_013,B_001_013_20230819,003,1920,1080,2073600,1287348,45.94535827636719,17.669944285584602,9.726425540123444,-6.494329185956786,17.62969970703125,9.728439331054688,-6.483673095703125,54.130547357253086,40.265531442901235,54.38063175154321,54.04383850097656,40.183319091796875,54.28399658203125,70.0,466317.5,0.2248830536265432,0.042165502822839124,1.0712962962962962,213e8063b3049034281ed462c947028d,cfce381c8c733938
B_001_013_20230819205758_001_002_000_003.jpg,./data/you_foulbrood/abnormal/B_001_013_20230819205758_001_002_000_003.jpg,1,abnormal,B_001,B_001_013,B_001_013_20230819,003,1920,1080,2073600,1351461,41.17161560058594,15.71034007352941,7.09153935185185,-3.5519483024691425,15.66229128370098,7.095611572265625,-3.539581298828125,47.52837384259259,37.18983844521605,45.83879147376543,47.42070007324219,37.08837890625,45.72578430175781,69.0,179122.5,0.08638237847222222,0.013090915947245653,1.2338362068965518,eaf9dc6e7a5cfe29aebc51a6102da472,8ba8f34f555650aa
B_001_013_20230819214211_001_001_000_003.jpg,./data/you_foulbrood/abnormal/B_001_013_20230819214211_001_001_000_003.jpg,1,abnormal,B_001,B_001_013,B_001_013_20230819,003,1920,1080,2073600,1095651,37.83868408203125,14.520960421205519,6.086633873456776,-12.670643807870377,14.477120193780637,6.080413818359375,-12.650238037109375,36.12483169367284,35.37344425154321,55.85944155092593,36.020721435546875,35.27909851074219,55.7379150390625,55.0,1091639.5,0.526446518132716,0.06801278396868139,1.7259259259259259,330fea5c26912e368fa19d175759a19b,b0241f90e49e9be7
B_001_013_20230819225511_001_004_000_003.jpg,./data/you_foulbrood/abnormal/B_001_013_20230819225511_001_004_000_003.jpg,1,abnormal,B_001,B_001_013,B_001_013_20230819,003,1920,1080,2073600,1119281,45.132537841796875,17.759234673807793,7.848940007716038,-13.828028549382722,17.72070192823223,7.849761962890625,-13.809524536132812,44.33408998842592,41.888007330246914,64.5888565779321,44.25926208496094,41.808746337890625,64.4796142578125,65.0,1103947.0,0.5323818479938272,0.04731176798106739,1.7777777777777777,bd9aa15e87010b3845e33d23f3e151b7,9686696996907e6e
B_001_013_20230820194245_001_002_000_003.jpg,./data/you_foulbrood/abnormal/B_001_013_20230820194245_001_002_000_003.jpg,1,abnormal,B_001,B_001_013,B_001_013_20230820,003,1920,1080,2073600,1094661,41.91441345214844,16.490831139554587,6.332631172839513,-10.451783371913578,16.449626847809437,6.3217620849609375,-10.444686889648438,42.32440200617284,38.90795621141975,57.17594955632716,42.22138977050781,38.812744140625,57.07429504394531,49.0,1654206.0,0.797745949074074,0.10628567763569344,1.7777777777777777,490e67f1736b1773bcc7c6886b59eb89,8e74c4b8579ea453
B_001_013_20230820194410_001_003_000_003.jpg,./data/you_foulbrood/abnormal/B_001_013_20230820194410_001_003_000_003.jpg,1,abnormal,B_001,B_001_013,B_001_013_20230820,003,1920,1080,2073600,1097556,37.854644775390625,14.648475891128054,5.672047646604938,-11.477377507716056,14.614652745863971,5.675262451171875,-11.468856811523438,36.76801215277778,35.19776089891975,55.06268518518519,36.692474365234375,35.12431335449219,54.977813720703125,55.0,1094417.5,0.5277862172067901,0.06032985489551126,1.7777777777777777,4de67a39a8c7ce41aef04c332f6a6c5d,87655162ec963e1e
B_001_013_20230820203027_001_003_000_003.jpg,./data/you_foulbrood/abnormal/B_001_013_20230820203027_001_003_000_003.jpg,1,abnormal,B_001,B_001_013,B_001_013_20230820,003,1920,1080,2073600,1054202,38.098052978515625,14.763095724400873,5.2602377507716085,-10.154704861111114,14.728734633501839,5.2663116455078125,-10.140975952148438,37.475889274691355,35.636821952160496,53.1004330632716,37.39424133300781,35.560028076171875,53.00691223144531,56.0,979168.5,0.47220703125,0.02793412331471024,1.7777777777777777,5d8d0907c699fa33fd439bc607954caf,96bee40b90276379
B_001_013_20230820205117_001_001_000_003.jpg,./data/you_foulbrood/abnormal/B_001_013_20230820205117_001_001_000_003.jpg,1,abnormal,B_001,B_001_013,B_001_013_20230820,003,1920,1080,2073600,1067512,36.785430908203125,14.304624334301622,7.030084394290128,-7.226978684413581,14.26977419385723,7.0264892578125,-7.204986572265625,41.22922212577161,32.59657407407408,47.44869164737654,41.1448974609375,32.52069091796875,47.34312438964844,46.0,599578.5,0.28914858217592593,0.03110205370862422,1.7777777777777777,6e7456c08a87a67c4f3cbf7be181a86b,84665d31e58d96b5
B_001_013_20230820213615_001_001_000_003.jpg,./data/you_foulbrood/abnormal/B_001_013_20230820213615_001_001_000_003.jpg,1,abnormal,B_001,B_001_013,B_001_013_20230820,003,1920,1080,2073600,1307191,44.04278564453125,16.960765780077462,8.829950810185181,-1.4023596643518488,16.922074860217524,8.821273803710938,-1.3896331787109375,55.151514756944444,38.2566087962963,45.393428819444445,55.055938720703125,38.16813659667969,45.28704833984375,65.0,174515.0,0.08416039737654321,0.06762316232388149,0.741514360313316,37a28a707fa013a8dc84d19bc237ab28,966b31c44d736d98
B_001_016_20230909084107_001_004_000_003.jpg,./data/you_foulbrood/abnormal/B_001_016_20230909084107_001_004_000_003.jpg,1,abnormal,B_001,B_001_016,B_001_016_20230909,003,1920,1080,2073600,1630852,57.2459716796875,23.767010673868317,5.010614390432096,1.9056958912036919,23.746206246170342,5.0139007568359375,1.9018707275390625,64.97650318287037,53.97296055169753,54.52747106481481,64.91804504394531,53.911865234375,54.46038818359375,51.0,1947987.5,0.9394229841820988,0.24516005549924694,1.7777777777777777,b3526b2cdc8e05b485a1622b424edb5f,956966130796d0ef
B_001_016_20230909084151_001_003_000_003.jpg,./data/you_foulbrood/abnormal/B_001_016_20230909084151_001_003_000_003.jpg,1,abnormal,B_001,B_001_016,B_001_016_20230909,003,1920,1080,2073600,1756766,45.759307861328125,18.28746293270395,1.7834852430555657,1.164768518518514,18.249003092447918,1.7919921875,1.1606903076171875,48.93071903935185,44.698997878086416,43.712403549382714,48.84434509277344,44.60557556152344,43.62184143066406,67.0,1736882.0,0.8376167052469136,0.10123234865214761,1.7777777777777777,7571ef292edd3c095d7072caf75d5e7f,b5a35684aa4a5db6
B_001_016_20230909084350_001_001_000_003.jpg,./data/you_foulbrood/abnormal/B_001_016_20230909084350_001_001_000_003.jpg,1,abnormal,B_001,B_001_016,B_001_016_20230909,003,1920,1080,2073600,1572533,45.04847717285156,18.231213689179377,5.304889564043208,2.2970153356481546,18.194454417509192,5.293609619140625,2.2877197265625,54.30948302469136,41.32657069830247,40.911490644290126,54.189666748046875,41.232879638671875,40.81486511230469,60.0,1738005.0,0.838158275462963,0.10527661477314902,1.7777777777777777,0d1846b54d2b0f45d029b7c8bd18c10e,e7103cc73fc03837
B_001_016_20230909084355_001_001_000_003.jpg,./data/you_foulbrood/abnormal/B_001_016_20230909084355_001_001_000_003.jpg,1,abnormal,B_001,B_001_016,B_001_016_20230909,003,1920,1080,2073600,1575830,45.07075500488281,18.250061274509804,5.307729070216055,2.251306423611112,18.203119016161153,5.29931640625,2.242523193359375,54.3168822337963,41.37634114583334,41.01734085648148,54.18058776855469,41.25907897949219,40.90330505371094,60.0,1752158.0,0.8449836033950617,0.11130326108269752,1.7777777777777777,fbe1ba84cc6d9868772e87a503af2426,e7103cc73fc03837
B_001_018_20230819182714_001_004_000_003.jpg,./data/you_foulbrood/abnormal/B_001_018_20230819182714_001_004_000_003.jpg,1,abnormal,B_001,B_001_018,B_001_018_20230819,003,1920,1080,2073600,1087014,41.28529357910156,16.520477222524814,7.544813850308628,-5.853989197530865,16.483196183746937,7.551422119140625,-5.84759521484375,47.30763551311728,36.67339506172839,50.044294463734566,47.218109130859375,36.590850830078125,49.94593811035156,43.0,556360.5,0.26830656828703703,0.0907527495450947,2.481586402266289,796d5e7186d45afa378f83b448166602,c2c6a46f0bd3b9b0
B_001_018_20230819183849_001_003_000_003.jpg,./data/you_foulbrood/abnormal/B_001_018_20230819183849_001_003_000_003.jpg,1,abnormal,B_001,B_001_018,B_001_018_20230819,003,1920,1080,2073600,1068489,44.73200988769531,17.587478251331394,6.814519193672851,-14.883665123456794,17.552017511106005,6.8091278076171875,-14.87384033203125,41.93749517746914,42.20619839891975,65.68578607253086,41.854766845703125,42.12965393066406,65.58578491210938,67.0,638541.0,0.3079383680555556,0.018597176446462735,1.7777777777777777,26a67edd1a2e049eff155058ec681f8c,b5485aa5a54b59b6
B_001_018_20230819184527_001_004_000_003.jpg,./data/you_foulbrood/abnormal/B_001_018_20230819184527_001_004_000_003.jpg,1,abnormal,B_001,B_001_018,B_001_018_20230819,003,1920,1080,2073600,1243794,35.712921142578125,14.002813710360687,11.491506076388902,-0.3931023341049382,13.952870088465074,11.47869873046875,-0.3941497802734375,48.60299189814815,29.14732880015432,36.680805844907404,48.48185729980469,29.03564453125,36.556732177734375,120.0,1602.5,0.0007728105709876544,0.350835975030608,2.4871794871794872,7187c9def1ba5493f6f3fea4ab5c3575,cfc799995c30d04e
B_001_018_20230819185152_001_004_000_003.jpg,./data/you_foulbrood/abnormal/B_001_018_20230819185152_001_004_000_003.jpg,1,abnormal,B_001,B_001_018,B_001_018_20230819,003,1920,1080,2073600,1081518,40.87174987792969,15.839356579823287,6.102193287037039,-11.355891203703706,15.80166685814951,6.107452392578125,-11.347396850585938,40.52968219521605,38.024593942901234,57.18744068287037,40.44789123535156,37.93785095214844,57.091796875,58.0,1441205.0,0.6950255594135802,0.08950900758204006,1.7777777777777777,b4cf8ccda8c10b68ed514224f30c5481,c9469ce3553d2752
B_001_018_20230819185613_001_001_000_003.jpg,./data/you_foulbrood/abnormal/B_001_018_20230819185613_001_001_000_003.jpg,1,abnormal,B_001,B_001_018,B_001_018_20230819,003,1920,1080,2073600,1103404,39.88310241699219,15.283587698196563,5.989986014660502,-10.439386574074078,15.245804132199755,5.9986724853515625,-10.424819946289062,40.046423128858024,37.10372106481481,54.536097125771605,39.975006103515625,37.023223876953125,54.436431884765625,63.0,357271.0,0.1722950424382716,0.015033511963686838,1.8426103646833014,d97fd3d5c623f3a919b947b338f2dbd5,e00f0ee00fe9ab2f
B_001_018_20230819193854_001_001_000_003.jpg,./data/you_foulbrood/abnormal/B_001_018_20230819193854_001_001_000_003.jpg,1,abnormal,B_001,B_001_018,B_001_018_20230819,003,1920,1080,2073600,1212745,40.9857177734375,15.740961820685063,9.375890721450617,-9.070671778549382,15.699079924938726,9.371917724609375,-9.069610595703125,46.479875578703705,35.828995466820984,53.85475549768518,46.38185119628906,35.73857116699219,53.76560974121094,63.0,122819.0,0.05922984182098765,0.01953657242419004,0.9014722536806342,839649bdcd965ee1f247c65b84f30844,ff7e990540a9065b
B_001_018_20230819212154_001_001_000_003.jpg,./data/you_foulbrood/abnormal/B_001_018_20230819212154_001_001_000_003.jpg,1,abnormal,B_001,B_001_018,B_001_018_20230819,003,1920,1080,2073600,1207568,44.46083068847656,17.383529260469622,8.020949556327167,-6.253511766975308,17.338262819776347,8.015762329101562,-6.2431640625,50.991640625,39.60913532021605,53.20415171682099,50.884521484375,39.50541687011719,53.08705139160156,53.0,622850.5,0.3003715760030864,0.023983581442442017,1.6222222222222222,07d60ee83425d153305f1bffb2056ddb,d85033d725fc1726
B_001_018_20230819223043_001_001_000_003.jpg,./data/you_foulbrood/abnormal/B_001_018_20230819223043_001_001_000_003.jpg,1,abnormal,B_001,B_001_018,B_001_018_20230819,003,1920,1080,2073600,1058623,37.3580322265625,14.272807734204793,5.789959972993813,-11.08745852623457,14.238167557061887,5.785552978515625,-11.070632934570312,36.71644434799383,34.71786072530864,53.35260754243827,36.64501953125,34.63970947265625,53.25921630859375,57.0,694703.0,0.33502266589506174,0.025543897811924954,1.636111111111111,537ee40149caf93baa5a3142e8b1bece,b44d4b96b5685393
B_001_018_20230819223756_001_002_000_003.jpg,./data/you_foulbrood/abnormal/B_001_018_20230819223756_001_002_000_003.jpg,1,abnormal,B_001,B_001_018,B_001_018_20230819,003,1920,1080,2073600,1170010,40.21095275878906,15.455526431251513,4.8439255401234504,-8.102184124228401,15.41567933325674,4.85369873046875,-8.088516235351562,40.68331741898148,37.883940489969135,51.79738859953704,40.59637451171875,37.791229248046875,51.688690185546875,61.0,1186546.0,0.5722154706790124,0.040446432217549996,1.7777777777777777,4b24556bad41f3ee5489639d63830784,a81517e2552bcf55
B_001_018_20230819224138_001_002_000_003.jpg,./data/you_foulbrood/abnormal/B_001_018_20230819224138_001_002_000_003.jpg,1,abnormal,B_001,B_001_018,B_001_018_20230819,003,1920,1080,2073600,1081493,35.485748291015625,13.8646296674534,7.708423996913581,-7.450058352623458,13.828633626302084,7.7177276611328125,-7.4452056884765625,40.266089891975305,31.047939814814814,46.60554446373457,40.185211181640625,30.967742919921875,46.517669677734375,39.0,800353.5,0.38597294560185186,0.0356399205655257,1.6796296296296296,db25098b6fc5bbce32620f933170b882,9169705c8fa35b6c
B_001_018_20230819225351_001_002_000_003.jpg,./data/you_foulbrood/abnormal/B_001_018_20230819225351_001_002_000_003.jpg,1,abnormal,B_001,B_001_018,B_001_018_20230819,003,1920,1080,2073600,1083509,39.04350280761719,15.158755824860808,6.231823881172829,-9.341606867283957,15.121932684206495,6.2310943603515625,-9.324615478515625,40.633843557098764,35.73462673611111,52.76081790123457,40.55177307128906,35.64964294433594,52.662078857421875,52.0,360021.5,0.17362147955246915,0.053357516608289274,1.1806883365200764,9dcb21d9e10658e0fc855f98554a2fc7,8c27af485b14739e
B_001_018_20230819225351_001_003_000_003.jpg,./data/you_foulbrood/abnormal/B_001_018_20230819225351_001_003_000_003.jpg,1,abnormal,B_001,B_001_018,B_001_018_20230819,003,1920,1080,2073600,1075621,38.00035095214844,14.535982510288067,4.985333719135809,-12.987079957561733,14.503413181678921,4.981903076171875,-12.9677734375,34.36362606095679,36.30716145833333,56.7682634066358,34.29261779785156,36.235015869140625,56.67002868652344,65.0,951004.5,0.4586248553240741,0.04431613497818835,1.7638888888888888,b562e03ad017f2109f812befb12f9d24,89ab23a38d8f2575
B_001_018_20230819225648_001_002_000_003.jpg,./data/you_foulbrood/abnormal/B_001_018_20230819225648_001_002_000_003.jpg,1,abnormal,B_001,B_001_018,B_001_018_20230819,003,1920,1080,2073600,1162991,45.337371826171875,18.08734019456548,8.313881172839501,-5.958198784722228,18.0442839977788,8.321182250976562,-5.9472808837890625,52.445506847993826,40.221366705246915,53.98157986111111,52.3505859375,40.121368408203125,53.873016357421875,47.0,895148.5,0.4316881269290124,0.04976883389931043,1.5462962962962963,31d4b95e152f515902dbe08efb61c0f8,976961548cbccb9c
B_001_018_20230821195335_001_004_000_003.jpg,./data/you_foulbrood/abnormal/B_001_018_20230821195335_001_004_000_003.jpg,1,abnormal,B_001,B_001_018,B_001_018_20230821,003,1920,1080,2073600,1083121,41.49253845214844,16.492755234809973,6.588636670524693,-9.56045958719136,16.453725777420342,6.5939483642578125,-9.547882080078125,43.26406539351852,37.955557484567905,55.85625337577161,43.18031311035156,37.86492919921875,55.75439453125,47.0,1052061.5,0.507359905478395,0.05425767661921497,1.6722222222222223,e99d4ad3c0c9bfadba79403775684980,81ab63931be587c5
B_001_018_20230912153845_001_001_000_003.jpg,./data/you_foulbrood/abnormal/B_001_018_20230912153845_001_001_000_003.jpg,1,abnormal,B_001,B_001_018,B_001_018_20230912,003,1920,1080,2073600,1260423,75.24896240234375,31.23684167725732,-1.2447540509259198,2.152128665123456,31.197509765625,-1.2534942626953125,2.1568756103515625,74.28437355324074,76.41126157407408,72.53779658564815,74.19210815429688,76.32046508789062,72.43527221679688,90.0,621262.5,0.29960575810185186,0.11016836488820239,1.026851851851852,6d47e1494e447d86b1c8e7559d64da27,de8ec3243676930b
B_001_019_20230819190159_001_004_000_003.jpg,./data/you_foulbrood/abnormal/B_001_019_20230819190159_001_004_000_003.jpg,1,abnormal,B_001,B_001_019,B_001_019_20230819,003,1920,1080,2073600,1171971,42.753173828125,16.469112540849675,4.904987943672836,-10.07421875,16.42653521369485,4.9132537841796875,-10.06036376953125,41.715066550925926,40.69265817901235,56.97425106095679,41.621124267578125,40.600128173828125,56.86076354980469,73.0,228348.5,0.11012176890432099,0.01119973790428872,1.2064814814814815,de12c39d4491a29880e403c8303bcded,9dd96bb4264aa09b
B_001_019_20230819190406_001_003_000_003.jpg,./data/you_foulbrood/abnormal/B_001_019_20230819190406_001_003_000_003.jpg,1,abnormal,B_001,B_001_019,B_001_019_20230819,003,1920,1080,2073600,1119535,38.70037841796875,14.960220928649237,5.317979841821,-12.936429880401235,14.921863032322303,5.3124847412109375,-12.92303466796875,35.57541763117284,36.84461226851852,57.17023003472222,35.49073791503906,36.759490966796875,57.06390380859375,58.0,904288.5,0.43609592013888887,0.02241532190176819,1.7777777777777777,1ae0c131a077f6dedd79229a810f1ade,844d9479b6642beb
B_001_019_20230819191627_001_001_000_003.jpg,./data/you_foulbrood/abnormal/B_001_019_20230819191627_001_001_000_003.jpg,1,abnormal,B_001,B_001_019,B_001_019_20230819,003,1920,1080,2073600,1097088,39.007171630859375,15.002469514040184,6.3900882523148255,-8.993682966820984,14.958346497778798,6.390167236328125,-8.98187255859375,41.02763213734568,35.725314911265436,51.505,40.93241882324219,35.62440490722656,51.39228820800781,51.0,1171034.0,0.5647347608024691,0.0316847611445604,1.7777777777777777,592836fa0c53d28cf8f46f7cfcab7a89,c7fab8cb860203bb
B_001_019_20230819192004_001_002_000_003.jpg,./data/you_foulbrood/abnormal/B_001_019_20230819192004_001_002_000_003.jpg,1,abnormal,B_001,B_001_019,B_001_019_20230819,003,1920,1080,2073600,1148687,38.0419921875,14.566101768639554,5.283324652777765,-12.001133777006174,14.523261575137868,5.2705841064453125,-11.97821044921875,35.38884066358025,36.16031394675926,55.43889419367284,35.290557861328125,36.06184387207031,55.32020568847656,68.0,313914.5,0.15138623649691357,0.028945783033294557,1.0351851851851852,4109227abca0fac6918cf5954132ddea,8d58a32672a8daaf
B_001_019_20230819195035_001_004_000_003.jpg,./data/you_foulbrood/abnormal/B_001_019_20230819195035_001_004_000_003.jpg,1,abnormal,B_001,B_001_019,B_001_019_20230819,003,1920,1080,2073600,1050525,43.41120910644531,17.048497450677804,5.890100308641962,-12.317880979938266,17.0135498046875,5.881866455078125,-12.298095703125,41.76414303626543,41.05520543981481,60.521357542438274,41.68412780761719,40.98223876953125,60.41819763183594,61.0,1352639.0,0.6523143325617284,0.0691822951736514,1.7777777777777777,adf9a3f81e7ad3f89a35b425978db4f8,eb5c15aa1550abd3
B_001_019_20230819200254_001_003_000_003.jpg,./data/you_foulbrood/abnormal/B_001_019_20230819200254_001_003_000_003.jpg,1,abnormal,B_001,B_001_019,B_001_019_20230819,003,1920,1080,2073600,1058442,37.45130920410156,14.50728258896151,5.456020447530875,-9.14871190200617,14.463728362438726,5.46954345703125,-9.139419555664062,38.05068431712963,34.64223813657407,51.31109375,37.95597839355469,34.540191650390625,51.20176696777344,54.0,477536.5,0.23029345100308643,0.027145799417758208,1.5351851851851852,53b9cb310b41f4dd788a9634e6ea6d48,e35d340eaec3453a
B_001_019_20230819200337_001_001_000_003.jpg,./data/you_foulbrood/abnormal/B_001_019_20230819200337_001_001_000_003.jpg,1,abnormal,B_001,B_001_019,B_001_019_20230819,003,1920,1080,2073600,1150960,39.24440002441406,15.139916182522391,4.822558834876531,-11.228705150462957,15.094610476026348,4.813262939453125,-11.213836669921875,36.845825135030864,37.4769425154321,55.43275993441358,36.7352294921875,37.37474060058594,55.313507080078125,60.0,1074274.0,0.5180719521604938,0.046733719704300555,1.7777777777777777,7860fc1386d10284e6e2cfe5f76581fa,9449dcb66bb67430
B_001_019_20230819200719_001_002_000_003.jpg,./data/you_foulbrood/abnormal/B_001_019_20230819200719_001_002_000_003.jpg,1,abnormal,B_001,B_001_019,B_001_019_20230819,003,1920,1080,2073600,1137329,41.25439453125,16.10192163671024,5.397909432870364,-6.625665027006178,16.0679536707261,5.394775390625,-6.6131744384765625,43.1574252507716,38.55395978009259,50.83100549768518,43.079315185546875,38.47990417480469,50.73872375488281,54.0,1263358.5,0.6092585358796296,0.03235633596110382,1.7777777777777777,b085571ed3f9bf3a4942922f4effaf4f,e02b6f1751d7c14c
B_001_019_20230819201520_001_001_000_003.jpg,./data/you_foulbrood/abnormal/B_001_019_20230819201520_001_001_000_003.jpg,1,abnormal,B_001,B_001_019,B_001_019_20230819,003,1920,1080,2073600,1132972,38.77830505371094,14.837765333756959,5.118405189043216,-10.614441068672846,14.796262254901961,5.12042236328125,-10.601852416992188,37.61642505787037,36.64798514660494,53.61178771219136,37.51771545410156,36.55682373046875,53.50230407714844,60.0,1281323.5,0.6179222125771605,0.06311462741227747,1.7777777777777777,2cef8b46214b2cc7cffd4861bca95c8d,aa385542aac5575f
B_001_019_20230819202026_001_004_000_003.jpg,./data/you_foulbrood/abnormal/B_001_019_20230819202026_001_004_000_003.jpg,1,abnormal,B_001,B_001_019,B_001_019_20230819,003,1920,1080,2073600,1088475,42.627899169921875,16.611735203340597,5.746731288580236,-13.468380594135809,16.57681334252451,5.7433319091796875,-13.459579467773438,39.56090760030864,40.594803722993824,61.688538773148146,39.48060607910156,40.52186584472656,61.59722900390625,64.0,1105908.0,0.5333275462962963,0.044344682334916424,1.7777777777777777,399c70ac4fbf02b6b18a0881e9c37e17,e518c6bdc657ac48
B_001_019_20230819203111_001_004_000_003.jpg,./data/you_foulbrood/abnormal/B_001_019_20230819203111_001_004_000_003.jpg,1,abnormal,B_001,B_001_019,B_001_019_20230819,003,1920,1080,2073600,1244421,40.94441223144531,15.86701369977003,5.384036458333327,-11.043677179783955,15.824351591222426,5.3829193115234375,-11.032913208007812,39.28537471064815,38.816719232253085,57.02410734953704,39.192291259765625,38.7191162109375,56.91838073730469,64.0,405096.5,0.1953590374228395,0.05658038150757008,1.010185185185185,6d4154bf14629668b7b9fa9eeefddb8c,cf3833ce3870c23b
B_001_019_20230819203155_001_001_000_003.jpg,./data/you_foulbrood/abnormal/B_001_019_20230819203155_001_001_000_003.jpg,1,abnormal,B_001,B_001_019,B_001_019_20230819,003,1920,1080,2073600,1162995,42.0399169921875,16.2720610929557,7.182616222993829,-13.522097318672834,16.22878130744485,7.182373046875,-13.508743286132812,41.26627170138889,38.835586419753085,61.479113618827164,41.16777038574219,38.738311767578125,61.36671447753906,61.0,1350099.5,0.6510896508487655,0.0871780117766809,1.7777777777777777,1baedabf67f928bf4f169ccbbd92216f,e04ad0a51ff60cfa
B_001_019_20230819203407_001_001_000_003.jpg,./data/you_foulbrood/abnormal/B_001_019_20230819203407_001_001_000_003.jpg,1,abnormal,B_001,B_001_019,B_001_019_20230819,003,1920,1080,2073600,1134722,44.141754150390625,17.181906431554104,5.481520061728389,-10.564723668981486,17.145619111902572,5.4822235107421875,-10.538558959960938,43.50298080632716,41.66990692515432,59.23915653935185,43.42559814453125,41.58781433105469,59.1190185546875,64.0,724165.5,0.3492310474537037,0.019248097503281412,1.7777777777777777,31f368c9c33d1a53063d5452fb9658dd,94b4635acc4971b7
B_001_019_20230819210939_001_001_000_003.jpg,./data/you_foulbrood/abnormal/B_001_019_20230819210939_001_001_000_003.jpg,1,abnormal,B_001,B_001_019,B_001_019_20230819,003,1920,1080,2073600,1362458,35.892852783203125,13.4386139100702,7.489376929012337,-4.250453317901233,13.398413564644608,7.4764251708984375,-4.2399749755859375,43.02386525848765,31.286036361882715,41.63358121141975,42.93040466308594,31.196578979492188,41.527679443359375,64.0,140525.0,0.0677686149691358,0.01915939343892968,1.008695652173913,bc2f32c29552ef35757db7a18d672ef3,cf3de73447188989
B_001_019_20230819214723_001_001_000_003.jpg,./data/you_foulbrood/abnormal/B_001_019_20230819214723_001_001_000_003.jpg,1,abnormal,B_001,B_001_019,B_001_019_20230819,003,1920,1080,2073600,1199877,39.38319396972656,15.342422196502056,6.180690104166672,-10.404677372685185,15.306719611672793,6.1742706298828125,-10.38720703125,39.91071566358025,36.284623842592595,54.764723186728396,39.826416015625,36.20344543457031,54.6678466796875,52.0,336902.0,0.16247202932098764,0.03604440293595253,0.9981481481481481,be52810b76156fe36fb97d12b79436aa,ccfc72a5c71e2324
B_001_019_20230819215315_001_001_000_003.jpg,./data/you_foulbrood/abnormal/B_001_019_20230819215315_001_001_000_003.jpg,1,abnormal,B_001,B_001_019,B_001_019_20230819,003,1920,1080,2073600,1088619,43.428131103515625,16.90882163822319,8.0776634837963,-12.981712962962959,16.86911190257353,8.07623291015625,-12.973770141601562,43.872014853395065,39.8422265625,61.501098572530864,43.78594970703125,39.7615966796875,61.40263366699219,64.0,1082892.0,0.5222280092592593,0.046452832843266435,1.7777777777777777,0ebabcc03057b7184e3c612df2766fff,ababa9a882e55783
B_001_019_20230819220318_001_001_000_003.jpg,./data/you_foulbrood/abnormal/B_001_019_20230819220318_001_001_000_003.jpg,1,abnormal,B_001,B_001_019,B_001_019_20230819,003,1920,1080,2073600,1224420,44.03523254394531,17.219673278261922,6.283488618827164,-14.221185860339503,17.185650993795957,6.2781829833984375,-14.210235595703125,40.774222608024694,41.86024594907408,64.34702498070988,40.70237731933594,41.78538513183594,64.256103515625,64.0,951597.5,0.458910831404321,0.024397981595668576,1.7777777777777777,552656e642257b54442aac5a813f5924,ce33694c7310cf2b
B_001_019_20230819222752_001_003_000_003.jpg,./data/you_foulbrood/abnormal/B_001_019_20230819222752_001_003_000_003.jpg,1,abnormal,B_001,B_001_019,B_001_019_20230819,003,1920,1080,2073600,1082751,43.84388732910156,16.826578953340597,5.395571469907395,-11.008789544753085,16.788497625612745,5.394775390625,-10.998611450195312,42.696441454475305,41.56682822145062,59.30631076388889,42.60858154296875,41.48150634765625,59.20341491699219,80.0,90644.5,0.04371358989197531,0.03321349646597103,1.181657848324515,168c759c653d7c25f1044de7f32afd7f,f4941f49e9091dba
B_001_019_20230819224643_001_002_000_003.jpg,./data/you_foulbrood/abnormal/B_001_019_20230819224643_001_002_000_003.jpg,1,abnormal,B_001,B_001_019,B_001_019_20230819,003,1920,1080,2073600,1176243,39.50968933105469,15.094988917634957,8.377294077932106,-6.442937403549379,15.055272719439339,8.370864868164062,-6.424163818359375,46.2715306712963,34.48941358024691,48.342360628858025,46.18251037597656,34.40386962890625,48.23138427734375,55.0,179270.5,0.08645375192901235,0.04226423220474849,1.1282327586206897,647db5d34d9486783470f4176f2c3411,ad5c52a32c4cd9ba
B_001_019_20230819225941_001_001_000_003.jpg,./data/you_foulbrood/abnormal/B_001_019_20230819225941_001_001_000_003.jpg,1,abnormal,B_001,B_001_019,B_001_019_20230819,003,1920,1080,2073600,1094545,40.31683349609375,15.606526870007263,5.311088927469143,-11.789202353395055,15.569104961320466,5.3033905029296875,-11.770660400390625,38.13484519675926,38.190523244598765,57.738376736111114,38.04524230957031,38.10398864746094,57.631683349609375,62.0,942620.5,0.4545816454475309,0.031709558239417984,1.7777777777777777,697088dc853ad237195d51c55154343b,b51f4a4ae1b6b20d
B_001_019_20230912104930_001_001_000_003.jpg,./data/you_foulbrood/abnormal/B_001_019_20230912104930_001_001_000_003.jpg,1,abnormal,B_001,B_001_019,B_001_019_20230912,003,1920,1080,2073600,1178637,74.48527526855469,30.838657029169696,0.3475679976851893,0.2540060763888903,30.7966703527114,0.3295135498046875,0.27313232421875,74.64492139274691,74.73178096064815,73.72567756558642,74.53939819335938,74.63090515136719,73.59963989257812,83.0,1237868.5,0.5969659047067901,0.051303549769665786,1.7777777777777777,e1498bb45d2a1a1d8f2af8ca8cf3d9e1,cef0338a663c39cc
B_001_020_20230819182134_001_004_000_003.jpg,./data/you_foulbrood/abnormal/B_001_020_20230819182134_001_004_000_003.jpg,1,abnormal,B_001,B_001_020,B_001_020_20230819,003,1920,1080,2073600,1284271,41.389007568359375,15.848594657770516,9.672848668981487,-9.5362678433642,15.79752005782782,9.67120361328125,-9.53179931640625,47.11574797453704,36.03693045910494,54.839976369598766,47.00054931640625,35.923583984375,54.72190856933594,69.0,149862.5,0.07227165316358025,0.03199087508421799,1.0759803921568627,06f9ac2816ab5d6c5e890833186bd56f,db93e764644e3942
B_001_020_20230819182342_001_002_000_003.jpg,./data/you_foulbrood/abnormal/B_001_020_20230819182342_001_002_000_003.jpg,1,abnormal,B_001,B_001_020,B_001_020_20230819,003,1920,1080,2073600,1020860,42.169189453125,16.533411628540303,6.061773244598754,-15.797851080246915,16.49097517424939,6.0475311279296875,-15.787094116210938,37.02001012731481,40.559103491512346,64.68223138503086,36.91343688964844,40.466033935546875,64.56866455078125,69.0,985712.0,0.4753626543209877,0.04594303968781841,1.7777777777777777,a58f66ebf79b872440e4773052dc1da8,9292926d6d6d6e54
B_001_020_20230819184150_001_003_000_003.jpg,./data/you_foulbrood/abnormal/B_001_020_20230819184150_001_003_000_003.jpg,1,abnormal,B_001,B_001_020,B_001_020_20230819,003,1920,1080,2073600,1068082,36.92242431640625,14.420937916061487,5.541234085648142,-8.491842206790125,14.383096133961397,5.5530853271484375,-8.481124877929688,38.23479890046296,33.96807436342593,49.58729938271605,38.14778137207031,33.88017272949219,49.490814208984375,48.0,1065061.5,0.5136291956018518,0.10138068668926793,1.5731481481481482,7568b3656f0ea904db550b0d35343a49,878dcbcc9c499d25
B_001_020_20230819184655_001_003_000_003.jpg,./data/you_foulbrood/abnormal/B_001_020_20230819184655_001_003_000_003.jpg,1,abnormal,B_001,B_001_020,B_001_020_20230819,003,1920,1080,2073600,1294988,41.64118957519531,16.24046387073348,8.421606385030856,-4.402059220679007,16.200525620404413,8.419967651367188,-4.393524169921875,50.14160445601852,36.2870418595679,47.7130256558642,50.04258728027344,36.18959045410156,47.60382080078125,54.0,549803.5,0.2651444347993827,0.02870449885271052,1.2796296296296297,e187b737cf614d19b0dedfd1b0e68951,8e5d2b8ecd31b123
B_001_020_20230819185615_001_002_000_003.jpg,./data/you_foulbrood/abnormal/B_001_020_20230819185615_001_002_000_003.jpg,1,abnormal,B_001,B_001_020,B_001_020_20230819,003,1920,1080,2073600,1327456,41.00146484375,15.601120718349069,8.815653935185196,-5.20976803626543,15.555731081495098,8.819168090820312,-5.2049102783203125,48.726602044753086,35.86950906635803,47.93206500771605,48.62843322753906,35.768524169921875,47.82994079589844,65.0,203796.5,0.0982814911265432,0.02589272479891628,0.8203703703703704,820804f4267bf629e1c26c0853bc4dcd,c8d81f0f89d89b17
B_001_020_20230819190619_001_002_000_003.jpg,./data/you_foulbrood/abnormal/B_001_020_20230819190619_001_002_000_003.jpg,1,abnormal,B_001,B_001_020,B_001_020_20230819,003,1920,1080,2073600,1252512,42.620941162109375,16.656322432522394,6.8097829861111165,-14.485152391975305,16.62128523284314,6.8014373779296875,-14.470962524414062,39.707311921296295,40.16574701003086,63.47466145833334,39.630706787109375,40.09014892578125,63.3804931640625,68.0,178748.5,0.08620201581790124,0.011669152346230642,1.4881087202718006,81ef4ba516ef41594d337c604454f1e0,fb6cfcda7c601404
B_001_020_20230819192214_001_004_000_003.jpg,./data/you_foulbrood/abnormal/B_001_020_20230819192214_001_004_000_003.jpg,1,abnormal,B_001,B_001_020,B_001_020_20230819,003,1920,1080,2073600,1194819,41.193115234375,15.956279124304043,5.637457561728382,-9.824741512345682,15.917430204503676,5.63720703125,-9.807601928710938,41.37111352237655,38.45755449459877,55.61385368441358,41.284149169921875,38.36726379394531,55.510223388671875,62.0,676946.5,0.3264595389660494,0.02751137216119088,1.6314814814814815,ba144423dbae7f04f8e7d8a1084b57ca,94494bb66d569768
B_001_020_20230819194151_001_001_000_003.jpg,./data/you_foulbrood/abnormal/B_001_020_20230819194151_001_001_000_003.jpg,1,abnormal,B_001,B_001_020,B_001_020_20230819,003,1920,1080,2073600,1185352,40.53358459472656,15.505735974945532,5.417731481481468,-9.750825135030865,15.465734145220589,5.4307098388671875,-9.740890502929688,40.49543258101852,38.058193479938275,54.18587384259259,40.40519714355469,37.96992492675781,54.08012390136719,68.0,440425.0,0.21239631558641975,0.06774078346711372,0.9592592592592593,291c7ca2382490c9a89009147242dda6,b494b46a694b5997
B_001_020_20230819195835_001_001_000_003.jpg,./data/you_foulbrood/abnormal/B_001_020_20230819195835_001_001_000_003.jpg,1,abnormal,B_001,B_001_020,B_001_020_20230819,003,1920,1080,2073600,1138543,42.83998107910156,16.727942878540304,7.379943094135797,-9.787935474537036,16.687969132965687,7.3785247802734375,-9.77960205078125,44.417216917438274,39.45889274691358,56.90324604552469,44.32496643066406,39.37176513671875,56.80653381347656,64.0,1005709.0,0.48500626929012347,0.06235306816593672,1.7777777777777777,d37ff2f3ad4ce934c3b69300ae0fc498,c3381cc3783cc67b
B_001_020_20230819212621_001_001_000_003.jpg,./data/you_foulbrood/abnormal/B_001_020_20230819212621_001_001_000_003.jpg,1,abnormal,B_001,B_001_020,B_001_020_20230819,003,1920,1080,2073600,1202200,43.86070251464844,17.13493271151053,7.140267168209874,-13.289335455246913,17.09786807789522,7.13238525390625,-13.278152465820312,42.55909239969136,40.97099585262346,62.79985146604938,42.475341796875,40.886749267578125,62.702545166015625,66.0,421781.5,0.2034054301697531,0.024617295625591493,1.2861111111111112,7914913d782d842cc1bc0d82eb716308,92666dd9b66e4a03
B_001_020_20230819212834_001_001_000_003.jpg,./data/you_foulbrood/abnormal/B_001_020_20230819212834_001_001_000_003.jpg,1,abnormal,B_001,B_001_020,B_001_020_20230819,003,1920,1080,2073600,1123430,41.829010009765625,16.333770197893973,6.534479166666671,-11.842852527006173,16.293909409466913,6.5266876220703125,-11.829742431640625,41.39663773148148,38.85928867669753,58.89815152391975,41.304595947265625,38.767242431640625,58.79402160644531,56.0,711907.5,0.34331958912037036,0.0510642018882069,1.4481481481481482,4b918e8c8def27383c0db96a63229fa6,d67863244d1d974d
B_001_020_20230819213633_001_003_000_003.jpg,./data/you_foulbrood/abnormal/B_001_020_20230819213633_001_003_000_003.jpg,1,abnormal,B_001,B_001_020,B_001_020_20230819,003,1920,1080,2073600,1156484,47.91007995605469,18.59420010288066,8.723322241512335,-4.587047646604944,18.55510636871936,8.710464477539062,-4.570556640625,56.55566984953704,42.45299045138889,54.026677276234565,56.458740234375,42.37055969238281,53.91853332519531,64.0,378233.5,0.1824042727623457,0.03348622469897168,0.9796296296296296,1dd461ef8502840e01e792fd1368f8c2,8f2596e653dca330
B_001_020_20230819222710_001_001_000_003.jpg,./data/you_foulbrood/abnormal/B_001_020_20230819222710_001_001_000_003.jpg,1,abnormal,B_001,B_001_020,B_001_020_20230819,003,1920,1080,2073600,1086718,44.5802001953125,17.836954013858627,8.397993344907405,-9.417614293981487,17.79529646331189,8.398025512695312,-9.41375732421875,48.86612172067901,39.811861979166665,58.750285493827164,48.7701416015625,39.71986389160156,58.650238037109375,46.0,925554.5,0.4463515142746914,0.04307103963132631,1.7555555555555555,c68f854f999046c77c69ea5d171ac930,83ecb9a971e6185a
B_001_020_20230904164255_001_001_000_003.jpg,./data/you_foulbrood/abnormal/B_001_020_20230904164255_001_001_000_003.jpg,1,abnormal,B_001,B_001_020,B_001_020_20230904,003,1920,1080,2073600,1613460,59.193817138671875,24.757257057915762,5.203368055555558,12.003616898148152,24.687942804074755,5.202301025390625,12.007125854492188,73.19613088348765,56.164790702160495,39.64204137731482,73.01278686523438,55.991302490234375,39.476104736328125,59.0,1876676.0,0.9050327932098765,0.12910499144383,1.7777777777777777,3daa81579cc711ab2810e01109441942,b6b6d0804fb65279
B_001_021_20230819183433_001_004_000_003.jpg,./data/you_foulbrood/abnormal/B_001_021_20230819183433_001_004_000_003.jpg,1,abnormal,B_001,B_001_021,B_001_021_20230819,003,1920,1080,2073600,1108582,43.42439270019531,17.181081495098038,7.320339988425928,-11.10834635416667,17.140700396369486,7.3125,-11.090301513671875,44.72127797067901,39.68695264274692,60.07401138117284,44.630706787109375,39.603302001953125,59.96168518066406,50.0,1045552.0,0.5042206790123457,0.026506768455103327,1.7777777777777777,fb7b75e241c65895b1c44806cb53daff,c34aa1293eac5737
B_001_021_20230819183810_001_004_000_003.jpg,./data/you_foulbrood/abnormal/B_001_021_20230819183810_001_004_000_003.jpg,1,abnormal,B_001,B_001_021,B_001_021_20230819,003,1920,1080,2073600,1107773,40.08424377441406,15.487378585693536,4.639005594135796,-11.613964120370369,15.451540479473039,4.633880615234375,-11.6021728515625,37.26798369984568,38.44848620756173,56.522962962962964,37.181060791015625,38.36824035644531,56.42390441894531,63.0,1293230.5,0.6236644000771605,0.06092109550507898,1.7777777777777777,47b9d53584045d146e64bc121d3e03cb,8864337cdc3f348d
B_001_021_20230819185409_001_004_000_003.jpg,./data/you_foulbrood/abnormal/B_001_021_20230819185409_001_004_000_003.jpg,1,abnormal,B_001,B_001_021,B_001_021_20230819,003,1920,1080,2073600,1092110,34.80665588378906,13.295091609174534,6.249775752314804,-13.36375434027778,13.25259339575674,6.244110107421875,-13.341888427734375,32.54415364583333,32.43876446759259,53.706451099537034,32.456451416015625,32.34654235839844,53.586029052734375,48.0,1431011.5,0.6901097125771605,0.10269210968677496,1.7777777777777777,d8226735a0bf0abd2fb4a4e0bec8bbdb,e2c0d5aeae5c54a9
B_001_021_20230819192933_001_003_000_003.jpg,./data/you_foulbrood/abnormal/B_001_021_20230819192933_001_003_000_003.jpg,1,abnormal,B_001,B_001_021,B_001_021_20230819,003,1920,1080,2073600,1083837,38.33604431152344,14.918192666727185,6.182592592592584,-10.508849344135797,14.883883607153798,6.1771087646484375,-10.491119384765625,38.56702980324074,35.32616367669753,53.93061342592593,38.483123779296875,35.25459289550781,53.83503723144531,53.0,233963.0,0.11282937885802469,0.17402753517367658,1.5884476534296028,7360845819f6e5c804955808d8cc3ccd,8e4ab1aada8eccd1
B_001_021_20230819193227_001_004_000_003.jpg,./data/you_foulbrood/abnormal/B_001_021_20230819193227_001_004_000_003.jpg,1,abnormal,B_001,B_001_021,B_001_021_20230819,003,1920,1080,2073600,1150811,46.048065185546875,18.027760567961753,6.282870370370375,-7.981982060185189,17.99215877757353,6.2826385498046875,-7.9680023193359375,48.01134259259259,43.00234423225309,57.33324797453704,47.92730712890625,42.923919677734375,57.23661804199219,68.0,319345.0,0.15400511188271604,0.011645669891737471,1.4046296296296297,95a80e7b4931dfbd4dce3aaf2eb98209,a9a5716b5a472cb4
B_001_021_20230819194238_001_001_000_003.jpg,./data/you_foulbrood/abnormal/B_001_021_20230819194238_001_001_000_003.jpg,1,abnormal,B_001,B_001_021,B_001_021_20230819,003,1920,1080,2073600,1276851,34.67681884765625,13.105805381566206,7.66361255787038,-5.717209683641968,13.059590657552084,7.6537322998046875,-5.7154998779296875,41.003261477623454,30.016995081018518,42.92313078703704,40.890533447265625,29.911483764648438,42.817230224609375,64.0,58798.0,0.028355516975308644,0.17176758324043814,0.6954643628509719,eebb4c3736d56aa5c16df8322373c913,9639ac2992db2c6b
B_001_021_20230819194404_001_004_000_003.jpg,./data/you_foulbrood/abnormal/B_001_021_20230819194404_001_004_000_003.jpg,1,abnormal,B_001,B_001_021,B_001_021_20230819,003,1920,1080,2073600,1109217,39.60888671875,15.651543209876543,7.113602912808631,-8.217292148919753,15.609980564491421,7.12237548828125,-8.2003173828125,43.26370129243827,35.52130835262346,51.974693287037034,43.17369079589844,35.431549072265625,51.86134338378906,43.0,801549.0,0.38654947916666665,0.03044501105629988,1.7777777777777777,f7319fe393768d853ab469c35678f365,9975e94c623247ba
B_001_021_20230819195920_001_002_000_003.jpg,./data/you_foulbrood/abnormal/B_001_021_20230819195920_001_002_000_003.jpg,1,abnormal,B_001,B_001_021,B_001_021_20230819,003,1920,1080,2073600,1200512,37.17317199707031,14.24879531287824,6.995889274691365,-4.729138213734572,14.208511651731005,6.98370361328125,-4.7130279541015625,43.54283082561729,32.82088927469136,43.68201871141975,43.4385986328125,32.72694396972656,43.56280517578125,53.0,242224.0,0.11681327160493828,0.05129274765168008,1.2558441558441558,6606fd8bc29b2af71b21232d242a95a9,d8f2e0cab3994c33
B_001_021_20230819201016_001_001_000_003.jpg,./data/you_foulbrood/abnormal/B_001_021_20230819201016_001_001_000_003.jpg,1,abnormal,B_001,B_001_021,B_001_021_20230819,003,1920,1080,2073600,1084624,36.59510803222656,14.131776317780199,5.360414255401224,-9.450647665895062,14.094064749923406,5.361358642578125,-9.4373779296875,36.81408564814815,33.948373842592595,50.47443721064815,36.72662353515625,33.86442565917969,50.37556457519531,49.0,693910.0,0.3346402391975309,0.029595981138856774,1.625925925925926,5254235a954ac2aeb69f476dd2e369aa,f280cf9a4d1cd82f
B_001_021_20230819203537_001_004_000_003.jpg,./data/you_foulbrood/abnormal/B_001_021_20230819203537_001_004_000_003.jpg,1,abnormal,B_001,B_001_021,B_001_021_20230819,003,1920,1080,2073600,1217718,40.928558349609375,15.969230361897843,4.620955343364187,-11.20155864197531,15.934089211856618,4.6160125732421875,-11.187179565429688,38.18762635030864,39.34339361496914,56.89090374228395,38.10835266113281,39.26515197753906,56.78752136230469,59.0,1335813.0,0.6441999421296296,0.13263852003512094,1.7777777777777777,d71faa14e3069b35c442c2bebe2f7c0b,ac207f5aeca4bc0b
B_001_021_20230819203912_001_004_000_003.jpg,./data/you_foulbrood/abnormal/B_001_021_20230819203912_001_004_000_003.jpg,1,abnormal,B_001,B_001_021,B_001_021_20230819,003,1920,1080,2073600,1102952,39.11933898925781,15.153331139554588,6.105721450617295,-13.592629726080247,15.11556587967218,6.100799560546875,-13.580230712890625,36.28905719521605,36.9430574845679,58.38082127700617,36.20472717285156,36.86003112792969,58.279022216796875,57.0,915640.5,0.4415704571759259,0.019210055948157403,1.7777777777777777,3b819a14db9be3c0afb5bbbe97542b8b,ceee392a3933c5c0
B_001_021_20230819220157_001_002_000_003.jpg,./data/you_foulbrood/abnormal/B_001_021_20230819220157_001_002_000_003.jpg,1,abnormal,B_001,B_001_021,B_001_021_20230819,003,1920,1080,2073600,1096317,45.84394836425781,17.875892830125878,6.051746720679006,-9.364520158179019,17.836471258425245,6.054107666015625,-9.351470947265625,47.2268537808642,42.79980082947531,58.73677420910494,47.14070129394531,42.7103271484375,58.63346862792969,65.0,1106337.5,0.5335346739969136,0.04027303694587453,1.7777777777777777,ec2f395b120745e26e32d618e6d74686,e11e6a701da7c70d
B_001_021_20230819222630_001_001_000_003.jpg,./data/you_foulbrood/abnormal/B_001_021_20230819222630_001_001_000_003.jpg,1,abnormal,B_001,B_001_021,B_001_021_20230819,003,1920,1080,2073600,1166265,41.93006896972656,16.13772353848947,7.027547260802464,-13.381534047067902,16.09394148284314,7.0217742919921875,-13.371612548828125,40.68122974537037,38.99718171296296,61.15598765432099,40.57929992675781,38.89735412597656,61.047821044921875,71.0,475979.0,0.22954234182098765,0.01642880113596048,1.7194444444444446,a876f0bbd219791582b506735c7cdfa7,ff007b6f00ff8304
B_001_021_20230819223718_001_003_000_003.jpg,./data/you_foulbrood/abnormal/B_001_021_20230819223718_001_003_000_003.jpg,1,abnormal,B_001,B_001_021,B_001_021_20230819,003,1920,1080,2073600,1131192,40.21430969238281,15.625490574316146,4.200817418981472,-12.519470968364203,15.586553835401348,4.1943817138671875,-12.51263427734375,35.75517891589506,39.153036747685185,57.99030333719136,35.6649169921875,39.064849853515625,57.88771057128906,69.0,293484.5,0.14153380594135803,0.016644861404917752,1.1342592592592593,7155c7c914106499fee25bf637446f4f,d9d9552e266464ab
B_001_021_20230819223718_001_004_000_003.jpg,./data/you_foulbrood/abnormal/B_001_021_20230819223718_001_004_000_003.jpg,1,abnormal,B_001,B_001_021,B_001_021_20230819,003,1920,1080,2073600,1173229,47.3287353515625,18.96153435911402,9.059621913580258,-8.65377604166666,18.919540106081495,9.058502197265625,-8.644424438476562,52.845287422839505,42.1699112654321,60.3132884837963,52.74504089355469,42.07783508300781,60.20597839355469,47.0,883273.5,0.4259613715277778,0.03500643781514831,1.7777777777777777,daae94b7f9e066e02f0f016632cb289f,c91a232f7f644d19
B_001_021_20230819224016_001_003_000_003.jpg,./data/you_foulbrood/abnormal/B_001_021_20230819224016_001_003_000_003.jpg,1,abnormal,B_001,B_001_021,B_001_021_20230819,003,1920,1080,2073600,1100328,39.83900451660156,15.479448832001937,6.116981577932108,-13.752787905092589,15.447573194316789,6.1055908203125,-13.738082885742188,36.757845293209876,37.689068769290124,59.51658420138889,36.6824951171875,37.61582946777344,59.424560546875,60.0,1161505.5,0.5601396122685185,0.05575780446221406,1.7777777777777777,8c343e2f129ee4b1720e901252128d46,ce395557c43b31c8
B_001_021_20230819224226_001_004_000_003.jpg,./data/you_foulbrood/abnormal/B_001_021_20230819224226_001_004_000_003.jpg,1,abnormal,B_001,B_001_021,B_001_021_20230819,003,1920,1080,2073600,1317646,36.49671936035156,13.941053921568626,11.26933690200616,-2.8268774112654285,13.900409773284315,11.251327514648438,-2.8076324462890625,48.49251639660494,29.70737847222222,40.689076485339505,48.40325927734375,29.620620727539062,40.56378173828125,58.0,242615.0,0.1170018325617284,0.01389263526797968,0.9416666666666667,5e7db64db2f7d0c6c60101f268d1d8ce,fae843c9d4340aeb
B_001_021_20230903130514_001_002_000_003.jpg,./data/you_foulbrood/abnormal/B_001_021_20230903130514_001_002_000_003.jpg,1,abnormal,B_001,B_001_021,B_001_021_20230903,003,1920,1080,2073600,1399725,45.599700927734375,18.78046080700799,4.615040991512359,3.681424575617285,18.75814998851103,4.603424072265625,3.67315673828125,54.26178867669753,42.49781925154321,39.42035493827161,54.196624755859375,42.44659423828125,39.37461853027344,50.0,1818130.0,0.8767988040123457,0.12631762758386952,1.7777777777777777,7439d255215b714918c4f9058e054d9f,85dc2e38c7852a6f
B_001_022_20230819182345_001_003_000_003.jpg,./data/you_foulbrood/abnormal/B_001_022_20230819182345_001_003_000_003.jpg,1,abnormal,B_001,B_001_022,B_001_022_20230819,003,1920,1080,2073600,1129515,41.54896545410156,16.01366440480513,6.133997395833347,-11.667064525462962,15.972361845128676,6.138671875,-11.654022216796875,40.533683449074076,39.00036892361111,58.10713204089506,40.43922424316406,38.91249084472656,58.001678466796875,67.0,477369.0,0.2302126736111111,0.019855471579465163,1.6472222222222221,96af3d756ff2d5597fbb5fb61828e0e0,b5b4955a4b4b686c
B_001_022_20230819182804_001_003_000_003.jpg,./data/you_foulbrood/abnormal/B_001_022_20230819182804_001_003_000_003.jpg,1,abnormal,B_001,B_001_022,B_001_022_20230819,003,1920,1080,2073600,1180205,43.65861511230469,16.875738509138227,9.607948013117294,-7.225274884259264,16.830617867264092,9.612960815429688,-7.21649169921875,50.80777295524691,38.236972415123454,53.57347608024691,50.717193603515625,38.14552307128906,53.46437072753906,62.0,450531.5,0.217270206404321,0.028486427896526216,1.1027777777777779,1ce44be5353f7f970b297f094f56804d,cc38cc631c273b8f
B_001_022_20230819184532_001_001_000_003.jpg,./data/you_foulbrood/abnormal/B_001_022_20230819184532_001_001_000_003.jpg,1,abnormal,B_001,B_001_022,B_001_022_20230819,003,1920,1080,2073600,1203962,43.78900146484375,17.1668064255023,5.714527874228395,-13.361717785493823,17.126877728630514,5.7043609619140625,-13.345458984375,40.1442081404321,42.00846836419753,63.16655719521605,40.05149841308594,41.92462158203125,63.05487060546875,74.0,78131.5,0.03767915702160494,0.021094836532828194,0.7655677655677655,dac382569875a5426efa34350a5c0722,d82e65403e817cef
B_001_022_20230819184825_001_001_000_003.jpg,./data/you_foulbrood/abnormal/B_001_022_20230819184825_001_001_000_003.jpg,1,abnormal,B_001,B_001_022,B_001_022_20230819,003,1920,1080,2073600,1110225,43.85791015625,17.17805332395304,4.718863811728397,-12.493750000000006,17.1354705212163,4.7128753662109375,-12.479568481445312,40.39576244212963,42.32147907021605,61.59457947530864,40.298187255859375,42.225982666015625,61.47773742675781,69.0,1162776.0,0.5607523148148148,0.04043701318357249,1.7777777777777777,28314570bbc5b3a993b9862584b518e6,99368c7789778b41
B_001_022_20230819185032_001_001_000_003.jpg,./data/you_foulbrood/abnormal/B_001_022_20230819185032_001_001_000_003.jpg,1,abnormal,B_001,B_001_022,B_001_022_20230819,003,1920,1080,2073600,1084308,42.55494689941406,16.71559114772452,6.370917245370379,-12.019783950617281,16.680734671798408,6.356414794921875,-12.006088256835938,41.614915605709875,39.7991690779321,59.86296875,41.52886962890625,39.72212219238281,59.77177429199219,53.0,1290230.0,0.622217399691358,0.05582493548585909,1.7777777777777777,8a5e264e80fd2617f39337b15ff2e95c,c0fd1707e0e25d1d
B_001_022_20230819185536_001_004_000_003.jpg,./data/you_foulbrood/abnormal/B_001_022_20230819185536_001_004_000_003.jpg,1,abnormal,B_001,B_001_022,B_001_022_20230819,003,1920,1080,2073600,1140382,38.65264892578125,14.843668678891309,5.582334104938269,-9.02069492669753,14.802060594745711,5.587554931640625,-9.011337280273438,39.18095630787037,36.021187307098764,51.70120611496914,39.08387756347656,35.92564392089844,51.59272766113281,58.0,1079462.5,0.5205741222993827,0.03445004326389824,1.7777777777777777,e55d63e9a5410ba769973db914131a6e,f820bf0f68f8898e
B_001_022_20230819191210_001_003_000_003.jpg,./data/you_foulbrood/abnormal/B_001_022_20230819191210_001_003_000_003.jpg,1,abnormal,B_001,B_001_022,B_001_022_20230819,003,1920,1080,2073600,1202875,45.42790222167969,17.890436826736867,4.789422260802468,-10.281320891203706,17.857989142922793,4.791961669921875,-10.275711059570312,43.925101755401236,43.39366222993827,60.451426986882716,43.85734558105469,43.32328796386719,60.37107849121094,61.0,1172560.0,0.5654706790123457,0.0414693636661154,1.7777777777777777,37a7776b9ca631061eee7adfee9a5752,fdce440be6c68c64
B_001_022_20230819192341_001_001_000_003.jpg,./data/you_foulbrood/abnormal/B_001_022_20230819192341_001_001_000_003.jpg,1,abnormal,B_001,B_001_022,B_001_022_20230819,003,1920,1080,2073600,1115824,40.479156494140625,15.685388866194625,6.384335937499998,-13.802208719135805,15.644124348958334,6.3824920654296875,-13.7845458984375,38.12048852237654,38.00776813271605,60.12501109182099,38.0289306640625,37.92201232910156,60.01600646972656,58.0,1178063.0,0.5681245177469135,0.05112007743777685,1.7777777777777777,0a97d546bd6cd25e5d1a45a3f6e7a9ab,f011ce0e7e811ede
B_001_022_20230819194745_001_004_000_003.jpg,./data/you_foulbrood/abnormal/B_001_022_20230819194745_001_004_000_003.jpg,1,abnormal,B_001,B_001_022,B_001_022_20230819,003,1920,1080,2073600,1076048,40.690521240234375,15.787965610626967,3.980163001543218,-10.689882812500002,15.753119973575368,3.9696044921875,-10.679718017578125,37.81429253472222,39.327085262345676,55.89205005787037,37.72712707519531,39.24903869628906,55.797515869140625,67.0,1459072.0,0.7036419753086419,0.1047940230758655,1.7777777777777777,73552ef04bd99fc8c4bdafc3f4135c4c,a2e3c3e3e3e3c444
B_001_022_20230819202823_001_002_000_003.jpg,./data/you_foulbrood/abnormal/B_001_022_20230819202823_001_002_000_003.jpg,1,abnormal,B_001,B_001_022,B_001_022_20230819,003,1920,1080,2073600,1108485,37.177703857421875,14.291377693052532,8.17686921296297,-6.131983024691351,14.248854693244486,8.167800903320312,-6.1260528564453125,44.32789110725309,32.02344425154321,45.83318287037037,44.2213134765625,31.92108154296875,45.72178649902344,46.0,282197.0,0.13609037422839507,0.18382976284051453,1.951086956521739,50e430d72917776e4a39c3e36719728a,a19497d351894f67
B_001_022_20230819203116_001_002_000_003.jpg,./data/you_foulbrood/abnormal/B_001_022_20230819203116_001_002_000_003.jpg,1,abnormal,B_001,B_001_022,B_001_022_20230819,003,1920,1080,2073600,1080925,42.9007568359375,16.577502420721373,5.352547260802481,-11.722930169753084,16.547169404871322,5.3501129150390625,-11.711700439453125,41.09889515817901,40.71614631558642,59.39197964891975,41.03312683105469,40.64862060546875,59.30577087402344,69.0,1407254.0,0.6786525848765432,0.10744423199599847,1.7777777777777777,cdb4dc3b40d611022d4c0818c73ea214,926ced9a6cdc902b
B_001_022_20230819203619_001_003_000_003.jpg,./data/you_foulbrood/abnormal/B_001_022_20230819203619_001_003_000_003.jpg,1,abnormal,B_001,B_001_022,B_001_022_20230819,003,1920,1080,2073600,1246224,46.45819091796875,17.856760242677318,9.46779128086419,-8.447786940586425,17.810603123085173,9.47149658203125,-8.437026977539062,52.89961226851852,41.088740354938274,58.005041956018516,52.80018615722656,40.99018859863281,57.891693115234375,88.0,44184.0,0.02130787037037037,0.15625934849488635,1.8545454545454545,500b7660fbf70d637f21adb48bdf6aa5,cb1cc31d66ba5ec0
B_001_022_20230819210101_001_001_000_003.jpg,./data/you_foulbrood/abnormal/B_001_022_20230819210101_001_001_000_003.jpg,1,abnormal,B_001,B_001_022,B_001_022_20230819,003,1920,1080,2073600,1189975,42.8009033203125,16.986220800048415,7.75151572145063,-8.048393132716043,16.946788114659928,7.75469970703125,-8.042572021484375,47.284876543209876,38.35382716049383,54.78666087962963,47.19166564941406,38.26405334472656,54.689788818359375,47.0,809830.0,0.39054301697530863,0.020140103666540676,1.7777777777777777,ca8db631174ae1f4a660ea0ab78d0b59,aa0c8e5ef26a6d92
B_001_022_20230819211404_001_004_000_003.jpg,./data/you_foulbrood/abnormal/B_001_022_20230819211404_001_004_000_003.jpg,1,abnormal,B_001,B_001_022,B_001_022_20230819,003,1920,1080,2073600,1429863,44.51792907714844,17.463586487835872,13.168638117283962,0.48674527391975175,17.417405072380514,13.1563720703125,0.4896697998046875,60.7675106095679,36.53706597222222,43.83511043595679,60.65693664550781,36.43446350097656,43.716827392578125,128.0,24683.5,0.011903694058641976,0.5155617108165802,1.3525641025641026,956cc67e096a6a931de15bfe8dc2034b,f649b649924d3a4e
B_001_022_20230819211952_001_003_000_003.jpg,./data/you_foulbrood/abnormal/B_001_022_20230819211952_001_003_000_003.jpg,1,abnormal,B_001,B_001_022,B_001_022_20230819,003,1920,1080,2073600,1041513,42.17781066894531,16.387190979786975,4.411509452160487,-11.410893132716055,16.355154000076592,4.4008026123046875,-11.399017333984375,39.28785783179012,40.627668788580245,58.295576774691355,39.21073913574219,40.55491638183594,58.19969177246094,69.0,1229923.5,0.5931344039351852,0.058162987135990246,1.7777777777777777,223376c1c027d6050677104f31ddafe2,b6126978b6f66829
B_001_022_20230819221544_001_001_000_003.jpg,./data/you_foulbrood/abnormal/B_001_022_20230819221544_001_001_000_003.jpg,1,abnormal,B_001,B_001_022,B_001_022_20230819,003,1920,1080,2073600,1042331,43.39105224609375,17.201269176652143,7.41042534722223,-11.159130015432098,17.162978228400736,7.4097442626953125,-11.150161743164062,44.82568335262346,39.672282021604936,59.513459683641976,44.74064636230469,39.588897705078125,59.4169921875,46.0,1030659.0,0.4970384837962963,0.035255377430230266,1.7777777777777777,98694c3380506873a32caaa645ab96e6,86c67b24c6e3e8cc
B_001_023_20230819183223_001_001_000_003.jpg,./data/you_foulbrood/abnormal/B_001_023_20230819183223_001_001_000_003.jpg,1,abnormal,B_001,B_001_023,B_001_023_20230819,003,1920,1080,2073600,1189646,39.30891418457031,14.990482404381506,8.361240354938275,-6.848895640432104,14.948144052542892,8.3553466796875,-6.8350067138671875,45.77830488040124,34.317908468364195,48.817512538580246,45.67877197265625,34.225128173828125,48.70426940917969,56.0,302384.0,0.1458256172839506,0.00730191842411294,1.413888888888889,ca7311831b757fff96dd3a96e149500f,e88f631796d5e061
B_001_023_20230819190918_001_003_000_003.jpg,./data/you_foulbrood/abnormal/B_001_023_20230819190918_001_003_000_003.jpg,1,abnormal,B_001,B_001_023,B_001_023_20230819,003,1920,1080,2073600,1314981,46.017486572265625,17.915509070140402,9.622406442901223,-4.709245273919748,17.872631596583947,9.620346069335938,-4.6914520263671875,55.573742283950615,40.077658179012346,52.30662712191358,55.48255920410156,39.98097229003906,52.18870544433594,59.0,193046.0,0.09309702932098765,0.05073092816556316,2.1934826883910388,57debe7decb621dfa966c1e88186bd9f,fcb9837b430e70d0
B_001_023_20230819192640_001_002_000_003.jpg,./data/you_foulbrood/abnormal/B_001_023_20230819192640_001_002_000_003.jpg,1,abnormal,B_001,B_001_023,B_001_023_20230819,003,1920,1080,2073600,1197576,37.3896484375,14.263372216170419,5.085438368055549,-9.762985628858019,14.235522700291053,5.0871429443359375,-9.744094848632812,36.852136863425926,35.12356481481481,51.0439631558642,36.79412841796875,35.06593322753906,50.95774841308594,57.0,1285580.5,0.6199751639660493,0.05611827622616023,1.7777777777777777,0af3a5510e20a096b5d653afd35aa2bb,dc6c9cf27130f416
B_001_023_20230819193359_001_003_000_003.jpg,./data/you_foulbrood/abnormal/B_001_023_20230819193359_001_003_000_003.jpg,1,abnormal,B_001,B_001_023,B_001_023_20230819,003,1920,1080,2073600,1114265,37.353607177734375,14.354839740680223,4.5614072145061755,-11.87434558256173,14.313737457873774,4.55645751953125,-11.85986328125,33.98849295910494,35.95331597222222,54.105246913580245,33.897186279296875,35.86314392089844,53.993316650390625,57.0,1168800.5,0.5636576485339506,0.05685567506382439,1.7777777777777777,1cb11274f07ad74092e1463d4f91e3d1,cc237609dc2672db
B_001_023_20230819202033_001_001_000_003.jpg,./data/you_foulbrood/abnormal/B_001_023_20230819202033_001_001_000_003.jpg,1,abnormal,B_001,B_001_023,B_001_023_20230819,003,1920,1080,2073600,1223957,43.14013671875,16.79725910039942,4.7326475694444525,-8.805658757716046,16.759039186963847,4.7265167236328125,-8.792221069335938,42.82359953703704,41.03360725308642,55.603480902777775,42.733123779296875,40.951934814453125,55.501678466796875,65.0,1159155.5,0.5590063175154321,0.0470513528962576,1.7777777777777777,f1e618df80b656b5fc7be55aa73d6aca,d91b66b493276594
B_001_023_20230819211113_001_002_000_003.jpg,./data/you_foulbrood/abnormal/B_001_023_20230819211113_001_002_000_003.jpg,1,abnormal,B_001,B_001_023,B_001_023_20230819,003,1920,1080,2073600,1050158,39.595947265625,15.693353417755992,6.4431467013888835,-7.9222053433641975,15.649402094822303,6.446563720703125,-7.913818359375,42.5513956404321,35.94797694830247,51.61931278935185,42.44606018066406,35.848541259765625,51.50587463378906,43.0,534804.5,0.25791112075617284,0.07258141952260096,1.0537037037037038,53274f211d1cf0e2fba4b5a69c0a3fb4,c43b29c996dc63c9
B_001_023_20230819211614_001_004_000_003.jpg,./data/you_foulbrood/abnormal/B_001_023_20230819211614_001_004_000_003.jpg,1,abnormal,B_001,B_001_023,B_001_023_20230819,003,1920,1080,2073600,1073819,43.28953552246094,16.779567031287826,7.144753568672826,-13.546852816358026,16.7399627087163,7.14324951171875,-13.528518676757812,42.345353973765434,40.25020543981481,62.23025848765432,42.25843811035156,40.165802001953125,62.11869812011719,67.0,1232019.0,0.5941449652777778,0.07206620257770331,1.7777777777777777,1700b9a0845e8273288b746e35ec5afe,bd5a05e45226b95b
B_001_023_20230819212330_001_001_000_003.jpg,./data/you_foulbrood/abnormal/B_001_023_20230819212330_001_001_000_003.jpg,1,abnormal,B_001,B_001_023,B_001_023_20230819,003,1920,1080,2073600,1019287,36.58045959472656,13.979755393669812,5.405284529320994,-11.253140914351846,13.9398193359375,5.4008026123046875,-11.24249267578125,35.40126012731481,34.140585455246914,53.10407986111111,35.299041748046875,34.051666259765625,52.99885559082031,57.0,1386111.0,0.6684563078703704,0.1065472839306543,1.7777777777777777,383ad7f364186f6b46bfeba16b7e8f30,ddf9cc72e462818a
B_001_023_20230819214016_001_003_000_003.jpg,./data/you_foulbrood/abnormal/B_001_023_20230819214016_001_003_000_003.jpg,1,abnormal,B_001,B_001_023,B_001_023_20230819,003,1920,1080,2073600,1287613,41.736358642578125,15.928738879811183,10.112374614197535,-2.217541956018522,15.881084367340685,10.101760864257812,-2.2145538330078125,53.23114872685185,35.510410397376546,44.47889756944444,53.122833251953125,35.40455627441406,44.36152648925781,68.0,177293.0,0.08550009645061728,0.025667295171393177,2.0313014827018123,57d1d9bbea39238075a60dd68d65c4a0,ce31a79833c67863
B_001_023_20230819224816_001_001_000_003.jpg,./data/you_foulbrood/abnormal/B_001_023_20230819224816_001_001_000_003.jpg,1,abnormal,B_001,B_001_023,B_001_023_20230819,003,1920,1080,2073600,1170602,38.390533447265625,14.843540078068264,7.080990065586434,-13.070901813271604,14.802635043275123,7.0714874267578125,-13.057388305664062,37.524319540895064,35.33711226851852,57.24094232253086,37.42854309082031,35.24456787109375,57.136322021484375,55.0,1213059.5,0.5850016878858024,0.05291029062236614,1.7777777777777777,1c3a0c5efa3361fe88bea65fc5b71e6b,c7c6c9c691ec3a19
B_001_023_20230821184356_001_004_000_003.jpg,./data/you_foulbrood/abnormal/B_001_023_20230821184356_001_004_000_003.jpg,1,abnormal,B_001,B_001_023,B_001_023_20230821,003,1920,1080,2073600,1240759,42.69879150390625,16.67998649691358,5.710326485339493,-13.020631751543206,16.640050551470587,5.70147705078125,-13.003890991210938,39.78085407021605,40.65495707947531,61.61358217592593,39.68681335449219,40.56117248535156,61.50762939453125,62.0,1232718.5,0.5944823013117284,0.06352083106202941,1.7777777777777777,b40b4abea4e468e93abf64e4b73369c2,db1973ec047666a1
B_001_023_20230821190718_001_003_000_003.jpg,./data/you_foulbrood/abnormal/B_001_023_20230821190718_001_003_000_003.jpg,1,abnormal,B_001,B_001_023,B_001_023_20230821,003,1920,1080,2073600,1155260,41.978973388671875,16.35371486171629,7.642981288580245,-11.835718074845673,16.311053107766543,7.6355133056640625,-11.816146850585938,42.425308641975306,38.630865644290125,58.8636328125,42.33146667480469,38.535247802734375,58.74269104003906,62.0,1107636.5,0.5341611207561728,0.04515249933700047,1.7777777777777777,e1e655435e506367428109c22a1a1db0,a00b1fe8e0947bfa
B_001_023_20230821190802_001_004_000_003.jpg,./data/you_foulbrood/abnormal/B_001_023_20230821190802_001_004_000_003.jpg,1,abnormal,B_001,B_001_023,B_001_023_20230821,003,1920,1080,2073600,1227442,41.13829040527344,15.948348425018155,8.720700713734573,-6.739662905092587,15.90295529833027,8.7188720703125,-6.7420501708984375,48.28376157407408,35.8139240933642,50.723435570987654,48.17161560058594,35.70710754394531,50.62507629394531,53.0,400015.0,0.19290846836419753,0.03852018844650805,1.0824074074074075,8b5c31a88ce99f05007a9b4f3ca1eb4c,98ea4a93168d9b5e
B_001_023_20230821192319_001_002_000_003.jpg,./data/you_foulbrood/abnormal/B_001_023_20230821192319_001_002_000_003.jpg,1,abnormal,B_001,B_001_023,B_001_023_20230821,003,1920,1080,2073600,1084027,44.114776611328125,17.583766982873396,4.675831404320974,-14.21416425540123,17.542598948759192,4.6605682373046875,-14.201126098632812,38.806930941358026,42.97740210262346,64.56175491898148,38.712646484375,42.88325500488281,64.44493103027344,63.0,1180276.0,0.5691917438271605,0.053709132269656366,1.7777777777777777,32bf3c1bbd7cd911146a18c20721d656,b8730f0ff0f15606
B_001_023_20230821194543_001_004_000_003.jpg,./data/you_foulbrood/abnormal/B_001_023_20230821194543_001_004_000_003.jpg,1,abnormal,B_001,B_001_023,B_001_023_20230821,003,1920,1080,2073600,1134720,37.11778259277344,14.36389607540547,6.50117525077161,-9.869819637345685,14.33007932176777,6.4980621337890625,-9.857513427734375,38.7401456404321,33.593224344135805,51.80123697916667,38.65995788574219,33.515960693359375,51.70890808105469,57.0,1719196.5,0.829087818287037,0.20274003035312188,1.7777777777777777,96ae97d98ba7436bb3e968d54a658a0b,a61a863a953ad6f2
B_001_023_20230821195343_001_001_000_003.jpg,./data/you_foulbrood/abnormal/B_001_023_20230821195343_001_001_000_003.jpg,1,abnormal,B_001,B_001_023,B_001_023_20230821,003,1920,1080,2073600,1086947,37.37620544433594,14.463793383865891,5.532152777777782,-9.515460069444444,14.430015414368873,5.5347747802734375,-9.496719360351562,37.8081958912037,34.546046006944444,51.57198688271605,37.72785949707031,34.47334289550781,51.47709655761719,55.0,591900.0,0.28544560185185186,0.04739647009718121,1.3425925925925926,d88463a07cc01e75ae47485b9e7d2ad2,ad557289c66ab52c
B_001_023_20230821195511_001_002_000_003.jpg,./data/you_foulbrood/abnormal/B_001_023_20230821195511_001_002_000_003.jpg,1,abnormal,B_001,B_001_023,B_001_023_20230821,003,1920,1080,2073600,1163754,35.468231201171875,13.621886347131445,5.576571662808647,-12.448593267746915,13.58285941329657,5.567840576171875,-12.431289672851562,32.95751253858025,33.34628231095679,53.71317370756173,32.864990234375,33.25666809082031,53.6065673828125,53.0,1517744.0,0.7319367283950617,0.09228266787855711,1.7777777777777777,801879cc65b4b5eefc46cfd80cf14c70,ce67c2c0e6cdc4a3
B_001_023_20230821202313_001_003_000_003.jpg,./data/you_foulbrood/abnormal/B_001_023_20230821202313_001_003_000_003.jpg,1,abnormal,B_001,B_001_023,B_001_023_20230821,003,1920,1080,2073600,1334863,41.37193298339844,15.760497420418785,7.427054398148158,-3.125836709104945,15.718581255744486,7.4214935302734375,-3.1074676513671875,48.7804190779321,36.965599440586416,45.35208381558642,48.6873779296875,36.876861572265625,45.23664855957031,75.0,66068.0,0.03186149691358025,0.11061459763654925,0.7034220532319392,ea3520174be8a5050da02771a14fdb1a,bb657a5aa995244a
B_001_023_20230821210255_001_004_000_003.jpg,./data/you_foulbrood/abnormal/B_001_023_20230821210255_001_004_000_003.jpg,1,abnormal,B_001,B_001_023,B_001_023_20230821,003,1920,1080,2073600,1208598,46.21014404296875,18.239830889917695,7.477323013117285,-9.381374903549386,18.191217160692403,7.474609375,-9.36785888671875,49.29037808641975,42.1536115933642,60.02470920138889,49.174652099609375,42.041748046875,59.89479064941406,56.0,363591.0,0.17534288194444445,0.10252982444005544,1.6471428571428572,51a850c89060582edf94329481cddc31,836e9d63d60c3a78
B_001_023_20230821211002_001_002_000_003.jpg,./data/you_foulbrood/abnormal/B_001_023_20230821211002_001_002_000_003.jpg,1,abnormal,B_001,B_001_023,B_001_023_20230821,003,1920,1080,2073600,1018798,38.12242126464844,15.012991898148147,6.198149112654335,-10.155778838734562,14.968884037990197,6.200775146484375,-10.150299072265625,38.98288773148148,34.799312307098766,54.02930217978395,38.87298583984375,34.697296142578125,53.9180908203125,55.0,241905.0,0.11665943287037037,0.12114030111960142,0.9896551724137931,5396bbeef3fdff4544077d771204c9ec,8c8e4ef4395958da
B_001_023_20230821211002_001_003_000_003.jpg,./data/you_foulbrood/abnormal/B_001_023_20230821211002_001_003_000_003.jpg,1,abnormal,B_001,B_001_023,B_001_023_20230821,003,1920,1080,2073600,1340299,41.394134521484375,15.92543478425321,11.347822145061741,-5.774988908179012,15.880258597579656,11.337142944335938,-5.76763916015625,51.312387635030866,34.84773775077161,49.859484953703706,51.213043212890625,34.754730224609375,49.74763488769531,128.0,7451.0,0.0035932677469135803,0.18724044417376937,1.2966101694915255,9678e99476dccad815ecd5f839d69eac,d45aa46b93b9c992
B_001_023_20230821215215_001_002_000_003.jpg,./data/you_foulbrood/abnormal/B_001_023_20230821215215_001_002_000_003.jpg,1,abnormal,B_001,B_001_023,B_001_023_20230821,003,1920,1080,2073600,1219273,41.003326416015625,16.1411437530259,8.140123456790121,-9.212441647376536,16.100212545955884,8.133544921875,-9.19451904296875,44.85153983410494,36.54020447530864,54.74121913580247,44.75840759277344,36.451171875,54.627197265625,50.0,1033938.5,0.4986200327932099,0.04872399071041702,1.7777777777777777,11ecff032860ed69b345c7bd54db6c42,9f267c7b4181351b
B_001_023_20230821221013_001_001_000_003.jpg,./data/you_foulbrood/abnormal/B_001_023_20230821221013_001_001_000_003.jpg,1,abnormal,B_001,B_001_023,B_001_023_20230821,003,1920,1080,2073600,1113994,42.4071044921875,16.43175929708303,5.527586323302472,-12.38299961419753,16.400325999540442,5.5129547119140625,-12.359298706054688,39.92615837191358,40.3303409529321,60.1777131558642,39.84832763671875,40.257293701171875,60.07940673828125,65.0,837782.0,0.40402295524691356,0.024836469045225764,1.7777777777777777,1dba80d8d28ad5677e5aa9920797a05f,8c483773a388db9d
B_001_023_20230821222910_001_004_000_003.jpg,./data/you_foulbrood/abnormal/B_001_023_20230821222910_001_004_000_003.jpg,1,abnormal,B_001,B_001_023,B_001_023_20230821,003,1920,1080,2073600,1158436,39.678863525390625,15.506088114258048,5.920785590277774,-10.043838734567899,15.467828488817402,5.9185943603515625,-10.024826049804688,40.1627271412037,36.69940731095679,54.58229793595679,40.07005310058594,36.614227294921875,54.47331237792969,53.0,520089.0,0.25081452546296296,0.02763434531886915,1.5425925925925925,08724caa778f2d5c62848b0b0ad6465a,b0e56f1bd8b60d03
B_001_023_20230821223625_001_004_000_003.jpg,./data/you_foulbrood/abnormal/B_001_023_20230821223625_001_004_000_003.jpg,1,abnormal,B_001,B_001_023,B_001_023_20230821,003,1920,1080,2073600,964491,45.87162780761719,18.058329361837327,6.73460310570988,-8.591391782407413,18.015400007659313,6.7417144775390625,-8.581390380859375,48.47172309027778,42.50209924768519,57.27086612654321,48.3812255859375,42.40724182128906,57.16297912597656,56.0,1406520.5,0.6782988522376543,0.06265036194138149,1.7777777777777777,31f834a4e9f841d22c899fe02dfb34c2,a74351ae7b358919
B_001_023_20230821225056_001_004_000_003.jpg,./data/you_foulbrood/abnormal/B_001_023_20230821225056_001_004_000_003.jpg,1,abnormal,B_001,B_001_023,B_001_023_20230821,003,1920,1080,2073600,1224524,40.17106628417969,15.497755726519001,7.492294077932087,-6.278198302469136,15.45742857689951,7.4849395751953125,-6.2652587890625,45.75847800925926,35.75187210648148,49.02401427469136,45.664886474609375,35.66510009765625,48.91650390625,49.0,343269.0,0.16554253472222222,0.07920845517544133,2.4413145539906105,4e5899fee1424801712ac0c61ebb2c62,87b5a4c6db894c6c
B_001_023_20230822180133_001_003_000_003.jpg,./data/you_foulbrood/abnormal/B_001_023_20230822180133_001_003_000_003.jpg,1,abnormal,B_001,B_001_023,B_001_023_20230822,003,1920,1080,2073600,1352465,47.15625,18.368206661522635,10.349470003858016,-7.0667105516975255,18.312934426700366,10.3409423828125,-7.067138671875,56.0480574845679,40.877577642746914,57.16070360725308,55.92127990722656,40.75459289550781,57.03544616699219,66.0,173626.0,0.08373167438271605,0.04688301903755014,0.5518324607329843,a2beff385cf3883d7e428110be739698,9dd96e98da321326
B_001_023_20230822182312_001_003_000_003.jpg,./data/you_foulbrood/abnormal/B_001_023_20230822182312_001_003_000_003.jpg,1,abnormal,B_001,B_001_023,B_001_023_20230822,003,1920,1080,2073600,1153199,40.00550842285156,15.946472176833694,8.670881076388895,-1.9702719907407413,15.904259775199142,8.679946899414062,-1.967315673828125,49.58119791666667,34.69334104938272,43.14077112268519,49.49180603027344,34.59580993652344,43.04252624511719,41.0,694843.5,0.3350904224537037,0.0314590242353518,2.4615384615384617,b2a41da861d1c857e5d80dd4e3f66ca7,c80a5c7167c7be85
B_001_023_20230822182441_001_003_000_003.jpg,./data/you_foulbrood/abnormal/B_001_023_20230822182441_001_003_000_003.jpg,1,abnormal,B_001,B_001_023,B_001_023_20230822,003,1920,1080,2073600,1142628,40.27897644042969,15.498895356753815,4.592480709876554,-8.391413966049384,15.463879155177697,4.5944671630859375,-8.377395629882812,40.29800154320988,38.143738425925925,51.92246961805556,40.22407531738281,38.07170104980469,51.82728576660156,61.0,1381868.0,0.6664101080246914,0.06483032363506853,1.7777777777777777,00d041875bbb07d0a2a6e152190cbab9,c78cc76cc6cdd540
B_001_023_20230822183741_001_002_000_003.jpg,./data/you_foulbrood/abnormal/B_001_023_20230822183741_001_002_000_003.jpg,1,abnormal,B_001,B_001_023,B_001_023_20230822,003,1920,1080,2073600,1131542,41.84275817871094,16.24596685124667,4.02902247299383,-9.88928674768519,16.206587249157476,4.0211181640625,-9.87237548828125,39.7488175154321,40.26992091049383,56.17001109182099,39.65589904785156,40.18641662597656,56.057464599609375,66.0,1131501.5,0.5456700906635803,0.03538250994091288,1.7777777777777777,c14556061fc30ac6819cdf62e0253df3,aa0b5454abf817ea
B_001_023_20230822185209_001_001_000_003.jpg,./data/you_foulbrood/abnormal/B_001_023_20230822185209_001_001_000_003.jpg,1,abnormal,B_001,B_001_023,B_001_023_20230822,003,1920,1080,2073600,1194849,44.63031005859375,17.46626554557008,9.23363184799382,-5.20955729166667,17.42145014744179,9.2265625,-5.206024169921875,53.715062692901235,38.76912712191358,51.82326388888889,53.60748291015625,38.666229248046875,51.714263916015625,50.0,284278.5,0.1370941840277778,0.0774661150609557,1.079136690647482,7cebcddb1d2ada4a87e77e43625058c5,a9b036cad3349d8b
B_001_023_20230822190514_001_004_000_003.jpg,./data/you_foulbrood/abnormal/B_001_023_20230822190514_001_004_000_003.jpg,1,abnormal,B_001,B_001_023,B_001_023_20230822,003,1920,1080,2073600,1075285,45.3154296875,18.04815476730816,4.796533564814808,-14.121286168981484,18.00826727175245,4.793731689453125,-14.1156005859375,40.21146797839506,44.10127459490741,65.62525125385802,40.122161865234375,44.00901794433594,65.5205078125,64.0,1520830.0,0.7334249614197531,0.12494167322612185,1.7037037037037037,364392695d49d2f4efae9dcc52244053,ee86cecec485f103
B_001_023_20230822191441_001_002_000_003.jpg,./data/you_foulbrood/abnormal/B_001_023_20230822191441_001_002_000_003.jpg,1,abnormal,B_001,B_001_023,B_001_023_20230822,003,1920,1080,2073600,1157049,42.08702087402344,16.853520258412004,6.73261429398147,-8.503675250771607,16.809405158547793,6.7332763671875,-8.487777709960938,45.02619068287037,38.26072579089506,55.049340760030866,44.92430114746094,38.16554260253906,54.92716979980469,43.0,880567.0,0.42465615354938274,0.05582545308737886,1.7777777777777777,1adf69a8d10dab4d1ccb3780b7d87166,ec7ea699322b1368
B_001_023_20230822191824_001_003_000_003.jpg,./data/you_foulbrood/abnormal/B_001_023_20230822191824_001_003_000_003.jpg,1,abnormal,B_001,B_001_023,B_001_023_20230822,003,1920,1080,2073600,1167683,44.93040466308594,17.45049927378359,8.4093142361111,-5.833653067129632,17.406610227098653,8.42431640625,-5.825439453125,51.66557966820988,40.13922694830247,52.62020833333333,51.58201599121094,40.050445556640625,52.525360107421875,63.0,125646.5,0.060593412422839506,0.05748751992154863,1.3432574430823117,a646ab731ff42216c02c0847aa6c97ea,aa459cab94659337
B_001_023_20230822193717_001_003_000_003.jpg,./data/you_foulbrood/abnormal/B_001_023_20230822193717_001_003_000_003.jpg,1,abnormal,B_001,B_001_023,B_001_023_20230822,003,1920,1080,2073600,1227940,42.60835266113281,16.42281454248366,7.220539158950629,-12.974936824845685,16.383924297257966,7.2147369384765625,-12.96197509765625,42.17122251157407,39.434428530092596,60.8767650462963,42.08172607421875,39.35188293457031,60.776214599609375,68.0,1191643.5,0.574673755787037,0.05457663638202073,1.7777777777777777,de67cd847c94f0a84a65b1731cbbdb48,c39a38c7cf3870c6
B_001_023_20230822193845_001_001_000_003.jpg,./data/you_foulbrood/abnormal/B_001_023_20230822193845_001_001_000_003.jpg,1,abnormal,B_001,B_001_023,B_001_023_20230822,003,1920,1080,2073600,1134166,39.57676696777344,15.270272595921083,5.886131847993823,-11.92631896219136,15.227930405560661,5.881988525390625,-11.90960693359375,38.39659529320988,37.00410300925926,56.69736641589506,38.29838562011719,36.91064453125,56.58522033691406,57.0,1107890.0,0.5342833719135802,0.10165141599906515,1.5240740740740741,282ab59eddcab0a35b805a96bcb040b1,cbdbc373e3322428
B_001_023_20230822195400_001_004_000_003.jpg,./data/you_foulbrood/abnormal/B_001_023_20230822195400_001_004_000_003.jpg,1,abnormal,B_001,B_001_023,B_001_023_20230822,003,1920,1080,2073600,1255339,40.87449645996094,15.927569368796902,8.846207079475306,-3.9179832175925924,15.893704283471202,8.833160400390625,-3.9037017822265625,50.3575993441358,35.12234616126543,46.30993393132716,50.27162170410156,35.04237365722656,46.205718994140625,51.0,567112.0,0.27349151234567903,0.06875076685616371,1.5591517857142858,aaad996df4366bd972e10616b927e0dc,db9d343c9f70520a
B_001_023_20230822205709_001_003_000_003.jpg,./data/you_foulbrood/abnormal/B_001_023_20230822205709_001_003_000_003.jpg,1,abnormal,B_001,B_001_023,B_001_023_20230822,003,1920,1080,2073600,1377530,39.84672546386719,15.228017958726701,9.003342978395068,-3.7509095293209924,15.181406058517156,9.008926391601562,-3.75054931640625,48.638797743055555,34.5312037037037,44.94845582561729,48.53582763671875,34.42677307128906,44.840423583984375,59.0,608852.5,0.29362099729938274,0.02123611790757259,1.6777777777777778,afe17ab93e4b242ee3eb3962c9018414,92b25dd392b39a64
B_001_023_20230902134259_001_003_000_003.jpg,./data/you_foulbrood/abnormal/B_001_023_20230902134259_001_003_000_003.jpg,1,abnormal,B_001,B_001_023,B_001_023_20230902,003,1920,1080,2073600,1525067,45.13203430175781,18.185866202190752,3.816144868827166,-2.4951335841049342,18.14694273705576,3.8227691650390625,-2.502471923828125,48.32161265432099,42.86620273919753,49.24539303626543,48.23457336425781,42.78804016113281,49.15632629394531,58.0,1767567.0,0.8524146412037037,0.10930235006852553,1.7777777777777777,f4d782a1815e69d6aa4b9af9cac825b3,c13ec24cdfe233c1
B_001_023_20230912105433_001_001_000_003.jpg,./data/you_foulbrood/abnormal/B_001_023_20230912105433_001_001_000_003.jpg,1,abnormal,B_001,B_001_023,B_001_023_20230912,003,1920,1080,2073600,1170907,73.77018737792969,30.63856228062212,-0.5615287422839543,-1.3831823881172909,30.595828785615808,-0.5819244384765625,-1.3738555908203125,71.53524546682098,74.70225742669753,75.79446614583334,71.42094421386719,74.60055541992188,75.67951965332031,73.0,1486451.0,0.7168455825617284,0.0921535504161039,1.7777777777777777,14cf16ab8c930e1fa5058ab7d9ccdc2d,872d5cb5351c671a
B_001_023_20230912155519_001_001_000_003.jpg,./data/you_foulbrood/abnormal/B_001_023_20230912155519_001_001_000_003.jpg,1,abnormal,B_001,B_001_023,B_001_023_20230912,003,1920,1080,2073600,1194498,73.4825439453125,30.434420199406926,-0.6665866126543278,2.7089424189814792,30.386226878446692,-0.6692047119140625,2.7163238525390625,73.74070746527778,74.2269246720679,69.89868055555556,73.63076782226562,74.11366271972656,69.76951599121094,91.0,569456.5,0.27462215470679013,0.09430416043489119,1.0324074074074074,cea7461684e087a39b47d2b7eba88a0c,cbc1f4331939dd24
B_001_024_20230819183057_001_003_000_003.jpg,./data/you_foulbrood/abnormal/B_001_024_20230819183057_001_003_000_003.jpg,1,abnormal,B_001,B_001_024,B_001_024_20230819,003,1920,1080,2073600,943256,41.43861389160156,16.13255832425563,6.5584968171296225,-10.902237172067899,16.099506452971813,6.5539398193359375,-10.881088256835938,42.280119116512346,37.995808256172836,57.63739776234568,42.210296630859375,37.92230224609375,57.53938293457031,55.0,346000.5,0.16685980902777778,0.05018540557783117,1.3388888888888888,91969e3ac2d547c3397191455e932bf6,c5e6cec6605c25b3
B_001_024_20230819191257_001_003_000_003.jpg,./data/you_foulbrood/abnormal/B_001_024_20230819191257_001_003_000_003.jpg,1,abnormal,B_001,B_001_024,B_001_024_20230819,003,1920,1080,2073600,1169845,43.19172668457031,16.800214460784314,7.270455729166656,-13.153059413580252,16.7576629040288,7.2646331787109375,-13.1390380859375,42.581281346450616,40.05316840277778,61.813367091049386,42.48115539550781,39.95843505859375,61.69856262207031,62.0,1258248.0,0.6067939814814814,0.05101281220956323,1.7777777777777777,c3d5542e78de54f5371b0ff2e207b9c4,fffffe000000aad3
B_001_024_20230819191506_001_002_000_003.jpg,./data/you_foulbrood/abnormal/B_001_024_20230819191506_001_002_000_003.jpg,1,abnormal,B_001,B_001_024,B_001_024_20230819,003,1920,1080,2073600,1064027,43.48957824707031,16.78715864046236,4.925697820216044,-9.459192226080248,16.750464345894606,4.928192138671875,-9.45269775390625,43.12217833719136,41.20630835262346,57.01614293981481,43.03968811035156,41.123382568359375,56.92158508300781,68.0,893078.0,0.43068962191358023,0.02463630779545486,1.7777777777777777,56b5ce47f5dabb0a12ef9e26893ce38a,f00f7ff00ff8900c
B_001_024_20230819200431_001_003_000_003.jpg,./data/you_foulbrood/abnormal/B_001_024_20230819200431_001_003_000_003.jpg,1,abnormal,B_001,B_001_024,B_001_024_20230819,003,1920,1080,2073600,1061957,42.48640441894531,16.377287770818203,3.836497878086419,-9.64253134645061,16.341289445465687,3.8288116455078125,-9.631240844726562,40.33194637345679,41.072965374228396,56.112119020061726,40.24798583984375,40.99110412597656,56.010162353515625,78.0,335243.0,0.1616719714506173,0.007646384439919694,1.3416666666666666,e6a6dec2283c054f0bd60ada2cd2ed71,8e3baacc71c4d632
B_001_024_20230819205941_001_001_000_003.jpg,./data/you_foulbrood/abnormal/B_001_024_20230819205941_001_001_000_003.jpg,1,abnormal,B_001,B_001_024,B_001_024_20230819,003,1920,1080,2073600,1185814,41.60685729980469,16.169420048111835,4.352137827932097,-11.311461226851847,16.135900160845587,4.346832275390625,-11.293991088867188,38.524088541666664,40.10154224537037,58.0462678433642,38.449493408203125,40.03022766113281,57.94728088378906,63.0,1186479.0,0.5721831597222222,0.043282748236668424,1.7777777777777777,320e9aa5e2047517ced9e00181c8a255,b44a874ab44abe5d
B_001_024_20230819213218_001_002_000_003.jpg,./data/you_foulbrood/abnormal/B_001_024_20230819213218_001_002_000_003.jpg,1,abnormal,B_001,B_001_024,B_001_024_20230819,003,1920,1080,2073600,1184110,45.240753173828125,17.878728856511742,6.162128182870362,-13.228723476080248,17.82787846583946,6.15155029296875,-13.21759033203125,42.52110339506173,43.10690441743827,64.28677999614197,42.403717041015625,42.9913330078125,64.1527099609375,66.0,229345.0,0.11060233410493828,0.01778089856896742,1.0564814814814816,a008be296851e0725958ea7b394741ab,8671f8ba4db31c45
B_001_024_20230819221503_001_003_000_003.jpg,./data/you_foulbrood/abnormal/B_001_024_20230819221503_001_003_000_003.jpg,1,abnormal,B_001,B_001_024,B_001_024_20230819,003,1920,1080,2073600,1055832,39.021728515625,15.403409623880416,6.4479436728395,-8.035323591820983,15.36733589920343,6.4502410888671875,-8.0184326171875,41.949290605709876,35.33399305555555,51.152628279320986,41.86766052246094,35.25270080566406,51.049407958984375,45.0,884558.5,0.4265810667438272,0.028286612223396717,1.7777777777777777,33ef475ca178acc66c092ffa91c807f0,c6b681713fc6d113
B_001_024_20230819222424_001_002_000_003.jpg,./data/you_foulbrood/abnormal/B_001_024_20230819222424_001_002_000_003.jpg,1,abnormal,B_001,B_001_024,B_001_024_20230819,003,1920,1080,2073600,1026983,47.19903564453125,18.75702916969257,8.098600019290132,-6.6586521026234635,18.71932684206495,8.0965576171875,-6.64361572265625,53.659479648919756,42.223378665123455,56.75325183256173,53.56988525390625,42.134674072265625,56.64817810058594,51.0,994130.5,0.47942250192901237,0.09259620537583774,1.4379629629629629,6bf0f5d7cba28f1a3cf8251818833364,f9d8541ce3a31e16
B_001_024_20230820182214_001_002_000_003.jpg,./data/you_foulbrood/abnormal/B_001_024_20230820182214_001_002_000_003.jpg,1,abnormal,B_001,B_001_024,B_001_024_20230820,003,1920,1080,2073600,1150468,40.014678955078125,15.539816895122247,5.915440779320988,-14.19499614197531,15.497747683057598,5.9104156494140625,-14.17645263671875,36.01458863811728,38.16708043981482,60.73253086419753,35.92008972167969,38.07185363769531,60.61741638183594,64.0,100425.0,0.048430266203703706,0.06991382006897146,0.6919831223628692,af7c2cde6d18ef496c935b954d11606e,b21f6c689dd083b6
B_001_024_20230820184402_001_001_000_003.jpg,./data/you_foulbrood/abnormal/B_001_024_20230820184402_001_001_000_003.jpg,1,abnormal,B_001,B_001_024,B_001_024_20230820,003,1920,1080,2073600,1027019,36.54254150390625,14.407577047022514,6.195354938271606,-8.502097800925924,14.369225595511642,6.197235107421875,-8.489669799804688,38.68379581404321,33.093897569444444,49.66100163966049,38.59552001953125,33.00468444824219,49.55767822265625,46.0,619973.0,0.29898389274691356,0.07760540826346145,1.1527777777777777,f16ca7c701b3545d7c0f44bad2ed6e80,93a58a492cfa5e36
B_001_024_20230820185201_001_002_000_003.jpg,./data/you_foulbrood/abnormal/B_001_024_20230820185201_001_002_000_003.jpg,1,abnormal,B_001,B_001_024,B_001_024_20230820,003,1920,1080,2073600,1185387,49.61585998535156,19.623835784313727,9.910802469135803,-2.6579378858024683,19.582471660539216,9.907196044921875,-2.6573028564453125,61.504499421296295,43.07129002700617,52.96185426311728,61.4068603515625,42.96856689453125,52.85888671875,57.0,697408.0,0.33632716049382716,0.10659061973507025,1.250925925925926,861f417b2613fcd59590f6563932c232,d93c6a633f7a028c
B_001_024_20230820192946_001_001_000_003.jpg,./data/you_foulbrood/abnormal/B_001_024_20230820192946_001_001_000_003.jpg,1,abnormal,B_001,B_001_024,B_001_024_20230820,003,1920,1080,2073600,1230868,44.6219482421875,17.103378419268942,8.894647472993825,-6.812713155864202,17.06429275811887,8.885040283203125,-6.79736328125,51.8374715470679,39.275287422839504,53.925503472222225,51.74848937988281,39.189453125,53.81867980957031,100.0,33982.5,0.01638816550925926,0.20094800938109592,1.1486486486486487,be39f1451ec55a03c383cf8e2dd76058,c8395e4677e039cc
B_001_024_20230821112545_001_002_000_003.jpg,./data/you_foulbrood/abnormal/B_001_024_20230821112545_001_002_000_003.jpg,1,abnormal,B_001,B_001_024,B_001_024_20230821,003,1920,1080,2073600,1454907,47.08970642089844,19.355702879145486,6.897864101080245,-0.505025559413582,19.340203977098653,6.886138916015625,-0.50634765625,56.04248697916667,42.454825906635804,48.016981095679014,55.98262023925781,42.419677734375,47.96507263183594,49.0,1804368.0,0.870162037037037,0.11753283943214286,1.7777777777777777,12116d7d1a5b09da2b7a239d0fffc7d0,e65573323887359c
B_001_024_20230821112639_001_004_000_003.jpg,./data/you_foulbrood/abnormal/B_001_024_20230821112639_001_004_000_003.jpg,1,abnormal,B_001,B_001_024,B_001_024_20230821,003,1920,1080,2073600,1419488,46.15657043457031,18.54531552590172,7.552266589506161,-4.287017746913577,18.475000718060663,7.5493316650390625,-4.2847442626953125,53.675516493055554,41.33640673225309,52.713173225308644,53.51109313964844,41.17680358886719,52.538970947265625,53.0,1853553.0,0.8938816550925925,0.17484323403666396,1.7777777777777777,8013b9b59003b54ff344ac4e816f34aa,c18b8fd4761fc930
B_001_024_20230902135704_001_004_000_003.jpg,./data/you_foulbrood/abnormal/B_001_024_20230902135704_001_004_000_003.jpg,1,abnormal,B_001,B_001_024,B_001_024_20230902,003,1920,1080,2073600,1359592,48.494781494140625,20.240053861050594,3.7658179012345556,1.2988565779320993,20.215184828814337,3.76708984375,1.2933502197265625,53.99469425154321,46.21836130401235,46.50044945987654,53.935089111328125,46.154754638671875,46.43058776855469,49.0,1864604.5,0.8992112750771605,0.10852902502020977,1.7777777777777777,991a4779079affd0b66a4a7ecd7651ce,c51b74399dc55615
B_001_025_20230819195212_001_001_000_003.jpg,./data/you_foulbrood/abnormal/B_001_025_20230819195212_001_001_000_003.jpg,1,abnormal,B_001,B_001_025,B_001_025_20230819,003,1920,1080,2073600,1156749,40.031982421875,15.583263548474946,5.476908275462961,-13.71463975694445,15.546869016161152,5.4771881103515625,-13.70501708984375,36.20480516975309,38.26843123070988,59.68659963348765,36.12957763671875,38.189483642578125,59.58856201171875,60.0,1151118.5,0.5551304494598766,0.046064945460374644,1.7777777777777777,1dbe520b77224ce8267c5970c5fa7f84,e33c45d03cc43ceb
B_001_025_20230819215743_001_002_000_003.jpg,./data/you_foulbrood/abnormal/B_001_025_20230819215743_001_002_000_003.jpg,1,abnormal,B_001,B_001_025,B_001_025_20230819,003,1920,1080,2073600,1104410,44.315277099609375,17.239036590716534,5.948777970679004,-13.746398051697525,17.203548655790442,5.9369964599609375,-13.728240966796875,41.043377700617285,42.26373360339506,64.05215615354938,40.96351623535156,42.181793212890625,63.95207214355469,73.0,236544.5,0.11407431520061728,0.02026457763461029,1.2307692307692308,617590f5bd70ae91fe84e368d5e564ff,ce3a3344dd3ba905
B_001_025_20230819221925_001_004_000_003.jpg,./data/you_foulbrood/abnormal/B_001_025_20230819221925_001_004_000_003.jpg,1,abnormal,B_001,B_001_025,B_001_025_20230819,003,1920,1080,2073600,1078169,43.827667236328125,17.205372488501574,4.035113329475308,-11.326653645833332,17.16525208716299,4.0207672119140625,-11.316848754882812,40.28437162422839,42.652725212191356,59.83900125385802,40.1842041015625,42.56138610839844,59.731597900390625,71.0,613700.0,0.29595871913580246,0.0152562151826823,1.5601851851851851,9a52f6912a5c62762df6f25393fdc323,9296921e696d696e
B_001_025_20230819222508_001_004_000_003.jpg,./data/you_foulbrood/abnormal/B_001_025_20230819222508_001_004_000_003.jpg,1,abnormal,B_001,B_001_025,B_001_025_20230819,003,1920,1080,2073600,1033052,44.363677978515625,17.54340258865892,6.963184799382702,-8.288414834104941,17.509262982536764,6.9696502685546875,-8.283538818359375,47.50463686342592,40.55917438271605,56.453701292438275,47.428863525390625,40.48130798339844,56.366790771484375,55.0,235047.5,0.11335238233024691,0.07518105612950803,1.4046762589928057,5a936b38a85b4dd2ddb0de6281128153,9be5e148109fa793
B_001_025_20230819224818_001_003_000_003.jpg,./data/you_foulbrood/abnormal/B_001_025_20230819224818_001_003_000_003.jpg,1,abnormal,B_001,B_001_025,B_001_025_20230819,003,1920,1080,2073600,1070257,34.64776611328125,13.269693703098524,5.969100597993815,-14.06830054012346,13.234599992340685,5.9561004638671875,-14.048751831054688,31.2088956404321,32.62147569444444,54.72817177854938,31.122817993164062,32.54313659667969,54.62690734863281,50.0,1159722.5,0.5592797550154321,0.08163125850880776,1.7777777777777777,662f32892c380f58b9b3390aef431820,f5244b68b5e45c17
B_001_025_20230821215010_001_001_000_003.jpg,./data/you_foulbrood/abnormal/B_001_025_20230821215010_001_001_000_003.jpg,1,abnormal,B_001,B_001_025,B_001_025_20230821,003,1920,1080,2073600,963811,38.73240661621094,14.840903193839264,6.6394347993827125,-14.679918499228393,14.806416829427084,6.6387176513671875,-14.670684814453125,35.90732060185185,36.26218701774691,59.445325520833336,35.83033752441406,36.18852233886719,59.35639953613281,64.0,982990.0,0.4740499614197531,0.035524031313450645,1.7777777777777777,5743e32f97217445e14a15c93a807d75,c613399ac6333bd4
B_001_025_20230821220220_001_004_000_003.jpg,./data/you_foulbrood/abnormal/B_001_025_20230821220220_001_004_000_003.jpg,1,abnormal,B_001,B_001_025,B_001_025_20230821,003,1920,1080,2073600,1098666,42.86137390136719,16.663844635076252,6.318188657407404,-12.120585937499996,16.625408097809437,6.3176116943359375,-12.105194091796875,42.20728587962963,39.94233603395062,60.30882523148148,42.11737060546875,39.85792541503906,60.20597839355469,59.0,904748.5,0.43631775655864197,0.06650034375762233,1.500925925925926,82e089cd887ac826b0c6c4dc72bfb9a5,cbdb302cccd3f029
B_001_025_20230822185927_001_004_000_003.jpg,./data/you_foulbrood/abnormal/B_001_025_20230822185927_001_004_000_003.jpg,1,abnormal,B_001,B_001_025,B_001_025_20230822,003,1920,1080,2073600,1087813,41.344512939453125,15.937554844468652,7.074053337191344,-10.10277295524692,15.890437107460171,7.0767822265625,-10.085220336914062,42.91868152006173,37.98001157407408,55.50000964506173,42.81025695800781,37.87870788574219,55.3748779296875,64.0,761415.0,0.3671947337962963,0.027787893314487496,1.7777777777777777,47803d3caaadcd571740f9330be9299b,aa14b8c7be30c4f6
B_001_025_20230822211943_001_001_000_003.jpg,./data/you_foulbrood/abnormal/B_001_025_20230822211943_001_001_000_003.jpg,1,abnormal,B_001,B_001_025,B_001_025_20230822,003,1920,1080,2073600,1021164,39.71397399902344,15.406171137436457,6.177341820987664,-13.710040509259258,15.368610456878065,6.16888427734375,-13.694854736328125,36.85409818672839,37.51198302469136,59.212774402006175,36.76362609863281,37.42805480957031,59.10882568359375,59.0,1003727.5,0.48405068479938274,0.03534089260046864,1.7777777777777777,1f8499efe5b39fc2f77dfa94a3da8dbb,ce2a394657c63335
B_001_025_20230822212321_001_002_000_003.jpg,./data/you_foulbrood/abnormal/B_001_025_20230822212321_001_002_000_003.jpg,1,abnormal,B_001,B_001_025,B_001_025_20230822,003,1920,1080,2073600,1285933,36.828277587890625,13.830585625453885,9.41701630015433,-8.193214699074076,13.785633760340074,9.418899536132812,-8.191024780273438,43.34469280478395,31.496924189814816,47.93994454089506,43.248046875,31.402297973632812,47.83616638183594,54.0,1181847.0,0.569949363425926,0.040120453626697375,1.7777777777777777,c26b36ca8eca4c54a87cc4488eca55ae,c363388fc7603cd5
B_001_025_20230822212403_001_001_000_003.jpg,./data/you_foulbrood/abnormal/B_001_025_20230822212403_001_001_000_003.jpg,1,abnormal,B_001,B_001_025,B_001_025_20230822,003,1920,1080,2073600,1093368,42.09413146972656,16.665671334120066,7.529033564814824,-11.505509259259256,16.62245806525735,7.5182952880859375,-11.486831665039062,43.18003038194445,38.34274643132716,59.44786024305556,43.0782470703125,38.24537658691406,59.32496643066406,49.0,664318.5,0.3203696469907407,0.09070312600075263,1.163888888888889,7e1b32853a8726714191bd550cb66258,94734c2d429c6b6f
B_001_025_20230827103306_001_002_000_003.jpg,./data/you_foulbrood/abnormal/B_001_025_20230827103306_001_002_000_003.jpg,1,abnormal,B_001,B_001_025,B_001_025_20230827,003,1920,1080,2073600,1307639,47.40754699707031,19.647254183309126,6.217451292438284,5.7974508101851825,19.604264801623774,6.2115020751953125,5.79473876953125,59.578527199074074,43.26767891589506,37.84482638888889,59.45872497558594,43.16011047363281,37.743194580078125,50.0,1883031.0,0.908097511574074,0.24243380206105578,1.7777777777777777,b86a3fbc4e0106f0df49979a65c2cade,98c961e6efd006cd
B_001_025_20230827103308_001_003_000_003.jpg,./data/you_foulbrood/abnormal/B_001_025_20230827103308_001_003_000_003.jpg,1,abnormal,B_001,B_001_025,B_001_025_20230827,003,1920,1080,2073600,1320357,48.36674499511719,19.89973277505447,3.1677522183641997,-0.19147280092592212,19.880191578584558,3.1533660888671875,-0.19110107421875,52.071098572530865,46.548515142746915,48.61269145447531,52.00279235839844,46.49314880371094,48.54710388183594,51.0,1786331.5,0.8614638792438272,0.08033081194265575,1.7777777777777777,814dd0af397d602247f6e063826e66d1,ad5146028fc572df
B_001_025_20230828111459_001_001_000_003.jpg,./data/you_foulbrood/abnormal/B_001_025_20230828111459_001_001_000_003.jpg,1,abnormal,B_001,B_001_025,B_001_025_20230828,003,1920,1080,2073600,1406746,53.84930419921875,22.433468553316388,5.395037615740733,1.6219367283950703,22.371880026424634,5.390716552734375,1.6191864013671875,62.23263165509259,50.36433400848765,51.151418788580244,62.092010498046875,50.22123718261719,50.9974365234375,50.0,1934021.0,0.9326875964506173,0.22662038800356923,1.7777777777777777,e2b9c85935496dd4975e863a4770b2d9,89703cb727cb9670
B_001_025_20230828111747_001_003_000_003.jpg,./data/you_foulbrood/abnormal/B_001_025_20230828111747_001_003_000_003.jpg,1,abnormal,B_001,B_001_025,B_001_025_20230828,003,1920,1080,2073600,1360776,45.524871826171875,18.31338469801501,6.265243055555544,-2.567380883487658,18.2636994006587,6.25689697265625,-2.5650177001953125,52.543999807098764,41.42167293595679,49.340224247685185,52.424224853515625,41.30268859863281,49.209014892578125,54.0,1776510.5,0.8567276716820987,0.10867664204565626,1.7777777777777777,5d3d0a1c2f13729bf049b526e1098acd,ab5187624f47299b
B_001_025_20230829160437_001_001_000_003.jpg,./data/you_foulbrood/abnormal/B_001_025_20230829160437_001_001_000_003.jpg,1,abnormal,B_001,B_001_025,B_001_025_20230829,003,1920,1080,2073600,1209735,43.953399658203125,18.263027452493347,3.0961723572530957,0.7374782986111086,18.213201784620097,3.093536376953125,0.7341766357421875,48.50111400462963,42.08395881558642,42.81734905478395,48.3798828125,41.97100830078125,42.69197082519531,49.0,1913519.5,0.9228006847993827,0.18349348241671126,1.7777777777777777,c96c58915db83ce924235d3364e8b4f6,9b7179869ab09157
B_001_025_20230829163424_001_001_000_003.jpg,./data/you_foulbrood/abnormal/B_001_025_20230829163424_001_001_000_003.jpg,1,abnormal,B_001,B_001_025,B_001_025_20230829,003,1920,1080,2073600,1018427,49.480712890625,20.59982657800775,18.182930169753092,5.394500385802473,20.57781144684436,18.18890380859375,5.3987884521484375,78.6894815779321,36.29183352623457,41.34786361882716,78.62773132324219,36.231353759765625,41.28228759765625,50.0,1765046.5,0.8511991222993828,0.2159842834628104,1.7777777777777777,a99c1efa158f4e0517ce2db09d889b55,fa87828609fc6b72
B_001_025_20230912110452_001_001_000_003.jpg,./data/you_foulbrood/abnormal/B_001_025_20230912110452_001_001_000_003.jpg,1,abnormal,B_001,B_001_025,B_001_025_20230912,003,1920,1080,2073600,1168682,75.857666015625,31.490722017973855,-0.41365692515432784,-1.05931278935185,31.4469819910386,-0.431427001953125,-1.046539306640625,73.86623022762346,76.77151186342593,77.31090326003087,73.7523193359375,76.67005920410156,77.18946838378906,81.0,1240743.5,0.5983523823302469,0.043275360104607224,1.7777777777777777,1b8b2b9512e29571570828ea5b2ea3f1,80769ca54f5e396c
B_001_025_20230912125844_001_001_000_003.jpg,./data/you_foulbrood/abnormal/B_001_025_20230912125844_001_001_000_003.jpg,1,abnormal,B_001,B_001_025,B_001_025_20230912,003,1920,1080,2073600,1269941,76.23794555664062,32.014432416485114,-1.0361400462962962,4.9107571373456835,31.964590035232842,-1.044189453125,4.9188995361328125,76.89928096064814,77.35807098765432,69.68890528549383,76.77497863769531,77.24067687988281,69.55337524414062,97.0,976288.0,0.4708179012345679,0.03736124189686865,1.7777777777777777,4230323c3480868c9b55506fd3cba14c,d5797ac42436c99a
B_001_025_20230912155841_001_001_000_003.jpg,./data/you_foulbrood/abnormal/B_001_025_20230912155841_001_001_000_003.jpg,1,abnormal,B_001,B_001_025,B_001_025_20230912,003,1920,1080,2073600,1246503,73.84208679199219,30.728784646574677,-1.5400241126543222,2.024036940586427,30.680338541666668,-1.546783447265625,2.0323638916015625,72.55622202932099,75.20312596450617,71.17809413580247,72.44102478027344,75.08717346191406,71.04811096191406,80.0,575986.0,0.2777710262345679,0.03649659198481843,1.7027027027027026,92ca35441448d21c2a33dd6fcec3d9bf,dcc944b96af26a52
B_001_026_20230819184200_001_003_000_003.jpg,./data/you_foulbrood/abnormal/B_001_026_20230819184200_001_003_000_003.jpg,1,abnormal,B_001,B_001_026,B_001_026_20230819,003,1920,1080,2073600,1293788,43.520721435546875,16.84270908980876,9.693672839506178,-6.264922357253084,16.800429400275736,9.691757202148438,-6.2509918212890625,51.25531008873457,38.06188850308642,52.08225935570988,51.16441345214844,37.97389221191406,51.97035217285156,64.0,466140.0,0.22479745370370371,0.021347782890333195,1.3391136801541426,da4abfbff8511082e1aeadffd2da7a9c,98d927666613999d
B_001_026_20230819191804_001_001_000_003.jpg,./data/you_foulbrood/abnormal/B_001_026_20230819191804_001_001_000_003.jpg,1,abnormal,B_001,B_001_026,B_001_026_20230819,003,1920,1080,2073600,1046427,42.777984619140625,16.893885598220766,5.0072950424382725,-13.722305169753085,16.859663421032476,5.0002288818359375,-13.709686279296875,38.186600597993824,41.41934992283951,62.359789737654324,38.10466003417969,41.34185791015625,62.25996398925781,61.0,812642.5,0.3918993537808642,0.022263520323720448,1.7777777777777777,c84226e23c531a5da84e6c9dabfff63d,fa57e849ecba9180
B_001_026_20230819200304_001_002_000_003.jpg,./data/you_foulbrood/abnormal/B_001_026_20230819200304_001_002_000_003.jpg,1,abnormal,B_001,B_001_026,B_001_026_20230819,003,1920,1080,2073600,1148193,43.979156494140625,17.193688725490198,5.8131341628086375,-14.202628761574076,17.155013738893995,5.8079376220703125,-14.196121215820312,40.167743055555555,42.07694396219136,64.43541136188271,40.07362365722656,41.98521423339844,64.33424377441406,68.0,406496.5,0.19603419174382716,0.02292180653672459,1.200925925925926,fd4b42e511ced22d6ee31b0553ebadb7,b296b294bad121de
B_001_026_20230819204424_001_003_000_003.jpg,./data/you_foulbrood/abnormal/B_001_026_20230819204424_001_003_000_003.jpg,1,abnormal,B_001,B_001_026,B_001_026_20230819,003,1920,1080,2073600,1089471,43.9111328125,17.194776915395785,6.271407214506183,-11.009577546296299,17.157036276424634,6.267181396484375,-10.99468994140625,44.27791280864197,40.74045476466049,60.119173418209876,44.18528747558594,40.655364990234375,60.00883483886719,58.0,1354291.0,0.6531110146604938,0.10582614768285697,1.7777777777777777,05e79f8f8af1afaf1f919418e434ecc5,cc8f1cbd70837744
B_001_026_20230819205732_001_001_000_003.jpg,./data/you_foulbrood/abnormal/B_001_026_20230819205732_001_001_000_003.jpg,1,abnormal,B_001,B_001_026,B_001_026_20230819,003,1920,1080,2073600,1363665,41.46443176269531,15.896018858932463,7.9735416666666765,-5.0791695601851785,15.847963819316789,7.9721221923828125,-5.0716400146484375,48.343093171296296,36.84103298611111,48.053296199845676,48.23316955566406,36.74061584472656,47.9395751953125,61.0,422079.5,0.20354914158950618,0.014386876625815136,1.4148148148148147,3557b5fa786f76a1445c919aae7ab34b,98271ed8368de22f
B_001_026_20230819224652_001_003_000_003.jpg,./data/you_foulbrood/abnormal/B_001_026_20230819224652_001_003_000_003.jpg,1,abnormal,B_001,B_001_026,B_001_026_20230819,003,1920,1080,2073600,1184308,46.32133483886719,18.339247836480272,6.773152006172836,-10.80422501929013,18.299189548866423,6.7734222412109375,-10.790786743164062,47.571697048611114,42.739829282407406,62.310384837962964,47.47904968261719,42.648529052734375,62.207122802734375,54.0,1436338.0,0.6926784336419753,0.13055243126499405,1.7777777777777777,a93ef7b7fe09c053aaf5f2e27b97c464,9913e04d6bb427ce
B_001_026_20230819225615_001_001_000_003.jpg,./data/you_foulbrood/abnormal/B_001_026_20230819225615_001_001_000_003.jpg,1,abnormal,B_001,B_001_026,B_001_026_20230819,003,1920,1080,2073600,1096060,42.90315246582031,16.70038277656742,4.566677758487657,-11.318749999999994,16.670358695235908,4.5574951171875,-11.301544189453125,40.2558130787037,41.22009982638889,59.028155381944444,40.18415832519531,41.15327453613281,58.93440246582031,67.0,1429572.0,0.6894155092592592,0.09179303686062198,1.7777777777777777,cb2519cfc0a3404ac1072aac263e591d,b6b6496bb494dc48
B_001_026_20230820191136_001_003_000_003.jpg,./data/you_foulbrood/abnormal/B_001_026_20230820191136_001_003_000_003.jpg,1,abnormal,B_001,B_001_026,B_001_026_20230820,003,1920,1080,2073600,1097423,39.06791687011719,15.083403496429437,4.408209394290111,-9.631255304783949,15.045219870174632,4.4105377197265625,-9.622909545898438,37.692701581790125,37.140373746141975,53.36413049768519,37.603271484375,37.05235290527344,53.25813293457031,63.0,912728.0,0.4401658950617284,0.05016046920876032,1.7777777777777777,b8c31f8a340273f4055d8d8ee72ada1b,92cd47936762955c
B_001_026_20230820192607_001_001_000_003.jpg,./data/you_foulbrood/abnormal/B_001_026_20230820192607_001_001_000_003.jpg,1,abnormal,B_001,B_001_026,B_001_026_20230820,003,1920,1080,2073600,985528,40.07496643066406,15.36340209694989,4.815065104166678,-11.681487268518524,15.332653569240197,4.8105316162109375,-11.6707763671875,37.539174864969134,38.27638792438272,56.54704861111111,37.4686279296875,38.205230712890625,56.458160400390625,70.0,991946.5,0.4783692611882716,0.029502495641151937,1.7777777777777777,23ec82ba429b390e657500b775fb6161,c738c71f38c738c4
B_001_026_20230820192649_001_001_000_003.jpg,./data/you_foulbrood/abnormal/B_001_026_20230820192649_001_001_000_003.jpg,1,abnormal,B_001,B_001_026,B_001_026_20230820,003,1920,1080,2073600,1133635,40.70573425292969,15.745192031287823,7.679170524691358,-7.395065104166662,15.698966232000613,7.677154541015625,-7.38604736328125,45.5063532021605,36.37895061728395,51.420399305555556,45.39418029785156,36.271575927734375,51.299896240234375,61.0,107865.0,0.052018229166666666,0.0305641479604386,0.5458392101551481,353ab5215a39692aec0c4b016974ed3a,d9f88326e0dd0d53
B_001_026_20230820194637_001_001_000_003.jpg,./data/you_foulbrood/abnormal/B_001_026_20230820194637_001_001_000_003.jpg,1,abnormal,B_001,B_001_026,B_001_026_20230820,003,1920,1080,2073600,1007184,42.33180236816406,16.669593848341805,6.654906925154307,-10.646152584876546,16.634527468213847,6.6516876220703125,-10.63134765625,43.59902150848765,38.733882619598766,58.3254615162037,43.51072692871094,38.65733337402344,58.23353576660156,52.0,1617205.0,0.7799021026234568,0.1458333462672569,1.7777777777777777,e9f7df980a17774d60e834d938dfd069,9674f3c8369b8519
B_001_026_20230820195606_001_002_000_003.jpg,./data/you_foulbrood/abnormal/B_001_026_20230820195606_001_002_000_003.jpg,1,abnormal,B_001,B_001_026,B_001_026_20230820,003,1920,1080,2073600,1127734,57.49604797363281,23.00220172173808,8.600402681327154,-5.482897376543207,22.96679926853554,8.59881591796875,-5.4772491455078125,65.95813802083333,51.799868827160495,65.43587432484568,65.87179565429688,51.71832275390625,65.34791564941406,63.0,1499460.0,0.723119212962963,0.111208562762658,1.7777777777777777,367d71a3c7b42deab6497310572f2808,d23ccb136ccbb381
B_001_026_20230820200449_001_002_000_003.jpg,./data/you_foulbrood/abnormal/B_001_026_20230820200449_001_002_000_003.jpg,1,abnormal,B_001,B_001_026,B_001_026_20230820,003,1920,1080,2073600,1123245,36.471710205078125,14.043578469196321,5.518410011574076,-12.63904031635802,14.005821078431373,5.5111083984375,-12.622100830078125,33.61109182098765,34.48559558256173,54.84302131558642,33.523529052734375,34.399871826171875,54.73841857910156,54.0,1170020.5,0.5642459972993827,0.07431225609724595,1.7777777777777777,3853546e3ced7bc98a29bd2826795a66,a2919ebe94a794d4
B_001_026_20230820211155_001_002_000_003.jpg,./data/you_foulbrood/abnormal/B_001_026_20230820211155_001_002_000_003.jpg,1,abnormal,B_001,B_001_026,B_001_026_20230820,003,1920,1080,2073600,1153664,37.45796203613281,14.437038739106754,5.300315393518531,-10.24891251929013,14.393926882276348,5.3035736083984375,-10.23504638671875,36.874689911265435,34.996919849537036,52.56062837577161,36.7716064453125,34.89814758300781,52.449981689453125,56.0,478991.0,0.23099488811728394,0.00862663964836847,1.7777777777777777,035feffd044899fa7be89403887f8653,ef30084f1c4efe89
B_001_026_20230820211155_001_004_000_003.jpg,./data/you_foulbrood/abnormal/B_001_026_20230820211155_001_004_000_003.jpg,1,abnormal,B_001,B_001_026,B_001_026_20230820,003,1920,1080,2073600,1174053,36.78392028808594,14.164923179920118,8.17503809799382,-3.2841237461419723,14.12838804955576,8.175018310546875,-3.2822113037109375,45.94183207947531,31.428188657407407,41.04843557098766,45.85420227050781,31.33563232421875,40.95292663574219,46.0,198944.5,0.09594159915123457,0.06736161717728766,1.496875,cd1f9ebdfc264d06d79f0a61a817ee24,f0b666478cf0eb48
B_001_026_20230820212749_001_004_000_003.jpg,./data/you_foulbrood/abnormal/B_001_026_20230820212749_001_004_000_003.jpg,1,abnormal,B_001,B_001_026,B_001_026_20230820,003,1920,1080,2073600,1252254,46.87896728515625,18.309099075587028,9.760241126543207,-6.89651957947531,18.25851141237745,9.759735107421875,-6.8823089599609375,54.72466001157407,41.241902006172836,56.208801601080246,54.61601257324219,41.13726806640625,56.08363342285156,60.0,716464.5,0.3455172164351852,0.01584428938097775,1.7777777777777777,f44bb9fa037d52032bc3989456357e50,df78d970933c3308
B_001_026_20230820213553_001_001_000_003.jpg,./data/you_foulbrood/abnormal/B_001_026_20230820213553_001_001_000_003.jpg,1,abnormal,B_001,B_001_026,B_001_026_20230820,003,1920,1080,2073600,1368861,42.62713623046875,16.456977351125637,10.190183256172844,-3.35617669753087,16.4204376819087,10.173065185546875,-3.338134765625,53.685424864969136,36.2258878279321,47.199212480709875,53.60292053222656,36.14805603027344,47.088165283203125,62.0,499307.5,0.24079258294753086,0.014190813223532842,1.5222222222222221,acda260847b183bf5d6092038db31486,bb9344656d12b63c
B_001_026_20230912113334_001_001_000_003.jpg,./data/you_foulbrood/abnormal/B_001_026_20230912113334_001_001_000_003.jpg,1,abnormal,B_001,B_001_026,B_001_026_20230912,003,1920,1080,2073600,1104468,71.46005249023438,29.55705980694747,0.0711197916666606,-1.7926818094135797,29.513412176393995,0.0550689697265625,-1.78759765625,69.71086082175925,72.04513551311729,73.97928337191358,69.60002136230469,71.93803405761719,73.86376953125,75.0,1465387.5,0.7066876446759259,0.09311593282059155,1.7777777777777777,b4fbf7e6a5a139a1de66aba923f66ee1,bb47544a66ed9232
B_001_027_20230819184245_001_001_000_003.jpg,./data/you_foulbrood/abnormal/B_001_027_20230819184245_001_001_000_003.jpg,1,abnormal,B_001,B_001_027,B_001_027_20230819,003,1920,1080,2073600,990303,46.12176513671875,18.22313774661099,6.23922839506173,-15.816990740740735,18.185448740042894,6.241668701171875,-15.816177368164062,41.231294849537036,44.354988425925924,68.67715470679012,41.14476013183594,44.2713623046875,68.58573913574219,76.0,272491.0,0.13140962577160495,0.011138493777717168,1.5101419878296145,dbb8e7d46146c2064ef04bea6e1f6f0a,964dd6336b3648cc
B_001_027_20230819185500_001_001_000_003.jpg,./data/you_foulbrood/abnormal/B_001_027_20230819185500_001_001_000_003.jpg,1,abnormal,B_001,B_001_027,B_001_027_20230819,003,1920,1080,2073600,1131460,41.70201110839844,16.152196993766644,5.167937885802473,-10.781841724537031,16.116380878523284,5.16485595703125,-10.777389526367188,40.3798649691358,39.616085069444445,56.56642602237655,40.29463195800781,39.53630065917969,56.477874755859375,65.0,1228974.0,0.5926765046296296,0.06652733250226983,1.7777777777777777,d058575ef0f9e90e4f5ca2cf4973e3f8,9696696965969749
B_001_027_20230819191050_001_004_000_003.jpg,./data/you_foulbrood/abnormal/B_001_027_20230819191050_001_004_000_003.jpg,1,abnormal,B_001,B_001_027,B_001_027_20230819,003,1920,1080,2073600,1254132,42.66937255859375,16.487023420479304,10.30439525462964,-5.603436053240742,16.43363204656863,10.302322387695312,-5.596923828125,51.80478829089506,36.76199122299383,50.06059751157407,51.68426513671875,36.65098571777344,49.93682861328125,60.0,884921.5,0.42675612461419754,0.020269193914584503,1.7777777777777777,8827ee861d5b5ab141675ba817933cd4,a857f832758827d5
B_001_027_20230819193023_001_001_000_003.jpg,./data/you_foulbrood/abnormal/B_001_027_20230819193023_001_001_000_003.jpg,1,abnormal,B_001,B_001_027,B_001_027_20230819,003,1920,1080,2073600,1150035,39.99107360839844,15.49130223462842,5.0388416280864305,-12.126455922067905,15.449392281326594,5.0358123779296875,-12.114669799804688,36.96346064814815,38.24155671296296,57.7291300154321,36.85966491699219,38.139190673828125,57.617828369140625,64.0,517284.5,0.24946204668209876,0.010171581167589604,1.7685185185185186,bd02ab96275189d60078967c2af0432d,aa1e542faa56562d
B_001_027_20230819194120_001_003_000_003.jpg,./data/you_foulbrood/abnormal/B_001_027_20230819194120_001_003_000_003.jpg,1,abnormal,B_001,B_001_027,B_001_027_20230819,003,1920,1080,2073600,1107786,39.25373840332031,15.25044840081094,5.673672357253082,-13.897610918209878,15.210080614276961,5.663909912109375,-13.880386352539062,35.541329571759256,37.44023148148148,58.99899402006173,35.44561767578125,37.35585021972656,58.88636779785156,58.0,1257040.5,0.6062116608796296,0.05502221011001369,1.7777777777777777,3a72a983d864769f72101723af9681e9,a0b0971797b0e373
B_001_027_20230819194542_001_003_000_003.jpg,./data/you_foulbrood/abnormal/B_001_027_20230819194542_001_003_000_003.jpg,1,abnormal,B_001,B_001_027,B_001_027_20230819,003,1920,1080,2073600,1278851,42.212921142578125,16.40918588114258,7.891150173611123,-4.392908950617283,16.368695427389707,7.8820343017578125,-4.3864898681640625,50.10609230324074,37.186233121141974,48.204691840277775,50.00834655761719,37.091644287109375,48.098541259765625,52.0,316469.5,0.15261839313271605,0.0529258081219556,1.4184852374839538,97211f2ac566b2c43aa11422bc950b73,c152b6533d5869e6
B_001_027_20230819203754_001_002_000_003.jpg,./data/you_foulbrood/abnormal/B_001_027_20230819203754_001_002_000_003.jpg,1,abnormal,B_001,B_001_027,B_001_027_20230819,003,1920,1080,2073600,1174966,44.95469665527344,17.416785433309126,6.514479648919746,-13.17209635416667,17.36980961818321,6.5034637451171875,-13.152847290039062,43.374552951388885,42.24465133101852,63.97019772376543,43.263153076171875,42.138519287109375,63.840850830078125,72.0,325000.0,0.15673225308641975,0.03225404160410555,1.399770904925544,840981def5a31ef6d9132bca973c0de6,d67d320f071a6dd0
B_001_027_20230819215701_001_001_000_003.jpg,./data/you_foulbrood/abnormal/B_001_027_20230819215701_001_001_000_003.jpg,1,abnormal,B_001,B_001_027,B_001_027_20230819,003,1920,1080,2073600,1104149,38.18403625488281,14.940239954006294,6.503391685956785,-8.975411844135806,14.904743269378065,6.495391845703125,-8.954345703125,40.334757908950614,34.670546392746914,51.40333622685185,40.25187683105469,34.59074401855469,51.30436706542969,47.0,1330838.0,0.6418007330246913,0.07742224536127211,1.7777777777777777,95cee7d155e16e7cca3ee6e73b92e97f,e05f0640e9f93973
B_001_027_20230819222554_001_003_000_003.jpg,./data/you_foulbrood/abnormal/B_001_027_20230819222554_001_003_000_003.jpg,1,abnormal,B_001,B_001_027,B_001_027_20230819,003,1920,1080,2073600,1063410,40.817779541015625,15.885927665819414,5.70009548611111,-10.633849344135797,15.85177552466299,5.697967529296875,-10.617416381835938,40.644682677469135,37.967613329475306,56.646142939814816,40.56089782714844,37.89300537109375,56.55043029785156,57.0,1266361.5,0.6107067418981481,0.06170219210665619,1.7777777777777777,0acad194b90b907a91b5d8aaaff2f40a,a3b25a28a5d79a99
B_001_027_20230819223940_001_004_000_003.jpg,./data/you_foulbrood/abnormal/B_001_027_20230819223940_001_004_000_003.jpg,1,abnormal,B_001,B_001_027,B_001_027_20230819,003,1920,1080,2073600,1166749,42.969512939453125,16.767853198378116,6.506858603395074,-13.14761863425926,16.728838752297793,6.493133544921875,-13.131515502929688,41.058665605709876,40.46905430169753,61.57206404320988,40.972747802734375,40.38041687011719,61.46173095703125,58.0,1051614.0,0.5071440972222222,0.05487021550794328,1.7777777777777777,5b97fae9a8e477c6336525fee871c287,8976ccb34494b34f
B_001_027_20230819225403_001_003_000_003.jpg,./data/you_foulbrood/abnormal/B_001_027_20230819225403_001_003_000_003.jpg,1,abnormal,B_001,B_001_027,B_001_027_20230819,003,1920,1080,2073600,1000617,46.76533508300781,19.51875869946744,13.140184220679004,16.79771797839507,19.485730937882966,13.146774291992188,16.790939331054688,70.85491753472222,39.6450072337963,20.92077594521605,70.77809143066406,39.56886291503906,20.846084594726562,127.0,1244.0,0.0005999228395061728,0.19738591013561044,1.4153846153846155,3dde9825ccc57e594de8dfe93d2946e8,8926745d548aa7e7
B_001_027_20230820221616_001_003_000_003.jpg,./data/you_foulbrood/abnormal/B_001_027_20230820221616_001_003_000_003.jpg,1,abnormal,B_001,B_001_027,B_001_027_20230820,003,1920,1080,2073600,1143803,39.761749267578125,15.523668792362624,7.194660011574086,-4.096918402777774,15.484535366881127,7.1882171630859375,-4.0861968994140625,46.93102430555555,35.17262924382716,45.39409818672839,46.832733154296875,35.08128356933594,45.28509521484375,49.0,482502.0,0.2326880787037037,0.03743209368541619,0.8527777777777777,c4346840092e7bcd5a660b691959c78b,c4635932ac5d738e
B_001_027_20230821181209_001_003_000_003.jpg,./data/you_foulbrood/abnormal/B_001_027_20230821181209_001_003_000_003.jpg,1,abnormal,B_001,B_001_027,B_001_027_20230821,003,1920,1080,2073600,1287221,41.90907287597656,16.075302968409584,8.064571277006166,-6.818864776234562,16.028651817172182,8.074951171875,-6.8090667724609375,47.6988565779321,37.35096305941358,51.00270206404321,47.603851318359375,37.252960205078125,50.89421081542969,59.0,462925.5,0.2232472511574074,0.004620499736733612,1.7777777777777777,f330e826a7a33b2fd2ea056b79bd51fc,95856e49b525b1da
B_001_027_20230821213501_001_004_000_003.jpg,./data/you_foulbrood/abnormal/B_001_027_20230821213501_001_004_000_003.jpg,1,abnormal,B_001,B_001_027,B_001_027_20230821,003,1920,1080,2073600,1130524,45.088958740234375,17.69683093530622,6.164486882716062,-14.28730902777778,17.66125248927696,6.152557373046875,-14.27239990234375,41.7207990933642,42.95475067515432,65.49307918595679,41.63458251953125,42.87663269042969,65.387939453125,68.0,441022.0,0.21268422067901235,0.012880617898765663,1.7777777777777777,0c42b26b401e21bc2b162889855ea731,f12fe01fe05a4b52
B_001_027_20230821214218_001_001_000_003.jpg,./data/you_foulbrood/abnormal/B_001_027_20230821214218_001_001_000_003.jpg,1,abnormal,B_001,B_001_027,B_001_027_20230821,003,1920,1080,2073600,1218418,42.21369934082031,16.45923278261922,6.2725511188271525,-14.449085165895056,16.418965657552082,6.264556884765625,-14.431549072265625,38.5865518904321,40.103944347993824,63.296049864969135,38.492828369140625,40.016815185546875,63.18260192871094,70.0,97643.0,0.04708863811728395,0.06000321822468743,1.1914414414414414,e7914bbfcd2cba5b1ec58c7286068ad3,a53f682bb6842e69
B_001_027_20230825111912_001_004_000_003.jpg,./data/you_foulbrood/abnormal/B_001_027_20230825111912_001_004_000_003.jpg,1,abnormal,B_001,B_001_027,B_001_027_20230825,003,1920,1080,2073600,1323896,41.29084777832031,17.09416417029775,2.5775462962963047,2.539701967592606,17.125920314414827,2.5607147216796875,2.5355682373046875,46.25166714891975,39.52240837191358,37.01307918595679,46.29136657714844,39.581634521484375,37.06806945800781,50.0,1849871.0,0.8921059992283951,0.16692961722969807,1.7777777777777777,541e1eceb707450c0120ce816de2fb52,ba6c562fa6da6824
B_001_027_20230912113347_001_001_000_003.jpg,./data/you_foulbrood/abnormal/B_001_027_20230912113347_001_001_000_003.jpg,1,abnormal,B_001,B_001_027,B_001_027_20230912,003,1920,1080,2073600,1190682,73.46066284179688,30.36660974189059,0.3840036651234584,-1.8937934027777743,30.331133674172793,0.3705902099609375,-1.8819427490234375,72.0233950617284,73.83639274691357,76.05202256944445,71.93742370605469,73.75140380859375,75.9527587890625,87.0,1391964.5,0.6712791763117284,0.05019850371117654,1.7777777777777777,526ba95671ee0adb05ebb7233468bbe9,9387865ece4165ec
B_001_027_20230912130135_001_001_000_003.jpg,./data/you_foulbrood/abnormal/B_001_027_20230912130135_001_001_000_003.jpg,1,abnormal,B_001,B_001_027,B_001_027_20230912,003,1920,1080,2073600,1265793,74.76371765136719,31.06081570745582,-1.4266739004629585,2.4831134259259215,31.0172944910386,-1.4445037841796875,2.4921112060546875,73.7427666859568,76.12797501929012,71.29526861496913,73.63774108886719,76.02471923828125,71.17472839355469,78.0,859294.0,0.4143971836419753,0.03643119470482381,1.5574074074074074,33477f1f0240869c5e04d7eca48a9637,953a08cd9b92baad
B_001_028_20230819191135_001_004_000_003.jpg,./data/you_foulbrood/abnormal/B_001_028_20230819191135_001_004_000_003.jpg,1,abnormal,B_001,B_001_028,B_001_028_20230819,003,1920,1080,2073600,1267894,36.783233642578125,13.852725959210847,9.118277874228397,-7.660457658179013,13.802711636412377,9.1134033203125,-7.6501922607421875,43.23873553240741,31.599696662808643,47.45550202546296,43.12188720703125,31.492477416992188,47.33381652832031,56.0,559955.0,0.27004002700617286,0.011686934016749046,1.6703703703703703,08ac328a3b45c64489c0df2d2cde93db,c167d9389c07c36e
B_001_028_20230819195931_001_004_000_003.jpg,./data/you_foulbrood/abnormal/B_001_028_20230819195931_001_004_000_003.jpg,1,abnormal,B_001,B_001_028,B_001_028_20230819,003,1920,1080,2073600,1150060,48.18998718261719,19.038138843500366,6.568219521604931,-14.110514081790129,19.008160759420957,6.562042236328125,-14.100341796875,45.615244502314816,45.70000819830247,68.23722415123457,45.54603576660156,45.64118957519531,68.15457153320312,68.0,303539.0,0.14638261959876545,0.015969919514117425,1.375925925925926,2fdcc4fa1f7fcabb5f19054dea6d776e,cacec7c34706ccc9
B_001_028_20230819200649_001_001_000_003.jpg,./data/you_foulbrood/abnormal/B_001_028_20230819200649_001_001_000_003.jpg,1,abnormal,B_001,B_001_028,B_001_028_20230819,003,1920,1080,2073600,1307741,50.33958435058594,19.503883177499393,10.191915509259246,-7.830833815586416,19.461460487515318,10.191253662109375,-7.8193206787109375,58.264551022376544,44.42917920524691,60.70383246527778,58.16935729980469,44.34114074707031,60.598175048828125,81.0,145836.5,0.07033010223765432,0.11448081739904428,1.8267326732673268,458f3448401a8d5db0b382c69858b79f,c41de33e63a648dc
B_001_028_20230819211622_001_003_000_003.jpg,./data/you_foulbrood/abnormal/B_001_028_20230819211622_001_003_000_003.jpg,1,abnormal,B_001,B_001_028,B_001_028_20230819,003,1920,1080,2073600,1169759,43.21330261230469,16.772440276264827,7.7290393518518385,-14.117175443672835,16.72888063916973,7.7211456298828125,-14.105438232421875,42.486200327932096,39.89516975308642,63.09863377700617,42.382659912109375,39.805206298828125,62.989715576171875,64.0,1418870.0,0.684254436728395,0.10129651030539047,1.7777777777777777,652a00af60feceaa035aa29cd54bb136,d96666999c265c9a
B_001_028_20230819213728_001_001_000_003.jpg,./data/you_foulbrood/abnormal/B_001_028_20230819213728_001_001_000_003.jpg,1,abnormal,B_001,B_001_028,B_001_028_20230819,003,1920,1080,2073600,1112441,45.85127258300781,18.278208779653838,5.84862557870369,-15.015299961419757,18.237370509727327,5.8420562744140625,-15.005126953125,41.43948061342593,44.04900270061729,67.32240644290124,41.35322570800781,43.959869384765625,67.21240234375,65.0,1426101.5,0.6877418499228395,0.09424242267339217,1.7777777777777777,e8fa42d077ca2a4ce6e0b7f9a179c00e,fc2388f38320fb17
B_001_028_20230819221131_001_002_000_003.jpg,./data/you_foulbrood/abnormal/B_001_028_20230819221131_001_002_000_003.jpg,1,abnormal,B_001,B_001_028,B_001_028_20230819,003,1920,1080,2073600,1195617,39.40483093261719,15.299281915698378,5.381316550925931,-8.950163001543217,15.258076985677084,5.3945159912109375,-8.937103271484375,40.20451581790123,36.55801311728395,52.83657696759259,40.115509033203125,36.46484375,52.73231506347656,57.0,951959.0,0.4590851658950617,0.040128092253191826,1.7462962962962962,7ff7936bf60d9f3eb07e60d2655e47cb,96c94d1a5aa4f333
B_001_028_20230819223515_001_001_000_003.jpg,./data/you_foulbrood/abnormal/B_001_028_20230819223515_001_001_000_003.jpg,1,abnormal,B_001,B_001_028,B_001_028_20230819,003,1920,1080,2073600,1156931,44.49378967285156,17.28540361746551,6.450167341820986,-13.369615644290121,17.252933277803308,6.437896728515625,-13.349472045898438,42.527689043209875,41.852155671296295,63.844192226080246,42.44853210449219,41.78135681152344,63.7490234375,69.0,199749.5,0.09632981288580247,0.03544432983753888,0.9751887810140237,64d54a6fbc6c5cdba68734b92ef2027e,d6fcb8924d032f0b
B_001_028_20230819224740_001_001_000_003.jpg,./data/you_foulbrood/abnormal/B_001_028_20230819224740_001_001_000_003.jpg,1,abnormal,B_001,B_001_028,B_001_028_20230819,003,1920,1080,2073600,1237582,45.662811279296875,18.084357033708542,4.793484278549386,-11.557350983796297,18.04187251072304,4.783782958984375,-11.549118041992188,42.98470920138889,44.01645447530864,61.93664303626543,42.88316345214844,43.92195129394531,61.823944091796875,67.0,818500.0,0.3947241512345679,0.019185499481376204,1.7777777777777777,9f67f6c0fda6fbdd064d5cc1e97bbde9,fd5281d0bfca84a3
B_001_028_20230821115455_001_002_000_003.jpg,./data/you_foulbrood/abnormal/B_001_028_20230821115455_001_002_000_003.jpg,1,abnormal,B_001,B_001_028,B_001_028_20230821,003,1920,1080,2073600,1243525,47.15245056152344,19.353894902868557,4.965721450617281,3.9807204861111245,19.30465399050245,4.9494171142578125,3.9805450439453125,56.93570360725309,43.652058256172836,40.685285011574074,56.803070068359375,43.53135681152344,40.55995178222656,47.0,1738329.0,0.8383145254629629,0.09924351952155869,1.7777777777777777,5fa2564b086baa72abe96840c110d76b,9d735c8c152dca36
B_001_028_20230823105529_001_002_000_003.jpg,./data/you_foulbrood/abnormal/B_001_028_20230823105529_001_002_000_003.jpg,1,abnormal,B_001,B_001_028,B_001_028_20230823,003,1920,1080,2073600,1247940,37.89097595214844,15.59634130658436,2.159681712962964,0.7386776620370483,15.549687404258579,2.148956298828125,0.7353363037109375,41.13963879243827,36.68865451388889,36.63969521604938,41.021209716796875,36.57951354980469,36.5283203125,46.0,1483724.5,0.715530719521605,0.046301733975004714,1.7777777777777777,f3ddde833d1cd3821ea9f34c08d8d9f3,cebb6fed290e3010
B_001_028_20230823105625_001_002_000_003.jpg,./data/you_foulbrood/abnormal/B_001_028_20230823105625_001_002_000_003.jpg,1,abnormal,B_001,B_001_028,B_001_028_20230823,003,1920,1080,2073600,1474690,36.55717468261719,14.934060873577826,1.937052469135807,-1.6906838348765376,14.906783758425245,1.916473388671875,-1.693359375,37.82858362268519,35.466235050154324,39.64631606867284,37.74980163574219,35.39569091796875,39.56233215332031,46.0,1844727.0,0.8896252893518518,0.09997354446048856,1.7777777777777777,551821ef40724fc237714706bf9d5f46,f442fd047d12499f
B_001_028_20230823105656_001_001_000_003.jpg,./data/you_foulbrood/abnormal/B_001_028_20230823105656_001_001_000_003.jpg,1,abnormal,B_001,B_001_028,B_001_028_20230823,003,1920,1080,2073600,1658416,43.47869873046875,17.621325231481485,4.8855666473765496,1.5156616512345806,17.577562519148284,4.8714599609375,1.5141143798828125,51.56732928240741,40.032570891203704,40.99684413580247,51.45318603515625,39.93086242675781,40.887115478515625,53.0,1871508.5,0.9025407503858025,0.17946987331060119,1.7777777777777777,ee66afc1fdef72206fa834b93b3ae60c,871d2ce897a7806f
B_001_028_20230823105707_001_002_000_003.jpg,./data/you_foulbrood/abnormal/B_001_028_20230823105707_001_002_000_003.jpg,1,abnormal,B_001,B_001_028,B_001_028_20230823,003,1920,1080,2073600,1321786,37.8238525390625,15.28791700708061,4.495091145833328,4.842866512345665,15.246504241344976,4.4813995361328125,4.8448333740234375,47.67675298996914,34.55145013503086,29.76826774691358,47.560546875,34.448974609375,29.66436767578125,48.0,1786469.0,0.8615301890432099,0.11580160916431849,1.7777777777777777,9f74e142bf3048d1945ee53a94d56bdb,dcb163e40636b6b1
B_001_028_20230902144649_001_003_000_003.jpg,./data/you_foulbrood/abnormal/B_001_028_20230902144649_001_003_000_003.jpg,1,abnormal,B_001,B_001_028,B_001_028_20230902,003,1920,1080,2073600,1649953,41.44645690917969,16.452692863410796,5.508297164351859,-0.8092809606481524,16.467273188572303,5.507354736328125,-0.8129425048828125,48.60105613425926,37.59606143904321,42.12996238425926,48.64146423339844,37.64396667480469,42.162872314453125,57.0,1772202.5,0.8546501253858024,0.0912305498564827,1.7777777777777777,5802105b83e27ef52305cfbede34d300,f0f0f000f70f1e8f
B_001_028_20230912160629_001_001_000_003.jpg,./data/you_foulbrood/abnormal/B_001_028_20230912160629_001_001_000_003.jpg,1,abnormal,B_001,B_001_028,B_001_028_20230912,003,1920,1080,2073600,1241551,72.69258117675781,30.12907683520939,-0.5850506365740671,0.9004726080246996,30.082726572074144,-0.6067047119140625,0.9062042236328125,71.80480372299382,73.5630541087963,71.52206886574074,71.68153381347656,73.4547119140625,71.39654541015625,74.0,858932.5,0.4142228491512346,0.03763275557272091,1.675,23cc9712aad36336dfcf8353b52057e2,d2b75cd8c6a6851a
B_001_029_20230819184709_001_003_000_003.jpg,./data/you_foulbrood/abnormal/B_001_029_20230819184709_001_003_000_003.jpg,1,abnormal,B_001,B_001_029,B_001_029_20230819,003,1920,1080,2073600,1287405,39.669708251953125,15.407768624425078,8.269445408950617,-5.599033082561732,15.371985341988358,8.264999389648438,-5.5972137451171875,47.28655574845679,34.39250819830247,47.59399112654321,47.195556640625,34.304901123046875,47.506103515625,52.0,418830.0,0.2019820601851852,0.06477466743317217,1.0812928501469148,a9db098af3c18e5165733e443d6d0415,d2c4693b662bcc99
B_001_029_20230819191557_001_001_000_003.jpg,./data/you_foulbrood/abnormal/B_001_029_20230819191557_001_001_000_003.jpg,1,abnormal,B_001,B_001_029,B_001_029_20230819,003,1920,1080,2073600,1083492,40.438323974609375,15.707181788610505,6.7416579861111074,-6.31769820601852,15.671368767233457,6.741455078125,-6.3055877685546875,45.052106963734566,36.4148013117284,49.845416666666665,44.97050476074219,36.33111572265625,49.75001525878906,56.0,1471956.5,0.7098555652006173,0.11049876944262922,1.7777777777777777,d52ae5d77ef4085748e80df61222787e,bafe6d0282036f55
B_001_029_20230819192146_001_003_000_003.jpg,./data/you_foulbrood/abnormal/B_001_029_20230819192146_001_003_000_003.jpg,1,abnormal,B_001,B_001_029,B_001_029_20230819,003,1920,1080,2073600,1134381,44.27195739746094,17.24787751906318,8.296096643518524,-9.61066792052469,17.202722886029413,8.296401977539062,-9.600128173828125,47.874095293209876,40.107660590277774,57.119340760030866,47.77406311035156,40.01054382324219,57.00209045410156,62.0,1110562.5,0.5355721932870371,0.03767395762716161,1.7777777777777777,5fd30100f6c6006777f4eccad04bfb88,f62d60d209c9f46e
B_001_029_20230819195724_001_002_000_003.jpg,./data/you_foulbrood/abnormal/B_001_029_20230819195724_001_002_000_003.jpg,1,abnormal,B_001,B_001_029,B_001_029_20230819,003,1920,1080,2073600,1215743,41.222412109375,15.96237461419753,7.476273148148152,-12.013870081018524,15.920607622931986,7.468536376953125,-11.989852905273438,41.68611304012346,37.87227237654321,58.052791763117284,41.58544921875,37.78456115722656,57.93475341796875,60.0,1339794.0,0.6461197916666667,0.07991044898211506,1.7777777777777777,006da1b11e86204cf4f808f7ebec0499,b2c26d6992936c3e
B_001_029_20230819201408_001_001_000_003.jpg,./data/you_foulbrood/abnormal/B_001_029_20230819201408_001_001_000_003.jpg,1,abnormal,B_001,B_001_029,B_001_029_20230819,003,1920,1080,2073600,1150043,46.18034362792969,18.40618399751876,7.354371624228406,-9.921280864197527,18.365472531786153,7.3545684814453125,-9.908416748046875,48.937529899691356,42.08129677854938,60.87702980324074,48.83966064453125,41.99061584472656,60.7685546875,47.0,1043241.0,0.5031061921296296,0.05072639981636066,1.662037037037037,ec8530bfa8f65af45867cfcf66fac335,c9b8b813274ee54d
B_001_029_20230819201959_001_002_000_003.jpg,./data/you_foulbrood/abnormal/B_001_029_20230819201959_001_002_000_003.jpg,1,abnormal,B_001,B_001_029,B_001_029_20230819,003,1920,1080,2073600,1073895,34.43281555175781,13.041556221253932,4.5018301504629505,-9.29892795138889,13.009254605162377,4.50030517578125,-9.28118896484375,33.48671682098765,32.43298369984568,47.893999807098766,33.41474914550781,32.36289978027344,47.795379638671875,54.0,1197845.5,0.5776646894290124,0.05709367827078797,1.7777777777777777,ed884bc26f889276a569bb4171aeaf8b,9d983357dcd86131
B_001_029_20230819202834_001_004_000_003.jpg,./data/you_foulbrood/abnormal/B_001_029_20230819202834_001_004_000_003.jpg,1,abnormal,B_001,B_001_029,B_001_029_20230819,003,1920,1080,2073600,1098706,46.01414489746094,18.087032309065602,5.9499233217592575,-14.71108940972222,18.052930644914216,5.9461822509765625,-14.696121215820312,41.99160686728395,44.103554205246915,66.89846257716049,41.916046142578125,44.031829833984375,66.79629516601562,69.0,1279841.5,0.6172075135030864,0.05464483789103009,1.7777777777777777,8d091f7a0f0cd05c3693b8f36198b18c,ce3173cc2173cd32
B_001_029_20230819205015_001_002_000_003.jpg,./data/you_foulbrood/abnormal/B_001_029_20230819205015_001_002_000_003.jpg,1,abnormal,B_001,B_001_029,B_001_029_20230819,003,1920,1080,2073600,1243506,41.63800048828125,15.938307915758896,8.478067129629636,-7.11619405864198,15.899837718290442,8.47357177734375,-7.1035003662109375,47.71851610725309,36.78839361496914,51.33363184799383,47.6343994140625,36.70573425292969,51.2349853515625,63.0,273477.0,0.1318851273148148,0.03260259088308279,1.244613434727503,81408dd0e426bf5c42f038fb958fea30,936542db6483cbe6
B_001_029_20230819205229_001_004_000_003.jpg,./data/you_foulbrood/abnormal/B_001_029_20230819205229_001_004_000_003.jpg,1,abnormal,B_001,B_001_029,B_001_029_20230819,003,1920,1080,2073600,1134405,38.648834228515625,15.047255885378842,4.984252507716036,-11.916984953703704,15.008138020833334,4.9795684814453125,-11.90814208984375,35.71656539351852,36.83315972222222,56.38947964891975,35.622894287109375,36.74114990234375,56.294708251953125,55.0,1168100.5,0.5633200713734567,0.0385271587564606,1.7777777777777777,21538a84263f44b4d72c5b3322e31fb0,ff1003dff3005cac
B_001_029_20230819215915_001_003_000_003.jpg,./data/you_foulbrood/abnormal/B_001_029_20230819215915_001_003_000_003.jpg,1,abnormal,B_001,B_001_029,B_001_029_20230819,003,1920,1080,2073600,1355791,42.019317626953125,16.24098772996853,10.96669174382717,-2.69418981481482,16.189198213465072,10.96490478515625,-2.688751220703125,53.71622395833333,35.52732831790124,45.71978587962963,53.60044860839844,35.41156005859375,45.59051513671875,61.0,726592.0,0.35040123456790123,0.04310873963730261,1.3712962962962962,595d5897a8dfb0bd1d9a24fd4884e2ae,ab2a25a9bfa9284e
B_001_030_20230819211040_001_001_000_003.jpg,./data/you_foulbrood/abnormal/B_001_030_20230819211040_001_001_000_003.jpg,1,abnormal,B_001,B_001_030,B_001_030_20230819,003,1920,1080,2073600,1075072,43.93861389160156,17.232135454490436,6.5832243441358,-14.612289737654322,17.194255754059437,6.5798187255859375,-14.601791381835938,40.7942472029321,41.68233892746913,64.4384727044753,40.69976806640625,41.60319519042969,64.32769775390625,67.0,249881.5,0.12050612461419753,0.012008017291957936,1.0842592592592593,3c4fac451cffaf61706f2910e830bbd4,fb6404936cfc9827
B_001_030_20230820182600_001_001_000_003.jpg,./data/you_foulbrood/abnormal/B_001_030_20230820182600_001_001_000_003.jpg,1,abnormal,B_001,B_001_030,B_001_030_20230820,003,1920,1080,2073600,1208165,41.242919921875,16.130453998729124,7.168883584104947,-4.853278838734568,16.084588742723653,7.1717681884765625,-4.8504180908203125,47.57089554398148,36.87204571759259,48.074722704475306,47.4661865234375,36.76390075683594,47.9649658203125,47.0,1051232.0,0.5069598765432098,0.030890656685139187,1.7777777777777777,adff4432c7b95a60de05e6dd598d1fb0,a4a14b3f0f55e2f0
B_001_030_20230820184246_001_001_000_003.jpg,./data/you_foulbrood/abnormal/B_001_030_20230820184246_001_001_000_003.jpg,1,abnormal,B_001,B_001_030,B_001_030_20230820,003,1920,1080,2073600,1171389,44.75886535644531,17.604147187424353,6.196331500771606,-14.59641541280864,17.56863463158701,6.193023681640625,-14.584487915039062,41.18826774691358,42.62721161265432,65.66798852237655,41.1068115234375,42.54887390136719,65.57403564453125,64.0,1269436.5,0.6121896701388889,0.05145203255634991,1.7777777777777777,7cd271783b54b6bf9a07f54de818aed9,f927b927e80122de
B_001_030_20230820192238_001_001_000_003.jpg,./data/you_foulbrood/abnormal/B_001_030_20230820192238_001_001_000_003.jpg,1,abnormal,B_001,B_001_030,B_001_030_20230820,003,1920,1080,2073600,1245076,39.9031982421875,15.127506770455096,9.858352623456796,-7.903146219135806,15.076192220052084,9.847854614257812,-7.89129638671875,47.152872299382715,34.32438994984568,50.46633680555556,47.03544616699219,34.218536376953125,50.33869934082031,63.0,651355.5,0.31411820023148146,0.015311231387578724,1.7324074074074074,eb277a9afad265f2ef0d0e1f8dd8ee47,9c379c95278c63cc
B_001_030_20230820193335_001_001_000_003.jpg,./data/you_foulbrood/abnormal/B_001_030_20230820193335_001_001_000_003.jpg,1,abnormal,B_001,B_001_030,B_001_030_20230820,003,1920,1080,2073600,1249414,43.343170166015625,17.051798142096345,8.115674189814825,-2.7520109953703695,17.010970770143995,8.108840942382812,-2.7465972900390625,52.77057388117284,38.00931134259259,46.89153501157407,52.664520263671875,37.91435241699219,46.78074645996094,50.0,289127.0,0.13943238811728395,0.06120206212500668,1.3222543352601157,7ab1547fc7cdf3d9f4bdd9c45ce23f89,c525eb581932acbe
B_001_030_20230820220406_001_001_000_003.jpg,./data/you_foulbrood/abnormal/B_001_030_20230820220406_001_001_000_003.jpg,1,abnormal,B_001,B_001_030,B_001_030_20230820,003,1920,1080,2073600,1173999,43.06422424316406,16.743608917332367,4.516466531635814,-10.705215567129628,16.70684814453125,4.5108795166015625,-10.69366455078125,40.96958670910494,41.29749903549383,58.36113908179012,40.882049560546875,41.21281433105469,58.25679016113281,69.0,1485772.0,0.7165181327160494,0.12402908616877395,1.7777777777777777,a18162f62ad20b320b8bc1659f3d1387,ab542699d526de98
B_001_030_20230820225406_001_001_000_003.jpg,./data/you_foulbrood/abnormal/B_001_030_20230820225406_001_001_000_003.jpg,1,abnormal,B_001,B_001_030,B_001_030_20230820,003,1920,1080,2073600,1246030,39.36326599121094,14.884837962962964,8.177316743827163,-9.066884162808648,14.841158997778798,8.178970336914062,-9.0543212890625,43.46015673225309,34.97806327160494,51.96931134259259,43.36662292480469,34.886688232421875,51.85664367675781,119.0,29034.5,0.01400197723765432,0.2897171117980184,0.973568281938326,cf9658e442267fd0dc721ba5f745fc03,e73c3cc3c33c1cc1
B_001_030_20230912161003_001_001_000_003.jpg,./data/you_foulbrood/abnormal/B_001_030_20230912161003_001_001_000_003.jpg,1,abnormal,B_001,B_001_030,B_001_030_20230912,003,1920,1080,2073600,1253983,85.51031494140625,35.574650886589204,-1.4401017554012299,1.8675651041666583,35.539419136795345,-1.4488067626953125,1.8773040771484375,84.08796199845679,86.84169608410494,83.09341435185185,84.00138854980469,86.75910949707031,82.99064636230469,95.0,707388.5,0.3411402874228395,0.028759539071137246,1.7777777777777777,aa7fc77d594a08c5a7764ad36b9a1d8d,93e978b946c30b96
B_001_030_20230912161011_001_001_000_003.jpg,./data/you_foulbrood/abnormal/B_001_030_20230912161011_001_001_000_003.jpg,1,abnormal,B_001,B_001_030,B_001_030_20230912,003,1920,1080,2073600,1221343,74.84159851074219,31.0431153171145,-1.04616705246913,2.4282788387345704,31.006733015471813,-1.0581207275390625,2.4440765380859375,74.34815923996914,75.83383101851852,71.72657118055555,74.26010131835938,75.7496337890625,71.61795043945312,87.0,806599.0,0.3889848572530864,0.046752974983217926,1.7777777777777777,ab9bbad881664121dd6027e0b1e0743b,9b26e119f68529ea
C_001_021_20230904115917_001_001_000_003.jpg,./data/you_foulbrood/abnormal/C_001_021_20230904115917_001_001_000_003.jpg,1,abnormal,C_001,C_001_021,C_001_021_20230904,003,1920,1080,2073600,929205,179.84695434570312,73.2297092486686,-0.14418499228395376,-3.2585734953703707,73.19316789215686,-0.1168670654296875,-3.227264404296875,177.15140914351852,180.19104600694445,185.77421778549382,177.05419921875,180.09109497070312,185.6758575439453,128.0,2070601.0,0.9985537229938272,0.7237407649257476,1.7777777777777777,a2cfdb3c072b0960d6b9695a9ffd5d34,91cec731ccc7319c
C_001_021_20230904115937_001_001_000_003.jpg,./data/you_foulbrood/abnormal/C_001_021_20230904115937_001_001_000_003.jpg,1,abnormal,C_001,C_001_021,C_001_021_20230904,003,1920,1080,2073600,940255,180.12562561035156,73.35103996459695,0.04959249614196892,-3.4291960841049445,73.30571193321079,0.0732421875,-3.400909423828125,177.45104938271604,180.42139805169754,186.46207465277777,177.33157348632812,180.30361938476562,186.33944702148438,131.0,2070601.0,0.9985537229938272,0.7237407649257476,1.7777777777777777,9761ca93eff8f7850063646ac253abfa,c49b9b6432996d93
C_001_021_20230904124851_001_001_000_003.jpg,./data/you_foulbrood/abnormal/C_001_021_20230904124851_001_001_000_003.jpg,1,abnormal,C_001,C_001_021,C_001_021_20230904,003,1920,1080,2073600,866432,178.19273376464844,72.70248993887678,0.16707079475307296,-3.4848403742283978,72.66041475183823,0.189605712890625,-3.460693359375,175.60581163194445,178.42857831790124,184.58492332175925,175.49530029296875,178.3177947998047,184.4734649658203,135.0,2070579.5,0.9985433545524691,0.721349364333917,1.7777777777777777,5a2c36c9286372a4ebff3aae6f34c051,9087c73838c7cf39
C_001_021_20230904125101_001_001_000_003.jpg,./data/you_foulbrood/abnormal/C_001_021_20230904125101_001_001_000_003.jpg,1,abnormal,C_001,C_001_021,C_001_021_20230904,003,1920,1080,2073600,878304,179.5386962890625,73.0626652898814,0.19718123070987303,-3.8498601466049394,73.01815855736827,0.20770263671875,-3.82513427734375,176.73913821373458,179.7673297646605,186.6051065779321,176.6263885498047,179.65321350097656,186.48818969726562,121.0,2070585.5,0.9985462480709877,0.7220313634890089,1.7777777777777777,853ea134dae4fb719a4dec3e4215d5bf,9887c73c39c3c63c
C_001_021_20230904125501_001_001_000_003.jpg,./data/you_foulbrood/abnormal/C_001_021_20230904125501_001_001_000_003.jpg,1,abnormal,C_001,C_001_021,C_001_021_20230904,003,1920,1080,2073600,909663,177.57908630371094,72.46701559095861,-0.08698881172838924,-3.2155261381172835,72.42520799823836,-0.0591583251953125,-3.1897735595703125,175.01484905478395,177.89882716049382,183.41253665123457,174.9022674560547,177.78814697265625,183.3038330078125,135.0,2070578.0,0.9985426311728395,0.7216886748663617,1.7777777777777777,8ad1456f8f868cf8f20f77b4f7a6958f,93b9cc463339ccc6
C_001_021_20230904125603_001_001_000_003.jpg,./data/you_foulbrood/abnormal/C_001_021_20230904125603_001_001_000_003.jpg,1,abnormal,C_001,C_001_021,C_001_021_20230904,003,1920,1080,2073600,896520,178.77247619628906,72.85285342532075,0.030049189814803867,-3.6751610725308694,72.81697591145833,0.0533599853515625,-3.65167236328125,175.91203559027778,179.05237123842593,185.47748360339506,175.81719970703125,178.9564208984375,185.38095092773438,128.0,2070583.0,0.9985450424382716,0.721690417589106,1.7777777777777777,97d5a8d25c74c4d10ee0d5fe84192ab5,8699996666d99999
C_001_021_20230904125701_001_001_000_003.jpg,./data/you_foulbrood/abnormal/C_001_021_20230904125701_001_001_000_003.jpg,1,abnormal,C_001,C_001_021,C_001_021_20230904,003,1920,1080,2073600,857975,178.28057861328125,72.76344219014767,-0.5022771990740722,-3.2671913580246894,72.72411870021446,-0.4683380126953125,-3.2457733154296875,174.90386284722223,178.95230709876543,184.34555217978394,174.79238891601562,178.84596252441406,184.23971557617188,140.0,2070572.5,0.9985399787808642,0.7211479680607068,1.7777777777777777,b4c6d780db7665318073e14f878c5a0b,8699993666cc7399
C_001_021_20230904204921_001_001_000_003.jpg,./data/you_foulbrood/abnormal/C_001_021_20230904204921_001_001_000_003.jpg,1,abnormal,C_001,C_001_021,C_001_021_20230904,003,1920,1080,2073600,889458,180.35887145996094,73.52103909465019,-0.20904658564815293,-3.599262152777783,73.47184723498775,-0.17767333984375,-3.570770263671875,177.40694637345678,180.80117235725308,186.8689631558642,177.2769775390625,180.6700897216797,186.73753356933594,134.0,2070601.0,0.9985537229938272,0.7237407649257476,1.7777777777777777,4b2813ad5399ed21c9276a72e6a460c3,938ccc335dcc3333
C_001_021_20230904211403_001_001_000_003.jpg,./data/you_foulbrood/abnormal/C_001_021_20230904211403_001_001_000_003.jpg,1,abnormal,C_001,C_001_021,C_001_021_20230904,003,1920,1080,2073600,882541,179.63137817382812,73.2019653231663,-0.11069492669753345,-4.163666087962966,73.1532497032016,-0.0756378173828125,-4.1438140869140625,176.31351032021604,180.0156997492284,187.18841001157406,176.1808624267578,179.8827667236328,187.05831909179688,117.0,2070601.0,0.9985537229938272,0.7237407649257476,1.7777777777777777,04f9c23579a017231cbc6a62f72b4c1d,c4a699996666999b
C_001_021_20230904213302_001_001_000_003.jpg,./data/you_foulbrood/abnormal/C_001_021_20230904213302_001_001_000_003.jpg,1,abnormal,C_001,C_001_021,C_001_021_20230904,003,1920,1080,2073600,929181,179.27374267578125,73.03413595376422,-0.17408854166666288,-4.05665750385802,72.98774868834252,-0.1397247314453125,-4.0290985107421875,175.9491189236111,179.69982494212962,186.6091444830247,175.82345581054688,179.5746307373047,186.48345947265625,115.0,2070601.0,0.9985537229938272,0.7237407649257476,1.7777777777777777,5803766b41a058124dbf3da384d644ab,93a7cc993326cc99
C_001_021_20230904213624_001_001_000_003.jpg,./data/you_foulbrood/abnormal/C_001_021_20230904213624_001_001_000_003.jpg,1,abnormal,C_001,C_001_021,C_001_021_20230904,003,1920,1080,2073600,928869,179.3499755859375,73.11688982691842,-0.16866464120370495,-4.049689911265432,73.06540096507354,-0.1338348388671875,-4.02264404296875,176.05057773919754,179.78724199459876,186.6875815007716,175.91461181640625,179.64759826660156,186.54896545410156,122.0,2070601.0,0.9985537229938272,0.7237407649257476,1.7777777777777777,5795e775054a718296b379626631244e,86b6999966669999
C_001_021_20230904213706_001_001_000_003.jpg,./data/you_foulbrood/abnormal/C_001_021_20230904213706_001_001_000_003.jpg,1,abnormal,C_001,C_001_021,C_001_021_20230904,003,1920,1080,2073600,912284,178.840087890625,72.82742109961268,-0.10022714120370324,-3.876987364969139,72.7807258157169,-0.0689544677734375,-3.8551177978515625,175.6886501736111,179.20446277006172,185.9412784529321,175.560546875,179.07826232910156,185.81771850585938,119.0,2070601.0,0.9985537229938272,0.7237407649257476,1.7777777777777777,442f5d597816be39865e692fe9173420,938ccc3333cccc73
C_001_021_20230904213828_001_001_000_003.jpg,./data/you_foulbrood/abnormal/C_001_021_20230904213828_001_001_000_003.jpg,1,abnormal,C_001,C_001_021,C_001_021_20230904,003,1920,1080,2073600,950712,178.67630004882812,72.81839634773662,-0.16445312499999432,-3.7649686535493885,72.77331183938419,-0.12982177734375,-3.737030029296875,175.52019241898148,179.09551552854938,185.55930507330248,175.4004669189453,178.97341918945312,185.43881225585938,121.0,2070601.0,0.9985537229938272,0.7237407649257476,1.7777777777777777,d03c9b46ad68967ef50c182234dbbc48,938dcc663399cc66
C_001_021_20230904214702_001_001_000_003.jpg,./data/you_foulbrood/abnormal/C_001_021_20230904214702_001_001_000_003.jpg,1,abnormal,C_001,C_001_021,C_001_021_20230904,003,1920,1080,2073600,938145,179.0760955810547,72.97570049624788,-0.20926552854938052,-3.946397569444443,72.93430103975184,-0.1754150390625,-3.9165802001953125,175.78754629629628,179.50994116512345,186.21135416666667,175.6749267578125,179.39730834960938,186.0948028564453,119.0,2070601.0,0.9985537229938272,0.7237407649257476,1.7777777777777777,7169f6d0b91f2a42964d7d6b71e532d0,8699996666999967
C_001_021_20230917140119_001_001_000_003.jpg,./data/you_foulbrood/abnormal/C_001_021_20230917140119_001_001_000_003.jpg,1,abnormal,C_001,C_001_021,C_001_021_20230917,003,1920,1080,2073600,879181,179.05287170410156,73.00100195170661,-0.4784548611111177,-3.482956211419747,72.95671051623775,-0.4430389404296875,-3.4614410400390625,175.555675154321,179.71978877314814,185.53268904320987,175.43173217773438,179.59664916992188,185.40640258789062,132.0,2070601.0,0.9985537229938272,0.7237407649257476,1.7777777777777777,6dd836a9de4ecd8314cd965eaa71c027,9399cc663399cc66
C_001_021_20230917140447_001_001_000_003.jpg,./data/you_foulbrood/abnormal/C_001_021_20230917140447_001_001_000_003.jpg,1,abnormal,C_001,C_001_021,C_001_021_20230917,003,1920,1080,2073600,858113,178.7512969970703,72.8725110067175,0.05875723379628539,-3.6941787229938257,72.83046946806066,0.07550048828125,-3.667266845703125,175.87380883487654,179.10720003858026,185.5368041087963,175.76116943359375,178.9971160888672,185.42124938964844,129.0,2070578.5,0.9985428722993828,0.7206700692899248,1.7777777777777777,9b10b7351a8e5fcf71c5a36414e7587d,9cc3633cc3c33c3c
C_001_021_20230917140703_001_001_000_003.jpg,./data/you_foulbrood/abnormal/C_001_021_20230917140703_001_001_000_003.jpg,1,abnormal,C_001,C_001_021,C_001_021_20230917,003,1920,1080,2073600,802661,178.05926513671875,72.6036055510167,0.17675540123457267,-4.040839120370364,72.56112491383271,0.185821533203125,-4.0170440673828125,175.0935725308642,178.370262345679,185.40818431712964,174.98085021972656,178.26028442382812,185.29498291015625,119.0,2070601.0,0.9985537229938272,0.7237407649257476,1.7777777777777777,10e7409ca958304c1bec8dcd00747d1b,91b1cece3131ce87
C_001_021_20230917142047_001_001_000_003.jpg,./data/you_foulbrood/abnormal/C_001_021_20230917142047_001_001_000_003.jpg,1,abnormal,C_001,C_001_021,C_001_021_20230917,003,1920,1080,2073600,885796,178.5312042236328,72.79667547960543,0.14902922453703127,-3.695615354938269,72.7516383750766,0.1650390625,-3.6666107177734375,175.78989776234567,178.82148196373456,185.31805941358024,175.66893005371094,178.7040557861328,185.194091796875,126.0,2070601.0,0.9985537229938272,0.7237407649257476,1.7777777777777777,2dbb1816e3b85da1ab3b6c57bd30fb5b,98c74738c73839ec
C_001_021_20230917142503_001_001_000_003.jpg,./data/you_foulbrood/abnormal/C_001_021_20230917142503_001_001_000_003.jpg,1,abnormal,C_001,C_001_021,C_001_021_20230917,003,1920,1080,2073600,882025,178.9225616455078,72.93323915214233,0.01666425540122418,-3.737177854938267,72.89212694355086,0.0393218994140625,-3.7085723876953125,176.0044815779321,179.26542775848765,185.76023292824075,175.894287109375,179.1571044921875,185.64918518066406,124.0,2070601.0,0.9985537229938272,0.7237407649257476,1.7777777777777777,ffb5f79db172ea2d33749ad7e54b9396,93cc4c33dc663366
C_001_021_20231001204527_001_001_000_003.jpg,./data/you_foulbrood/abnormal/C_001_021_20231001204527_001_001_000_003.jpg,1,abnormal,C_001,C_001_021,C_001_021_20231001,003,1920,1080,2073600,975718,179.24099731445312,73.05837361564997,-0.44913821373457097,-3.596228298611109,73.00526936848958,-0.4160919189453125,-3.563140869140625,175.86908613040123,179.9141975308642,185.81464554398147,175.7285614013672,179.7723846435547,185.6736602783203,120.0,2070601.0,0.9985537229938272,0.7237407649257476,1.7777777777777777,17f151f8700462ce68a11c5a9bc05b53,91a7c63839c7ce38
C_001_021_20231001204603_001_001_000_003.jpg,./data/you_foulbrood/abnormal/C_001_021_20231001204603_001_001_000_003.jpg,1,abnormal,C_001,C_001_021,C_001_021_20231001,003,1920,1080,2073600,985124,179.65577697753906,73.24730013919148,-0.4388941936728372,-3.4272371720679047,73.18961947571998,-0.4036712646484375,-3.393890380859375,176.40226996527778,180.33457851080246,185.96593653549382,176.25039672851562,180.18153381347656,185.8129119873047,127.0,2070601.0,0.9985537229938272,0.7237407649257476,1.7777777777777777,a19ef43510e9ae06a09e4601dff25166,9c87c73838cec731
C_001_021_20231001205157_001_001_000_003.jpg,./data/you_foulbrood/abnormal/C_001_021_20231001205157_001_001_000_003.jpg,1,abnormal,C_001,C_001_021,C_001_021_20231001,003,1920,1080,2073600,953404,178.45472717285156,72.75164003873155,-0.4049078896604925,-3.454139660493823,72.70626890893077,-0.373443603515625,-3.42291259765625,175.20499951774693,179.06080102237655,184.80576195987655,175.08255004882812,178.93853759765625,184.68174743652344,126.0,2070601.0,0.9985537229938272,0.7237407649257476,1.7777777777777777,b9d033449fb9328732b5de4b91eaebf9,9838c7c7383f3c38
C_001_021_20231001211427_001_001_000_003.jpg,./data/you_foulbrood/abnormal/C_001_021_20231001211427_001_001_000_003.jpg,1,abnormal,C_001,C_001_021,C_001_021_20231001,003,1920,1080,2073600,951248,177.68252563476562,72.54388332879448,-0.3979132908950618,-3.2049416473765433,72.49031216490502,-0.3655242919921875,-3.1771087646484375,174.61813416280864,178.31256703317902,183.607706404321,174.47296142578125,178.17095947265625,183.46678161621094,134.0,2070601.0,0.9985537229938272,0.7237407649257476,1.7777777777777777,bd80f6d26f7858317206377ef44a8a90,91ce4631cec731ce
C_001_021_20231001211959_001_001_000_003.jpg,./data/you_foulbrood/abnormal/C_001_021_20231001211959_001_001_000_003.jpg,1,abnormal,C_001,C_001_021,C_001_021_20231001,003,1920,1080,2073600,956600,177.13870239257812,72.3141339869281,-0.4077358217592604,-3.3954923804012367,72.26801255170037,-0.372894287109375,-3.3671875,173.98596064814814,177.73891830632715,183.3394212962963,173.85971069335938,177.6159210205078,183.21615600585938,126.0,2070601.0,0.9985537229938272,0.7237407649257476,1.7777777777777777,12beae3bb84970639c2fce88027f37c1,97998c6633999966
C_001_021_20231001213103_001_001_000_003.jpg,./data/you_foulbrood/abnormal/C_001_021_20231001213103_001_001_000_003.jpg,1,abnormal,C_001,C_001_021,C_001_021_20231001,003,1920,1080,2073600,959030,179.84654235839844,73.26923092925442,-0.34516830632716733,-3.611635802469138,73.22344611672794,-0.3115386962890625,-3.5796966552734375,176.58104648919752,180.42303047839505,186.43816888503088,176.45664978027344,180.300537109375,186.318359375,121.0,2070601.0,0.9985537229938272,0.7237407649257476,1.7777777777777777,944a6a4df419b0bd33982d8ea0f7b975,c666199999d96666
C_001_021_20231001214643_001_001_000_003.jpg,./data/you_foulbrood/abnormal/C_001_021_20231001214643_001_001_000_003.jpg,1,abnormal,C_001,C_001_021,C_001_021_20231001,003,1920,1080,2073600,939868,178.82485961914062,72.99979102366255,-0.406612172067895,-3.5003597608024677,72.95458625344669,-0.373504638671875,-3.469329833984375,175.58756462191357,179.43607687114198,185.16825376157408,175.46836853027344,179.31663513183594,185.04666137695312,142.0,2070601.0,0.9985537229938272,0.7237407649257476,1.7777777777777777,6c92a2a8ae13ae863da3e07b3224711a,91b3cccc33334ecc
C_001_021_20231001215257_001_001_000_003.jpg,./data/you_foulbrood/abnormal/C_001_021_20231001215257_001_001_000_003.jpg,1,abnormal,C_001,C_001_021,C_001_021_20231001,003,1920,1080,2073600,932566,178.63018798828125,72.78923421992253,-0.29413339120370097,-3.659598283179008,72.74089140050552,-0.2640838623046875,-3.6289520263671875,175.41623360339506,179.1574971064815,185.31923418209877,175.28578186035156,179.028076171875,185.1871795654297,120.0,2070601.0,0.9985537229938272,0.7237407649257476,1.7777777777777777,76991e33f951a29ca43b496e1142cae5,98c7c7383cc761c3
C_001_021_20231001220413_001_001_000_003.jpg,./data/you_foulbrood/abnormal/C_001_021_20231001220413_001_001_000_003.jpg,1,abnormal,C_001,C_001_021,C_001_021_20231001,003,1920,1080,2073600,920760,178.89869689941406,72.84702137799565,-0.3250815007716028,-3.6735026041666714,72.8045773973652,-0.2955169677734375,-3.6442718505859375,175.66400414737655,179.4392934992284,185.5753944830247,175.5489044189453,179.32467651367188,185.46002197265625,115.0,2070601.0,0.9985537229938272,0.7237407649257476,1.7777777777777777,5a1bd808f1754d4b44d6342bb6fe0061,b333ccccc6333199
C_001_021_20231001220817_001_001_000_003.jpg,./data/you_foulbrood/abnormal/C_001_021_20231001220817_001_001_000_003.jpg,1,abnormal,C_001,C_001_021,C_001_021_20231001,003,1920,1080,2073600,929589,179.1708526611328,72.99798872095135,-0.32925877700617434,-3.592344232253083,72.95173794615502,-0.3004913330078125,-3.5601043701171875,175.9980406057099,179.7307527970679,185.71139322916667,175.87351989746094,179.60604858398438,185.58407592773438,119.0,2070601.0,0.9985537229938272,0.7237407649257476,1.7777777777777777,2dc5ea3863ab71f36bd9766cddbb983d,91cecc3163ce3933
C_001_021_20231001224255_001_001_000_003.jpg,./data/you_foulbrood/abnormal/C_001_021_20231001224255_001_001_000_003.jpg,1,abnormal,C_001,C_001_021,C_001_021_20231001,003,1920,1080,2073600,997150,179.20346069335938,73.04447772936335,-0.31991415895062403,-3.606456404320994,72.99810072954963,-0.2871856689453125,-3.574066162109375,175.99529176311728,179.75103877314814,185.73201919367284,175.8743133544922,179.62759399414062,185.6093292236328,122.0,2070600.0,0.9985532407407407,0.7235404681217645,1.7777777777777777,08284857431d45d400aded432ce7641a,91b8cec63138cec7
C_001_021_20231001231713_001_001_000_003.jpg,./data/you_foulbrood/abnormal/C_001_021_20231001231713_001_001_000_003.jpg,1,abnormal,C_001,C_001_021,C_001_021_20231001,003,1920,1080,2073600,954306,178.84596252441406,72.91440764191479,-0.29801263503085806,-3.6511164158950606,72.8711057176777,-0.26556396484375,-3.6209564208984375,175.66474585262347,179.35174913194444,185.44165171682099,175.5496063232422,179.23692321777344,185.32492065429688,123.0,2070601.0,0.9985537229938272,0.7237407649257476,1.7777777777777777,0118347c25ec151fa83eb6c995f0fad7,91ce3131ce31cec7
C_001_021_20231001234951_001_001_000_003.jpg,./data/you_foulbrood/abnormal/C_001_021_20231001234951_001_001_000_003.jpg,1,abnormal,C_001,C_001_021,C_001_021_20231001,003,1920,1080,2073600,1052264,177.3858184814453,72.44376323832002,-0.4260599922839532,-3.352263213734574,72.39008286420037,-0.3926849365234375,-3.3166046142578125,174.23234133873456,178.03441888503087,183.51222125771605,174.08827209472656,177.8907012939453,183.3690948486328,134.0,2070578.0,0.9985426311728395,0.7223690619098866,1.7777777777777777,cf16c853db1c9b13f45731d2f88b37b5,93a6cc993366cc99
C_001_021_20231001235257_001_001_000_003.jpg,./data/you_foulbrood/abnormal/C_001_021_20231001235257_001_001_000_003.jpg,1,abnormal,C_001,C_001_021,C_001_021_20231001,003,1920,1080,2073600,928110,177.82508850097656,72.55495699437182,-0.2843021797839498,-3.722080922067903,72.5122189989277,-0.2538299560546875,-3.695068359375,174.61383825231482,178.32792341820988,184.58504774305555,174.49806213378906,178.21697998046875,184.468505859375,122.0,2070601.0,0.9985537229938272,0.7237407649257476,1.7777777777777777,bd618d73c869196695debafe66d100a2,86ba9964669b9966
C_001_021_20231001235405_001_001_000_003.jpg,./data/you_foulbrood/abnormal/C_001_021_20231001235405_001_001_000_003.jpg,1,abnormal,C_001,C_001_021,C_001_021_20231001,003,1920,1080,2073600,945997,177.3019256591797,72.37462251876059,-0.33277826003086375,-3.5230078124999977,72.33266194661458,-0.3006134033203125,-3.4972381591796875,174.16283179012345,177.8321305941358,183.7088276427469,174.04920959472656,177.7196807861328,183.5982208251953,129.0,2070601.0,0.9985537229938272,0.7237407649257476,1.7777777777777777,c0ebcb6e155a9d01c20669e6293f1237,c62699996466739b
C_001_021_20231001235639_001_001_000_003.jpg,./data/you_foulbrood/abnormal/C_001_021_20231001235639_001_001_000_003.jpg,1,abnormal,C_001,C_001_021,C_001_021_20231001,003,1920,1080,2073600,981567,179.67507934570312,73.23173168572984,-0.3380155285493771,-3.6572458526234612,73.18826712814032,-0.3044281005859375,-3.6259307861328125,176.43466869212963,180.22992428626543,186.305636091821,176.31524658203125,180.11314392089844,186.19190979003906,121.0,2070599.0,0.9985527584876543,0.7233402543583723,1.7777777777777777,7f9cb44ac379bf775736fb69adef2ea4,93aecc3133ce3931
C_001_021_20231001235705_001_001_000_003.jpg,./data/you_foulbrood/abnormal/C_001_021_20231001235705_001_001_000_003.jpg,1,abnormal,C_001,C_001_021,C_001_021_20231001,003,1920,1080,2073600,932617,178.92633056640625,72.97991368615348,-0.3212765239197495,-3.6354190779320987,72.9334992053462,-0.289337158203125,-3.60791015625,175.73141203703705,179.4715663580247,185.54646556712962,175.60675048828125,179.34786987304688,185.4227294921875,128.0,2070599.0,0.9985527584876543,0.7235401186865922,1.7777777777777777,7d003e04f9ec16430bb92455ddfe63cd,938ccc3333cc6e39
C_001_022_20230821185842_001_001_000_003.jpg,./data/you_foulbrood/abnormal/C_001_022_20230821185842_001_001_000_003.jpg,1,abnormal,C_001,C_001_022,C_001_022_20230821,003,1920,1080,2073600,685133,119.03474426269531,49.88785005900508,0.05024112654319879,-2.599856770833327,49.861001407398895,0.0323486328125,-2.615875244140625,116.70364824459877,119.26585792824073,123.5806606867284,116.60263061523438,119.16220092773438,123.48033142089844,75.0,2070601.0,0.9985537229938272,0.7237407649257476,1.7777777777777777,63bcad7963353dc1f851ea2cdd5d5e26,e6d9996633996c22
C_001_022_20230821190418_001_001_000_003.jpg,./data/you_foulbrood/abnormal/C_001_022_20230821190418_001_001_000_003.jpg,1,abnormal,C_001,C_001_022,C_001_022_20230821,003,1920,1080,2073600,711065,120.74372863769531,50.625143162975064,0.09740981867284404,-2.8813286072530815,50.599203670726105,0.08868408203125,-2.9018096923828125,118.30886863425926,120.94552710262346,125.76283950617284,118.221923828125,120.84556579589844,125.66619873046875,77.0,2070601.0,0.9985537229938272,0.7237407649257476,1.7777777777777777,65908505bb50077dc532ac2040900827,c49b9b64649b9b64
C_001_022_20230821191632_001_001_000_003.jpg,./data/you_foulbrood/abnormal/C_001_022_20230821191632_001_001_000_003.jpg,1,abnormal,C_001,C_001_022,C_001_022_20230821,003,1920,1080,2073600,728161,119.62528991699219,50.196227457032194,0.0984635416666606,-2.9777266589506155,50.169396493949144,0.0789642333984375,-2.99456787109375,117.12730372299383,119.84305700231481,124.78039641203704,117.02810668945312,119.74223327636719,124.67799377441406,74.0,2070600.0,0.9985532407407407,0.7235404681217645,1.7777777777777777,cdc74417cb4f17f9b917f8878551c9b3,c49b9b646c9b646c
C_001_022_20230821191750_001_001_000_003.jpg,./data/you_foulbrood/abnormal/C_001_022_20230821191750_001_001_000_003.jpg,1,abnormal,C_001,C_001_022,C_001_022_20230821,003,1920,1080,2073600,706693,119.18290710449219,50.01027577311789,0.04712046682098503,-2.717670717592597,49.98381371591606,0.029632568359375,-2.7366943359375,116.73874035493827,119.41194878472223,123.94243682484569,116.6385498046875,119.31063842773438,123.84361267089844,80.0,2070601.0,0.9985537229938272,0.7237407649257476,1.7777777777777777,ae6ad46e894ce248c8ef29c170a469e7,c59b926c99926cd9
C_001_022_20230821192322_001_001_000_003.jpg,./data/you_foulbrood/abnormal/C_001_022_20230821192322_001_001_000_003.jpg,1,abnormal,C_001,C_001_022,C_001_022_20230821,003,1920,1080,2073600,732902,118.45315551757812,49.72792358841684,0.10018807870369528,-2.8639824459876593,49.700508865655635,0.0856170654296875,-2.8896636962890625,116.03579475308642,118.65049961419753,123.53329041280864,115.93161010742188,118.55311584472656,123.43170166015625,80.0,2070601.0,0.9985537229938272,0.7237407649257476,1.7777777777777777,8d4fdde61e716b5df91e4c15c4337809,c6c9996666cd1333
C_001_022_20230831151225_001_001_000_003.jpg,./data/you_foulbrood/abnormal/C_001_022_20230831151225_001_001_000_003.jpg,1,abnormal,C_001,C_001_022,C_001_022_20230831,003,1920,1080,2073600,896271,177.490966796875,72.35428013798112,-0.012568962191352284,-4.122853009259259,72.31373506433823,0.003570556640625,-4.0972137451171875,174.21430893132717,177.93879002700618,185.0008232060185,174.1073455810547,177.83126831054688,184.8930206298828,115.0,2070601.0,0.9985537229938272,0.7237407649257476,1.7777777777777777,5ca10cbb050aa863923739f24e9dd476,c699996666999966
C_001_022_20230831152417_001_001_000_003.jpg,./data/you_foulbrood/abnormal/C_001_022_20230831152417_001_001_000_003.jpg,1,abnormal,C_001,C_001_022,C_001_022_20230831,003,1920,1080,2073600,894358,178.0532989501953,72.62929564572744,0.03429735725308092,-4.149714988425927,72.580093682981,0.0487823486328125,-4.127655029296875,174.83307484567902,178.50729359567902,185.65248697916667,174.70506286621094,178.378173828125,185.52359008789062,122.0,2070601.0,0.9985537229938272,0.7237407649257476,1.7777777777777777,35786d9ccf6b654ebe6e6650b5748f69,86e6999966669999
C_001_022_20230831153317_001_001_000_003.jpg,./data/you_foulbrood/abnormal/C_001_022_20230831153317_001_001_000_003.jpg,1,abnormal,C_001,C_001_022,C_001_022_20230831,003,1920,1080,2073600,776234,178.01602172851562,72.56761774540063,0.01010223765430851,-3.853596161265429,72.53241445503983,0.023468017578125,-3.831390380859375,175.0443070023148,178.45157793209876,185.04161024305554,174.9458465576172,178.35792541503906,184.94656372070312,121.0,2070593.0,0.9985498649691358,0.7223742950070839,1.7777777777777777,87da74b23f3d43dd09388de7bf10129a,c69999663399649b
C_001_022_20230831153655_001_001_000_003.jpg,./data/you_foulbrood/abnormal/C_001_022_20230831153655_001_001_000_003.jpg,1,abnormal,C_001,C_001_022,C_001_022_20230831,003,1920,1080,2073600,732730,178.62864685058594,72.9200144486807,-0.39861014660493765,-3.5748509837962956,72.87618599685968,-0.3946533203125,-3.5540313720703125,174.95956163194444,179.35183738425926,185.1679369212963,174.8447723388672,179.23733520507812,185.05592346191406,139.0,2070601.0,0.9985537229938272,0.7237407649257476,1.7777777777777777,508f0c972b3b6be1b5b29cd15a97dd36,c49b9b64649b9b64
C_001_022_20230901150654_001_001_000_003.jpg,./data/you_foulbrood/abnormal/C_001_022_20230901150654_001_001_000_003.jpg,1,abnormal,C_001,C_001_022,C_001_022_20230901,003,1920,1080,2073600,868584,178.94068908691406,72.93249648238925,-0.06492235725308149,-3.667786458333339,72.89194742838542,-0.035003662109375,-3.6444854736328125,176.16462143132716,179.2285546875,185.54390383873456,176.06101989746094,179.12432861328125,185.4425811767578,122.0,2070601.0,0.9985537229938272,0.7237407649257476,1.7777777777777777,e7730747402f7367f4423e652c856e3e,8499669bd9669966
C_001_022_20230901150810_001_001_000_003.jpg,./data/you_foulbrood/abnormal/C_001_022_20230901150810_001_001_000_003.jpg,1,abnormal,C_001,C_001_022,C_001_022_20230901,003,1920,1080,2073600,856591,178.2138214111328,72.6585581956548,-0.09353587962962706,-3.5254846643518505,72.62060427198223,-0.06329345703125,-3.5061187744140625,175.49664110725308,178.4915340470679,184.55878616898147,175.39410400390625,178.38990783691406,184.4596710205078,119.0,2070601.0,0.9985537229938272,0.7237407649257476,1.7777777777777777,959d4edbfbd4274b02e9b61f4a688bea,8699996676996666
C_001_022_20230903110959_001_001_000_003.jpg,./data/you_foulbrood/abnormal/C_001_022_20230903110959_001_001_000_003.jpg,1,abnormal,C_001,C_001_022,C_001_022_20230903,003,1920,1080,2073600,714262,177.6285400390625,72.43717301349551,-0.19617476851851734,-3.708800636574068,72.40282245710785,-0.17340087890625,-3.692047119140625,174.716356095679,178.12396412037037,184.2846522955247,174.61973571777344,178.02757263183594,184.1897735595703,112.0,2070601.0,0.9985537229938272,0.7237407649257476,1.7777777777777777,cbc1e87e16f37443b56494d8b71bb295,cd92926d6d92926d
C_001_022_20230904131933_001_001_000_003.jpg,./data/you_foulbrood/abnormal/C_001_022_20230904131933_001_001_000_003.jpg,1,abnormal,C_001,C_001_022,C_001_022_20230904,003,1920,1080,2073600,929617,177.411865234375,72.41884266824015,-0.5840157214506121,-3.405554108796295,72.37485997817096,-0.5529022216796875,-3.3695068359375,173.92723620756172,178.18759500385804,183.62231963734567,173.80575561523438,178.06820678710938,183.5002899169922,119.0,2070601.0,0.9985537229938272,0.7237407649257476,1.7777777777777777,246ad66d9c06b38024d074ab82618e66,93b3cc1c3333cccc
C_001_022_20230904223128_001_001_000_003.jpg,./data/you_foulbrood/abnormal/C_001_022_20230904223128_001_001_000_003.jpg,1,abnormal,C_001,C_001_022,C_001_022_20230904,003,1920,1080,2073600,945495,179.8373565673828,73.22517436758655,-0.15032118055555088,-3.6947072723765473,73.17771163641238,-0.12249755859375,-3.663360595703125,176.7694748263889,180.26911747685185,186.60224199459876,176.6412811279297,180.14109802246094,186.47027587890625,123.0,2070601.0,0.9985537229938272,0.7237407649257476,1.7777777777777777,e34c7156dfa9028874763b697da79aa1,913147cecece3839
C_001_022_20230904223316_001_001_000_003.jpg,./data/you_foulbrood/abnormal/C_001_022_20230904223316_001_001_000_003.jpg,1,abnormal,C_001,C_001_022,C_001_022_20230904,003,1920,1080,2073600,952645,179.6182098388672,73.19181588144517,-0.1972598379629602,-3.5882011959876507,73.14010320925244,-0.1642913818359375,-3.55841064453125,176.58189187885802,180.0766758294753,186.2034944058642,176.44158935546875,179.93934631347656,186.06300354003906,128.0,2070601.0,0.9985537229938272,0.7237407649257476,1.7777777777777777,60fdd886ea06de7ef0fb7efe028f18a8,91cec63138cec739
C_001_022_20230904223530_001_001_000_003.jpg,./data/you_foulbrood/abnormal/C_001_022_20230904223530_001_001_000_003.jpg,1,abnormal,C_001,C_001_022,C_001_022_20230904,003,1920,1080,2073600,914587,179.55433654785156,73.17680703068264,-0.11123263888889312,-3.5066203703703707,73.12690286075367,-0.08184814453125,-3.4806365966796875,176.65581163194443,179.95095052083335,186.02141155478395,176.52085876464844,179.81752014160156,185.8863067626953,133.0,2070601.0,0.9985537229938272,0.7237407649257476,1.7777777777777777,41bfe5d1d61272ce5c5b88d51cd5811f,9333cccc393166e6
C_001_022_20230904223952_001_001_000_003.jpg,./data/you_foulbrood/abnormal/C_001_022_20230904223952_001_001_000_003.jpg,1,abnormal,C_001,C_001_022,C_001_022_20230904,003,1920,1080,2073600,916862,178.45648193359375,72.81638242102396,-0.2542833719135871,-3.422112268518518,72.76634066712623,-0.2206878662109375,-3.394287109375,175.49273341049383,178.93524691358024,184.71516541280863,175.3553009033203,178.79969787597656,184.5812530517578,136.0,2070600.0,0.9985532407407407,0.7235404681217645,1.7777777777777777,a43e4d0489458b1ad8613bced7bc59ad,91c6ce3931ce31e3
C_001_022_20230904225714_001_001_000_003.jpg,./data/you_foulbrood/abnormal/C_001_022_20230904225714_001_001_000_003.jpg,1,abnormal,C_001,C_001_022,C_001_022_20230904,003,1920,1080,2073600,906876,178.63363647460938,72.76910762375938,-0.10608555169753231,-3.9511795910493817,72.72100112017463,-0.0764312744140625,-3.926727294921875,175.43705873842592,179.00924189814816,185.8346841242284,175.30809020996094,178.88250732421875,185.7044219970703,119.0,2070601.0,0.9985537229938272,0.7237407649257476,1.7777777777777777,61c8d4fe6c5fc15f26f9b4d21007cedc,9333cccc66339999
C_001_022_20230904230246_001_001_000_003.jpg,./data/you_foulbrood/abnormal/C_001_022_20230904230246_001_001_000_003.jpg,1,abnormal,C_001,C_001_022,C_001_022_20230904,003,1920,1080,2073600,901202,180.3710479736328,73.46009705579763,-0.12626398533950578,-4.1667230902777845,73.41062657973346,-0.09521484375,-4.14166259765625,177.0362041859568,180.76582802854938,187.9151528742284,176.90304565429688,180.6333465576172,187.7792205810547,115.0,2070601.0,0.9985537229938272,0.7237407649257476,1.7777777777777777,9a4a56517f306c953072e796c6bfe986,91b1cece333139cc
C_001_022_20230904231226_001_001_000_003.jpg,./data/you_foulbrood/abnormal/C_001_022_20230904231226_001_001_000_003.jpg,1,abnormal,C_001,C_001_022,C_001_022_20230904,003,1920,1080,2073600,954363,178.3246612548828,72.65103826252724,-0.17053385416666345,-3.6364535108024683,72.60589599609375,-0.137786865234375,-3.605194091796875,175.27978153935186,178.7496416859568,184.99208912037037,175.15516662597656,178.6256103515625,184.86407470703125,121.0,2070601.0,0.9985537229938272,0.7237407649257476,1.7777777777777777,c6958662eb8ab2a73982276a39bdbe1b,b33399cccc466699
C_001_022_20230904231620_001_001_000_003.jpg,./data/you_foulbrood/abnormal/C_001_022_20230904231620_001_001_000_003.jpg,1,abnormal,C_001,C_001_022,C_001_022_20230904,003,1920,1080,2073600,915844,178.1513671875,72.65239954006294,-0.16159095293210157,-3.8822410300925867,72.59884703393077,-0.1269989013671875,-3.8595123291015625,174.9869425154321,178.57837046682099,185.2419960455247,174.84202575683594,178.434814453125,185.09860229492188,119.0,2070601.0,0.9985537229938272,0.7237407649257476,1.7777777777777777,e9cb52749981afecbc0358b9bbd76a54,86b6999966669999
C_001_022_20230904232126_001_001_000_003.jpg,./data/you_foulbrood/abnormal/C_001_022_20230904232126_001_001_000_003.jpg,1,abnormal,C_001,C_001_022,C_001_022_20230904,003,1920,1080,2073600,974545,178.43798828125,72.70195529986687,-0.23444926697530377,-3.5461766975308677,72.65319225834865,-0.2023162841796875,-3.5134124755859375,175.4177015817901,178.90267554012345,184.9276311728395,175.28445434570312,178.77374267578125,184.79421997070312,122.0,2070601.0,0.9985537229938272,0.7237407649257476,1.7777777777777777,47d7077bae565562f2e066afaff5e0fd,b331ccce33319837
C_001_022_20230904233410_001_001_000_003.jpg,./data/you_foulbrood/abnormal/C_001_022_20230904233410_001_001_000_003.jpg,1,abnormal,C_001,C_001_022,C_001_022_20230904,003,1920,1080,2073600,913611,177.91908264160156,72.56636634592108,-0.31355709876542903,-3.634331114969129,72.51437916475184,-0.2801971435546875,-3.60638427734375,174.84148148148148,178.42861545138888,184.49590808256173,174.70108032226562,178.28903198242188,184.35662841796875,121.0,2070601.0,0.9985537229938272,0.7237407649257476,1.7777777777777777,48cf60fa19a9312feaecd41b9c7ee6ab,93b1ccce3331cccc
C_001_022_20230904233532_001_001_000_003.jpg,./data/you_foulbrood/abnormal/C_001_022_20230904233532_001_001_000_003.jpg,1,abnormal,C_001,C_001_022,C_001_022_20230904,003,1920,1080,2073600,941094,179.41928100585938,73.21505461752602,-0.3427575231481512,-3.611513310185188,73.16564223345588,-0.311370849609375,-3.5808563232421875,176.29736689814814,179.94582175925925,185.9076456404321,176.16265869140625,179.8135223388672,185.77503967285156,176.0,1483100.0,0.7152295524691358,0.040079877529861106,1.5092592592592593,089f1c6bd5064886e5907340461816c4,91b34ccc333333ce
C_001_023_20230901164732_001_001_000_003.jpg,./data/you_foulbrood/abnormal/C_001_023_20230901164732_001_001_000_003.jpg,1,abnormal,C_001,C_001_023,C_001_023_20230901,003,1920,1080,2073600,928472,178.7274627685547,72.75775727729363,0.24811583719136365,-4.2953226273148175,72.71452062270221,0.2645416259765625,-4.27947998046875,175.56957513503087,178.94903983410495,186.66067853009258,175.45556640625,178.8351287841797,186.5458221435547,119.0,2070601.0,0.9985537229938272,0.7237407649257476,1.7777777777777777,6ba7b2ee2da0c0f2989d4040010dbe00,e699996666999866
C_001_023_20230903112915_001_001_000_003.jpg,./data/you_foulbrood/abnormal/C_001_023_20230903112915_001_001_000_003.jpg,1,abnormal,C_001,C_001_023,C_001_023_20230903,003,1920,1080,2073600,934606,178.3272247314453,72.66886838840476,-0.10993875385803165,-3.82556954089506,72.62804816750919,-0.074920654296875,-3.802703857421875,175.25303771219137,178.68685185185186,185.31007233796296,175.1449432373047,178.57687377929688,185.20086669921875,120.0,2070601.0,0.9985537229938272,0.7237407649257476,1.7777777777777777,c2eeb5097bc912a5b8d99c31f24a9640,93cccc3339cc3339
C_001_023_20230904132523_001_001_000_003.jpg,./data/you_foulbrood/abnormal/C_001_023_20230904132523_001_001_000_003.jpg,1,abnormal,C_001,C_001_023,C_001_023_20230904,003,1920,1080,2073600,898675,178.45245361328125,72.8092550986444,0.01926359953702672,-3.732858314043213,72.76424033969056,0.0462188720703125,-3.708282470703125,175.55274691358025,178.76776475694444,185.26653115354938,175.43568420410156,178.64764404296875,185.14642333984375,139.0,2070601.0,0.9985537229938272,0.7237407649257476,1.7777777777777777,c9abd4d97e3cccb23136af40608d74bb,938ccc3333cc7333
C_001_023_20230904133037_001_001_000_003.jpg,./data/you_foulbrood/abnormal/C_001_023_20230904133037_001_001_000_003.jpg,1,abnormal,C_001,C_001_023,C_001_023_20230904,003,1920,1080,2073600,955680,176.83316040039062,72.11960878873154,-0.546496913580242,-3.8062586805555583,72.07741531671262,-0.5081939697265625,-3.777801513671875,173.1016478587963,177.5511646412037,183.79605420524692,172.9829559326172,177.43328857421875,183.6797637939453,118.0,2070601.0,0.9985537229938272,0.7237407649257476,1.7777777777777777,0b5143c2fb6bd781dea91df730bfaeab,9ff0e01f07e01e0f
C_001_023_20230904133045_001_001_000_003.jpg,./data/you_foulbrood/abnormal/C_001_023_20230904133045_001_001_000_003.jpg,1,abnormal,C_001,C_001_023,C_001_023_20230904,003,1920,1080,2073600,1063740,177.8011016845703,72.44380862684581,0.46913001543208566,-4.017287808641981,72.3942595837163,0.471099853515625,-3.99365234375,175.19217158564814,177.90864245756174,185.19872395833335,175.06117248535156,177.78125,185.0674591064453,119.0,2070601.0,0.9985537229938272,0.7237407649257476,1.7777777777777777,79986b3ec78e36b5e90fa2ab98c18fd8,c626999966669b99
C_001_023_20230904133213_001_001_000_003.jpg,./data/you_foulbrood/abnormal/C_001_023_20230904133213_001_001_000_003.jpg,1,abnormal,C_001,C_001_023,C_001_023_20230904,003,1920,1080,2073600,953674,177.12496948242188,72.17870143427741,-0.11034047067900588,-3.4205526620370392,72.13444728477329,-0.08233642578125,-3.38671875,174.38417052469137,177.4641758294753,183.3328592785494,174.2679901123047,177.34756469726562,183.2147216796875,115.0,2070601.0,0.9985537229938272,0.7237407649257476,1.7777777777777777,76a50803f9ab798c29020458205defb5,9cf1c31e38e1c70e
C_002_001_20230819131224_001_001_000_003.jpg,./data/you_foulbrood/abnormal/C_002_001_20230819131224_001_001_000_003.jpg,1,abnormal,C_002,C_002_001,C_002_001_20230819,003,1920,1080,2073600,281642,117.38363647460938,49.29493728818688,0.13822096836420883,-2.430380497685192,49.27976720473345,0.1275177001953125,-2.433624267578125,115.35790895061729,117.50069830246913,121.59910783179012,115.30461120605469,117.4521484375,121.5460205078125,80.0,2070601.0,0.9985537229938272,0.7237407649257476,1.7777777777777777,7ed3f42b2e6c637840cb8bc6ad099fd6,a3cc4c33cccc33b9
C_002_003_20230819140236_001_001_000_003.jpg,./data/you_foulbrood/abnormal/C_002_003_20230819140236_001_001_000_003.jpg,1,abnormal,C_002,C_002_003,C_002_003_20230819,003,1920,1080,2073600,183138,127.63807678222656,53.44262228425322,-0.26911844135803165,-2.4164617091049365,53.43252742991728,-0.2711334228515625,-2.4184722900390625,124.9182672646605,127.9722588734568,131.84956114969137,124.88633728027344,127.94256591796875,131.8113250732422,125.0,1395367.0,0.6729200424382716,0.32025162705308224,1.3666666666666667,aef47d861c05216e9b712b1f688e8683,d147473139ce4739
C_002_003_20230819140239_001_001_000_003.jpg,./data/you_foulbrood/abnormal/C_002_003_20230819140239_001_001_000_003.jpg,1,abnormal,C_002,C_002_003,C_002_003_20230819,003,1920,1080,2073600,157938,114.71409606933594,48.2324900523481,0.06692322530864203,-2.265487075617287,48.22267420151655,0.058990478515625,-2.2669830322265625,112.44316116898148,114.84566020447531,118.62357204861111,112.41055297851562,114.81883239746094,118.59408569335938,112.0,1471457.0,0.7096146797839507,0.37397048302438307,1.4,5a9fab3f122820ca02115298815d7af1,d1c7463139ce4739
C_002_023_20230821193016_001_001_000_003.jpg,./data/you_foulbrood/abnormal/C_002_023_20230821193016_001_001_000_003.jpg,1,abnormal,C_002,C_002_023,C_002_023_20230821,003,1920,1080,2073600,559493,119.57369995117188,50.09156548807795,0.08927469135801402,-2.724174864969129,50.073080623851105,0.0724639892578125,-2.7389678955078125,117.08698302469136,119.70665750385803,124.26895302854938,117.00523376464844,119.62911987304688,124.18931579589844,77.0,2070601.0,0.9985537229938272,0.7237407649257476,1.7777777777777777,d90875734746121645acb897960a93c4,c49b9b64269b6c66
C_002_023_20230821193632_001_001_000_003.jpg,./data/you_foulbrood/abnormal/C_002_023_20230821193632_001_001_000_003.jpg,1,abnormal,C_002,C_002_023,C_002_023_20230821,003,1920,1080,2073600,550186,119.78666687011719,50.16190503207456,-0.0915991512345613,-2.891599633487658,50.14041077856924,-0.102020263671875,-2.90936279296875,116.94014949845679,119.99730951003086,124.75466049382716,116.85313415527344,119.91363525390625,124.6688232421875,72.0,2070601.0,0.9985537229938272,0.7237407649257476,1.7777777777777777,ff4a7a76e3e320684d34f9d51ae8b8b6,c49b1b649b93649b
B_001_001_20230905140435_001_002_000_000.jpg,./data/you_foulbrood/normal/B_001_001_20230905140435_001_002_000_000.jpg,0,normal,B_001,B_001_001,B_001_001_20230905,000,1920,1080,2073600,1808857,79.65762329101562,33.2071103016824,9.622661554783946,-1.2661516203703655,33.1723082299326,9.623870849609375,-1.278167724609375,91.26535927854938,73.62651523919753,81.42275752314815,91.13961791992188,73.50009155273438,81.28965759277344,62.0,1926787.5,0.92919921875,0.14576350883921005,1.7777777777777777,ce31aa9fac5be9ffec2f9d11a5e2a7da,806a17b18dcd9e5e
B_001_001_20230907110744_001_003_000_000.jpg,./data/you_foulbrood/normal/B_001_001_20230907110744_001_003_000_000.jpg,0,normal,B_001,B_001_001,B_001_001_20230907,000,1920,1080,2073600,1599329,46.11970520019531,18.35120336328976,2.0465485146604863,1.3427396797839606,18.328881357230394,2.0553131103515625,1.356170654296875,49.4225887345679,44.957966338734565,43.8433805941358,49.38578796386719,44.91325378417969,43.77919006347656,66.0,1669275.5,0.8050132619598765,0.06398859005626942,1.7777777777777777,5f37020f64def0b07f45a353272f5c61,e90e7e41891d5cb3
B_001_001_20230907111158_001_004_000_000.jpg,./data/you_foulbrood/normal/B_001_001_20230907111158_001_004_000_000.jpg,0,normal,B_001,B_001_001,B_001_001_20230907,000,1920,1080,2073600,1499389,64.14506530761719,26.74761823710966,11.027537133487641,6.538412422839514,26.691421807981005,11.019821166992188,6.536712646484375,83.20942322530864,56.750975115740744,53.5745987654321,83.05250549316406,56.60313415527344,53.4171142578125,48.0,1884192.0,0.9086574074074074,0.16439886991513436,1.7777777777777777,0c0a1d6d3f27b8d07a88b0d3b2ad9f91,8cefd6e20235499d
B_001_001_20230909115725_001_003_000_000.jpg,./data/you_foulbrood/normal/B_001_001_20230909115725_001_003_000_000.jpg,0,normal,B_001,B_001_001,B_001_001_20230909,000,1920,1080,2073600,1794365,42.98512268066406,17.33963420630598,3.9253713348765302,-3.2238536844135837,17.313549565333947,3.927581787109375,-3.2364654541015625,45.47896170910494,40.90859760802469,47.85350887345679,45.39349365234375,40.83390808105469,47.78355407714844,58.0,1716180.5,0.8276333429783951,0.07952198469582655,1.7777777777777777,68c349f48a320ac9d61ba9dde6f8cadd,87b24d4dd23a6a2d
B_001_001_20230910105435_001_003_000_000.jpg,./data/you_foulbrood/normal/B_001_001_20230910105435_001_003_000_000.jpg,0,normal,B_001,B_001_001,B_001_001_20230910,000,1920,1080,2073600,1474042,56.6854248046875,23.492467395908978,5.144329668209878,-5.042420910493831,23.49621342677696,5.1436004638671875,-5.0423736572265625,59.29460117669753,53.85682822145062,64.56840229552469,59.29600524902344,53.85359191894531,64.55888366699219,50.0,1912790.5,0.9224491222993827,0.20848934370432118,1.7777777777777777,13b25e659a9b7925029552dddd15633c,ea6e8950243ff9a4
B_001_002_20230819140159_001_003_000_000.jpg,./data/you_foulbrood/normal/B_001_002_20230819140159_001_003_000_000.jpg,0,normal,B_001,B_001_002,B_001_002_20230819,000,1920,1080,2073600,1853146,46.29301452636719,19.492492548717017,9.49704619984567,7.818912519290137,19.45404052734375,9.512298583984375,7.82049560546875,63.62590133101852,39.93499614197531,34.44675636574074,63.54039001464844,39.84112548828125,34.354583740234375,49.0,1753242.5,0.845506606867284,0.0699060578700681,1.7777777777777777,08aac70561d44e9e69d6e57c69f3f2ba,8cab9c657b24e287
B_001_002_20230825081614_001_001_000_000.jpg,./data/you_foulbrood/normal/B_001_002_20230825081614_001_001_000_000.jpg,0,normal,B_001,B_001_002,B_001_002_20230825,000,1920,1080,2073600,1461187,43.64292907714844,18.311159336419756,4.361149691358037,5.62880111882717,18.262730018765318,4.3571929931640625,5.6292266845703125,52.33429494598766,41.06822193287037,35.11736304012346,52.21046447753906,40.96363830566406,35.02082824707031,45.0,1574322.0,0.7592216435185185,0.03897873699046045,1.7777777777777777,c1fa781cc1a722b5df003a1db2175638,b471555b68aadb03
B_001_002_20230904140309_001_003_000_000.jpg,./data/you_foulbrood/normal/B_001_002_20230904140309_001_003_000_000.jpg,0,normal,B_001,B_001_002,B_001_002_20230904,000,1920,1080,2073600,1560644,48.53849792480469,19.918747163217137,5.794905478395066,0.983877314814805,19.876571356081495,5.7971038818359375,0.97650146484375,56.905486593364195,44.775607638888886,47.01992669753086,56.797332763671875,44.67010498046875,46.91749572753906,54.0,1886279.0,0.9096638695987654,0.1953058169745242,1.7777777777777777,07ea1b3fe05a65597ec7cdfe3d40b4d1,cd5918edc2a67e22
B_001_002_20230904140356_001_004_000_000.jpg,./data/you_foulbrood/normal/B_001_002_20230904140356_001_004_000_000.jpg,0,normal,B_001,B_001_002,B_001_002_20230904,000,1920,1080,2073600,1701427,40.86320495605469,16.819039162732995,3.4299421296296373,0.9423408564814792,16.758165546492034,3.43133544921875,0.94305419921875,45.79616512345679,38.91157069830247,39.42734085648148,45.64836120605469,38.77400207519531,39.26783752441406,59.0,1777037.5,0.856981819058642,0.13180856378562283,1.7777777777777777,9a0e77ff21518f6a50f5bdf7020760f7,ce0a2ff68ccaf604
B_001_002_20230908145202_001_001_000_000.jpg,./data/you_foulbrood/normal/B_001_002_20230908145202_001_001_000_000.jpg,0,normal,B_001,B_001_002,B_001_002_20230908,000,1920,1080,2073600,1650840,73.74716186523438,30.592183339385137,7.4513845486111165,6.03804494598765,30.562026079963236,7.4489593505859375,6.0308074951171875,88.13644965277778,68.57569444444445,63.5454330632716,88.04579162597656,68.47848510742188,63.4537353515625,59.0,1900738.0,0.9166367669753086,0.20208719133814187,1.7777777777777777,ec9a2c62d8800be113e8713cfe35469a,951d74962fee3124
B_001_003_20230823082835_001_004_000_000.jpg,./data/you_foulbrood/normal/B_001_003_20230823082835_001_004_000_000.jpg,0,normal,B_001,B_001_003,B_001_003_20230823,000,1920,1080,2073600,1431804,43.31919860839844,17.837581888465262,4.0158699845679,0.49594521604939246,17.819417317708332,4.0150604248046875,0.4940643310546875,48.35069782021605,40.96861882716049,42.78825327932099,48.29649353027344,40.9189453125,42.728363037109375,47.0,1863352.0,0.8986072530864198,0.10486933344356464,1.7777777777777777,b67e1eaa75e3cc4491e22d02be13c14b,cce4f79f10b32628
B_001_003_20230823082924_001_002_000_000.jpg,./data/you_foulbrood/normal/B_001_003_20230823082924_001_002_000_000.jpg,0,normal,B_001,B_001_003,B_001_003_20230823,000,1920,1080,2073600,1446565,48.354156494140625,19.684084513435003,5.60219955632715,5.54816695601852,19.6577543370864,5.5999298095703125,5.554656982421875,59.692165798611114,44.48510561342592,39.21711805555555,59.60997009277344,44.41386413574219,39.138336181640625,57.0,1851367.0,0.892827449845679,0.14169138817287003,1.7777777777777777,1cfeb8a9516ee030f1879c7adc18a328,f60c3e309ff97003
B_001_003_20230823134318_001_002_000_000.jpg,./data/you_foulbrood/normal/B_001_003_20230823134318_001_002_000_000.jpg,0,normal,B_001,B_001_003,B_001_003_20230823,000,1920,1080,2073600,1296872,49.16545104980469,20.54783421084483,3.2540716628086557,0.4556124614197472,20.500260895373774,3.251708984375,0.4530487060546875,53.083665605709875,47.478005883487654,48.759445891203704,52.96246337890625,47.36302185058594,48.6304931640625,48.0,1909611.5,0.9209160397376543,0.18408197497335982,1.7777777777777777,eb62baf4b304c4cf2e664f97f1664b59,d92766171c74ca56
B_001_003_20230825082123_001_004_000_000.jpg,./data/you_foulbrood/normal/B_001_003_20230825082123_001_004_000_000.jpg,0,normal,B_001,B_001_003,B_001_003_20230825,000,1920,1080,2073600,1517552,63.49188232421875,26.755476314754297,5.6594126157407345,9.48538628472221,26.703180051317403,5.65374755859375,9.488372802734375,76.42282793209877,60.03230179398148,48.71454716435185,76.27159118652344,59.88618469238281,48.57261657714844,53.0,1873258.5,0.9033846932870371,0.12707517801480372,1.7777777777777777,b1923ff7019cfd7514aa89746a202154,d90a27e855726c37
B_001_003_20230825131745_001_003_000_000.jpg,./data/you_foulbrood/normal/B_001_003_20230825131745_001_003_000_000.jpg,0,normal,B_001,B_001_003,B_001_003_20230825,000,1920,1080,2073600,1452999,52.30262756347656,21.676149464415396,5.21799527391974,-3.8089781057098833,21.622314453125,5.2123565673828125,-3.8150634765625,56.30220630787037,49.302054880401236,58.62959683641975,56.165802001953125,49.17230224609375,58.48524475097656,50.0,1954358.0,0.9424951774691358,0.258261801787056,1.7777777777777777,2814b884a8ed7adbb826ecfe3f40d00d,be84c78f8625d872
B_001_003_20230829090024_001_001_000_000.jpg,./data/you_foulbrood/normal/B_001_003_20230829090024_001_001_000_000.jpg,0,normal,B_001,B_001_003,B_001_003_20230829,000,1920,1080,2073600,1452443,56.07179260253906,23.163284086782863,4.724978780864205,0.7220206404321061,23.153076171875,4.7223663330078125,0.7118988037109375,62.88667486496914,52.893905767746915,54.971458815586416,62.85675048828125,52.87342834472656,54.95246887207031,55.0,1880837.0,0.9070394483024692,0.1820871933426343,1.7777777777777777,1f2d57a2a72f96f201af4695109aadb7,830f4a5be76b83a4
B_001_003_20230829131553_001_003_000_000.jpg,./data/you_foulbrood/normal/B_001_003_20230829131553_001_003_000_000.jpg,0,normal,B_001,B_001_003,B_001_003_20230829,000,1920,1080,2073600,1627874,81.40011596679688,34.179538663459205,3.780483699845689,1.9730025077160462,34.16482962814032,3.7743682861328125,1.970184326171875,87.68446711033951,79.02166377314815,77.73791377314815,87.61981201171875,78.96209716796875,77.67300415039062,59.0,1971974.5,0.9509907889660494,0.2060063325216256,1.7777777777777777,c906b00b2401a93065eb653566cc9b39,80b6deb8149c9fa5
B_001_004_20230904142118_001_002_000_000.jpg,./data/you_foulbrood/normal/B_001_004_20230904142118_001_002_000_000.jpg,0,normal,B_001,B_001_004,B_001_004_20230904,000,1920,1080,2073600,1801043,48.442352294921875,19.527766241527477,5.61725260416668,5.017971161265422,19.505908442478553,5.630859375,5.028411865234375,59.218028549382716,44.656239872685184,40.06556375385802,59.16975402832031,44.608978271484375,40.01811218261719,61.0,1845109.5,0.8898097511574075,0.14826738448537005,1.7777777777777777,b85f715ac152fff01863dc67ebead123,ce21f001f9e4999f
B_001_004_20230910113658_001_004_000_000.jpg,./data/you_foulbrood/normal/B_001_004_20230910113658_001_004_000_000.jpg,0,normal,B_001,B_001_004,B_001_004_20230910,000,1920,1080,2073600,1763486,61.286834716796875,25.826730437545386,3.5813396990740785,-1.071334394290119,25.797214882046568,3.5770721435546875,-1.08282470703125,63.59418499228395,59.82945505401234,63.53585069444444,63.51210021972656,59.74821472167969,63.456207275390625,52.0,1929797.5,0.9306508005401235,0.16308663416897523,1.7777777777777777,a015b830adec8cc7029cd75bbbdd97a5,a6ae9d3658a79185
B_001_004_20230910113855_001_004_000_000.jpg,./data/you_foulbrood/normal/B_001_004_20230910113855_001_004_000_000.jpg,0,normal,B_001,B_001_004,B_001_004_20230910,000,1920,1080,2073600,1839880,60.768341064453125,25.511460035403047,3.856503665123455,-0.6212577160493851,25.48886168236826,3.853912353515625,-0.6282501220703125,64.1363845486111,58.94246768904321,62.088123070987656,64.05912780761719,58.862640380859375,61.998748779296875,54.0,1910124.0,0.9211631944444445,0.16836017130808595,1.7777777777777777,37a9f1ac47a2460a6ceee20bdc1a1130,ad9abc3588a29b5a
B_001_005_20230820200754_001_004_000_000.jpg,./data/you_foulbrood/normal/B_001_005_20230820200754_001_004_000_000.jpg,0,normal,B_001,B_001_005,B_001_005_20230820,000,1920,1080,2073600,1053708,40.25529479980469,15.698837486383443,7.655203510802465,-8.769206211419757,15.661710851332721,7.658966064453125,-8.756546020507812,44.46680555555555,35.81662856867284,52.86674093364198,44.3831787109375,35.73152160644531,52.773406982421875,48.0,1529597.0,0.7376528742283951,0.11936867629535595,1.7777777777777777,a9de38baeb82dfbe3310e0e7b2d8bb8e,ad6185b352be5949
B_001_005_20230821090757_001_003_000_000.jpg,./data/you_foulbrood/normal/B_001_005_20230821090757_001_003_000_000.jpg,0,normal,B_001,B_001_005,B_001_005_20230821,000,1920,1080,2073600,1588607,43.901641845703125,17.47744568506415,5.557799479166675,-7.571447723765431,17.37417782054228,5.5656585693359375,-7.5937957763671875,45.861770351080246,41.135078607253085,55.12324845679012,45.615753173828125,40.90663146972656,54.88291931152344,63.0,1839827.0,0.887262249228395,0.16130901777237125,1.7777777777777777,7973d1aac8037626c289d9fe8305ca53,b01485aa55ffaa55
B_001_005_20230825083223_001_003_000_000.jpg,./data/you_foulbrood/normal/B_001_005_20230825083223_001_003_000_000.jpg,0,normal,B_001,B_001_005,B_001_005_20230825,000,1920,1080,2073600,1704683,44.44459533691406,17.628107033708545,2.8865755208333326,-2.7138888888888886,17.588159897748163,2.897674560546875,-2.7252044677734375,46.43775896990741,42.81364872685185,48.30642023533951,46.37174987792969,42.74467468261719,48.22706604003906,66.0,1797847.0,0.8670172646604938,0.144753268906118,1.7777777777777777,6b57247060b181fe9fc3717e89d9b8da,8c71d8ab05f2e257
B_001_005_20230827132449_001_003_000_000.jpg,./data/you_foulbrood/normal/B_001_005_20230827132449_001_003_000_000.jpg,0,normal,B_001,B_001_005,B_001_005_20230827,000,1920,1080,2073600,1501109,38.9713134765625,16.087165448741224,2.9327102623456653,-4.950825135030868,16.0791015625,2.930023193359375,-4.9595794677734375,38.171842206790124,37.894669656635806,46.941484375,38.154876708984375,37.88099670410156,46.91279602050781,48.0,1668307.5,0.8045464409722223,0.08476954570441435,1.7777777777777777,80153645adf3cea5086324acb911a698,baf2d69003521baf
B_001_005_20230907120004_001_002_000_000.jpg,./data/you_foulbrood/normal/B_001_005_20230907120004_001_002_000_000.jpg,0,normal,B_001,B_001_005,B_001_005_20230907,000,1920,1080,2073600,1711818,79.14204406738281,33.224122866739286,7.6199676890432215,4.775819830246917,33.167640835631126,7.6215362548828125,4.777740478515625,92.39748167438272,74.24982445987655,71.17143518518519,92.21463012695312,74.06938171386719,70.98739624023438,55.0,2030013.5,0.9789802758487655,0.3762753377499933,1.7777777777777777,88adc401afbed8b8212c3d435f2c9e97,fa6a26b53181e791
B_001_005_20230908090123_001_003_000_000.jpg,./data/you_foulbrood/normal/B_001_005_20230908090123_001_003_000_000.jpg,0,normal,B_001,B_001_005,B_001_005_20230908,000,1920,1080,2073600,1779414,62.807708740234375,26.151604484386347,5.502595486111119,3.669174382716051,26.15164364085478,5.4954681396484375,3.67901611328125,72.09903356481482,59.26144241898148,57.210998746141975,72.04830932617188,59.21455383300781,57.16313171386719,55.0,1921497.5,0.9266480999228395,0.16179229877740675,1.7777777777777777,554d928ebcfef0d30820cef0b933d42c,80e11335aefb5c6c
B_001_005_20230910114953_001_004_000_000.jpg,./data/you_foulbrood/normal/B_001_005_20230910114953_001_004_000_000.jpg,0,normal,B_001,B_001_005,B_001_005_20230910,000,1920,1080,2073600,1568104,85.6314697265625,35.80955749969741,2.8506992669753117,1.0038715277777897,35.77505672679228,2.845458984375,0.9973297119140625,89.98095920138888,83.9628549382716,83.64403694058642,89.87864685058594,83.87086486816406,83.54559326171875,73.0,1754818.5,0.8462666377314815,0.03055766874113874,1.7777777777777777,8139cac5f22ae91d0f7cb243dd1e7d32,d337e9083c538cbc
B_001_006_20230823135709_001_002_000_000.jpg,./data/you_foulbrood/normal/B_001_006_20230823135709_001_002_000_000.jpg,0,normal,B_001,B_001_006,B_001_006_20230823,000,1920,1080,2073600,1572480,36.58209228515625,14.748355044178163,4.326986400462971,2.5462962962963047,14.710896809895834,4.3072509765625,2.5460357666015625,44.44980275848766,33.593418209876546,32.36649980709876,44.331573486328125,33.495361328125,32.26768493652344,52.0,1734288.0,0.8363657407407408,0.07431950999765667,1.7777777777777777,2591b80cf392150110002acf14fca91f,a4e8b22f1f1dd215
B_001_006_20230824083226_001_002_000_000.jpg,./data/you_foulbrood/normal/B_001_006_20230824083226_001_002_000_000.jpg,0,normal,B_001,B_001_006,B_001_006_20230824,000,1920,1080,2073600,1491766,39.52336120605469,16.182776378298236,2.612487461419761,0.2989549575617332,16.13702512254902,2.6010894775390625,0.2945404052734375,42.96278018904321,38.04443287037037,39.33041329089506,42.83807373046875,37.928619384765625,39.20506286621094,52.0,1854388.5,0.8942845775462963,0.13668040780923324,1.7777777777777777,82c871de2d35b5310d44a0af08eead02,a05a15abfa550fca
B_001_006_20230825133313_001_002_000_000.jpg,./data/you_foulbrood/normal/B_001_006_20230825133313_001_002_000_000.jpg,0,normal,B_001,B_001_006,B_001_006_20230825,000,1920,1080,2073600,1497905,35.120086669921875,14.432128457092713,4.739261188271598,1.3009780092592678,14.411303950291053,4.72821044921875,1.2928009033203125,42.082604648919755,32.09397907021605,32.99472849151235,42.0230712890625,32.04814147949219,32.94146728515625,47.0,1635026.5,0.7884965760030864,0.10982899766250863,1.7777777777777777,0bc774b18b146507b522e7df1a3b1883,b5ea29e9d2524578
B_001_006_20230825133534_001_004_000_000.jpg,./data/you_foulbrood/normal/B_001_006_20230825133534_001_004_000_000.jpg,0,normal,B_001,B_001_006,B_001_006_20230825,000,1920,1080,2073600,1443078,68.40106201171875,28.49089846586783,11.181560570987642,2.2054398148148096,28.47983565984988,11.177658081054688,2.204986572265625,84.69196469907408,60.931354166666665,64.47814043209877,84.65415954589844,60.89573669433594,64.43116760253906,47.0,2017880.0,0.9731288580246914,0.2678764709433235,1.7777777777777777,f7b6282e73519bab42beb5f08e585ddf,9e3e7303bf2804ec
B_001_006_20230828082609_001_002_000_000.jpg,./data/you_foulbrood/normal/B_001_006_20230828082609_001_002_000_000.jpg,0,normal,B_001,B_001_006,B_001_006_20230828,000,1920,1080,2073600,1575831,54.819305419921875,22.771352086359233,4.348659336419757,-0.5810537229938291,22.725459080116423,4.3485870361328125,-0.584747314453125,59.80842496141975,52.25882957175926,56.121767939814816,59.697998046875,52.14753723144531,55.994293212890625,54.0,1892153.0,0.9124966242283951,0.22289795816495805,1.7777777777777777,4ce38c9c46d70f68f1737a3dca83fe11,8f40749fc3d26d13
B_001_006_20230904143736_001_004_000_000.jpg,./data/you_foulbrood/normal/B_001_006_20230904143736_001_004_000_000.jpg,0,normal,B_001,B_001_006,B_001_006_20230904,000,1920,1080,2073600,1691035,57.02125549316406,23.240273806281774,4.912872781635798,3.129838445216052,23.233433143765318,4.9058990478515625,3.130523681640625,65.88492091049383,53.60993103780864,51.715372299382715,65.84461975097656,53.574188232421875,51.67781066894531,59.0,1752934.0,0.8453578317901235,0.09663730018325344,1.7777777777777777,77f01e5a43005342159dee99ef7532af,caa9b0036bfb0d93
B_001_006_20230904143746_001_004_000_000.jpg,./data/you_foulbrood/normal/B_001_006_20230904143746_001_004_000_000.jpg,0,normal,B_001,B_001_006,B_001_006_20230904,000,1920,1080,2073600,1674799,44.72737121582031,17.820737639191478,4.4736776620370335,1.0095023148148243,17.726141237745097,4.476104736328125,1.0068511962890625,51.915506847993825,41.79176215277778,42.83087577160494,51.70948791503906,41.590423583984375,42.629791259765625,61.0,1831926.5,0.8834522087191358,0.13182746594514788,1.7777777777777777,474908e5b95bdefe4aae3578dd643919,c39ff2c301e6b41c
B_001_006_20230909133859_001_002_000_000.jpg,./data/you_foulbrood/normal/B_001_006_20230909133859_001_002_000_000.jpg,0,normal,B_001,B_001_006,B_001_006_20230909,000,1920,1080,2073600,1708763,70.21868896484375,29.48215209694989,5.876881751543209,3.9694511959876593,29.447320676317403,5.885650634765625,3.962249755859375,79.6766835455247,66.77037615740741,64.04584249614197,79.58018493652344,66.67271423339844,63.96015930175781,59.0,1886871.0,0.9099493634259259,0.08774404682379688,1.7777777777777777,cdf085d85569e0c2a3aa555463c7739e,c76e04306ff71d82
B_001_006_20230910115820_001_004_000_000.jpg,./data/you_foulbrood/normal/B_001_006_20230910115820_001_004_000_000.jpg,0,normal,B_001,B_001_006,B_001_006_20230910,000,1920,1080,2073600,1533943,41.22047424316406,16.259354007806827,6.037965374228406,-1.5939395254629574,16.21380375880821,6.044464111328125,-1.6096954345703125,48.48954475308642,37.32187065972222,43.15498553240741,48.38140869140625,37.21528625488281,43.05577087402344,56.0,1751340.0,0.8445891203703704,0.06686128489780908,1.7777777777777777,a833c4e07863fc6eb2c9ba3e73226ed2,d7784b147af7b200
B_001_007_20230826090335_001_001_000_000.jpg,./data/you_foulbrood/normal/B_001_007_20230826090335_001_001_000_000.jpg,0,normal,B_001,B_001_007,B_001_007_20230826,000,1920,1080,2073600,1292007,41.70606994628906,17.29975244341564,1.2545433063271503,-0.23391685956789843,17.240726246553308,1.25677490234375,-0.24151611328125,43.134526909722226,41.120491898148146,42.329988425925926,42.996795654296875,40.98802185058594,42.1932373046875,51.0,1822839.0,0.8790697337962963,0.13728202371446085,1.7777777777777777,d189d36394726b6a60592e9a2bd96c4b,d4f5afc680c04b2f
B_001_007_20230906083655_001_003_000_000.jpg,./data/you_foulbrood/normal/B_001_007_20230906083655_001_003_000_000.jpg,0,normal,B_001,B_001_007,B_001_007_20230906,000,1920,1080,2073600,1585815,46.81011962890625,18.944953174170905,5.419479648919747,-2.8810662615740767,18.86361514820772,5.4263153076171875,-2.898040771484375,52.21224537037037,43.50309413580247,51.4264168595679,52.015167236328125,43.31463623046875,51.243804931640625,55.0,1844672.5,0.889599006558642,0.1428242759521288,1.7777777777777777,8e765522a9e64cf5222b78f6d93c5a3a,9999cda6d8451b63
B_001_007_20230906151913_001_001_000_000.jpg,./data/you_foulbrood/normal/B_001_007_20230906151913_001_001_000_000.jpg,0,normal,B_001,B_001_007,B_001_007_20230906,000,1920,1080,2073600,1672199,63.23475646972656,25.963003245279594,6.432871334876552,-0.24085214120370324,25.924754423253678,6.4338836669921875,-0.244384765625,71.8902165316358,59.05341724537037,63.09577256944444,71.77398681640625,58.944122314453125,62.97932434082031,61.0,1879322.0,0.9063088348765432,0.13231534068361278,1.7777777777777777,7a278ec00f656a6a63cb7010bfb8105a,b3a854e7666825d5
B_001_007_20230906152056_001_004_000_000.jpg,./data/you_foulbrood/normal/B_001_007_20230906152056_001_004_000_000.jpg,0,normal,B_001,B_001_007,B_001_007_20230906,000,1920,1080,2073600,1558352,57.38127136230469,23.620230800653594,6.720727719907416,0.1324657600308683,23.591601801853553,6.713958740234375,0.1320648193359375,66.62644965277778,52.9252912808642,56.82183449074074,66.54234313964844,52.84117126464844,56.735748291015625,52.0,1856083.5,0.8951019965277778,0.10923275800524022,1.7777777777777777,d350a7d1bb70f57f16db0d2806e2535a,d718be9b04cd47d0
B_001_008_20230908093637_001_001_000_000.jpg,./data/you_foulbrood/normal/B_001_008_20230908093637_001_001_000_000.jpg,0,normal,B_001,B_001_008,B_001_008_20230908,000,1920,1080,2073600,1716782,59.10066223144531,24.715526469075286,6.225560860339499,6.19434317129631,24.686051910998774,6.2222137451171875,6.2153472900390625,70.95337528935185,55.12606867283951,49.473504050925925,70.84931945800781,55.01763916015625,49.36143493652344,54.0,1896834.5,0.9147542920524692,0.12553391250924623,1.7777777777777777,c8fb68e9178bfbe9650830a97658edc2,8c3c34f9a3dc0d66
B_001_008_20230910135329_001_001_000_000.jpg,./data/you_foulbrood/normal/B_001_008_20230910135329_001_001_000_000.jpg,0,normal,B_001,B_001_008,B_001_008_20230910,000,1920,1080,2073600,1460702,66.10456848144531,27.34782929375454,9.86176552854937,3.60860966435186,27.287065094592524,9.864273071289062,3.6025848388671875,82.05280430169753,59.41774450231482,60.04063850308642,81.90083312988281,59.26690673828125,59.90184020996094,55.0,1941629.5,0.936356819058642,0.19330134228789506,1.7777777777777777,526f57159317e5b25926fd2719856286,9cd500a509af2ffc
B_001_008_20230910135407_001_003_000_000.jpg,./data/you_foulbrood/normal/B_001_008_20230910135407_001_003_000_000.jpg,0,normal,B_001,B_001_008,B_001_008_20230910,000,1920,1080,2073600,1565862,55.90704345703125,23.020742367162914,5.49739101080246,1.2056303047839378,22.98592361749387,5.4940948486328125,1.2026214599609375,63.97421826774691,52.37607445987654,53.82219521604938,63.87261962890625,52.27752685546875,53.71549987792969,54.0,1779905.5,0.8583649209104939,0.08369230036540622,1.7777777777777777,481bffd4cbe763d4eab1cb8108068c2e,b016abf8f525a863
B_001_009_20230825135357_001_002_000_000.jpg,./data/you_foulbrood/normal/B_001_009_20230825135357_001_002_000_000.jpg,0,normal,B_001,B_001_009,B_001_009_20230825,000,1920,1080,2073600,1399522,52.386871337890625,21.993232949043815,5.204855806327174,9.581957465277782,21.95873185700061,5.206329345703125,9.583084106445312,64.5085513117284,49.24892216435185,37.48592351466049,64.43161010742188,49.167633056640625,37.40534973144531,53.0,583982.5,0.2816273630401235,0.042939213704566166,0.775,8e02304de3f01eff271930028a264c0d,85fc2dda1ab6d830
B_001_009_20230909140014_001_003_000_000.jpg,./data/you_foulbrood/normal/B_001_009_20230909140014_001_003_000_000.jpg,0,normal,B_001,B_001_009,B_001_009_20230909,000,1920,1080,2073600,1634693,47.036590576171875,19.146112661885745,4.576150173611097,5.412295042438274,19.07504212622549,4.5841064453125,5.4220123291015625,56.8649503279321,44.09279176311728,38.01476321373457,56.679168701171875,43.904388427734375,37.83143615722656,57.0,1918426.5,0.9251671006944444,0.2005416455323496,1.7777777777777777,41b1fc0003deb0f959c5938b2641810a,ccd51748e8e7df00
B_001_010_20230826135654_001_003_000_000.jpg,./data/you_foulbrood/normal/B_001_010_20230826135654_001_003_000_000.jpg,0,normal,B_001,B_001_010,B_001_010_20230826,000,1920,1080,2073600,1818786,43.1802978515625,18.01941645485355,10.118545042438285,3.0575573881172886,17.958601409313726,10.121414184570312,3.0615081787109375,58.31373505015432,36.542430555555555,39.00617959104938,58.154998779296875,36.40205383300781,38.860443115234375,51.0,1817364.5,0.8764296392746913,0.09325020212927265,1.7777777777777777,7401ff6896d2d2c85ab5c8d0e21da30e,92452f64e1752d97
B_001_010_20230829140515_001_004_000_000.jpg,./data/you_foulbrood/normal/B_001_010_20230829140515_001_004_000_000.jpg,0,normal,B_001,B_001_010,B_001_010_20230829,000,1920,1080,2073600,1350993,61.3878173828125,25.64268053286129,7.67161217206791,7.28068335262347,25.597025553385418,7.6690216064453125,7.2853240966796875,76.06121045524691,56.3848225308642,49.6494319058642,75.94622802734375,56.27851867675781,49.541015625,48.0,1933474.5,0.9324240451388889,0.19181330044272885,1.7777777777777777,cd1f7a5f829869f7fd13e107226e8ae4,c9eaa7195607b964
B_001_010_20230906091357_001_003_000_000.jpg,./data/you_foulbrood/normal/B_001_010_20230906091357_001_003_000_000.jpg,0,normal,B_001,B_001_010,B_001_010_20230906,000,1920,1080,2073600,1757918,45.0130615234375,18.006064285282015,1.746017071759269,1.7365224729938404,17.923901127833947,1.7512359619140625,1.746734619140625,48.26489728009259,44.19018084490741,42.32995466820988,48.081085205078125,44.00251770019531,42.139434814453125,66.0,1656399.5,0.7988037712191358,0.05233087261285531,1.7777777777777777,369d68df82372db5bc22bcaff7527e1f,c90f7e01a95d5873
B_001_010_20230910140224_001_003_000_000.jpg,./data/you_foulbrood/normal/B_001_010_20230910140224_001_003_000_000.jpg,0,normal,B_001,B_001_010,B_001_010_20230910,000,1920,1080,2073600,1632926,64.70362854003906,26.745692250665698,8.342262731481469,5.509440104166657,26.719294529335173,8.342239379882812,5.5068817138671875,79.83210310570988,58.92332079475309,55.43911265432099,79.76506042480469,58.847747802734375,55.369293212890625,55.0,1883179.0,0.9081688850308642,0.14827552566162647,1.7777777777777777,f28a3667db0166107a86ba53a096def6,d5c345ec37093327
B_001_011_20230819151024_001_002_000_000.jpg,./data/you_foulbrood/normal/B_001_011_20230819151024_001_002_000_000.jpg,0,normal,B_001,B_001_011,B_001_011_20230819,000,1920,1080,2073600,1531562,87.14036560058594,36.56982211480271,6.7274098186728395,2.4893639081790013,36.525777180989586,6.7273406982421875,2.478179931640625,97.72931037808642,82.83811535493827,82.6765162037037,97.60597229003906,82.7091064453125,82.54849243164062,60.0,1975326.0,0.9526070601851852,0.2626649491987042,1.7777777777777777,b8a7d8f4b5ebbe7eae2029656b027874,fc482a4f53d5e988
B_001_011_20230904153336_001_001_000_000.jpg,./data/you_foulbrood/normal/B_001_011_20230904153336_001_001_000_000.jpg,0,normal,B_001,B_001_011,B_001_011_20230904,000,1920,1080,2073600,1299807,55.788726806640625,23.50135352366255,4.382643711419746,10.657523148148158,23.447738348268995,4.360198974609375,10.66845703125,68.34704378858025,52.94589650848766,38.72218123070988,68.20124816894531,52.81727600097656,38.58586120605469,50.0,1953177.5,0.9419258777006173,0.26859058950821946,1.7777777777777777,66e25b34afdc1e83ab4f93170e9150ad,e584325b857ac337
B_001_011_20230908163546_001_002_000_000.jpg,./data/you_foulbrood/normal/B_001_011_20230908163546_001_002_000_000.jpg,0,normal,B_001,B_001_011,B_001_011_20230908,000,1920,1080,2073600,1750245,40.9193115234375,16.264005386105058,4.80485773533951,4.6927835648148175,16.238451191023284,4.8112945556640625,4.695281982421875,50.94478829089506,37.494015721450616,32.7150250771605,50.887664794921875,37.43803405761719,32.66436767578125,64.0,1790630.0,0.8635368441358025,0.10027633718514095,1.7777777777777777,70358da8a8063c7adb73f62c266712a4,91696c1c9be744f1
B_001_011_20230909142653_001_003_000_000.jpg,./data/you_foulbrood/normal/B_001_011_20230909142653_001_003_000_000.jpg,0,normal,B_001,B_001_011,B_001_011_20230909,000,1920,1080,2073600,1676292,74.65647888183594,31.09072031590414,9.526984953703703,-3.536773726851848,31.059360878140318,9.532119750976562,-3.5420684814453125,85.16679253472222,68.53565055941358,79.65800829475309,85.06336975097656,68.4251708984375,79.54269409179688,53.0,1983960.0,0.9567708333333333,0.2808553629683882,1.7777777777777777,6f012967a6b9c3caa77798a18c227118,a4c9ba91958c69d7
B_001_011_20230910141026_001_001_000_000.jpg,./data/you_foulbrood/normal/B_001_011_20230910141026_001_001_000_000.jpg,0,normal,B_001,B_001_011,B_001_011_20230910,000,1920,1080,2073600,1656378,58.92315673828125,24.5266122382595,5.475349151234582,-1.484728009259257,24.501073500689337,5.4707489013671875,-1.4829559326171875,64.42976948302469,55.801699459876545,61.24526813271605,64.35986328125,55.72833251953125,61.16184997558594,52.0,1883508.5,0.9083277874228395,0.09671568576311103,1.7777777777777777,99aa77dd059d952d2522985120e9e78f,aa335294b45aad5d
B_001_012_20230819151849_001_001_000_000.jpg,./data/you_foulbrood/normal/B_001_012_20230819151849_001_001_000_000.jpg,0,normal,B_001,B_001_012,B_001_012_20230819,000,1920,1080,2073600,1598629,80.7640380859375,33.98840814875332,6.764695216049375,8.167545331790137,33.97082160500919,6.768280029296875,8.180404663085938,94.60790316358025,76.39905333719136,67.58187596450617,94.5291748046875,76.31806945800781,67.49981689453125,72.0,1536363.5,0.7409160397376543,0.009781170538432492,1.7777777777777777,2585aec7ff21d38209b12728a0f82357,92f45e56724bc45a
B_001_012_20230820115323_001_002_000_000.jpg,./data/you_foulbrood/normal/B_001_012_20230820115323_001_002_000_000.jpg,0,normal,B_001,B_001_012,B_001_012_20230820,000,1920,1080,2073600,1376037,70.51992797851562,29.74389448680707,9.436281828703699,9.144439621913591,29.695255055147058,9.433563232421875,9.147659301757812,88.02508921682099,64.58752989969136,56.20021074459876,87.895751953125,64.47007751464844,56.08079528808594,51.0,2028156.0,0.9780844907407408,0.34737345304966977,1.7777777777777777,6c239d2fea5e3a2e6a6107789cf1f204,b385f224d0c74f2b
B_001_012_20230824141239_001_002_000_000.jpg,./data/you_foulbrood/normal/B_001_012_20230824141239_001_002_000_000.jpg,0,normal,B_001,B_001_012,B_001_012_20230824,000,1920,1080,2073600,1778361,46.92083740234375,19.27723292634955,9.078185763888882,4.747393904321001,19.258704091988356,9.0885009765625,4.7462005615234375,61.49911168981482,41.05197916666667,39.37501109182099,61.43885803222656,41.002288818359375,39.32879638671875,48.0,1842458.0,0.8885310570987655,0.06388013677958052,1.7777777777777777,765982a4144821e77ef62702c808261d,e9293de943549ca3
B_001_012_20230826143225_001_002_000_000.jpg,./data/you_foulbrood/normal/B_001_012_20230826143225_001_002_000_000.jpg,0,normal,B_001,B_001_012,B_001_012_20230826,000,1920,1080,2073600,1516815,67.97357177734375,28.495442046417335,11.209996141975296,8.14261911651235,28.467335420496322,11.212661743164062,8.140640258789062,87.7546378279321,60.56632426697531,54.92772858796296,87.67274475097656,60.487091064453125,54.85169982910156,49.0,1939573.5,0.9353653067129629,0.13747492639433767,1.7777777777777777,62562dfb4807e5fae503a0ef165a2867,d3b703b8158dd269
B_001_012_20230826143225_001_003_000_000.jpg,./data/you_foulbrood/normal/B_001_012_20230826143225_001_003_000_000.jpg,0,normal,B_001,B_001_012,B_001_012_20230826,000,1920,1080,2073600,1605808,59.87654113769531,25.15022769910433,6.630355420524694,2.0190200617283836,25.097111720664827,6.6278533935546875,2.013214111328125,69.21948977623457,55.934317129629626,56.9245134066358,69.07388305664062,55.7977294921875,56.790374755859375,49.0,1933258.0,0.932319637345679,0.16996327018773005,1.7777777777777777,bdf7fd5a62ef5f1ea850d97073c1b792,c0a497d6bae86f09
B_001_012_20230901132221_001_003_000_000.jpg,./data/you_foulbrood/normal/B_001_012_20230901132221_001_003_000_000.jpg,0,normal,B_001,B_001_012,B_001_012_20230901,000,1920,1080,2073600,1546859,53.6895751953125,22.276309458968775,4.750563753858017,-1.218535879629627,22.222559311810663,4.7565155029296875,-1.2186279296875,58.76699749228395,50.97101369598766,55.74310763888889,58.62724304199219,50.83024597167969,55.592803955078125,52.0,1925451.5,0.9285549286265432,0.23982927020882408,1.7777777777777777,176b33bb691a303f00a34a0e47fc840c,8b9d762cf7716014
B_001_012_20230904153959_001_003_000_000.jpg,./data/you_foulbrood/normal/B_001_012_20230904153959_001_003_000_000.jpg,0,normal,B_001,B_001_012,B_001_012_20230904,000,1920,1080,2073600,1604304,53.45314025878906,21.678865211207942,4.763453896604943,-3.656086998456786,21.668330173866423,4.7736968994140625,-3.679412841796875,56.7743180941358,50.81698543595679,58.4767221257716,56.76116943359375,50.803466796875,58.462982177734375,60.0,1872026.0,0.9027903163580246,0.1755840510758798,1.7777777777777777,34e4b569d0a8be3df100c14a40244d6b,bdad91d9d95101aa
B_001_012_20230907142616_001_001_000_000.jpg,./data/you_foulbrood/normal/B_001_012_20230907142616_001_001_000_000.jpg,0,normal,B_001,B_001_012,B_001_012_20230907,000,1920,1080,2073600,1567410,55.66949462890625,23.08744515553135,6.157204378858012,-0.7038917824074105,23.08059991574755,6.1665191650390625,-0.7152252197265625,62.914438175154324,51.88194444444444,56.520801022376546,62.88740539550781,51.85978698730469,56.50257873535156,50.0,1875491.5,0.9044615644290124,0.1104370219481182,1.7777777777777777,797ba7efb89dc1bb27b1a212c77efa06,a30d43cbfe0caa3c
B_001_012_20230907142834_001_004_000_000.jpg,./data/you_foulbrood/normal/B_001_012_20230907142834_001_004_000_000.jpg,0,normal,B_001,B_001_012,B_001_012_20230907,000,1920,1080,2073600,1557338,58.607421875,24.0969464869281,11.76381172839507,-11.712759934413583,24.060471478630514,11.758651733398438,-11.71484375,65.84746624228396,51.54817997685185,76.96608940972222,65.75740051269531,51.457427978515625,76.86030578613281,52.0,1852281.0,0.8932682291666667,0.15619668750798177,1.7777777777777777,d451547ffbfea843db96e5e8d66bf0c6,e2a5df09c89cf08e
B_001_012_20230907142940_001_001_000_000.jpg,./data/you_foulbrood/normal/B_001_012_20230907142940_001_001_000_000.jpg,0,normal,B_001,B_001_012,B_001_012_20230907,000,1920,1080,2073600,1605795,52.752777099609375,22.157740445715323,7.036873553240753,10.468198784722233,22.131521187576592,7.0355377197265625,10.483383178710938,68.37182773919753,48.31301504629629,35.42562065972222,68.28778076171875,48.23216247558594,35.33064270019531,52.0,1930369.0,0.9309264081790124,0.21131366007674326,1.7777777777777777,423560adee6a5060a09fcdf42e303d7b,aa0c54e556dcb34b
B_001_012_20230908105653_001_002_000_000.jpg,./data/you_foulbrood/normal/B_001_012_20230908105653_001_002_000_000.jpg,0,normal,B_001,B_001_012,B_001_012_20230908,000,1920,1080,2073600,1365469,65.63673400878906,27.374544034434763,8.050077160493828,-2.1715234374999994,27.35772824754902,8.056625366210938,-2.1783294677734375,74.8665586419753,60.47870852623457,68.51729648919753,74.82937622070312,60.43428039550781,68.4718017578125,47.0,1950446.0,0.9406086033950617,0.24905268737745997,1.7777777777777777,6f10dc01f7b34f0410baee09ebe326ff,d5751a5b07dc2d41
B_001_012_20230908163635_001_001_000_000.jpg,./data/you_foulbrood/normal/B_001_012_20230908163635_001_001_000_000.jpg,0,normal,B_001,B_001_012,B_001_012_20230908,000,1920,1080,2073600,1413915,51.28855895996094,20.713585920479304,7.3719159915123385,-8.581059992283954,20.69496902765012,7.3903961181640625,-8.58843994140625,54.768625578703706,47.08147087191358,64.28223910108025,54.73486328125,47.03974914550781,64.23518371582031,57.0,1809853.0,0.8728071952160494,0.09576565870922422,1.7777777777777777,87cecd8909fc4c2ca845d8f1d24397fc,a1749ea1e32eb196
B_001_012_20230909142748_001_004_000_000.jpg,./data/you_foulbrood/normal/B_001_012_20230909142748_001_004_000_000.jpg,0,normal,B_001,B_001_012,B_001_012_20230909,000,1920,1080,2073600,1729688,38.92631530761719,15.430709309186637,3.233817033179008,-1.8554793595678944,15.389428232230392,3.239166259765625,-1.8561248779296875,41.77949604552469,37.05772521219136,41.91344280478395,41.69367980957031,36.97166442871094,41.82020568847656,59.0,1817168.5,0.8763351176697531,0.12827187230901121,1.7777777777777777,ba5006f25b7c7adf74a82cf14503253e,9a13368eeda1d9c4
B_001_013_20230901133944_001_003_000_000.jpg,./data/you_foulbrood/normal/B_001_013_20230901133944_001_003_000_000.jpg,0,normal,B_001,B_001_013,B_001_013_20230901,000,1920,1080,2073600,1540555,48.71156311035156,19.86548221526265,6.696781925154312,0.0402551118827148,19.806745940563726,6.6943206787109375,0.0322265625,58.07098476080247,44.25209683641975,48.51406780478395,57.921417236328125,44.106170654296875,48.362884521484375,54.0,1761386.0,0.8494338348765432,0.13042075856851262,1.7777777777777777,a5a1d09740d45164008316a850ac1531,d76b664d0b7d0c90
B_001_013_20230910142250_001_004_000_000.jpg,./data/you_foulbrood/normal/B_001_013_20230910142250_001_004_000_000.jpg,0,normal,B_001,B_001_013,B_001_013_20230910,000,1920,1080,2073600,1749590,43.68878173828125,17.38254943566933,4.20045814043209,-4.146406732253084,17.30951047411152,4.2248687744140625,-4.178863525390625,46.45060570987654,41.318518518518516,49.99151186342593,46.31451416015625,41.1741943359375,49.848236083984375,64.0,1786324.0,0.861460262345679,0.12548424615899192,1.7777777777777777,8c2c1e19ca22634ac7b7b2c7c06603ec,d3c9c986c3c3966c
B_001_014_20230831095145_001_001_000_000.jpg,./data/you_foulbrood/normal/B_001_014_20230831095145_001_001_000_000.jpg,0,normal,B_001,B_001_014,B_001_014_20230831,000,1920,1080,2073600,1394242,54.46044921875,22.719905894456545,4.15392795138888,-0.03137393904320618,22.64121261297488,4.158203125,-0.0340118408203125,59.82989583333333,52.054747781635804,54.619601658950614,59.638702392578125,51.86637878417969,54.4195556640625,51.0,1781698.0,0.8592293595679013,0.07624082758677987,1.7777777777777777,0c5eef43f32f6ebb0c675a9ac3170fe1,d930f176ec9b0a07
B_001_014_20230908111304_001_003_000_000.jpg,./data/you_foulbrood/normal/B_001_014_20230908111304_001_003_000_000.jpg,0,normal,B_001,B_001_014,B_001_014_20230908,000,1920,1080,2073600,1488567,76.411865234375,31.962949535524086,5.92687982253085,0.718439429012335,31.945722991344976,5.924896240234375,0.7068023681640625,84.82036024305556,72.54031394675926,74.79730902777777,84.77220153808594,72.49539184570312,74.75367736816406,54.0,1980360.0,0.9550347222222222,0.37343641551151047,1.7777777777777777,17435d158befd57ad713562f1376850a,b3bb9e64b6690c84
B_001_014_20230908111924_001_001_000_000.jpg,./data/you_foulbrood/normal/B_001_014_20230908111924_001_001_000_000.jpg,0,normal,B_001,B_001_014,B_001_014_20230908,000,1920,1080,2073600,1800204,56.82672119140625,23.447252103001695,2.979965760030865,1.0131693672839504,23.41877058440564,2.985260009765625,1.0036468505859375,61.007181230709875,55.1814419367284,55.12702305169753,60.92140197753906,55.09515380859375,55.046722412109375,58.0,1890325.0,0.9116150655864198,0.07630153300440294,1.7777777777777777,d748144586aef3114b0e3140b0421679,f1ac54451d2fa0bd
B_001_014_20230909144845_001_001_000_000.jpg,./data/you_foulbrood/normal/B_001_014_20230909144845_001_001_000_000.jpg,0,normal,B_001,B_001_014,B_001_014_20230909,000,1920,1080,2073600,1543064,37.626220703125,15.017946433974824,5.09384982638889,-3.742177372685191,15.012763528262868,5.104278564453125,-3.755126953125,41.8814949845679,34.34950424382716,43.62701099537037,41.86119079589844,34.33610534667969,43.61463928222656,59.0,1806139.0,0.8710161072530864,0.1526616763227851,1.7777777777777777,ed2b0619ab5cd1f187a628b6a0a53d33,cc33cc3f3107b1c6
B_001_015_20230831152816_001_004_000_000.jpg,./data/you_foulbrood/normal/B_001_015_20230831152816_001_004_000_000.jpg,0,normal,B_001,B_001_015,B_001_015_20230831,000,1920,1080,2073600,1661014,37.91304016113281,15.186219665335269,4.336130401234556,-1.8956910686728463,15.152827244178921,4.3396148681640625,-1.8970794677734375,42.60410638503087,35.115878665123454,40.94597366898148,42.509918212890625,35.029815673828125,40.842681884765625,60.0,1762001.5,0.8497306616512346,0.16002504151248498,1.7777777777777777,498e7dccc48737989fb57f1fd337b336,aa71aa38eaaa19ae
B_001_015_20230902112524_001_003_000_000.jpg,./data/you_foulbrood/normal/B_001_015_20230902112524_001_003_000_000.jpg,0,normal,B_001,B_001_015,B_001_015_20230902,000,1920,1080,2073600,1385717,33.37278747558594,13.469594037460665,2.2009201388888755,-2.748572048611109,13.412391812193627,2.2025299072265625,-2.7609405517578125,34.29815441743827,32.27402295524691,37.9319994212963,34.159912109375,32.1412353515625,37.79621887207031,53.0,1592693.5,0.768081356095679,0.05262735818364426,1.7777777777777777,675216f3ed387b2af1418204e6f286f9,a16da64e8b4e64d6
B_001_015_20230909082731_001_004_000_000.jpg,./data/you_foulbrood/normal/B_001_015_20230909082731_001_004_000_000.jpg,0,normal,B_001,B_001_015,B_001_015_20230909,000,1920,1080,2073600,1606508,89.40618896484375,37.38748373577826,7.640693962191364,-3.0776258680555486,37.34309177772671,7.638671875,-3.0879364013671875,97.71055314429012,84.57154996141975,93.70932339891975,97.57862854003906,84.44297790527344,93.57786560058594,65.0,2022767.0,0.9754856288580247,0.24027499643296937,1.7777777777777777,64e672ae14829264f07afd577e25d4cf,d0aa9081e9c6d7af
B_001_015_20230909145357_001_002_000_000.jpg,./data/you_foulbrood/normal/B_001_015_20230909145357_001_002_000_000.jpg,0,normal,B_001,B_001_015,B_001_015_20230909,000,1920,1080,2073600,1435982,44.57916259765625,18.20998093681917,5.830225694444437,2.1367221257715983,18.154841404335173,5.8132476806640625,2.1317596435546875,54.233837770061726,40.65716001157407,40.82483506944445,54.07304382324219,40.51609802246094,40.67759704589844,51.0,1537111.0,0.7412765239197531,0.03997184497657925,1.7777777777777777,2ef138d7fee48182d022defbc478abe7,d187914f2171faca
B_001_016_20230906163226_001_002_000_000.jpg,./data/you_foulbrood/normal/B_001_016_20230906163226_001_002_000_000.jpg,0,normal,B_001,B_001_016,B_001_016_20230906,000,1920,1080,2073600,1734510,46.04389953613281,18.41188290516824,6.342241994598766,1.303212287808634,18.367925905713847,6.3476715087890625,1.2982330322265625,55.87266493055556,41.696689332561725,43.63117766203704,55.756561279296875,41.58538818359375,43.51531982421875,58.0,1803482.0,0.8697347608024691,0.07815081318874978,1.7777777777777777,d544d4b64f1b945c55252680bbd525c4,98836e96d560373b
B_001_018_20230826103249_001_003_000_000.jpg,./data/you_foulbrood/normal/B_001_018_20230826103249_001_003_000_000.jpg,0,normal,B_001,B_001_018,B_001_018_20230826,000,1920,1080,2073600,1767305,31.111053466796875,13.118330534374243,7.3513459683642,9.282242959104934,13.071241191789216,7.3502197265625,9.297332763671875,46.004503279320986,26.498726369598767,16.89547309027778,45.8726806640625,26.395767211914062,16.787643432617188,39.0,1237854.0,0.596958912037037,0.009088541638791931,1.75,6a9b7d185ea45d1cee469ac247e4b9a2,980b2ba79e6d4e07
B_001_018_20230826152230_001_001_000_000.jpg,./data/you_foulbrood/normal/B_001_018_20230826152230_001_001_000_000.jpg,0,normal,B_001,B_001_018,B_001_018_20230826,000,1920,1080,2073600,1687369,51.347442626953125,21.13827481995885,8.827602237654332,8.632564621913588,21.086048799402572,8.833724975585938,8.643997192382812,68.77741030092592,45.37521122685185,37.457373649691355,68.65663146972656,45.25157165527344,37.327789306640625,55.0,1830540.5,0.8827838059413581,0.13748753933942406,1.7777777777777777,2fa5d03005748c20aee070629ee4a1b5,c00fd0e1e91ccfc7
B_001_018_20230827100708_001_003_000_000.jpg,./data/you_foulbrood/normal/B_001_018_20230827100708_001_003_000_000.jpg,0,normal,B_001,B_001_018,B_001_018_20230827,000,1920,1080,2073600,1604553,59.87113952636719,25.2349448151174,5.241067226080247,9.447781635802471,25.198316387101716,5.2378082275390625,9.453384399414062,72.58556712962962,56.579581886574076,44.37776379243827,72.484619140625,56.48680114746094,44.27409362792969,53.0,1875560.0,0.9044945987654321,0.14981799485229502,1.7777777777777777,8664aa82d54b586d20e7048f3989a5f5,87197392db98b562
B_001_018_20230827151426_001_001_000_000.jpg,./data/you_foulbrood/normal/B_001_018_20230827151426_001_001_000_000.jpg,0,normal,B_001,B_001_018,B_001_018_20230827,000,1920,1080,2073600,1387866,39.817413330078125,16.490692515432098,7.309406828703715,-1.1741261574074144,16.4570587756587,7.3032379150390625,-1.178131103515625,48.114967206790126,35.400071855709875,41.507026427469135,48.03773498535156,35.32698059082031,41.425811767578125,42.0,1666498.0,0.8036738040123457,0.047574060784062414,1.7777777777777777,e27fd92d22966786b880297715b0c694,f0528bb4128c7eb7
B_001_018_20230827151808_001_004_000_000.jpg,./data/you_foulbrood/normal/B_001_018_20230827151808_001_004_000_000.jpg,0,normal,B_001,B_001_018,B_001_018_20230827,000,1920,1080,2073600,1509044,41.57099914550781,16.87992711359235,4.267821662808643,2.110411844135797,16.87182856541054,4.2601165771484375,2.10418701171875,48.50748263888889,38.74894483024691,38.25080439814815,48.471038818359375,38.7171630859375,38.22904968261719,52.0,1718358.5,0.8286836902006173,0.05610139670120651,1.7777777777777777,548d875473bb0c8db77e2a7a3285e787,a5535b6c453ad391
B_001_018_20230830131904_001_004_000_000.jpg,./data/you_foulbrood/normal/B_001_018_20230830131904_001_004_000_000.jpg,0,normal,B_001,B_001_018,B_001_018_20230830,000,1920,1080,2073600,970226,61.4327392578125,25.825314126422175,5.064767554012349,2.1214342206790207,25.78469070733762,5.0644989013671875,2.1295623779296875,68.96920910493827,58.48138551311728,57.724950810185184,68.87117004394531,58.38322448730469,57.60992431640625,50.0,1749116.0,0.8435165895061728,0.14760768957512635,1.7777777777777777,1a3ea58df9186b7617916a8deeb83e98,8399f11275e5df20
B_001_018_20230909085843_001_004_000_000.jpg,./data/you_foulbrood/normal/B_001_018_20230909085843_001_004_000_000.jpg,0,normal,B_001,B_001_018,B_001_018_20230909,000,1920,1080,2073600,1579564,57.975555419921875,23.935554723432585,6.710221836419748,3.1384297839506132,23.90888288909314,6.7021026611328125,3.1389312744140625,69.38454137731482,53.296472800925926,52.90336612654321,69.3109130859375,53.231475830078125,52.82197570800781,54.0,1900438.5,0.916492332175926,0.2598541201082875,1.7777777777777777,b59ec12e3ca99e06fb3695d58489c673,cf00b3dbad846972
B_001_019_20230823160925_001_003_000_000.jpg,./data/you_foulbrood/normal/B_001_019_20230823160925_001_003_000_000.jpg,0,normal,B_001,B_001_019,B_001_019_20230823,000,1920,1080,2073600,1471565,48.66474914550781,20.32393961056645,3.7597902199074156,5.596434220679015,20.287367876838236,3.7540435791015625,5.5963287353515625,56.942612364969136,46.28171440972222,40.104113618827164,56.83589172363281,46.191162109375,40.010894775390625,49.0,1664217.0,0.8025737847222222,0.030741756560101623,1.7777777777777777,c83cee671770634ad00c1f6cd35b882c,eb9db30704ba55e0
B_001_019_20230824101340_001_001_000_000.jpg,./data/you_foulbrood/normal/B_001_019_20230824101340_001_001_000_000.jpg,0,normal,B_001,B_001_019,B_001_019_20230824,000,1920,1080,2073600,1385595,59.70106506347656,25.00001550774631,9.41933738425925,9.637861207561741,24.94570863013174,9.418426513671875,9.636062622070312,78.23214023919753,53.4366121720679,44.62871238425926,78.0863037109375,53.29872131347656,44.493072509765625,52.0,1830044.5,0.8825446084104939,0.13574484045537102,1.7777777777777777,bd20e7c00cff5af92af2cfbdd613cf20,b609d8b4abc86e66
B_001_019_20230824101352_001_003_000_000.jpg,./data/you_foulbrood/normal/B_001_019_20230824101352_001_003_000_000.jpg,0,normal,B_001,B_001_019,B_001_019_20230824,000,1920,1080,2073600,1454799,55.889678955078125,23.336870045085934,5.010692515432112,5.789727527006164,23.299506692325366,5.0089111328125,5.7845916748046875,65.8552912808642,52.666573591820985,47.151116898148146,65.76258850097656,52.5782470703125,47.06901550292969,55.0,1717890.0,0.8284577546296297,0.05357418339449699,1.7777777777777777,68ca879bb505949732eafd33b4aaaccb,dfdfb003c4be1610
B_001_019_20230824151340_001_004_000_000.jpg,./data/you_foulbrood/normal/B_001_019_20230824151340_001_004_000_000.jpg,0,normal,B_001,B_001_019,B_001_019_20230824,000,1920,1080,2073600,1265758,60.842864990234375,25.23172865982813,12.537520736882726,0.8079914158950601,25.182363472732842,12.532760620117188,0.8059234619140625,78.00145254629629,52.602912808641975,59.27553481867284,77.87391662597656,52.48828125,59.155059814453125,50.0,1890863.5,0.9118747588734568,0.09370352578322835,1.7777777777777777,33b5746a442e900c2fd6268a38cabfb5,d78f2186d299cce1
B_001_019_20230825102333_001_002_000_000.jpg,./data/you_foulbrood/normal/B_001_019_20230825102333_001_002_000_000.jpg,0,normal,B_001,B_001_019,B_001_019_20230825,000,1920,1080,2073600,1296405,59.50434875488281,24.975668156923263,8.421014178240739,5.445270061728394,24.927709242876837,8.416168212890625,5.448486328125,73.70250626929013,54.1044743441358,51.18459394290124,73.57838439941406,53.98211669921875,51.06024169921875,45.0,1937034.5,0.9341408661265432,0.22064080550116402,1.7777777777777777,72523b0ce13638c732cef690f0b4713c,9328a360738f1dbb
B_001_019_20230828153457_001_004_000_000.jpg,./data/you_foulbrood/normal/B_001_019_20230828153457_001_004_000_000.jpg,0,normal,B_001,B_001_019,B_001_019_20230828,000,1920,1080,2073600,1583426,37.07688903808594,15.05453715050835,6.884324845679004,5.847379918981488,14.979044596354166,6.883087158203125,5.8538665771484375,50.6632103587963,32.36660542052469,27.56570601851852,50.447967529296875,32.1640625,27.364288330078125,57.0,1808481.5,0.8721457851080247,0.1305215004929573,1.7777777777777777,10e7e745f1726a1006fa6db7bd447594,ab482363069ecf73
B_001_019_20230904163710_001_002_000_000.jpg,./data/you_foulbrood/normal/B_001_019_20230904163710_001_002_000_000.jpg,0,normal,B_001,B_001_019,B_001_019_20230904,000,1920,1080,2073600,1389421,43.18025207519531,17.433766793754536,1.281470389660484,6.6805931712962945,17.39853802849265,1.2685546875,6.6934356689453125,49.24752555941358,42.33653211805556,32.36897424768519,49.14933776855469,42.24884033203125,32.27687072753906,60.0,1742352.0,0.8402546296296296,0.09681324557710161,1.7777777777777777,89fb4731fcb599e0bf365cd61d9dfebf,90611c565e567df2
B_001_019_20230906113636_001_002_000_000.jpg,./data/you_foulbrood/normal/B_001_019_20230906113636_001_002_000_000.jpg,0,normal,B_001,B_001_019,B_001_019_20230906,000,1920,1080,2073600,1559271,57.674896240234375,23.67840640885984,7.400070891203711,3.731274594907404,23.637485878140318,7.4067535400390625,3.721649169921875,70.1592081404321,52.67412422839506,51.5751847029321,70.05691528320312,52.57493591308594,51.48374938964844,57.0,1880885.0,0.9070625964506173,0.10737129924555518,1.7777777777777777,0eead00939ff7345b5107afb5a7503df,e0c331f1f02883ff
B_001_019_20230906165336_001_001_000_000.jpg,./data/you_foulbrood/normal/B_001_019_20230906165336_001_001_000_000.jpg,0,normal,B_001,B_001_019,B_001_019_20230906,000,1920,1080,2073600,1567680,43.52864074707031,17.85882844650206,5.028725887345672,3.165015914351841,17.773706772748163,5.0148468017578125,3.1636962890625,52.78866078317901,40.23426070601852,38.13865499614197,52.56915283203125,40.02702331542969,37.92057800292969,53.0,1833743.5,0.8843284625771605,0.12467367558054322,1.7777777777777777,4fb94af51a1c4d43ba7bc2b6cae6e833,b448e15ae15cf9c9
B_001_020_20230907082431_001_004_000_000.jpg,./data/you_foulbrood/normal/B_001_020_20230907082431_001_004_000_000.jpg,0,normal,B_001,B_001_020,B_001_020_20230907,000,1920,1080,2073600,1324573,71.2801513671875,29.75934058036795,1.636471354166673,0.4956172839506223,29.731708601409313,1.635009765625,0.4946441650390625,73.6261684992284,70.4254123263889,70.4427449845679,73.54005432128906,70.33491516113281,70.34400939941406,66.0,1696201.0,0.8179981674382716,0.062301138687395965,1.7777777777777777,cd9e856bb330871e9804f86c33173df5,876938017675cddc
B_001_020_20230907082614_001_003_000_000.jpg,./data/you_foulbrood/normal/B_001_020_20230907082614_001_003_000_000.jpg,0,normal,B_001,B_001_020,B_001_020_20230907,000,1920,1080,2073600,1642813,49.33331298828125,20.133929814209633,6.661205632716047,-5.4633043981481535,20.105519014246322,6.6618194580078125,-5.466827392578125,53.37140335648148,45.850917727623454,57.410359278549386,53.28230285644531,45.78118896484375,57.327423095703125,54.0,1807001.5,0.8714320505401234,0.09387597368235265,1.7777777777777777,201c093ac9821f532762d2b521069407,8b9e53d86c692ba2
B_001_021_20230910084354_001_001_000_000.jpg,./data/you_foulbrood/normal/B_001_021_20230910084354_001_001_000_000.jpg,0,normal,B_001,B_001_021,B_001_021_20230910,000,1920,1080,2073600,1710212,74.68951416015625,31.27555846798596,2.9549247685185094,4.327472511574086,31.226980171951592,2.9562225341796875,4.325439453125,81.4965022183642,72.88502941743828,67.54957561728395,81.34776306152344,72.72755432128906,67.38662719726562,59.0,1898016.0,0.9153240740740741,0.16371320651167007,1.7777777777777777,29e6d145a72e5e7b8afaaba2be8bc93a,c5977eac8968788a
B_001_021_20230910153211_001_001_000_000.jpg,./data/you_foulbrood/normal/B_001_021_20230910153211_001_001_000_000.jpg,0,normal,B_001,B_001_021,B_001_021_20230910,000,1920,1080,2073600,1489360,63.61332702636719,26.325890560699587,5.762927276234564,-1.9867592592592587,26.304500804227942,5.76416015625,-1.9904632568359375,69.54197048611111,60.10838879243827,66.65019724151234,69.48992919921875,60.053680419921875,66.58976745605469,56.0,1933796.5,0.932579330632716,0.2692310767702221,1.7777777777777777,f44acdbd5f32731447292c43bf23dad1,e3a6b5b09da9842b
B_001_021_20230910153249_001_002_000_000.jpg,./data/you_foulbrood/normal/B_001_021_20230910153249_001_002_000_000.jpg,0,normal,B_001,B_001_021,B_001_021_20230910,000,1920,1080,2073600,1521316,53.074462890625,21.84516631112322,6.50085262345678,2.7145736882715994,21.80456423291973,6.49951171875,2.7147979736328125,63.841198881172836,48.69159239969136,48.42554398148148,63.73637390136719,48.587615966796875,48.31407165527344,55.0,1837038.0,0.8859172453703704,0.14715896771293274,1.7777777777777777,091bc3ab341f8181acd3af1681fdf89a,cb34e4aa117f07b2
B_001_021_20230910153637_001_004_000_000.jpg,./data/you_foulbrood/normal/B_001_021_20230910153637_001_004_000_000.jpg,0,normal,B_001,B_001_021,B_001_021_20230910,000,1920,1080,2073600,1852520,56.955963134765625,23.368447031590414,6.988575424382702,4.24394820601853,23.31893621706495,7.0059814453125,4.2552032470703125,68.78891734182099,52.47724344135803,50.11801408179012,68.65995788574219,52.34892272949219,49.97975158691406,61.0,1865206.0,0.899501350308642,0.12528872901199142,1.7777777777777777,9144865f0e3725d10ca7cf5f81b66808,e219fc67c683d0ac
B_001_022_20230824102655_001_004_000_000.jpg,./data/you_foulbrood/normal/B_001_022_20230824102655_001_004_000_000.jpg,0,normal,B_001,B_001_022,B_001_022_20230824,000,1920,1080,2073600,1445253,39.755828857421875,16.227320866618253,6.073657889660495,-1.820232928240742,16.18365717869179,6.0609893798828125,-1.82403564453125,46.936997010030865,35.75220389660494,42.605092110339505,46.81640625,35.648712158203125,42.488800048828125,50.0,1681567.5,0.8109411168981482,0.06852705146893857,1.7777777777777777,eb61737622804ade815258fc43a9b338,b89d89936a7e92d0
B_001_022_20230824103008_001_001_000_000.jpg,./data/you_foulbrood/normal/B_001_022_20230824103008_001_001_000_000.jpg,0,normal,B_001,B_001_022,B_001_022_20230824,000,1920,1080,2073600,1402124,48.79008483886719,20.11376577251271,4.390401716820975,6.172616705246924,20.118539847579658,4.382843017578125,6.1722564697265625,58.72803722993827,45.71856577932099,38.541459780092595,58.72918701171875,45.72846984863281,38.553497314453125,53.0,1837426.5,0.8861046006944444,0.12500654721895804,1.7777777777777777,7169b01f3b292144c997409e419e3590,c2cecee5c62e821b
B_001_022_20230826154804_001_003_000_000.jpg,./data/you_foulbrood/normal/B_001_022_20230826154804_001_003_000_000.jpg,0,normal,B_001,B_001_022,B_001_022_20230826,000,1920,1080,2073600,1668222,42.91853332519531,17.333394607843136,3.7693016975308637,0.1691570216049456,17.293599446614582,3.7735748291015625,0.1620941162109375,48.08516830632716,40.479192708333336,42.68482204861111,48.00653076171875,40.40289306640625,42.60841369628906,59.0,1824984.0,0.8801041666666667,0.14369278676731695,1.7777777777777777,209d9617557f90fbce4c6d7a4ef8d379,a4a9d5c64a5726ab
B_001_022_20230905081518_001_001_000_000.jpg,./data/you_foulbrood/normal/B_001_022_20230905081518_001_001_000_000.jpg,0,normal,B_001,B_001_022,B_001_022_20230905,000,1920,1080,2073600,1406278,58.913665771484375,24.370307582909707,6.251207561728393,-3.1260836226851865,24.311655081954658,6.251708984375,-3.1262359619140625,65.14736352237654,55.095964988425926,63.672600308641975,64.99740600585938,54.94483947753906,63.52168273925781,54.0,1777654.0,0.8572791280864197,0.12306916936738722,1.7777777777777777,b317bde5f09798d42f6246db60a806f4,d60266e556f0347e
B_001_022_20230908133419_001_002_000_000.jpg,./data/you_foulbrood/normal/B_001_022_20230908133419_001_002_000_000.jpg,0,normal,B_001,B_001_022,B_001_022_20230908,000,1920,1080,2073600,1472228,54.82228088378906,22.861211344105545,4.410345293209872,3.3043330439814724,22.803033566942403,4.401763916015625,3.319091796875,62.56333719135802,52.15577449845679,49.72308449074074,62.39802551269531,51.99809265136719,49.55632019042969,52.0,1875553.0,0.9044912229938271,0.08636919129143084,1.7777777777777777,242f13ed63e1912c6e221b659c0bf4f7,c9a593be8739a470
B_001_022_20230908134025_001_001_000_000.jpg,./data/you_foulbrood/normal/B_001_022_20230908134025_001_001_000_000.jpg,0,normal,B_001,B_001_022,B_001_022_20230908,000,1920,1080,2073600,1631113,66.48191833496094,27.417319126724763,6.235690104166679,3.0546768904320913,27.41418576708027,6.225555419921875,3.0445556640625,77.0806573109568,62.196901523919756,60.99289592978395,77.04641723632812,62.1834716796875,60.979888916015625,59.0,1847667.5,0.8910433545524692,0.14622113306423995,1.7777777777777777,9bc87dc85957c3ae3ccf5a7a262b21ee,a0755316dc73a32e
B_001_022_20230910084719_001_001_000_000.jpg,./data/you_foulbrood/normal/B_001_022_20230910084719_001_001_000_000.jpg,0,normal,B_001,B_001_022,B_001_022_20230910,000,1920,1080,2073600,1548127,67.42027282714844,28.158997896998304,5.6965470679012356,3.5537475887345806,28.126292509191178,5.693939208984375,3.55450439453125,77.25648148148149,63.75209297839506,61.402537133487655,77.17294311523438,63.657501220703125,61.30010986328125,55.0,1949626.0,0.9402131558641975,0.23025961134713135,1.7777777777777777,bf4cbf5ed32e7313180aee1021b955f5,f840f8b81f48e379
B_001_023_20230820090148_001_001_000_000.jpg,./data/you_foulbrood/normal/B_001_023_20230820090148_001_001_000_000.jpg,0,normal,B_001,B_001_023,B_001_023_20230820,000,1920,1080,2073600,1301797,47.74751281738281,19.967335769184217,6.867894483024685,3.1892621527777862,19.920690199908087,6.87060546875,3.1885986328125,58.72327112268518,43.25826822916667,43.09350212191358,58.61732482910156,43.146514892578125,42.97886657714844,48.0,1238110.5,0.5970826099537037,0.04604575036336179,1.473148148148148,0fddc21cebe8e6fb4f337461098cdc57,efca050c86b1517f
B_001_023_20230821111634_001_002_000_000.jpg,./data/you_foulbrood/normal/B_001_023_20230821111634_001_002_000_000.jpg,0,normal,B_001,B_001_023,B_001_023_20230821,000,1920,1080,2073600,1371911,46.217315673828125,19.194822493040427,3.1787403549382702,0.5433603395061652,19.16482364430147,3.1788177490234375,0.541748046875,50.25421585648148,44.451239872685186,45.51504822530864,50.1793212890625,44.37501525878906,45.43885803222656,49.0,1670649.0,0.805675636574074,0.03197010101031805,1.7777777777777777,ff16c31bf23bd9320e36dda97c93ef12,f47bfc8118316369
B_001_023_20230907155815_001_003_000_000.jpg,./data/you_foulbrood/normal/B_001_023_20230907155815_001_003_000_000.jpg,0,normal,B_001,B_001_023,B_001_023_20230907,000,1920,1080,2073600,1479323,63.75245666503906,26.800164344287094,7.062360628858016,5.2715379050926,26.757638968673408,7.0509033203125,5.2739715576171875,76.21096257716049,59.22847173996914,55.48063319830247,76.08283996582031,59.108062744140625,55.35102844238281,48.0,1975427.0,0.9526557677469136,0.2774127110271215,1.7777777777777777,a80717f95ebc49c41318770b9d9c5138,a2edd0e38d76c948
B_001_023_20230910090617_001_003_000_000.jpg,./data/you_foulbrood/normal/B_001_023_20230910090617_001_003_000_000.jpg,0,normal,B_001,B_001_023,B_001_023_20230910,000,1920,1080,2073600,1555042,36.05369567871094,14.204888155107723,4.2554976851851904,-1.2293967013888931,14.127664005055147,4.2506256103515625,-1.23687744140625,41.509526909722226,33.31168209876543,37.71992573302469,41.30357360839844,33.1060791015625,37.51106262207031,57.0,1691822.0,0.8158863811728395,0.08890426110249199,1.7777777777777777,b0740277e60f23abe2e7808ca1288479,f07b3ad64bb60c0a
B_001_023_20230910154640_001_004_000_000.jpg,./data/you_foulbrood/normal/B_001_023_20230910154640_001_004_000_000.jpg,0,normal,B_001,B_001_023,B_001_023_20230910,000,1920,1080,2073600,1635222,43.50592041015625,17.180231973190512,7.766287133487651,-0.8013715277777749,17.14102950750613,7.772918701171875,-0.807952880859375,53.8202946566358,38.257498553240744,44.34705488040124,53.71571350097656,38.15472412109375,44.25270080566406,60.0,1890737.5,0.9118139949845679,0.2654422759305345,1.7777777777777777,7865e7faa76cdffda289f5d332fda64b,c639c396f20cc3bc
B_001_023_20230910154714_001_002_000_000.jpg,./data/you_foulbrood/normal/B_001_023_20230910154714_001_002_000_000.jpg,0,normal,B_001,B_001_023,B_001_023_20230910,000,1920,1080,2073600,1661917,58.251068115234375,24.185853531227306,3.5059225501543096,2.251454475308634,24.15124631395527,3.50469970703125,2.2514801025390625,64.36292679398149,56.04840084876543,54.387089602623455,64.27047729492188,55.96049499511719,54.303619384765625,54.0,1901199.0,0.9168590856481481,0.20089529944796525,1.7777777777777777,c64b36ef5759b7bbba3c429992cde0af,be81e86971b0ec47
B_001_023_20230910155035_001_001_000_000.jpg,./data/you_foulbrood/normal/B_001_023_20230910155035_001_001_000_000.jpg,0,normal,B_001,B_001_023,B_001_023_20230910,000,1920,1080,2073600,1594687,67.10639953613281,27.824140833030743,6.059706790123471,1.8428525270061868,27.772593778722428,6.0588836669921875,1.842620849609375,76.69682339891975,63.0961009837963,63.953662229938274,76.55827331542969,62.95513916015625,63.805511474609375,57.0,1920460.5,0.9261480034722223,0.1870004916751329,1.7777777777777777,5966812a42c34b8433bb4a5941b49a6f,8ce4279bf6968a19
B_001_024_20230909102810_001_003_000_000.jpg,./data/you_foulbrood/normal/B_001_024_20230909102810_001_003_000_000.jpg,0,normal,B_001,B_001_024,B_001_024_20230909,000,1920,1080,2073600,1507408,77.7149658203125,32.55657263677076,10.186340181327154,6.318580729166655,32.49724145029106,10.175521850585938,6.312042236328125,95.79137008101851,70.84792052469136,67.11485532407407,95.61506652832031,70.69046020507812,66.95584106445312,52.0,1989353.0,0.9593716242283951,0.3478455365163759,1.7777777777777777,57206f5ab88bae7b0b7d565670442c56,b7b055135f86e198
B_001_024_20230909162709_001_003_000_000.jpg,./data/you_foulbrood/normal/B_001_024_20230909162709_001_003_000_000.jpg,0,normal,B_001,B_001_024,B_001_024_20230909,000,1920,1080,2073600,1812852,68.95980834960938,28.70814950980392,7.250229552469136,5.6134355709876615,28.671875,7.243560791015625,5.6153411865234375,82.3803766396605,64.15475453317902,59.78190200617284,82.24038696289062,64.01710510253906,59.643707275390625,56.0,1961391.5,0.9458871045524692,0.28602777808576335,1.7777777777777777,cca53136550cadca09487b0255ae0645,c09cdd27ba8f061d
B_001_024_20230910155651_001_002_000_000.jpg,./data/you_foulbrood/normal/B_001_024_20230910155651_001_002_000_000.jpg,0,normal,B_001,B_001_024,B_001_024_20230910,000,1920,1080,2073600,1572684,69.49005126953125,29.112097933309123,8.895684317129621,6.479412615740728,29.05041264552696,8.889389038085938,6.481597900390625,85.26297067901234,63.78227478780864,59.0309375,85.08233642578125,63.61737060546875,58.8623046875,55.0,1967819.5,0.9489870273919753,0.22347712251988888,1.7777777777777777,6bc5370300d133a62f99d282cd8604c4,ef6d330394da1c0d
B_001_025_20230907161202_001_001_000_000.jpg,./data/you_foulbrood/normal/B_001_025_20230907161202_001_001_000_000.jpg,0,normal,B_001,B_001_025,B_001_025_20230907,000,1920,1080,2073600,1599770,49.6514892578125,19.98732922567175,4.150540605709864,-2.6813300540123493,19.986925312117034,4.147216796875,-2.689117431640625,52.9468393132716,47.21381655092593,53.55261766975308,52.94819641113281,47.21876525878906,53.549652099609375,59.0,1866925.0,0.9003303433641975,0.16040547185553275,1.7777777777777777,6641528a981218f46b5162ea3eec2e88,ff430c3f008b729d
B_001_025_20230907161231_001_001_000_000.jpg,./data/you_foulbrood/normal/B_001_025_20230907161231_001_001_000_000.jpg,0,normal,B_001,B_001_025,B_001_025_20230907,000,1920,1080,2073600,1728529,46.27775573730469,18.875289919208427,3.6016073495370335,6.907980806327174,18.85727826286765,3.58929443359375,6.909759521484375,55.80442418981482,43.7463956404321,34.67561294367284,55.7493896484375,43.7115478515625,34.64750671386719,56.0,1873096.0,0.9033063271604939,0.18881059661155777,1.7777777777777777,92cc7ed02f4d1c07b9bddf267f32eac9,aad51a2bce93a493
B_001_025_20230909104609_001_003_000_000.jpg,./data/you_foulbrood/normal/B_001_025_20230909104609_001_003_000_000.jpg,0,normal,B_001,B_001_025,B_001_025_20230909,000,1920,1080,2073600,1689479,61.701446533203125,25.80706283284919,2.3067038001543096,-1.4356187307098764,25.815058689491423,2.3087310791015625,-1.451080322265625,63.1247550154321,60.550037133487656,64.27420765817901,63.098602294921875,60.53192138671875,64.24569702148438,54.0,1898686.0,0.9156471836419753,0.18139672511084548,1.7777777777777777,582022708cb1744a3f6dc8386b03b2dc,fcc3d690a9c325b4
B_001_025_20230910092131_001_001_000_000.jpg,./data/you_foulbrood/normal/B_001_025_20230910092131_001_001_000_000.jpg,0,normal,B_001,B_001_025,B_001_025_20230910,000,1920,1080,2073600,1737936,48.04933166503906,19.287708598099737,6.1906746720679,0.5854928626543199,19.260517195159313,6.2118377685546875,0.587554931640625,56.53781732253086,44.11593605324074,46.707383294753086,56.462890625,44.037139892578125,46.62367248535156,59.0,1835011.0,0.8849397183641975,0.08304610039971898,1.7777777777777777,f80375be4086866373592236a8c99c5d,a85a57554ab5d24d
B_001_025_20230910092353_001_004_000_000.jpg,./data/you_foulbrood/normal/B_001_025_20230910092353_001_004_000_000.jpg,0,normal,B_001,B_001_025,B_001_025_20230910,000,1920,1080,2073600,1457484,58.5499267578125,23.93651015190027,6.592641300154327,1.883964120370365,23.864123774509803,6.5855255126953125,1.8908538818359375,68.84574652777778,54.251873070987656,55.26977768132716,68.65756225585938,54.07341003417969,55.074737548828125,60.0,1777649.0,0.8572767168209876,0.09418789814584434,1.7777777777777777,f754fe287c4d3deb3ef663538d825f31,b34c0ae3397aa4ba
B_001_026_20230904131603_001_002_000_000.jpg,./data/you_foulbrood/normal/B_001_026_20230904131603_001_002_000_000.jpg,0,normal,B_001,B_001_026,B_001_026_20230904,000,1920,1080,2073600,1452113,50.742889404296875,20.867551175562816,5.745059799382716,-3.039454571759265,20.83062863817402,5.741180419921875,-3.0386199951171875,56.034189814814816,47.30845486111111,55.6789453125,55.907623291015625,47.201690673828125,55.55357360839844,53.0,1812572.5,0.8741186824845679,0.16224352299449493,1.7777777777777777,4285f5978380c0ca2fe6c9b889211c7d,f852f7f8189a0e46
B_001_026_20230905103502_001_004_000_000.jpg,./data/you_foulbrood/normal/B_001_026_20230905103502_001_004_000_000.jpg,0,normal,B_001,B_001_026,B_001_026_20230905,000,1920,1080,2073600,1429840,51.13459777832031,20.60944175895667,4.240052083333325,-1.469774787808646,20.566484039905024,4.24005126953125,-1.4629974365234375,55.74126494984568,48.656117380401234,52.835866608796294,55.638092041015625,48.53987121582031,52.7083740234375,60.0,1793179.5,0.8647663483796296,0.13216463525668345,1.7777777777777777,903f82b859467a62655980f646423cca,82d3b070f9c47cb6
B_001_026_20230905103507_001_002_000_000.jpg,./data/you_foulbrood/normal/B_001_026_20230905103507_001_002_000_000.jpg,0,normal,B_001,B_001_026,B_001_026_20230905,000,1920,1080,2073600,1566719,56.33734130859375,23.330940223311547,5.009863040123463,2.871235532407411,23.286617503446692,5.0120697021484375,2.8852691650390625,64.62954475308642,53.22389419367284,51.92213541666667,64.50083923339844,53.083526611328125,51.76812744140625,56.0,1857422.0,0.8957474922839506,0.15199136496090318,1.7777777777777777,ee8f73404b931e8b8aa06484a067938e,d9e5027d11c7ed0c
B_001_026_20230905103704_001_004_000_000.jpg,./data/you_foulbrood/normal/B_001_026_20230905103704_001_004_000_000.jpg,0,normal,B_001,B_001_026,B_001_026_20230905,000,1920,1080,2073600,1652304,60.39591979980469,25.03548380386105,7.517208236882709,2.743108603395058,25.023325003829658,7.5109405517578125,2.7419281005859375,72.20683400848766,55.34307098765432,55.97692563657407,72.14956665039062,55.28916931152344,55.91162109375,52.0,1784519.5,0.8605900366512346,0.09256924137109297,1.7777777777777777,fd7196e2103124ca8735331393bb4edd,875e46b6cfa2414b
B_001_026_20230905103906_001_004_000_000.jpg,./data/you_foulbrood/normal/B_001_026_20230905103906_001_004_000_000.jpg,0,normal,B_001,B_001_026,B_001_026_20230905,000,1920,1080,2073600,1605776,53.525604248046875,22.006593818082788,7.1273871527777715,0.14361062885802767,21.975271187576592,7.12335205078125,0.13604736328125,63.178016975308644,48.857247781635806,53.076165605709875,63.088653564453125,48.77250671386719,52.985626220703125,53.0,1838732.0,0.8867341820987654,0.13377756099842342,1.7777777777777777,b4734692f66fdad582c4d519183742ac,e3a768e509fa3a24
B_001_027_20230825112011_001_002_000_000.jpg,./data/you_foulbrood/normal/B_001_027_20230825112011_001_002_000_000.jpg,0,normal,B_001,B_001_027,B_001_027_20230825,000,1920,1080,2073600,1537663,38.14448547363281,15.52403700677802,4.893647762345665,1.350419077932088,15.467146331188726,4.8960418701171875,1.3549957275390625,46.0004759837963,34.83712432484568,36.06676215277778,45.854705810546875,34.685699462890625,35.89697265625,56.0,1799848.5,0.8679824942129629,0.14356621468061287,1.7777777777777777,591a824b90e8dcd7af918d563c3c7011,a95669b5525a2b55
B_001_027_20230829112851_001_002_000_000.jpg,./data/you_foulbrood/normal/B_001_027_20230829112851_001_002_000_000.jpg,0,normal,B_001,B_001_027,B_001_027_20230829,000,1920,1080,2073600,1356145,60.34831237792969,24.9878784268337,5.683407118055555,0.7244372106481478,24.967699237898284,5.6873931884765625,0.7138671875,68.60610628858025,56.4835797646605,59.225292727623454,68.55342102050781,56.43424987792969,59.17622375488281,53.0,1866506.0,0.9001282793209876,0.18427802863580134,1.7777777777777777,bb532b63f611fa339d5078b3b80fb006,91353627cb3499ce
B_001_027_20230909110210_001_002_000_000.jpg,./data/you_foulbrood/normal/B_001_027_20230909110210_001_002_000_000.jpg,0,normal,B_001,B_001_027,B_001_027_20230909,000,1920,1080,2073600,1509729,54.53550720214844,22.35504796054224,6.68229648919754,-2.6120061728395,22.326127594592524,6.686920166015625,-2.6165924072265625,61.47269917052469,50.33932677469136,58.60010754243827,61.40797424316406,50.28028869628906,58.52876281738281,55.0,1880322.5,0.9067913290895062,0.1535402634626079,1.7777777777777777,f23978688b3642c2c835f626be2cece9,c734e4831aab2773
B_001_028_20230824110025_001_003_000_000.jpg,./data/you_foulbrood/normal/B_001_028_20230824110025_001_003_000_000.jpg,0,normal,B_001,B_001_028,B_001_028_20230824,000,1920,1080,2073600,1718782,41.372100830078125,16.710152278503994,4.571787712191366,2.674183063271613,16.63314520143995,4.5616455078125,2.6785430908203125,49.7853549382716,38.273671875,36.98231143904321,49.595672607421875,38.085479736328125,36.78630065917969,58.0,1835706.0,0.8852748842592593,0.17685312869865447,1.7777777777777777,5760e75cbea90de87c4292c078485f7f,d4ee489c9fe190d8
B_001_028_20230825164058_001_003_000_000.jpg,./data/you_foulbrood/normal/B_001_028_20230825164058_001_003_000_000.jpg,0,normal,B_001,B_001_028,B_001_028_20230825,000,1920,1080,2073600,1313006,44.22105407714844,18.475564708908255,1.4975337577160417,2.907544367283947,18.442789713541668,1.4918212890625,2.9074554443359375,47.67878423996913,43.49964361496914,39.70938175154321,47.59278869628906,43.41839599609375,39.62306213378906,48.0,1692443.5,0.8161861014660494,0.049416317125121685,1.7777777777777777,2ecfec20465b14549b30a3d5ce728224,d540f8e75c1dc8f0
B_001_028_20230826164149_001_004_000_000.jpg,./data/you_foulbrood/normal/B_001_028_20230826164149_001_004_000_000.jpg,0,normal,B_001,B_001_028,B_001_028_20230826,000,1920,1080,2073600,1609456,58.41619873046875,24.362641460905348,7.703981481481492,3.8261713927469145,24.32794309129902,7.7014007568359375,3.82598876953125,70.74668547453703,53.5563850308642,52.08894145447531,70.63970947265625,53.4505615234375,51.9779052734375,52.0,1911389.5,0.9217734857253086,0.19159164700871278,1.7777777777777777,67e65c4fc147008ec3945532a9d345d5,d602f88d3e03f8dc
B_001_028_20230827163459_001_001_000_000.jpg,./data/you_foulbrood/normal/B_001_028_20230827163459_001_001_000_000.jpg,0,normal,B_001,B_001_028,B_001_028_20230827,000,1920,1080,2073600,1323711,48.2691650390625,20.072111965928347,4.534504726080257,2.5367235725308603,20.027232450597428,4.51922607421875,2.5291290283203125,55.9232527970679,45.36472993827161,44.13086757330247,55.803466796875,45.26863098144531,44.02784729003906,49.0,1850348.5,0.8923362750771605,0.13794608969493036,1.7777777777777777,cd1ed0b05bcaf630030e4ef0d1a09ca9,879559b4089b95bd
B_001_028_20230831130614_001_004_000_000.jpg,./data/you_foulbrood/normal/B_001_028_20230831130614_001_004_000_000.jpg,0,normal,B_001,B_001_028,B_001_028_20230831,000,1920,1080,2073600,1369773,36.14555358886719,14.94431433067054,2.7858338155864146,-0.2147554976851893,14.888939950980392,2.7867431640625,-0.217742919921875,39.55961371527778,34.57104118441358,36.654639274691355,39.42364501953125,34.438812255859375,36.50146484375,51.0,1732687.0,0.8355936535493828,0.14251443127377988,1.7777777777777777,27f52198c16bbe205c57dcb1f42a3d11,eeff23388e86c182
B_001_028_20230907162943_001_003_000_000.jpg,./data/you_foulbrood/normal/B_001_028_20230907162943_001_003_000_000.jpg,0,normal,B_001,B_001_028,B_001_028_20230907,000,1920,1080,2073600,2017283,85.29765319824219,35.69890481269668,6.064434317129638,3.6944130979938166,35.72123808019302,6.0672454833984375,3.683349609375,95.88631076388889,81.25634837962963,78.69838396990741,95.84721374511719,81.21966552734375,78.66368103027344,65.0,2026766.0,0.9774141589506172,0.18660254287802808,1.7777777777777777,b07596ecb665f1fac9118428c936e217,b24bceb5b5190b46
B_001_029_20230822113144_001_001_000_000.jpg,./data/you_foulbrood/normal/B_001_029_20230822113144_001_001_000_000.jpg,0,normal,B_001,B_001_029,B_001_029_20230822,000,1920,1080,2073600,1385343,35.89710998535156,14.98821468016219,11.214321952160503,4.641511863425933,14.934644512101716,11.214065551757812,4.637054443359375,53.13474922839506,28.65699363425926,29.058919270833332,53.008544921875,28.536834716796875,28.937698364257812,38.0,1174171.0,0.5662475887345679,0.011692760478572643,1.7777777777777777,44d0a69e0cac6509fd3b5df21198c116,86a8ebc7b0e6ca52
B_001_029_20230907102218_001_004_000_000.jpg,./data/you_foulbrood/normal/B_001_029_20230907102218_001_004_000_000.jpg,0,normal,B_001,B_001_029,B_001_029_20230907,000,1920,1080,2073600,1735824,55.67271423339844,22.798858856814327,7.073471257716051,2.3337697723765416,22.764599370021447,7.070587158203125,2.326629638671875,67.04119695216049,50.768154417438275,51.843504533179015,66.95501708984375,50.69621276855469,51.75917053222656,55.0,1899787.0,0.9161781442901235,0.2408617116895035,1.7777777777777777,b9ee355c8da6e0167fed24436ab8aa10,969636f44b6cc91a
B_001_029_20230907103847_001_002_000_000.jpg,./data/you_foulbrood/normal/B_001_029_20230907103847_001_002_000_000.jpg,0,normal,B_001,B_001_029,B_001_029_20230907,000,1920,1080,2073600,1513207,48.55537414550781,19.773422370491406,6.606641107253097,1.3373423032407459,19.697463091681986,6.5984039306640625,1.3411712646484375,58.89522665895062,44.124709683641974,45.94022714120371,58.70896911621094,43.94206237792969,45.738861083984375,55.0,1750595.5,0.8442300829475309,0.12378902974087268,1.7777777777777777,7683997d30e7f29d92bc2755230c34d4,f7310f0c32cc7cc6
B_001_029_20230907163310_001_002_000_000.jpg,./data/you_foulbrood/normal/B_001_029_20230907163310_001_002_000_000.jpg,0,normal,B_001,B_001_029,B_001_029_20230907,000,1920,1080,2073600,1502685,55.016632080078125,22.79864780016945,6.243850790895067,-0.5787051504629659,22.726069431678923,6.25128173828125,-0.58795166015625,63.08782986111111,51.05262635030864,55.946940104166664,62.91770935058594,50.88140869140625,55.77015686035156,53.0,1924237.5,0.9279694733796297,0.1995465943549188,1.7777777777777777,0326e268d610479151820db73d62103b,86f26cc9ec731319
B_001_029_20230907163319_001_001_000_000.jpg,./data/you_foulbrood/normal/B_001_029_20230907163319_001_001_000_000.jpg,0,normal,B_001,B_001_029,B_001_029_20230907,000,1920,1080,2073600,1860796,55.14421081542969,22.64283977093924,3.8198876350308524,4.660826581790133,22.60109695733762,3.82830810546875,4.6633758544921875,63.5362924382716,52.60267698688271,47.19603829089506,63.421661376953125,52.49366760253906,47.08428955078125,62.0,1917726.0,0.9248292824074074,0.2021115378359436,1.7777777777777777,9a339e438663c434d18087ffe0c8c003,beec4dddd8080197
B_001_029_20230909113306_001_001_000_000.jpg,./data/you_foulbrood/normal/B_001_029_20230909113306_001_001_000_000.jpg,0,normal,B_001,B_001_029,B_001_029_20230909,000,1920,1080,2073600,1578143,45.998870849609375,18.614937931190997,6.475782214506182,1.382683738425925,18.594073127297793,6.4708099365234375,1.3849029541015625,56.183087866512345,41.475210262345676,43.19270881558642,56.107696533203125,41.42131042480469,43.12615966796875,59.0,1780966.0,0.858876350308642,0.08531080114824773,1.7777777777777777,960ed82d464a03dc5ec5d9d99e8d70a7,f2093ec53fc03837
B_001_030_20230905135551_001_001_000_000.jpg,./data/you_foulbrood/normal/B_001_030_20230905135551_001_001_000_000.jpg,0,normal,B_001,B_001_030,B_001_030_20230905,000,1920,1080,2073600,1528368,83.12527465820312,34.75187927408618,7.109707754629625,3.9234302662036953,34.711112228094365,7.109527587890625,3.9192657470703125,95.51333526234568,78.31436294367283,76.43787037037038,95.40580749511719,78.20500183105469,76.32568359375,56.0,2030386.0,0.9791599151234568,0.4200904041450676,1.7777777777777777,fc32069ef39224070c4e1f38738598cc,a8cae4a6621d9de5
B_001_030_20230906141225_001_004_000_000.jpg,./data/you_foulbrood/normal/B_001_030_20230906141225_001_004_000_000.jpg,0,normal,B_001,B_001_030,B_001_030_20230906,000,1920,1080,2073600,1576367,53.47943115234375,22.091473198075526,7.584896315586434,4.072605613425935,22.064143162147673,7.587127685546875,4.073394775390625,66.53527970679012,48.31693962191358,46.45600260416666,66.46376037597656,48.25738525390625,46.3795166015625,52.0,1884225.0,0.9086733217592593,0.18938703866476664,1.7777777777777777,61e655908425f9b0b443f79a12d8ba29,e722854e32fa31ec
B_001_030_20230910104623_001_001_000_000.jpg,./data/you_foulbrood/normal/B_001_030_20230910104623_001_001_000_000.jpg,0,normal,B_001,B_001_030,B_001_030_20230910,000,1920,1080,2073600,1458113,41.96337890625,16.80308755446623,6.164748746141981,-5.538777006172836,16.77048627068015,6.16607666015625,-5.53692626953125,46.50789978780864,38.1391584683642,50.63399691358025,46.41642761230469,38.0618896484375,50.52732849121094,57.0,1832470.5,0.8837145543981482,0.1485334021680119,1.7777777777777777,23f27f05c0cd690cde7d09ccdeeb0e0f,c9cb7c746423bb18
C_001_001_20230831140409_001_001_000_000.jpg,./data/you_foulbrood/normal/C_001_001_20230831140409_001_001_000_000.jpg,0,normal,C_001,C_001_001,C_001_001_20230831,000,1920,1080,2073600,930350,179.43577575683594,73.19390696865166,-0.0066483410493844985,-2.8025458140432136,73.14740349264706,0.0174560546875,-2.77154541015625,177.21953896604938,179.76527633101853,184.62562258873456,177.1011505126953,179.64646911621094,184.50355529785156,149.0,2070600.0,0.9985532407407407,0.7235404681217645,1.7777777777777777,1538451c4d9293ca487fa95cf3f45373,c4641b9b9b656666
C_001_002_20230829145715_001_001_000_000.jpg,./data/you_foulbrood/normal/C_001_002_20230829145715_001_001_000_000.jpg,0,normal,C_001,C_001_002,C_001_002_20230829,000,1920,1080,2073600,891930,180.22518920898438,73.47310975702008,0.31919319058641804,-3.6484230324074076,73.42474245557598,0.3096466064453125,-3.6508331298828125,177.23841820987656,180.54225405092592,187.23017939814815,177.11276245117188,180.4120330810547,187.10023498535156,156.0,2070583.0,0.9985450424382716,0.7210592435771074,1.7777777777777777,b1eb28134a753640933592c17e7c2d62,983cc7c3393c1eb8
C_001_002_20230829145737_001_001_000_000.jpg,./data/you_foulbrood/normal/C_001_002_20230829145737_001_001_000_000.jpg,0,normal,C_001,C_001_002,C_001_002_20230829,000,1920,1080,2073600,873332,179.14381408691406,73.2420804587267,-0.8290769675925986,-4.047943672839509,73.2028258080576,-0.8557281494140625,-4.017181396484375,174.10320891203705,180.60380160108025,186.8466859567901,173.99000549316406,180.49758911132812,186.732421875,157.0,2070457.5,0.9984845196759259,0.7037373072483488,1.7777777777777777,5f99fbd133b23dea3d6fc683b33e34e6,9838c7c339cece38
C_001_005_20230821171650_001_001_000_000.jpg,./data/you_foulbrood/normal/C_001_005_20230821171650_001_001_000_000.jpg,0,normal,C_001,C_001_005,C_001_005_20230821,000,1920,1080,2073600,656743,120.7119140625,50.82539147603486,-0.2721865354938302,-2.0270997299382714,50.788215188419116,-0.2588653564453125,-2.0501861572265625,118.48981674382716,121.15678096064815,124.5878018904321,118.39808654785156,121.05755615234375,124.48829650878906,106.0,2070164.0,0.9983429783950617,0.6929327310146468,1.7777777777777777,8c4ac123a41a4af29249b55bbcae8c0d,c6996c3399649b66
C_001_005_20230821171952_001_001_000_000.jpg,./data/you_foulbrood/normal/C_001_005_20230821171952_001_001_000_000.jpg,0,normal,C_001,C_001_005,C_001_005_20230821,000,1920,1080,2073600,567486,121.51789855957031,51.15704259713144,-0.22537471064815406,-2.3196513310185196,51.12449496400122,-0.2122802734375,-2.333526611328125,119.19762924382717,121.91594714506172,125.87502266589506,119.11695861816406,121.83734130859375,125.78993225097656,106.0,2070598.0,0.9985522762345679,0.7231401235896873,1.7777777777777777,44582ce745c3f1c8dc3b3f13daa407c5,93cccc3331d9c78c
C_001_005_20230821172456_001_001_000_000.jpg,./data/you_foulbrood/normal/C_001_005_20230821172456_001_001_000_000.jpg,0,normal,C_001,C_001_005,C_001_005_20230821,000,1920,1080,2073600,659331,120.52191162109375,50.74556516279351,-0.31643566743827023,-2.0482320601851853,50.70634430530024,-0.305572509765625,-2.0697021484375,118.20551890432098,121.01675491898148,124.42388069058642,118.10577392578125,120.90725708007812,124.31761169433594,107.0,2070535.5,0.9985221354166667,0.7152242722802701,1.7777777777777777,233c2d404ff88a9edb3f47f64c592eba,c699d96693641b99
C_001_005_20230821172540_001_001_000_000.jpg,./data/you_foulbrood/normal/C_001_005_20230821172540_001_001_000_000.jpg,0,normal,C_001,C_001_005,C_001_005_20230821,000,1920,1080,2073600,668371,120.59304809570312,50.79397467320261,-0.18676167052468884,-2.0443137538580203,50.75187533509497,-0.1755828857421875,-2.066131591796875,118.45970679012346,121.02228877314815,124.54282069830246,118.36137390136719,120.91539001464844,124.43849182128906,107.0,2070545.5,0.9985269579475309,0.7175714036300151,1.7777777777777777,a3ad5a6cf7bfe5bdae4e597c83de7d9f,c59992666999666b
C_001_005_20230821175515_001_001_000_000.jpg,./data/you_foulbrood/normal/C_001_005_20230821175515_001_001_000_000.jpg,0,normal,C_001,C_001_005,C_001_005_20230821,000,1920,1080,2073600,683115,121.03207397460938,50.9568069550351,-0.3776340663580271,-2.0075303819444485,50.91966217639399,-0.35943603515625,-2.0335693359375,118.63935281635803,121.53323832947531,124.87203028549382,118.54768371582031,121.43312072753906,124.77531433105469,107.0,2070246.0,0.9983825231481481,0.7040121428740828,1.7777777777777777,6056676b753a27477493618c9120142a,d3cccd3364cc3338
C_001_005_20230821181255_001_001_000_000.jpg,./data/you_foulbrood/normal/C_001_005_20230821181255_001_001_000_000.jpg,0,normal,C_001,C_001_005,C_001_005_20230821,000,1920,1080,2073600,660607,120.57064819335938,50.77659767610748,-0.2280733989197472,-2.1486631944444383,50.73614382276348,-0.212310791015625,-2.16851806640625,118.33080922067901,120.99756944444445,124.65824652777778,118.2330322265625,120.89445495605469,124.55499267578125,108.0,2064890.5,0.9957998167438271,0.46545138052092105,1.7777777777777777,64b90319ecb2ae2f5cb956d28edc7739,c399cd64339bcc8c
C_001_006_20230822163518_001_001_000_000.jpg,./data/you_foulbrood/normal/C_001_006_20230822163518_001_001_000_000.jpg,0,normal,C_001,C_001_006,C_001_006_20230822,000,1920,1080,2073600,623969,121.03012084960938,50.90245438453159,-0.4390277777777811,-2.2264120370370364,50.87309594247856,-0.433868408203125,-2.241455078125,118.35351851851851,121.58167872299383,125.14426938657408,118.27362060546875,121.49356079101562,125.050048828125,106.0,2070523.5,0.9985163483796297,0.7139140385387219,1.7777777777777777,6949aa546adba29a522aee6eb42b2d81,90f1c7ce3831c9ce
C_001_013_20230822164044_001_001_000_000.jpg,./data/you_foulbrood/normal/C_001_013_20230822164044_001_001_000_000.jpg,0,normal,C_001,C_001_013,C_001_013_20230822,000,1920,1080,2073600,774397,120.45858764648438,50.69713598402324,-0.35318528163580254,-1.9419511959876559,50.65232819201899,-0.3387298583984375,-1.958404541015625,118.1772690007716,121.00138937114197,124.17544029706791,118.05990600585938,120.87648010253906,124.05354309082031,103.0,2070593.5,0.998550106095679,0.7223160633199529,1.7777777777777777,f95f815261c73cdede99079f013b724e,93cc4c33cf39cc43
C_001_013_20230822164124_001_001_000_000.jpg,./data/you_foulbrood/normal/C_001_013_20230822164124_001_001_000_000.jpg,0,normal,C_001,C_001_013,C_001_013_20230822,000,1920,1080,2073600,650076,120.65780639648438,50.788319830246905,-0.17515528549382964,-2.1007132523148186,50.750373391544116,-0.168609619140625,-2.1209564208984375,118.4665591242284,121.06539496527778,124.67410686728395,118.37162780761719,120.96739196777344,124.56855773925781,106.0,2070573.0,0.9985402199074074,0.7210557611799101,1.7777777777777777,d18bb1eb8317aa368f4df3954b048e36,c699996633663699
C_001_015_20230828145032_001_001_000_000.jpg,./data/you_foulbrood/normal/C_001_015_20230828145032_001_001_000_000.jpg,0,normal,C_001,C_001_015,C_001_015_20230828,000,1920,1080,2073600,1041541,177.9610595703125,72.97096212327524,-2.8499498456790064,-2.9278293788580214,72.92019713158702,-2.804534912109375,-2.9148712158203125,170.94783661265433,180.74500434027777,184.29476321373457,170.81768798828125,180.61740112304688,184.1641845703125,153.0,2070536.5,0.998522617669753,0.715339722449982,1.7777777777777777,a46c9cecad74bd12e72011381dcf7961,c4669b9964677266
C_001_017_20231011133646_001_001_000_000.jpg,./data/you_foulbrood/normal/C_001_017_20231011133646_001_001_000_000.jpg,0,normal,C_001,C_001_017,C_001_017_20231011,000,1920,1080,2073600,507972,179.60760498046875,73.31677805767369,-0.44696518132715823,-2.431618441358026,73.28819125306373,-0.434173583984375,-2.421173095703125,177.15249421296295,180.28158468364197,184.07728877314815,177.0738067626953,180.20516967773438,184.00076293945312,161.0,2069686.5,0.9981127025462962,0.6703971040853351,1.7777777777777777,fd316be810749d5dd6b8ba7b67f38e2b,93cc983366c69bcc
C_001_017_20231011140334_001_001_000_000.jpg,./data/you_foulbrood/normal/C_001_017_20231011140334_001_001_000_000.jpg,0,normal,C_001,C_001_017,C_001_017_20231011,000,1920,1080,2073600,849438,178.62562561035156,73.02653696895426,-1.4532016782407453,-3.324372588734562,72.98545687806373,-1.435211181640625,-3.298004150390625,173.58488088348764,180.2251133294753,184.9536366705247,173.4612579345703,180.10324096679688,184.82801818847656,154.0,2070599.0,0.9985527584876543,0.7233402543583723,1.7777777777777777,f431bc96aeb7406481802e43fec2484f,9766cc9933666471
C_001_017_20231011142748_001_001_000_000.jpg,./data/you_foulbrood/normal/C_001_017_20231011142748_001_001_000_000.jpg,0,normal,C_001,C_001_017,C_001_017_20231011,000,1920,1080,2073600,883480,180.9365692138672,73.79351360142822,-0.38082609953703184,-2.4022569444444457,73.74886905445771,-0.3568115234375,-2.3732147216796875,178.3597699652778,181.56424913194445,185.48316888503086,178.2421417236328,181.44540405273438,185.3629150390625,160.0,2069845.5,0.998189380787037,0.66299036521828,1.7777777777777777,0b157c26b6558516f6653ea850829212,93c9cc6699666699
C_001_017_20231011143806_001_001_000_000.jpg,./data/you_foulbrood/normal/C_001_017_20231011143806_001_001_000_000.jpg,0,normal,C_001,C_001_017,C_001_017_20231011,000,1920,1080,2073600,847881,179.09507751464844,73.07402093167514,0.28921392746914876,-3.9240880594135774,73.02816353592218,0.2773895263671875,-3.928009033203125,175.90024932484567,179.45837046682098,186.5417221257716,175.7786865234375,179.33535766601562,186.4178466796875,161.0,2067487.5,0.9970522280092593,0.5567644762666859,1.7777777777777777,6ef628d36778b9642672a5476ee15d75,929bcc6c3333ccd8
C_001_018_20230826160933_001_001_000_000.jpg,./data/you_foulbrood/normal/C_001_018_20230826160933_001_001_000_000.jpg,0,normal,C_001,C_001_018,C_001_018_20230826,000,1920,1080,2073600,632734,178.07049560546875,72.97119171356815,-2.868859953703705,-3.934133873456787,72.93415742761948,-2.8460540771484375,-3.9069366455078125,170.1191121720679,180.85920524691358,185.80482349537036,170.01702880859375,180.75941467285156,185.70028686523438,153.0,2070600.0,0.9985532407407407,0.7235404681217645,1.7777777777777777,94f3a16c778e70e87248138758b64680,9c1e0fc3e1f0f0e1
C_001_018_20230826161023_001_001_000_000.jpg,./data/you_foulbrood/normal/C_001_018_20230826161023_001_001_000_000.jpg,0,normal,C_001,C_001_018,C_001_018_20230826,000,1920,1080,2073600,837362,179.4032440185547,73.16711185245703,-0.3556447723765501,-3.2149667245370352,73.12909294577206,-0.326873779296875,-3.20880126953125,176.0900139853395,179.97736255787038,185.53783130787036,175.98135375976562,179.8721923828125,185.4283905029297,153.0,2070600.5,0.998553481867284,0.7238820243080569,1.7777777777777777,1ab2f4a263dd614cb72f63dfb89e5987,9c38c3c73ce3c13c
C_001_018_20230826162125_001_001_000_000.jpg,./data/you_foulbrood/normal/C_001_018_20230826162125_001_001_000_000.jpg,0,normal,C_001,C_001_018,C_001_018_20230826,000,1920,1080,2073600,846997,179.1790313720703,73.06669919511015,0.11787471064815236,-3.3624209104938245,73.02041446461396,0.121246337890625,-3.3571319580078125,176.39011911651235,179.4801461226852,185.5785083912037,176.26107788085938,179.353515625,185.44381713867188,156.0,2070593.0,0.9985498649691358,0.7224569058614007,1.7777777777777777,4c24d05c5948caf3663fd6adf61467a7,9ce1c31e38e1c7c6
C_001_018_20230826162655_001_001_000_000.jpg,./data/you_foulbrood/normal/C_001_018_20230826162655_001_001_000_000.jpg,0,normal,C_001,C_001_018,C_001_018_20230826,000,1920,1080,2073600,847757,180.68087768554688,73.62259856874849,0.10775945216050786,-3.071945891203697,73.58193191827512,0.10858154296875,-3.069580078125,178.00591242283951,180.9868070023148,186.58244116512347,177.89801025390625,180.8782501220703,186.46949768066406,158.0,2070585.0,0.9985460069444444,0.7210599400565468,1.7777777777777777,2f12abe0a5dd2a8de193045f94a70db6,9ce1c71e70731ee0
C_001_018_20230826162705_001_001_000_000.jpg,./data/you_foulbrood/normal/C_001_018_20230826162705_001_001_000_000.jpg,0,normal,C_001,C_001_018,C_001_018_20230826,000,1920,1080,2073600,883511,180.31874084472656,73.50124251089325,-0.009875578703699261,-3.011516685956792,73.45610375497856,-0.0003814697265625,-3.010589599609375,177.5563498263889,180.69232011959878,186.12173466435186,177.43386840820312,180.5679473876953,185.9967498779297,159.0,2070489.0,0.9984997106481481,0.7055141067449343,1.7777777777777777,a5dc90aa39348ef5b871820c2ddb3510,8665999992366779
C_001_018_20230826164937_001_001_000_000.jpg,./data/you_foulbrood/normal/C_001_018_20230826164937_001_001_000_000.jpg,0,normal,C_001,C_001_018,C_001_018_20230826,000,1920,1080,2073600,860031,180.9052734375,73.77276972131446,-0.20439187885801857,-3.656211902006177,73.7291104185815,-0.2048187255859375,-3.6399688720703125,177.23648967978394,181.66070023148148,187.90247058256173,177.11585998535156,181.5413818359375,187.78060913085938,154.0,2070600.0,0.9985532407407407,0.7235404681217645,1.7777777777777777,4b52fb3a53c6f3f37927cecbbcb4d4a0,91c7ce1831e3cdcc
C_001_018_20231012104840_001_001_000_000.jpg,./data/you_foulbrood/normal/C_001_018_20231012104840_001_001_000_000.jpg,0,normal,C_001,C_001_018,C_001_018_20231012,000,1920,1080,2073600,805304,179.5020751953125,73.24563475853304,-0.10223186728394751,-2.7494280478395012,73.20533303653492,-0.0890655517578125,-2.72625732421875,177.03832513503087,179.966774691358,184.64338541666666,176.931396484375,179.85939025878906,184.53346252441406,159.0,2069753.5,0.9981450135030864,0.6581546688200037,1.7777777777777777,4c75eaaf76689840c9f496669322b17f,93e68c9966cc3333
C_001_018_20231012110234_001_001_000_000.jpg,./data/you_foulbrood/normal/C_001_018_20231012110234_001_001_000_000.jpg,0,normal,C_001,C_001_018,C_001_018_20231012,000,1920,1080,2073600,833043,178.61822509765625,72.94134837962964,-0.8965581597222183,-3.107338445216044,72.89939132391238,-0.8597412109375,-3.095855712890625,174.69143952546295,179.5773789544753,184.52643180941357,174.56863403320312,179.4535675048828,184.3988494873047,159.0,2067695.0,0.9971522955246913,0.578827766545986,1.7777777777777777,df4880e74fdbb3833e21c9b884d66b45,86e4999b336466ec
C_001_018_20231012111524_001_001_000_000.jpg,./data/you_foulbrood/normal/C_001_018_20231012111524_001_001_000_000.jpg,0,normal,C_001,C_001_018,C_001_018_20231012,000,1920,1080,2073600,882256,178.0469512939453,72.7223928074316,-0.3649995177469094,-3.5652864583333326,72.67865349264706,-0.347198486328125,-3.5639495849609375,174.35376494984567,178.7802555941358,184.83082609953703,174.2299346923828,178.65557861328125,184.7047119140625,158.0,2069437.0,0.9979923804012346,0.637650890843807,1.7777777777777777,29fa330b8f9d4bcd76b051a4a955b40c,93668c993366669b
C_001_018_20231012114428_001_001_000_000.jpg,./data/you_foulbrood/normal/C_001_018_20231012114428_001_001_000_000.jpg,0,normal,C_001,C_001_018,C_001_018_20231012,000,1920,1080,2073600,842462,178.42799377441406,72.85890201373759,-0.18743778935184707,-2.846615547839505,72.81667671951593,-0.1738433837890625,-2.8251495361328125,175.73847415123456,178.96131317515432,183.77494839891975,175.62387084960938,178.84811401367188,183.6565399169922,158.0,2070109.0,0.9983164544753086,0.6769818289037787,1.7777777777777777,43a2b2392b02bea376ff76be242813b1,866699d966939b64
C_001_018_20231012132436_001_001_000_000.jpg,./data/you_foulbrood/normal/C_001_018_20231012132436_001_001_000_000.jpg,0,normal,C_001,C_001_018,C_001_018_20231012,000,1920,1080,2073600,803685,178.4166259765625,72.84430014675623,-0.884025366512347,-3.1491661844135734,72.80491249234069,-0.8477020263671875,-3.130645751953125,174.47572964891975,179.38073591820987,184.3991468942901,174.361328125,179.2637481689453,184.27603149414062,152.0,2070601.0,0.9985537229938272,0.7237407649257476,1.7777777777777777,46827e653fc44901c6f8fb474d5a273f,8666999b336466f2
C_001_018_20231012134814_001_001_000_000.jpg,./data/you_foulbrood/normal/C_001_018_20231012134814_001_001_000_000.jpg,0,normal,C_001,C_001_018,C_001_018_20231012,000,1920,1080,2073600,810626,179.89144897460938,73.41268098674654,-0.6815465856481495,-2.464529803240737,73.36905086741729,-0.65460205078125,-2.432464599609375,176.95315827546295,180.71499758873458,184.48239824459876,176.83572387695312,180.5941619873047,184.35348510742188,155.0,2070597.0,0.9985517939814815,0.7228573821103051,1.7777777777777777,ac262d1a1dc688fea969b8b24dfd57fa,86cc99b366649b99
C_001_018_20231012142320_001_001_000_000.jpg,./data/you_foulbrood/normal/C_001_018_20231012142320_001_001_000_000.jpg,0,normal,C_001,C_001_018,C_001_018_20231012,000,1920,1080,2073600,952210,179.39382934570312,73.19588912339627,0.25755160108025166,-3.0948427854938245,73.1456023571538,0.2484588623046875,-3.078277587890625,177.02703607253088,179.73449701003085,185.22917197145063,176.8975830078125,179.6042022705078,185.0985107421875,160.0,2067944.5,0.9972726176697531,0.5397906453982978,1.7777777777777777,c2a0ea80d59f769df55cdcd2a7f385b7,93c6999966cc3366
C_001_018_20231012143714_001_001_000_000.jpg,./data/you_foulbrood/normal/C_001_018_20231012143714_001_001_000_000.jpg,0,normal,C_001,C_001_018,C_001_018_20231012,000,1920,1080,2073600,901154,180.37594604492188,73.72527989590898,-1.6899083719135746,-3.4912678433641986,73.68476418887867,-1.677764892578125,-3.450439453125,174.80351321373456,182.23579764660494,186.95710407021605,174.68475341796875,182.11865234375,186.8370361328125,161.0,2069139.0,0.9978486689814815,0.6337482669073777,1.7777777777777777,8790bfe0dab6297bb6543f0a76a7e02f,86b399cc663339cc
C_001_018_20231012150622_001_001_000_000.jpg,./data/you_foulbrood/normal/C_001_018_20231012150622_001_001_000_000.jpg,0,normal,C_001,C_001_018,C_001_018_20231012,000,1920,1080,2073600,819466,180.08311462402344,73.58468137254901,-0.7847771990740711,-4.033608699845672,73.54394650926777,-0.8087005615234375,-4.008636474609375,175.15940007716048,181.5040060763889,187.73351273148148,175.0412139892578,181.3911590576172,187.61729431152344,162.0,2061401.5,0.9941172357253086,0.4277719463773901,1.7777777777777777,a54f863f5c4e42955413df532906e8fd,9666ccc9333364ce
C_001_018_20231012153632_001_001_000_000.jpg,./data/you_foulbrood/normal/C_001_018_20231012153632_001_001_000_000.jpg,0,normal,C_001,C_001_018,C_001_018_20231012,000,1920,1080,2073600,878021,178.84010314941406,73.00578060699588,-0.16797791280863805,-2.7279899691358054,72.96381931678921,-0.156951904296875,-2.7089996337890625,176.20942177854937,179.37411747685186,184.00799961419753,176.09521484375,179.26126098632812,183.8918914794922,161.0,2062873.5,0.9948271122685185,0.4707541689455468,1.7777777777777777,1cba8570f9da310a3a381bad8ec6eaa2,8766989b33646cb3
C_001_018_20231012160316_001_001_000_000.jpg,./data/you_foulbrood/normal/C_001_018_20231012160316_001_001_000_000.jpg,0,normal,C_001,C_001_018,C_001_018_20231012,000,1920,1080,2073600,873835,179.97274780273438,73.37526438816268,0.1186728395061607,-2.9063966049382657,73.33196303423713,0.1317596435546875,-2.88311767578125,177.65754340277778,180.2867047646605,185.4530078125,177.54037475585938,180.1690216064453,185.32644653320312,155.0,2070586.0,0.9985464891975309,0.7218906451588635,1.7777777777777777,946a75bcdeec7b4d4224ed39a7bf7c17,86999966333366cd
C_001_018_20231012161804_001_001_000_000.jpg,./data/you_foulbrood/normal/C_001_018_20231012161804_001_001_000_000.jpg,0,normal,C_001,C_001_018,C_001_018_20231012,000,1920,1080,2073600,875517,180.98471069335938,73.93510064905591,-0.8223813657407391,-4.049519193672836,73.88796937231923,-0.8450927734375,-4.01580810546875,176.00240210262345,182.47462625385802,188.6801027199074,175.8732147216797,182.34414672851562,188.5435028076172,176.0,1590087.5,0.7668246045524691,0.06466159016579538,1.538888888888889,f8c2b7aa7fdfc447c3a06685301ef1ec,869b996433996c9e
C_001_018_20231012162240_001_001_000_000.jpg,./data/you_foulbrood/normal/C_001_018_20231012162240_001_001_000_000.jpg,0,normal,C_001,C_001_018,C_001_018_20231012,000,1920,1080,2073600,813548,179.57958984375,73.26965947258533,-0.12814525462962933,-2.941750096450619,73.22955561619179,-0.1140899658203125,-2.9222869873046875,176.89708719135803,180.05481674382716,185.086936246142,176.78981018066406,179.9464874267578,184.97586059570312,175.0,1568425.0,0.7563777970679012,0.05858796636198955,1.5324074074074074,110cfc559bbde58d0f6cf1842fc662d0,87c69861679a996d
C_001_018_20231012164100_001_001_000_000.jpg,./data/you_foulbrood/normal/C_001_018_20231012164100_001_001_000_000.jpg,0,normal,C_001,C_001_018,C_001_018_20231012,000,1920,1080,2073600,955831,179.06263732910156,73.17988531832486,-0.32909529320987474,-4.229915605709877,73.13595640893077,-0.3629913330078125,-4.208953857421875,174.59141637731483,180.18340760030864,187.08971016589507,174.47113037109375,180.06517028808594,186.9701690673828,159.0,2069618.5,0.9980799093364198,0.6109001075603525,1.7777777777777777,86b0bd681e738d9b58b9d6b4b350d0d2,c46c9b93266d4d36
C_001_018_20231012164852_001_001_000_000.jpg,./data/you_foulbrood/normal/C_001_018_20231012164852_001_001_000_000.jpg,0,normal,C_001,C_001_018,C_001_018_20231012,000,1920,1080,2073600,859198,178.24481201171875,72.93170483085208,-1.4152165316358065,-3.834273244598762,72.89502910539215,-1.4131927490234375,-3.7987060546875,172.7548476080247,179.96508101851853,185.44821855709876,172.64837646484375,179.85853576660156,185.3409423828125,174.0,1551610.0,0.748268711419753,0.06353414530532166,1.5046296296296295,aeb121a02aabf5b98aede2dbb000494f,869b996433b364ce
C_001_019_20230909155531_001_001_000_000.jpg,./data/you_foulbrood/normal/C_001_019_20230909155531_001_001_000_000.jpg,0,normal,C_001,C_001_019,C_001_019_20230909,000,1920,1080,2073600,866321,180.77023315429688,73.69426497064875,-0.48274787808641406,-2.8614453124999955,73.65117690142463,-0.4494781494140625,-2.8511505126953125,177.69052276234567,181.36691840277777,186.18551601080247,177.57110595703125,181.24710083007812,186.0647430419922,176.0,1577765.0,0.7608820408950617,0.052861042320873686,1.5314814814814814,7f1d00fea9f4cef79c046c9cba644bb9,91cc4e31cd73cc33
C_001_019_20231013104650_001_001_000_000.jpg,./data/you_foulbrood/normal/C_001_019_20231013104650_001_001_000_000.jpg,0,normal,C_001,C_001_019,C_001_019_20231013,000,1920,1080,2073600,719728,179.07054138183594,73.0886188271605,-0.32534963348764734,-3.0159442515432033,73.04789225260417,-0.306396484375,-3.00189208984375,176.0433733603395,179.66830825617285,184.71836033950618,175.93533325195312,179.55892944335938,184.61013793945312,175.0,1508572.5,0.727513744212963,0.06357046348342935,1.4722222222222223,00e478190f17d97e6d6140bcbb690f58,9399ccc633999966
C_001_019_20231013104752_001_001_000_000.jpg,./data/you_foulbrood/normal/C_001_019_20231013104752_001_001_000_000.jpg,0,normal,C_001,C_001_019,C_001_019_20231013,000,1920,1080,2073600,753583,179.2801971435547,73.1534767610748,0.1302155671296248,-3.2974117476851887,73.10785630170037,0.1316680908203125,-3.285552978515625,176.58491608796297,179.6828940007716,185.46861593364198,176.4624786376953,179.55865478515625,185.34510803222656,158.0,2069994.5,0.9982612364969136,0.6682703436433769,1.7777777777777777,330460a1e093171d2fc2775a36ca5bd5,86649999327667cd
C_001_019_20231013112220_001_001_000_000.jpg,./data/you_foulbrood/normal/C_001_019_20231013112220_001_001_000_000.jpg,0,normal,C_001,C_001_019,C_001_019_20231013,000,1920,1080,2073600,858990,178.32257080078125,72.80560170055676,-0.48578848379629846,-3.064632040895063,72.76431214575673,-0.457305908203125,-3.052581787109375,175.01455150462962,178.9880222800926,184.12848186728394,174.89669799804688,178.87176513671875,184.00819396972656,157.0,2070329.0,0.998422550154321,0.6892871848511261,1.7777777777777777,83c0061b2dae321f2b480d8a935e3210,86e699994ccc3373
C_001_019_20231013113554_001_001_000_000.jpg,./data/you_foulbrood/normal/C_001_019_20231013113554_001_001_000_000.jpg,0,normal,C_001,C_001_019,C_001_019_20231013,000,1920,1080,2073600,831167,179.8060302734375,73.36867075919875,-0.27908034336419973,-2.5341126543209924,73.32706825405944,-0.26556396484375,-2.506561279296875,177.25768904320987,180.37964795524692,184.58530671296296,177.14364624023438,180.26824951171875,184.46363830566406,160.0,2066334.0,0.9964959490740741,0.5234951306325003,1.7777777777777777,72408ff12257c037e818b5779592cc72,93c9cc7666b1338c
C_001_019_20231013114920_001_001_000_000.jpg,./data/you_foulbrood/normal/C_001_019_20231013114920_001_001_000_000.jpg,0,normal,C_001,C_001_019,C_001_019_20231013,000,1920,1080,2073600,835085,179.95547485351562,73.39876826888162,-0.060551697530868864,-3.074227912808638,73.35895014744179,-0.05181884765625,-3.0618133544921875,177.18711902006171,180.39724006558643,185.73629099151233,177.07847595214844,180.288818359375,185.62562561035156,175.0,1556374.5,0.75056640625,0.06965832432399766,1.5185185185185186,4bb0dbacfcccfe9a3cd7fa4cde95e774,86c6999b67649a93
C_001_019_20231013132952_001_001_000_000.jpg,./data/you_foulbrood/normal/C_001_019_20231013132952_001_001_000_000.jpg,0,normal,C_001,C_001_019,C_001_019_20231013,000,1920,1080,2073600,845466,179.35638427734375,73.18060056584363,-0.04255835262345897,-3.188442322530861,73.13569910386029,-0.0311126708984375,-3.17327880859375,176.5653665123457,179.80320023148147,185.34368537808643,176.44683837890625,179.68202209472656,185.21920776367188,175.0,1540817.0,0.7430637538580247,0.06020937732993189,1.5185185185185186,2b26e5c87a2451714d90d056685cac02,86e4999b336c64b6
C_001_019_20231013134852_001_001_000_000.jpg,./data/you_foulbrood/normal/C_001_019_20231013134852_001_001_000_000.jpg,0,normal,C_001,C_001_019,C_001_019_20231013,000,1920,1080,2073600,821182,179.33016967773438,73.19535013465263,-0.1860884452160434,-2.87293016975309,73.14915077359069,-0.1693267822265625,-2.8476715087890625,176.7143397955247,179.8475462962963,184.68456597222223,176.59339904785156,179.7269744873047,184.56146240234375,175.0,1536257.0,0.7408646797839507,0.0621208019770262,1.488888888888889,e5b13dab98c846a589f64c4ae6c7923d,8699cd66339bcc31
C_001_019_20231013135444_001_001_000_000.jpg,./data/you_foulbrood/normal/C_001_019_20231013135444_001_001_000_000.jpg,0,normal,C_001,C_001_019,C_001_019_20231013,000,1920,1080,2073600,742161,178.76486206054688,72.96055226488744,-0.2055854552469185,-2.9874551504629636,72.91857551125919,-0.190704345703125,-2.978668212890625,175.85123360339506,179.27177613811727,184.4403515625,175.73782348632812,179.15647888183594,184.3192596435547,160.0,2066449.5,0.9965516493055555,0.5351024572144537,1.7777777777777777,b2c7227025c4642ffbdf84e942ec9d32,93d8cce637313199
C_001_019_20231013141058_001_001_000_000.jpg,./data/you_foulbrood/normal/C_001_019_20231013141058_001_001_000_000.jpg,0,normal,C_001,C_001_019,C_001_019_20231013,000,1920,1080,2073600,853639,178.56219482421875,72.93632235687485,-0.7821956983024734,-2.8237225115740756,72.89368274165135,-0.7504119873046875,-2.799591064453125,175.06594569830247,179.46212336033952,183.87749469521606,174.94268798828125,179.3426971435547,183.74961853027344,160.0,2064440.0,0.9955825617283951,0.5023671583556232,1.7777777777777777,aa31f5b418381d5c4392f934d803c934,93e6cc993166c699
C_001_019_20231013142750_001_001_000_000.jpg,./data/you_foulbrood/normal/C_001_019_20231013142750_001_001_000_000.jpg,0,normal,C_001,C_001_019,C_001_019_20231013,000,1920,1080,2073600,588426,180.392578125,73.53954891370128,0.03749662422839606,-3.176202739197535,73.50591322954963,0.046661376953125,-3.1692047119140625,177.6663064236111,180.74576871141974,186.3399035493827,177.57350158691406,180.6523895263672,186.24520874023438,161.0,2069414.5,0.9979815297067901,0.6462269563321978,1.7777777777777777,fa5b39cef8b5ac9041d709ae3e89f60c,9363cc9933cccc33
C_001_019_20231013142908_001_001_000_000.jpg,./data/you_foulbrood/normal/C_001_019_20231013142908_001_001_000_000.jpg,0,normal,C_001,C_001_019,C_001_019_20231013,000,1920,1080,2073600,856449,179.03329467773438,73.1583997140523,-1.1526403356481438,-3.2457913773148164,73.11777750651042,-1.1315155029296875,-3.223846435546875,174.478493441358,180.37157021604938,185.20009452160494,174.35899353027344,180.25511169433594,185.08050537109375,160.0,2067566.5,0.9970903260030864,0.5826890497075228,1.7777777777777777,97adbf047b20ddc15fd4a0a141b48335,86e699cd19996693
C_001_019_20231013144757_001_001_000_000.jpg,./data/you_foulbrood/normal/C_001_019_20231013144757_001_001_000_000.jpg,0,normal,C_001,C_001_019,C_001_019_20231013,000,1920,1080,2073600,954426,179.08497619628906,73.10866561516583,-0.155648630401231,-2.530692997685179,73.05754418466606,-0.1401214599609375,-2.511322021484375,176.70746334876543,179.60794126157407,183.89464988425925,176.5701446533203,179.47225952148438,183.76329040527344,159.0,2069009.5,0.9977862172067902,0.5853486598506852,1.7777777777777777,ba4731dd95fdef7e3965adea6c83bf16,86cc99334cdc336e
C_001_019_20231013145309_001_001_000_000.jpg,./data/you_foulbrood/normal/C_001_019_20231013145309_001_001_000_000.jpg,0,normal,C_001,C_001_019,C_001_019_20231013,000,1920,1080,2073600,574469,178.69679260253906,72.91158485384895,-0.002608989197526057,-2.835282600308645,72.88057215073529,0.007537841796875,-2.83306884765625,176.14310667438272,179.0355073302469,184.0731283757716,176.05873107910156,178.94790649414062,183.98800659179688,159.0,2069256.0,0.9979050925925926,0.6692234004631096,1.7777777777777777,9482c06762a67da00909810a25ced587,86e69899336666b9
C_001_019_20231013145841_001_001_000_000.jpg,./data/you_foulbrood/normal/C_001_019_20231013145841_001_001_000_000.jpg,0,normal,C_001,C_001_019,C_001_019_20231013,000,1920,1080,2073600,846675,179.74925231933594,73.35834884107965,-0.5374011381172892,-3.0771489197530855,73.31277884689032,-0.5041046142578125,-3.0538787841796875,176.46685281635803,180.48341531635802,185.46921296296296,176.33966064453125,180.355712890625,185.3387908935547,175.0,1543220.0,0.7442226080246913,0.06689571054155687,1.5027777777777778,ee47e453e1b107fbe22e79b8f86c9fb8,86e699992666ce33
C_001_019_20231013152347_001_001_000_000.jpg,./data/you_foulbrood/normal/C_001_019_20231013152347_001_001_000_000.jpg,0,normal,C_001,C_001_019,C_001_019_20231013,000,1920,1080,2073600,719905,180.23426818847656,73.49334093591139,-0.01555989583333428,-2.8634056712962916,73.45804251876532,-0.0103912353515625,-2.851776123046875,177.63327546296296,180.64711130401236,185.65766348379628,177.5323028564453,180.5497283935547,185.55516052246094,161.0,2068926.0,0.9977459490740741,0.6403716036121065,1.7777777777777777,d768cee7a61c65b2640aa411c23eb49d,86b399cc66939b64
C_001_019_20231013160357_001_001_000_000.jpg,./data/you_foulbrood/normal/C_001_019_20231013160357_001_001_000_000.jpg,0,normal,C_001,C_001_019,C_001_019_20231013,000,1920,1080,2073600,740663,180.0682373046875,73.43839358660132,-0.10745370370369756,-2.817632137345683,73.40108834060968,-0.0972137451171875,-2.8039398193359375,177.4054335455247,180.52368778935184,185.4145317322531,177.30198669433594,180.42123413085938,185.30699157714844,161.0,2069609.5,0.9980755690586419,0.6493903418771707,1.7777777777777777,f05df9c3c27a2d675aa302dd88029176,c49b986c67939a6c
C_001_019_20231013161221_001_001_000_000.jpg,./data/you_foulbrood/normal/C_001_019_20231013161221_001_001_000_000.jpg,0,normal,C_001,C_001_019,C_001_019_20231013,000,1920,1080,2073600,728659,180.16217041015625,73.49894433853788,-0.1735281635802437,-2.7376007908950584,73.45999325022979,-0.1609649658203125,-2.712646484375,177.6153727816358,180.66096884645063,185.2679716435185,177.5118408203125,180.55694580078125,185.15916442871094,175.0,1612593.5,0.7776781925154321,0.07745749406962799,1.5555555555555556,3fc272d8ca6b1121c818fca65bec1d3e,96ce893333cc6633
C_001_019_20231013163521_001_001_000_000.jpg,./data/you_foulbrood/normal/C_001_019_20231013163521_001_001_000_000.jpg,0,normal,C_001,C_001_019,C_001_019_20231013,000,1920,1080,2073600,872203,179.71548461914062,73.30525674776084,-0.0637991898148158,-3.0397458526234544,73.26631433823529,-0.0513458251953125,-3.024169921875,176.96328993055556,180.1526456404321,185.44674093364196,176.85406494140625,180.04542541503906,185.3331756591797,159.0,2068697.0,0.9976355131172839,0.5887396260745763,1.7777777777777777,6e474ae74dcc8a21dbbc06debc474443,86e6999966669ac9
C_001_019_20231013164317_001_001_000_000.jpg,./data/you_foulbrood/normal/C_001_019_20231013164317_001_001_000_000.jpg,0,normal,C_001,C_001_019,C_001_019_20231013,000,1920,1080,2073600,788541,178.49864196777344,72.86354734023239,0.02692949459876104,-3.197019193672844,72.82120050168506,0.0327301025390625,-3.184814453125,175.76162374614196,178.90909915123456,184.49830102237655,175.6486358642578,178.79481506347656,184.3790283203125,175.0,1498527.0,0.7226692708333333,0.06729725975307946,1.4824074074074074,4f4b18a345cc7307e934e57799340b23,93b1ccce66393931
C_002_001_20230909110033_001_001_000_000.jpg,./data/you_foulbrood/normal/C_002_001_20230909110033_001_001_000_000.jpg,0,normal,C_002,C_002_001,C_002_001_20230909,000,1920,1080,2073600,734053,181.5814666748047,74.0563356708424,-0.6577416087963002,-2.8798533950617298,74.01467715992646,-0.6278076171875,-2.852142333984375,178.54591001157408,182.38209683641975,186.84086902006172,178.4326629638672,182.270751953125,186.72723388671875,178.0,1434900.0,0.6919849537037037,0.056791561257906915,1.45,35e2642cc8f07384be38f1e5f7528eae,c6d9196666993666
C_002_001_20230909112703_001_001_000_000.jpg,./data/you_foulbrood/normal/C_002_001_20230909112703_001_001_000_000.jpg,0,normal,C_002,C_002_001,C_002_001_20230909,000,1920,1080,2073600,520516,175.18798828125,71.73431221253934,-1.0219999035493856,-3.2091912615740767,71.70077454810048,-1.0019073486328125,-3.1898040771484375,171.51892650462963,176.31374565972223,180.9417761381173,171.4304962158203,176.22174072265625,180.84959411621094,173.0,1292584.5,0.6233528645833334,0.07667360594522932,1.337962962962963,d996cc9c8d13230b620b76d37b9dbd23,c649196666d9d966
C_002_001_20231011090903_001_002_000_000.jpg,./data/you_foulbrood/normal/C_002_001_20231011090903_001_002_000_000.jpg,0,normal,C_002,C_002_001,C_002_001_20231011,000,1920,1080,2073600,637378,180.95082092285156,73.80603118948196,-0.41715470679012867,-2.9072444058641906,73.76756855085785,-0.3959503173828125,-2.883148193359375,178.06786844135803,181.5922661072531,186.3056674382716,177.96556091308594,181.49160766601562,186.19808959960938,177.0,1481235.0,0.714330150462963,0.08206946052956768,1.4787037037037036,909b702cd440294a3faa4d8f98f4b647,d3994c6633996699
C_002_001_20231011093915_001_002_000_000.jpg,./data/you_foulbrood/normal/C_002_001_20231011093915_001_002_000_000.jpg,0,normal,C_002,C_002_001,C_002_001_20231011,000,1920,1080,2073600,653416,180.7994384765625,73.74879134138223,-0.3846735146604914,-2.972561728395064,73.7095432655484,-0.363983154296875,-2.9459228515625,177.96541329089507,181.39852478780864,186.23309751157407,177.8614959716797,181.2951202392578,186.12408447265625,177.0,1458099.5,0.7031729841820987,0.08491950181996964,1.4351851851851851,fe8f0b7eafb15be1684f41dc584eaba2,c6d90c663399cce6
C_002_001_20231011094650_001_002_000_000.jpg,./data/you_foulbrood/normal/C_002_001_20231011094650_001_002_000_000.jpg,0,normal,C_002,C_002_001,C_002_001_20231011,000,1920,1080,2073600,681808,177.8492431640625,72.703217857359,-1.3828722993827114,-2.828259548611115,72.66305960860907,-1.3937225341796875,-2.8031768798828125,172.74649450231482,179.27561294367283,183.0893074845679,172.63897705078125,179.1727294921875,182.9834747314453,175.0,1369183.0,0.6602927276234568,0.07400978110774087,1.375,1b65a65123d99954df5e17199c04f1e3,93b9ccc6333989c6
C_002_001_20231011102223_001_002_000_000.jpg,./data/you_foulbrood/normal/C_002_001_20231011102223_001_002_000_000.jpg,0,normal,C_002,C_002_001,C_002_001_20231011,000,1920,1080,2073600,471089,179.34580993652344,73.1819433097313,-0.06251832561729032,-3.309864969135802,73.15245983647365,-0.05047607421875,-3.2993621826171875,176.48283130787038,179.77812403549382,185.4323828125,176.40467834472656,179.69769287109375,185.3538360595703,176.0,1453035.0,0.7007306134259259,0.11822207370423868,1.4305555555555556,442d90aea794ac8a3393a082bdb2253d,c6991c6633996673
C_002_001_20231011102307_001_002_000_000.jpg,./data/you_foulbrood/normal/C_002_001_20231011102307_001_002_000_000.jpg,0,normal,C_002,C_002_001,C_002_001_20231011,000,1920,1080,2073600,564077,178.4163055419922,72.82749580156137,-0.4584018132716068,-3.2077498070987644,72.79470406326593,-0.423858642578125,-3.2064361572265625,175.15025993441358,178.93476755401235,184.39634837962964,175.06349182128906,178.84255981445312,184.3068084716797,175.0,1416583.5,0.6831517650462963,0.0882352512968955,1.412037037037037,e0841c1dff3c82145de85164964db2a0,93cccc3332cccd33
C_002_001_20231011110646_001_002_000_000.jpg,./data/you_foulbrood/normal/C_002_001_20231011110646_001_002_000_000.jpg,0,normal,C_002,C_002_001,C_002_001_20231011,000,1920,1080,2073600,475398,178.43572998046875,72.80124686062697,-0.3269917052469111,-3.4757233796296276,72.7746223000919,-0.3055267333984375,-3.4757537841796875,175.1037827932099,178.830055941358,184.88846691743828,175.02915954589844,178.7527313232422,184.81407165527344,175.0,1417304.5,0.6834994695216049,0.13012426792484047,1.4157407407407407,8aec0366fa2623e92c5ade30ec69f1d1,d399cc6633c9cc32
C_002_001_20231011112308_001_002_000_000.jpg,./data/you_foulbrood/normal/C_002_001_20231011112308_001_002_000_000.jpg,0,normal,C_002,C_002_001,C_002_001_20231011,000,1920,1080,2073600,364213,180.3004150390625,73.47433921871217,-0.22857880015432386,-3.555280671296302,73.45241172640931,-0.2163238525390625,-3.554351806640625,177.05914496527777,180.60738184799382,186.8499363425926,176.99652099609375,180.54452514648438,186.78933715820312,177.0,1424479.5,0.6869596354166667,0.16685477334728943,1.386111111111111,69672998af3334c5f831026c0e1351cc,c6c9192663cc7573
C_002_001_20231011130834_001_002_000_000.jpg,./data/you_foulbrood/normal/C_002_001_20231011130834_001_002_000_000.jpg,0,normal,C_002,C_002_001,C_002_001_20231011,000,1920,1080,2073600,650908,177.83154296875,72.61011766975308,-0.3411058063271639,-3.338095582561735,72.57317038143383,-0.3128662109375,-3.33453369140625,174.59764130015432,178.32880497685184,184.06764756944443,174.4945068359375,178.22669982910156,183.96017456054688,175.0,1387498.0,0.6691251929012346,0.09375042245420356,1.3824074074074073,09562035f9efb846b85c90edbcaaf84c,93cccc3332ccd933
C_002_001_20231011131133_001_002_000_000.jpg,./data/you_foulbrood/normal/C_002_001_20231011131133_001_002_000_000.jpg,0,normal,C_002,C_002_001,C_002_001_20231011,000,1920,1080,2073600,618897,177.7210235595703,72.58942901234568,-0.4265301890432056,-3.373111014660495,72.55515902650123,-0.3959197998046875,-3.358367919921875,174.52160542052468,178.30832127700617,183.91338927469135,174.42652893066406,178.21527099609375,183.81297302246094,175.0,1381190.0,0.6660831404320988,0.08655854053781967,1.3731481481481482,745855586437741a9d92b4a2776adda6,d3cc8c3333cccc33
C_002_001_20231011132119_001_002_000_000.jpg,./data/you_foulbrood/normal/C_002_001_20231011132119_001_002_000_000.jpg,0,normal,C_002,C_002_001,C_002_001_20231011,000,1920,1080,2073600,642793,179.0926513671875,73.14648163277656,-1.079184992283956,-3.1461029128086437,73.1100523705576,-1.0599822998046875,-3.123443603515625,174.84468942901233,180.21987027391975,184.85175154320987,174.7436981201172,180.12042236328125,184.74832153320312,176.0,1413893.0,0.6818542631172839,0.10298020684835746,1.4185185185185185,1a314251c1d7230e8df1e7b86edb04f0,c6d9192666cc9b99
C_002_001_20231011132512_001_002_000_000.jpg,./data/you_foulbrood/normal/C_002_001_20231011132512_001_002_000_000.jpg,0,normal,C_002,C_002_001,C_002_001_20231011,000,1920,1080,2073600,665247,178.45101928710938,72.84509387860082,-0.36879147376542676,-3.4967341820987627,72.80751546223958,-0.333465576171875,-3.48956298828125,175.150859375,178.97880160108025,184.91505931712962,175.046142578125,178.8746337890625,184.8109588623047,175.0,1396939.5,0.6736783854166667,0.08692077297910268,1.4027777777777777,6cd8e3525ed4b07ad46b91bc9604c130,9399ccc63339ccc6
C_002_001_20231011132754_001_002_000_000.jpg,./data/you_foulbrood/normal/C_002_001_20231011132754_001_002_000_000.jpg,0,normal,C_002,C_002_001,C_002_001_20231011,000,1920,1080,2073600,723164,178.88006591796875,73.21759637496974,-1.4363840663580305,-4.347801890432095,73.17911783854167,-1.455657958984375,-4.3084869384765625,172.8278660300926,180.85763985339506,187.0128621720679,172.716552734375,180.74790954589844,186.8975372314453,176.0,1380833.5,0.6659112172067901,0.08303083064850322,1.3898148148148148,22761ac46a313e85f5b70ca3e1de7f4d,93cccc3133cecd31
C_002_001_20231011135715_001_002_000_000.jpg,./data/you_foulbrood/normal/C_002_001_20231011135715_001_002_000_000.jpg,0,normal,C_002,C_002_001,C_002_001_20231011,000,1920,1080,2073600,741941,178.9675750732422,73.08334033073105,-0.6673128858024739,-3.0801157407407374,73.04289574716606,-0.6248626708984375,-3.0589599609375,175.70184268904322,179.75340615354938,184.6320129243827,175.59384155273438,179.64366149902344,184.5178985595703,176.0,1415565.5,0.682660831404321,0.07347422496518413,1.3981481481481481,2ca111f23a0344aab2c85dbcdda791a9,c69999663399cc66
C_002_001_20231011142308_001_002_000_000.jpg,./data/you_foulbrood/normal/C_002_001_20231011142308_001_002_000_000.jpg,0,normal,C_002,C_002_001,C_002_001_20231011,000,1920,1080,2073600,720830,178.3799591064453,72.83137803346646,-0.40508680555555543,-3.3382291666666646,72.79407576018689,-0.37054443359375,-3.324066162109375,175.14223283179012,178.96951195987654,184.55708863811728,175.0380401611328,178.8658905029297,184.4471435546875,175.0,1395768.5,0.6731136670524691,0.06511809844464314,1.3925925925925926,2de64b97a0c21bf92a927484826df7f1,93b1cccc3333cccc
C_002_001_20231011150909_001_002_000_000.jpg,./data/you_foulbrood/normal/C_002_001_20231011150909_001_002_000_000.jpg,0,normal,C_002,C_002_001,C_002_001_20231011,000,1920,1080,2073600,627625,180.68800354003906,73.63445442992013,-0.283357928240747,-3.5453298611111137,73.6002903358609,-0.25262451171875,-3.54437255859375,177.40264660493827,181.09126687885802,187.26854986496915,177.30470275878906,180.99212646484375,187.17129516601562,177.0,1459090.5,0.7036508969907408,0.08464397143897993,1.4194444444444445,afe41ead74868fe196af898dfb3ad3f2,93c9cc66339989e6
C_002_001_20231011152913_001_002_000_000.jpg,./data/you_foulbrood/normal/C_002_001_20231011152913_001_002_000_000.jpg,0,normal,C_002,C_002_001,C_002_001_20231011,000,1920,1080,2073600,711091,178.96697998046875,73.05500068082789,-0.33910976080247224,-3.441083622685184,73.01625569661458,-0.307098388671875,-3.422271728515625,175.828543595679,179.53863088348766,185.2666329089506,175.72349548339844,179.43386840820312,185.1573486328125,176.0,1412800.5,0.6813274016203704,0.07490536154769752,1.4074074074074074,b899b87d28a9f4ba0890d3e0350fcb22,93cd4c3233cdcc36
C_002_001_20231011153645_001_002_000_000.jpg,./data/you_foulbrood/normal/C_002_001_20231011153645_001_002_000_000.jpg,0,normal,C_002,C_002_001,C_002_001_20231011,000,1920,1080,2073600,681013,181.2610626220703,73.88929587267005,-0.17702883873457154,-3.282175443672841,73.84775199142157,-0.158935546875,-3.263702392578125,178.31181616512345,181.7691478587963,187.3496802662037,178.20045471191406,181.65875244140625,187.23226928710938,177.0,1504578.0,0.7255873842592593,0.0731144572127158,1.487037037037037,eea16a83ece70605c6523c38242fd26f,93d9cc663319ccc6
C_002_001_20231011163944_001_002_000_000.jpg,./data/you_foulbrood/normal/C_002_001_20231011163944_001_002_000_000.jpg,0,normal,C_002,C_002_001,C_002_001_20231011,000,1920,1080,2073600,698210,177.69845581054688,72.587783867405,-0.5091907793209884,-3.1757687114197495,72.55119174134498,-0.4739837646484375,-3.1610107421875,174.46911410108024,178.35524980709877,183.57777584876544,174.36920166015625,178.25521850585938,183.4717559814453,175.0,1357028.0,0.6544309413580247,0.06556135899254792,1.3657407407407407,1a19c3eae25ff5ab1cc596c79c239fc1,9333cccc3333cccc
C_002_002_20230909154257_001_001_000_000.jpg,./data/you_foulbrood/normal/C_002_002_20230909154257_001_001_000_000.jpg,0,normal,C_002,C_002_002,C_002_002_20230909,000,1920,1080,2073600,782353,178.06930541992188,72.80661689058338,-1.6268658371913602,-2.6620220871913602,72.76831533394608,-1.6511993408203125,-2.637420654296875,172.56903935185184,179.7237292631173,183.06406780478395,172.47154235839844,179.62478637695312,182.9662628173828,175.0,1375335.0,0.6632595486111111,0.07330108709887904,1.4175925925925925,39308b13717c03136c12f2a87e1030a1,c676199966b36c64
C_002_002_20231012092226_001_002_000_000.jpg,./data/you_foulbrood/normal/C_002_002_20231012092226_001_002_000_000.jpg,0,normal,C_002,C_002_002,C_002_002_20231012,000,1920,1080,2073600,751801,178.88088989257812,73.02611825980392,-0.5897820216049325,-3.304243827160491,72.98693488625919,-0.545013427734375,-3.291229248046875,175.48526523919753,179.57082706404321,184.99721788194444,175.37107849121094,179.4595947265625,184.88099670410156,176.0,1409023.5,0.6795059317129629,0.0692284088700713,1.3962962962962964,27c294cf31f70f54269feff910531c39,c6db196433996666
C_002_002_20231012093047_001_002_000_000.jpg,./data/you_foulbrood/normal/C_002_002_20231012093047_001_002_000_000.jpg,0,normal,C_002,C_002_002,C_002_002_20231012,000,1920,1080,2073600,746192,178.2088165283203,72.7401777339022,-0.4049652777777766,-3.6089660493827154,72.70068598728554,-0.36517333984375,-3.6074676513671875,174.71776138117283,178.7032098765432,184.93681520061727,174.60130310058594,178.58868408203125,184.8151397705078,175.0,1375854.0,0.6635098379629629,0.05786834495771526,1.3972222222222221,88028619206fafdbc2f0f60012fd43c5,d3d90c6633996666
C_002_002_20231012095434_001_002_000_000.jpg,./data/you_foulbrood/normal/C_002_002_20231012095434_001_002_000_000.jpg,0,normal,C_002,C_002_002,C_002_002_20231012,000,1920,1080,2073600,662129,180.0265655517578,73.42946358327282,-0.5704200424382719,-3.3735161072530815,73.39302810968137,-0.5289154052734375,-3.36029052734375,176.63879340277776,180.69292148919754,186.23677469135802,176.53750610351562,180.58859252929688,186.13145446777344,155.0,2070577.0,0.9985421489197531,0.7193385686625692,1.7777777777777777,a1867f3a856b64387b5c8304842f08cf,c6e2999966669999
C_002_002_20231012111907_001_002_000_000.jpg,./data/you_foulbrood/normal/C_002_002_20231012111907_001_002_000_000.jpg,0,normal,C_002,C_002_002,C_002_002_20231012,000,1920,1080,2073600,729010,178.01548767089844,72.82504274086178,-1.8250612461419706,-3.300543016975311,72.78484269684436,-1.8240966796875,-3.2654571533203125,172.1700819830247,179.876484375,184.17543885030864,172.05459594726562,179.76351928710938,184.05455017089844,175.0,1359821.0,0.6557778742283951,0.0717417763976022,1.3537037037037036,2c8e636ca893f65467eecc47d635d00d,c699996667998c66
C_002_002_20231012133834_001_002_000_000.jpg,./data/you_foulbrood/normal/C_002_002_20231012133834_001_002_000_000.jpg,0,normal,C_002,C_002_002,C_002_002_20231012,000,1920,1080,2073600,720320,178.59596252441406,72.88151627935125,-0.45212625385802596,-3.6937803819444497,72.8433287377451,-0.410247802734375,-3.6902008056640625,175.02729214891974,179.11306086033952,185.4355960648148,174.9188995361328,179.00450134277344,185.32308959960938,176.0,1379329.0,0.6651856674382716,0.08053650455228492,1.3685185185185185,471ad8a99b669ed507e6b1c5c36e6f81,d699196666999966
C_002_002_20231012142600_001_002_000_000.jpg,./data/you_foulbrood/normal/C_002_002_20231012142600_001_002_000_000.jpg,0,normal,C_002,C_002_002,C_002_002_20231012,000,1920,1080,2073600,615795,178.06085205078125,72.72278768760592,-0.5588093171296293,-3.285954861111108,72.68765318627452,-0.524993896484375,-3.273895263671875,174.73693672839505,178.72983940972222,184.102371720679,174.6406707763672,178.63072204589844,184.00282287597656,175.0,1357883.0,0.6548432677469136,0.08050997414439044,1.3592592592592592,afa056106f112bbc82ebba74720dfd27,93994c6633993337
C_002_002_20231012143034_001_002_000_000.jpg,./data/you_foulbrood/normal/C_002_002_20231012143034_001_002_000_000.jpg,0,normal,C_002,C_002_002,C_002_002_20231012,000,1920,1080,2073600,654010,178.98114013671875,73.08179560790366,-0.47226466049382054,-3.054076003086422,73.04417628867954,-0.444061279296875,-3.03143310546875,176.00531828703703,179.63271026234568,184.54072337962964,175.9044647216797,179.53273010253906,184.43972778320312,176.0,1403472.0,0.6768287037037037,0.10128368307726611,1.4055555555555554,b88a417e61645be413c5f542ee143079,93d94c663399cc66
C_002_002_20231012143424_001_002_000_000.jpg,./data/you_foulbrood/normal/C_002_002_20231012143424_001_002_000_000.jpg,0,normal,C_002,C_002_002,C_002_002_20231012,000,1920,1080,2073600,648040,178.0484619140625,72.68626297355362,-0.24200810185185162,-3.5307908950617275,72.65100815716912,-0.213348388671875,-3.5234375,174.89563512731482,178.50014805169752,184.54296971450617,174.7982177734375,178.4023895263672,184.44363403320312,175.0,1357381.0,0.6546011766975308,0.07728315733626762,1.3555555555555556,470a5a46e1aaf4aa688424f3576fb4a1,93cd4c3331ccc673
C_002_002_20231012154244_001_002_000_000.jpg,./data/you_foulbrood/normal/C_002_002_20231012154244_001_002_000_000.jpg,0,normal,C_002,C_002_002,C_002_002_20231012,000,1920,1080,2073600,723949,179.5498504638672,73.23655308188091,-0.43540653935184537,-3.588205536265434,73.19612390854779,-0.393402099609375,-3.5845794677734375,176.11327160493826,180.05630787037038,186.20416329089505,175.99888610839844,179.9394073486328,186.0859375,176.0,1460660.5,0.7044080343364197,0.07019936607049025,1.4861111111111112,726bc63322c6365cbad01de39fa3a235,96d94c261bcc7333
C_002_002_20231012161523_001_002_000_000.jpg,./data/you_foulbrood/normal/C_002_002_20231012161523_001_002_000_000.jpg,0,normal,C_002,C_002_002,C_002_002_20231012,000,1920,1080,2073600,678654,179.06912231445312,73.04706317326313,-0.24759452160493822,-3.681721161265429,73.01076851639093,-0.2171173095703125,-3.6775970458984375,175.7723186728395,179.46858555169754,185.87474585262345,175.6688995361328,179.36524963378906,185.7670135498047,176.0,1417742.5,0.6837106963734568,0.08176558749023298,1.4064814814814814,043258677332a0cb083602c336422bcf,93cc4c3366cd3366
C_002_002_20231012161738_001_002_000_000.jpg,./data/you_foulbrood/normal/C_002_002_20231012161738_001_002_000_000.jpg,0,normal,C_002,C_002_002,C_002_002_20231012,000,1920,1080,2073600,645570,178.7689971923828,72.98369663065843,-0.44162133487654387,-3.1485112847222183,72.95179180070465,-0.411102294921875,-3.1347503662109375,175.68703221450616,179.37368730709878,184.5345452353395,175.60281372070312,179.28636169433594,184.44944763183594,176.0,1413689.5,0.6817561246141975,0.08499276561257421,1.4268518518518518,192334f75c0c04fa6875da51f40dd2e4,93cc4c3367cc1967
C_002_002_20231012161941_001_002_000_000.jpg,./data/you_foulbrood/normal/C_002_002_20231012161941_001_002_000_000.jpg,0,normal,C_002,C_002_002,C_002_002_20231012,000,1920,1080,2073600,681919,180.85963439941406,73.7050152429799,-0.3064158950617326,-3.60711805555556,73.66844626034008,-0.2719268798828125,-3.600341796875,177.55660493827162,181.2836149691358,187.52809799382717,177.45140075683594,181.1797637939453,187.41949462890625,178.0,1404502.0,0.677325424382716,0.07737420116381599,1.4046296296296297,e089d3320966f775ff3becd78bc22ef7,97994c6699cc6699
C_002_003_20231013081500_001_002_000_000.jpg,./data/you_foulbrood/normal/C_002_003_20231013081500_001_002_000_000.jpg,0,normal,C_002,C_002_003,C_002_003_20231013,000,1920,1080,2073600,702899,179.98306274414062,73.42184284979425,-0.45266782407406936,-3.1885513117283892,73.38767855775123,-0.4184112548828125,-3.1738739013671875,176.80148678626543,180.59242428626544,185.87768422067901,176.70335388183594,180.4964599609375,185.7773895263672,176.0,1463618.5,0.7058345389660494,0.10025074357592274,1.4333333333333333,f69bd4c42953798a314043c5ecdbdfcf,c6d999646693996c
C_002_003_20231013103401_001_002_000_000.jpg,./data/you_foulbrood/normal/C_002_003_20231013103401_001_002_000_000.jpg,0,normal,C_002,C_002_003,C_002_003_20231013,000,1920,1080,2073600,587878,177.7991180419922,72.59791477547809,-0.40855468750000057,-3.3675448495370404,72.56654627182904,-0.3759613037109375,-3.3620758056640625,174.5409129050926,178.30471788194444,184.01845244984568,174.45245361328125,178.21556091308594,183.92507934570312,175.0,1347059.0,0.6496233603395062,0.07971197812008825,1.3537037037037036,a3206622698afcd11f82f09f100d43b5,d3cc193366cc9966
C_002_003_20231013110701_001_002_000_000.jpg,./data/you_foulbrood/normal/C_002_003_20231013110701_001_002_000_000.jpg,0,normal,C_002,C_002_003,C_002_003_20231013,000,1920,1080,2073600,687946,180.21652221679688,73.50691475278383,-0.31442563657407163,-3.2237167245370415,73.46582150926777,-0.2866363525390625,-3.2054901123046875,177.20776765046296,180.75923466435185,186.17718701774692,177.09552001953125,180.6488494873047,186.05697631835938,177.0,1424818.0,0.6871228780864198,0.07838957244438034,1.401851851851852,703ddf50110fd067be70220d09931ffa,93b30dcc66333366
C_002_003_20231013112430_001_002_000_000.jpg,./data/you_foulbrood/normal/C_002_003_20231013112430_001_002_000_000.jpg,0,normal,C_002,C_002_003,C_002_003_20231013,000,1920,1080,2073600,661441,177.6389923095703,72.5554150402445,-0.5216165123456733,-3.2139067322530934,72.51929788028492,-0.485992431640625,-3.205047607421875,174.3626996527778,178.24682050540125,183.60433979552468,174.25987243652344,178.14572143554688,183.4941864013672,175.0,1356391.5,0.6541239872685185,0.06567515039295514,1.35,18588752f4a2b79c7c204d1c74aa0df2,93cccc3337cc1933
C_002_003_20231013132759_001_002_000_000.jpg,./data/you_foulbrood/normal/C_002_003_20231013132759_001_002_000_000.jpg,0,normal,C_002,C_002_003,C_002_003_20231013,000,1920,1080,2073600,635147,177.78378295898438,72.75146756233359,-1.871650752314821,-3.825342399691351,72.71855971392463,-1.8629608154296875,-3.799072265625,171.6751740933642,179.69127941743827,184.8244955632716,171.5757598876953,179.59567260742188,184.7240753173828,175.0,1355094.0,0.6534982638888889,0.09264878352949972,1.3731481481481482,07bb14a40d58b13fd0ad3eedec054f50,968d0d6233cd9c76
C_002_003_20231013145014_001_002_000_000.jpg,./data/you_foulbrood/normal/C_002_003_20231013145014_001_002_000_000.jpg,0,normal,C_002,C_002_003,C_002_003_20231013,000,1920,1080,2073600,685656,177.88983154296875,72.63714483478577,-0.41827064043209816,-3.435646219135805,72.59763231464461,-0.3795318603515625,-3.430023193359375,174.56820408950617,178.42682243441357,184.2605150462963,174.45741271972656,178.31637573242188,184.14822387695312,175.0,1357087.0,0.6544593942901235,0.06366984272454758,1.3722222222222222,2672dfa765f300b108f85912f3e0eba0,93d94c663399cc66
C_002_003_20231013163343_001_002_000_000.jpg,./data/you_foulbrood/normal/C_002_003_20231013163343_001_002_000_000.jpg,0,normal,C_002,C_002_003,C_002_003_20231013,000,1920,1080,2073600,506434,178.11729431152344,72.69343454974583,-0.42361979166666686,-3.5693344907407436,72.66332888135723,-0.3949737548828125,-3.5693359375,174.60845437885803,178.57282262731482,184.72757571373458,174.52676391601562,178.48484802246094,184.6422119140625,175.0,1383507.0,0.6672005208333334,0.10214413261095731,1.3916666666666666,294aeac8bbfba74d7c52fed2b0130c52,93c94c6633d9ce1c
C_002_004_20230821191947_001_001_000_000.jpg,./data/you_foulbrood/normal/C_002_004_20230821191947_001_001_000_000.jpg,0,normal,C_002,C_002_004,C_002_004_20230821,000,1920,1080,2073600,617403,121.05841064453125,50.791020825768584,-0.29576003086420144,-1.9284490740740807,50.76760684742647,-0.3077545166015625,-1.94549560546875,118.5984051890432,121.43884837962963,124.5336540316358,118.5025634765625,121.34765625,124.4384765625,118.0,1467634.5,0.7077712673611111,0.0616544797752299,1.4648148148148148,00f7d7e2a18518de495bf8c205e018e6,86991966669b6c6d
C_002_007_20230820094742_001_001_000_000.jpg,./data/you_foulbrood/normal/C_002_007_20230820094742_001_001_000_000.jpg,0,normal,C_002,C_002_007,C_002_007_20230820,000,1920,1080,2073600,487420,120.33743286132812,50.55368422446139,0.04228587962961683,-2.2817433449074116,50.53201712814032,0.0355224609375,-2.300689697265625,118.15570167824075,120.51592447916667,124.48558883101852,118.07646179199219,120.44291687011719,124.40425109863281,103.0,2070601.0,0.9985537229938272,0.7237407649257476,1.7777777777777777,009cdf71afa17c563ca7d4a4445e2083,931ccc3333cc6676
C_002_012_20230828141638_001_001_000_000.jpg,./data/you_foulbrood/normal/C_002_012_20230828141638_001_001_000_000.jpg,0,normal,C_002,C_002_012,C_002_012_20230828,000,1920,1080,2073600,665481,179.56248474121094,73.24531703885258,0.05396797839506462,-3.3685353973765473,73.2076966528799,0.06671142578125,-3.353546142578125,176.84765432098766,179.91976273148148,185.78591194058643,176.74867248535156,179.82113647460938,185.6853790283203,175.0,1386850.5,0.6688129340277778,0.052494744265362846,1.4824074074074074,1f7b25acdad52bc4740bdc46f0854586,93cc33cccc33cc39
C_002_012_20230828143809_001_001_000_000.jpg,./data/you_foulbrood/normal/C_002_012_20230828143809_001_001_000_000.jpg,0,normal,C_002,C_002_012,C_002_012_20230828,000,1920,1080,2073600,697919,177.9934539794922,72.68897342501815,-0.07900704089506405,-3.4982161458333394,72.65024820963542,-0.059356689453125,-3.4744110107421875,175.18337528935186,178.40733506944446,184.33398919753085,175.07852172851562,178.30567932128906,184.22984313964844,175.0,1372772.5,0.6620237750771605,0.0592270942128899,1.385185185185185,8c63f2bf08a44231b9232d2ef741d88d,913946c7733938dc
C_002_012_20230828151757_001_001_000_000.jpg,./data/you_foulbrood/normal/C_002_012_20230828151757_001_001_000_000.jpg,0,normal,C_002,C_002_012,C_002_012_20230828,000,1920,1080,2073600,651835,180.3602294921875,73.51662222373517,-0.3085271990740779,-3.5508097029320993,73.4833122702206,-0.273712158203125,-3.542816162109375,177.12370466820988,180.80054349922838,186.90440923996914,177.0268096923828,180.7053985595703,186.80809020996094,176.0,1517077.0,0.7316150655864198,0.10242927378914578,1.461111111111111,983c38de480aee90d36ea836cda57163,869919667e996666
C_002_025_20230826151602_001_001_000_000.jpg,./data/you_foulbrood/normal/C_002_025_20230826151602_001_001_000_000.jpg,0,normal,C_002,C_002_025,C_002_025_20230826,000,1920,1080,2073600,727947,180.35997009277344,73.53416413247398,-0.2961260609567944,-3.412101176697533,73.4955193014706,-0.265777587890625,-3.403900146484375,177.1791550925926,180.8372092013889,186.68993778935186,177.0714111328125,180.72769165039062,186.5823516845703,177.0,1433778.0,0.6914438657407408,0.062400423622781497,1.4268518518518518,aa26a353a691629ed85cd62dda717751,869999666799cc66
C_002_025_20230826153446_001_001_000_000.jpg,./data/you_foulbrood/normal/C_002_025_20230826153446_001_001_000_000.jpg,0,normal,C_002,C_002_025,C_002_025_20230826,000,1920,1080,2073600,741605,177.9017791748047,72.71849185275963,-1.4467491319444434,-2.723468846450615,72.67538631663604,-1.4658355712890625,-2.6986236572265625,172.62613859953703,179.39166329089505,182.96354166666666,172.51458740234375,179.2818145751953,182.8519287109375,175.0,1364351.5,0.6579627218364198,0.0617124253970711,1.3611111111111112,03802b68bb28a8d116b91845e55bfe7e,84369bd96c6692d9
C_002_025_20230826155212_001_001_000_000.jpg,./data/you_foulbrood/normal/C_002_025_20230826155212_001_001_000_000.jpg,0,normal,C_002,C_002_025,C_002_025_20230826,000,1920,1080,2073600,597972,178.07916259765625,72.66454342925442,-0.27849585262345045,-3.578927469135806,72.63073491115196,-0.25201416015625,-3.5802154541015625,174.7116372492284,178.45033998842592,184.7466401427469,174.6225128173828,178.3542022705078,184.65245056152344,175.0,1373225.5,0.6622422357253086,0.07538914545495984,1.362962962962963,2c2a938ed3fb1d67553fdae6b580a0a3,849b336499764df1
C_002_026_20230826160733_001_001_000_000.jpg,./data/you_foulbrood/normal/C_002_026_20230826160733_001_001_000_000.jpg,0,normal,C_002,C_002_026,C_002_026_20230826,000,1920,1080,2073600,520749,178.26333618164062,72.7489118100944,-0.16340663580247394,-3.711711998456792,72.71995394837623,-0.1414337158203125,-3.7114105224609375,174.91259452160494,178.68255256558643,185.15778501157408,174.831298828125,178.6004638671875,185.0756378173828,175.0,1378662.5,0.6648642457561729,0.09095197677034622,1.3814814814814815,b42d366bfae38beadef93d07027e1667,c592136d92db6c93
C_002_026_20230826164907_001_001_000_000.jpg,./data/you_foulbrood/normal/C_002_026_20230826164907_001_001_000_000.jpg,0,normal,C_002,C_002_026,C_002_026_20230826,000,1920,1080,2073600,729268,178.19125366210938,72.7838118040426,-0.5413821373456784,-2.907651909722219,72.74265663296569,-0.5102996826171875,-2.8831329345703125,175.29067177854938,178.8419068287037,183.4732851080247,175.18017578125,178.73497009277344,183.363525390625,175.0,1362684.5,0.657158805941358,0.057441701046880254,1.3398148148148148,6ce44b68c574bd974b0ec833b13632c6,859b92646dd992f2
C_002_027_20230826172400_001_001_000_000.jpg,./data/you_foulbrood/normal/C_002_027_20230826172400_001_001_000_000.jpg,0,normal,C_002,C_002_027,C_002_027_20230826,000,1920,1080,2073600,705971,181.64894104003906,74.24599654290729,-1.8778554205246962,-4.845294656635801,74.20527439491421,-1.8600616455078125,-4.8135528564453125,174.68559172453703,183.76178722993828,190.74377604166668,174.57603454589844,183.65565490722656,190.63218688964844,177.0,1514848.0,0.7305401234567901,0.06731129279407888,1.4842592592592592,5a4ea66153cfad8bcabe3331ddd9b033,862699d9196666f3
C_002_027_20230826172608_001_001_000_000.jpg,./data/you_foulbrood/normal/C_002_027_20230826172608_001_001_000_000.jpg,0,normal,C_002,C_002_027,C_002_027_20230826,000,1920,1080,2073600,720331,181.01661682128906,73.77879901960785,-0.08992717978395603,-3.233117766203705,73.74270570044423,-0.06671142578125,-3.2114105224609375,178.35799238040124,181.38933738425925,186.91557581018517,178.26449584960938,181.2941436767578,186.82293701171875,176.0,1531731.0,0.7386820023148148,0.07340276941656508,1.4833333333333334,656e5805da4aefc868c622c7fd437d13,93cc4c33cecc33c6
C_003_001_20230831152203_001_003_000_000.jpg,./data/you_foulbrood/normal/C_003_001_20230831152203_001_003_000_000.jpg,0,normal,C_003,C_003_001,C_003_001_20230831,000,1920,1080,2073600,687638,136.1962127685547,56.96345240256597,-1.0357875192901247,-2.2530068479938308,56.93424000459559,-1.002655029296875,-2.23712158203125,133.38758101851852,137.17851466049382,140.14248456790122,133.3195343017578,137.1064453125,140.0648651123047,134.0,1392436.5,0.6715067997685186,0.06729376146748484,1.4074074074074074,610f1bd70049f23e2527386ba1e091ae,d3330ccc663333d9
C_003_001_20230904151906_001_003_000_000.jpg,./data/you_foulbrood/normal/C_003_001_20230904151906_001_003_000_000.jpg,0,normal,C_003,C_003_001,C_003_001_20230904,000,1920,1080,2073600,674690,135.03530883789062,56.512575080186394,-0.6498239776234556,-1.91075858410494,56.484213436351105,-0.6275787353515625,-1.89794921875,133.03825424382717,135.83609375,138.33587046682098,132.97158813476562,135.76190185546875,138.2640380859375,133.0,1471647.0,0.7097063078703704,0.08263643788002095,1.462037037037037,67efe96479f53c71c5cab4c67d300b52,c63399cc663399cc
C_003_001_20230904161612_001_003_000_000.jpg,./data/you_foulbrood/normal/C_003_001_20230904161612_001_003_000_000.jpg,0,normal,C_003,C_003_001,C_003_001_20230904,000,1920,1080,2073600,787952,134.4364776611328,56.28015103031954,-0.7136689814814758,-2.0378303433641918,56.246990129059434,-0.696533203125,-2.0054473876953125,132.29156394675925,135.31223524305557,137.8864057677469,132.20960998535156,135.22825622558594,137.79676818847656,133.0,1376208.5,0.6636807966820988,0.06690054999218058,1.425,0a8f5d58d29b828c467e9ea97b23e48c,d7191d6633994c66
C_003_001_20230908172303_001_003_000_000.jpg,./data/you_foulbrood/normal/C_003_001_20230908172303_001_003_000_000.jpg,0,normal,C_003,C_003_001,C_003_001_20230908,000,1920,1080,2073600,732154,136.1399383544922,56.949764547022504,-0.9774619020061692,-2.219455054012343,56.91902310240503,-0.9505462646484375,-2.187255859375,133.61720100308642,137.175625,139.89250578703704,133.54103088378906,137.09706115722656,139.80906677246094,134.0,1401260.0,0.6757619598765432,0.06564751566059633,1.4055555555555554,3f6bb64d499782d28895b13e76c06d16,9147473939c77839
C_003_001_20230908173155_001_003_000_000.jpg,./data/you_foulbrood/normal/C_003_001_20230908173155_001_003_000_000.jpg,0,normal,C_003,C_003_001,C_003_001_20230908,000,1920,1080,2073600,658933,136.22906494140625,56.98523397785039,-0.9772579089506195,-1.9939901620370364,56.956745222503066,-0.960174560546875,-1.9591827392578125,133.73238908179013,137.26350019290123,139.56357542438272,133.65968322753906,137.19155883789062,139.4879913330078,134.0,1410407.0,0.6801731288580247,0.07420775015956234,1.413888888888889,d1d65637e7fa7c804209069c3ac5b0f3,9067473c38c75e3c
C_003_001_20230910160130_001_003_000_000.jpg,./data/you_foulbrood/normal/C_003_001_20230910160130_001_003_000_000.jpg,0,normal,C_003,C_003_001,C_003_001_20230910,000,1920,1080,2073600,455659,133.0081024169922,55.703392603183254,0.2206679205247042,-1.8929851466049428,55.68029665479473,0.2136383056640625,-1.882232666015625,131.9456389853395,133.35145881558643,136.23851128472222,131.88839721679688,133.28811645507812,136.1769256591797,132.0,1282407.5,0.6184449749228395,0.10906424580139504,1.2907407407407407,65e6aefbfb756814a9181927927f6332,913147ce39c73c39
C_003_001_20230912143836_001_003_000_000.jpg,./data/you_foulbrood/normal/C_003_001_20230912143836_001_003_000_000.jpg,0,normal,C_003,C_003_001,C_003_001_20230912,000,1920,1080,2073600,863659,133.5531463623047,55.94344986837327,-0.8350689621913574,-1.92912037037037,55.90594123391544,-0.8128814697265625,-1.89300537109375,131.28745563271605,134.5153515625,136.8324956597222,131.1980743408203,134.4217071533203,136.73721313476562,132.0,1258607.5,0.6069673514660494,0.05190144564021506,1.2814814814814814,608e6da1cdbc48feb3211e2e38a2f896,93ce4c3333cc3933
C_003_001_20230912151133_001_003_000_000.jpg,./data/you_foulbrood/normal/C_003_001_20230912151133_001_003_000_000.jpg,0,normal,C_003,C_003_001,C_003_001_20230912,000,1920,1080,2073600,656788,134.1575927734375,56.17038077190753,-0.2542939814814815,-2.0813638117283944,56.13922119140625,-0.2515106201171875,-2.0544586181640625,132.4748509837963,134.79220823688271,137.66032166280866,132.40240478515625,134.71463012695312,137.58218383789062,133.0,1301547.5,0.6276752989969135,0.056453983331066465,1.336111111111111,051ec033f943933854637ec6e9f4aa72,936e4c3933ce1939
C_003_001_20230912152046_001_003_000_000.jpg,./data/you_foulbrood/normal/C_003_001_20230912152046_001_003_000_000.jpg,0,normal,C_003,C_003_001,C_003_001_20230912,000,1920,1080,2073600,787678,134.06625366210938,56.138874137618004,-0.7401070601851814,-2.0129962384259272,56.105520211014095,-0.723358154296875,-1.979278564453125,131.85617139274692,134.97113088348766,137.46439091435184,131.77659606933594,134.88645935058594,137.3780975341797,133.0,1296202.0,0.6250974151234568,0.05295328034956258,1.3129629629629629,24efb5724adfaa2ed462937058d9a337,91394cce33dc4733
C_003_002_20230831152300_001_003_000_000.jpg,./data/you_foulbrood/normal/C_003_002_20230831152300_001_003_000_000.jpg,0,normal,C_003,C_003_002,C_003_002_20230831,000,1920,1080,2073600,377948,135.54151916503906,56.70640261891794,-0.9432368827160502,-2.2961926118827165,56.68507295496323,-0.92718505859375,-2.28594970703125,132.9938705632716,136.53095003858024,139.44458622685184,132.94630432128906,136.4746856689453,139.38873291015625,134.0,1322141.5,0.637606819058642,0.10787097571252409,1.3712962962962962,a5547feeba78219078bd897152bb5333,d3734ccc22337173
C_003_002_20230905070240_001_003_000_000.jpg,./data/you_foulbrood/normal/C_003_002_20230905070240_001_003_000_000.jpg,0,normal,C_003,C_003_002,C_003_002_20230905,000,1920,1080,2073600,544233,139.99569702148438,58.3961661825224,-0.6670177469135865,-2.5967341820987713,58.37225222120098,-0.6410369873046875,-2.5847320556640625,137.3926523919753,140.7203298611111,144.5407735339506,137.34120178222656,140.66024780273438,144.4764862060547,138.0,1390512.5,0.6705789448302469,0.11406401436568846,1.387037037037037,6f40f1ded4b69809c9a6da8108080525,c4991b661b996667
C_003_002_20230905080423_001_003_000_000.jpg,./data/you_foulbrood/normal/C_003_002_20230905080423_001_003_000_000.jpg,0,normal,C_003,C_003_002,C_003_002_20230905,000,1920,1080,2073600,547317,138.76844787597656,57.93548210179134,-0.6148668981481507,-2.3609211033950572,57.911735983455884,-0.5936279296875,-2.35101318359375,136.44344521604938,139.45909722222223,142.87035686728396,136.39060974121094,139.39993286132812,142.80799865722656,137.0,1366660.0,0.6590760030864198,0.11141113755870691,1.374074074074074,7138c731d8f6d5c09a4da7bdc2655976,d1cc4c33cccd33cc
C_003_002_20230906153902_001_003_000_000.jpg,./data/you_foulbrood/normal/C_003_002_20230906153902_001_003_000_000.jpg,0,normal,C_003,C_003_002,C_003_002_20230906,000,1920,1080,2073600,591055,137.1712646484375,57.344533519426285,-0.8697588734567887,-2.2295982831790155,57.31799555759804,-0.8434906005859375,-2.211761474609375,134.78059461805555,138.09676745756173,140.97628713348766,134.71937561035156,138.0305938720703,140.9032440185547,136.0,1268277.5,0.6116307388117284,0.09635617426001172,1.2907407407407407,14a0c5299e00584f137ad92c6109fbcb,c6e6199966666c66
C_003_002_20230908154544_001_003_000_000.jpg,./data/you_foulbrood/normal/C_003_002_20230908154544_001_003_000_000.jpg,0,normal,C_003,C_003_002,C_003_002_20230908,000,1920,1080,2073600,843042,137.57852172851562,57.51099972010409,-0.9330391589506206,-2.1816965663580277,57.47457466873468,-0.8959503173828125,-2.1598052978515625,135.0961786265432,138.55095100308642,141.3509239969136,135.0106658935547,138.45953369140625,141.2563018798828,136.0,1322686.0,0.6378694058641975,0.05620027577902871,1.3416666666666666,afdfc7e1ce0b84c212d8fbfbdfc34377,904747385ec7733c
C_003_002_20230912133250_001_003_000_000.jpg,./data/you_foulbrood/normal/C_003_002_20230912133250_001_003_000_000.jpg,0,normal,C_003,C_003_002,C_003_002_20230912,000,1920,1080,2073600,764625,134.7365264892578,56.39880722736625,-0.8076316550925924,-2.1280126350308706,56.367163564644606,-0.779388427734375,-2.1062469482421875,132.40185474537037,135.6255502507716,138.39641927083332,132.32785034179688,135.54718017578125,138.3184356689453,133.0,1371284.5,0.6613061824845679,0.08277962161982148,1.3611111111111112,6c315d9b0a665b09c3487733e116fe75,c33319cc66739999
C_003_003_20230827152345_001_003_000_000.jpg,./data/you_foulbrood/normal/C_003_003_20230827152345_001_003_000_000.jpg,0,normal,C_003,C_003_003,C_003_003_20230827,000,1920,1080,2073600,563379,135.82208251953125,56.823548134531585,-0.7746556712963013,-1.9903727816357986,56.79956174364277,-0.76190185546875,-1.9637298583984375,133.6463565779321,136.72647569444445,139.17989438657406,133.58892822265625,136.6645050048828,139.11097717285156,134.0,1364971.0,0.6582614776234568,0.1076300799471694,1.3916666666666666,034845a5aed7e5779eecf5bbce245017,c619196677996467
C_003_003_20230827152628_001_003_000_000.jpg,./data/you_foulbrood/normal/C_003_003_20230827152628_001_003_000_000.jpg,0,normal,C_003,C_003_003,C_003_003_20230827,000,1920,1080,2073600,536891,136.10511779785156,56.92519876391915,-0.7089689429012367,-2.2109278549382765,56.90099977979473,-0.6978912353515625,-2.1842193603515625,133.8739520640432,136.96710792824075,139.8364636381173,133.81251525878906,136.90492248535156,139.7682647705078,134.0,1407518.0,0.678779899691358,0.09693202692598979,1.4046296296296297,a018c9bdc9155c3813d7bbeaaa94a30e,c659196666997366
C_003_003_20230829161404_001_003_000_000.jpg,./data/you_foulbrood/normal/C_003_003_20230829161404_001_003_000_000.jpg,0,normal,C_003,C_003_003,C_003_003_20230829,000,1920,1080,2073600,619741,135.95130920410156,56.86639225520455,-0.8167288773148158,-2.424836998456783,56.83777453852635,-0.787200927734375,-2.40997314453125,133.48911506558642,136.8374966242284,140.09577980324073,133.4215545654297,136.76564025878906,140.02098083496094,134.0,1387643.0,0.6691951195987654,0.0767332943211809,1.387037037037037,72dc114c61c2c573ab478813ef22a8a4,914646396ec73cb6
C_003_003_20230904152616_001_003_000_000.jpg,./data/you_foulbrood/normal/C_003_003_20230904152616_001_003_000_000.jpg,0,normal,C_003,C_003_003,C_003_003_20230904,000,1920,1080,2073600,618390,135.33749389648438,56.63071914336722,-0.6802729552469202,-1.8681235532407356,56.60353118298101,-0.6605377197265625,-1.8520050048828125,133.34047646604938,136.1576099537037,138.54992862654322,133.27438354492188,136.0888214111328,138.4783935546875,133.0,1495935.0,0.7214192708333333,0.10222398412916157,1.5,b187648e1998ccdb3117a548376354e4,d331ccce3331ccc6
C_003_003_20230904155518_001_003_000_000.jpg,./data/you_foulbrood/normal/C_003_003_20230904155518_001_003_000_000.jpg,0,normal,C_003,C_003_003,C_003_003_20230904,000,1920,1080,2073600,297883,134.80970764160156,56.41947678376907,-0.8013459683642026,-2.0252686149691357,56.39948826210171,-0.7910919189453125,-2.01727294921875,132.55756172839506,135.67183738425925,138.30308352623456,132.5062255859375,135.62181091308594,138.2473602294922,133.0,1460784.5,0.7044678337191358,0.15359370767582903,1.4481481481481482,29017fa5562b6416d80658a58d939a43,d3264cd93336ce23
C_003_003_20230904160809_001_003_000_000.jpg,./data/you_foulbrood/normal/C_003_003_20230904160809_001_003_000_000.jpg,0,normal,C_003,C_003_003,C_003_003_20230904,000,1920,1080,2073600,495378,134.1474151611328,56.16399063483418,-0.8205541087963013,-2.070155767746911,56.13836550245098,-0.8079833984375,-2.0539398193359375,131.8803298611111,135.0759587191358,137.67043788580247,131.81369018554688,135.01170349121094,137.60284423828125,132.0,1364751.5,0.6581556230709876,0.09263656024625531,1.3888888888888888,411cb7d50e6d83557cd7f8fb0c25106e,d3674cc83366cc39
C_003_003_20230904171936_001_003_000_000.jpg,./data/you_foulbrood/normal/C_003_003_20230904171936_001_003_000_000.jpg,0,normal,C_003,C_003_003,C_003_003_20230904,000,1920,1080,2073600,587562,134.1797637939453,56.168651279956435,-0.593126446759257,-2.2553477044753123,56.142506318933826,-0.5695343017578125,-2.242706298828125,132.01574749228396,134.9381317515432,138.0500067515432,131.955322265625,134.87173461914062,137.98245239257812,132.0,1356934.0,0.6543856095679013,0.07788372859659963,1.4083333333333334,0cb5c59fe3466180280dc25c332b9246,d3594c6333cc6635
C_003_003_20230912135900_001_003_000_000.jpg,./data/you_foulbrood/normal/C_003_003_20230912135900_001_003_000_000.jpg,0,normal,C_003,C_003_003,C_003_003_20230912,000,1920,1080,2073600,685937,134.33609008789062,56.24040978274026,-0.4021233603395018,-2.074583815586422,56.20723948759191,-0.3975372314453125,-2.048583984375,132.46200135030864,135.0308342978395,137.85229938271604,132.38099670410156,134.95184326171875,137.7685089111328,133.0,1329242.5,0.6410312982253087,0.07810410794401941,1.3388888888888888,1909bb9628af48c75b8475aa46214a99,d3334ccccc3931ce
C_003_003_20230912140142_001_003_000_000.jpg,./data/you_foulbrood/normal/C_003_003_20230912140142_001_003_000_000.jpg,0,normal,C_003,C_003_003,C_003_003_20230912,000,1920,1080,2073600,655746,134.31646728515625,56.24113713386589,-0.7758931327160496,-1.8833309220678984,56.20974671606924,-0.7605133056640625,-1.85491943359375,132.1308805941358,135.22218460648148,137.51519579475308,132.052978515625,135.1449432373047,137.43368530273438,133.0,1351694.0,0.6518586033950617,0.05515836865739144,1.35,cba1c9ed01a7d34c91c2eccca7f6e0ec,d36e4c3333cccc31
C_003_003_20230912150829_001_003_000_000.jpg,./data/you_foulbrood/normal/C_003_003_20230912150829_001_003_000_000.jpg,0,normal,C_003,C_003_003,C_003_003_20230912,000,1920,1080,2073600,826888,133.0452117919922,55.73990578098523,-0.6644945987654296,-1.9857605131172846,55.70459104051777,-0.650909423828125,-1.9508209228515625,130.93565972222223,133.9137712191358,136.40105324074074,130.84779357910156,133.82638549804688,136.31187438964844,132.0,1205877.5,0.5815381462191358,0.04745987429274335,1.261111111111111,7bda56803e73e78260a526a88db5dc85,93334ccc73311977
C_004_003_20230831145035_001_004_000_000.jpg,./data/you_foulbrood/normal/C_004_003_20230831145035_001_004_000_000.jpg,0,normal,C_004,C_004_003,C_004_003_20230831,000,1920,1080,2073600,579693,137.27423095703125,57.38232476246671,-1.0555328896604976,-2.172674575617279,57.353401932061885,-1.0233001708984375,-2.1642608642578125,134.33329137731482,138.2111193094136,141.17171730324074,134.2744140625,138.1405029296875,141.09774780273438,136.0,1285524.0,0.6199479166666667,0.09400289865193852,1.3287037037037037,3b16426685175d52fde1e8bfc81868fe,d3624c8d3372ccd9
C_004_004_20230826161427_001_004_000_000.jpg,./data/you_foulbrood/normal/C_004_004_20230826161427_001_004_000_000.jpg,0,normal,C_004,C_004_004,C_004_004_20230826,000,1920,1080,2073600,542927,137.0640411376953,57.30690586419753,-0.7442746913580294,-1.9618002507716028,57.284294577205884,-0.7313079833984375,-1.945526123046875,134.96171055169754,137.9420886381173,140.40427035108024,134.90541076660156,137.8821258544922,140.34490966796875,134.0,1516636.0,0.7314023919753087,0.12667124929660611,1.4638888888888888,553ce3a6f159dd8f6455ea87f9367dcc,c4931b6c649bd96c
C_004_004_20230827154914_001_004_000_000.jpg,./data/you_foulbrood/normal/C_004_004_20230827154914_001_004_000_000.jpg,0,normal,C_004,C_004_004,C_004_004_20230827,000,1920,1080,2073600,614387,135.838134765625,56.83159211601307,-0.9795264274691391,-2.0805685763888846,56.805228439031865,-0.957305908203125,-2.054443359375,133.36886140046298,136.8465764853395,139.3841222993827,133.30661010742188,136.7804412841797,139.3087921142578,134.0,1378686.0,0.6648755787037037,0.08435527855024254,1.375925925925926,4a02ad68ea086cd13f437571d72eea5d,c41b1b649bd96696
C_004_004_20230827173124_001_004_000_000.jpg,./data/you_foulbrood/normal/C_004_004_20230827173124_001_004_000_000.jpg,0,normal,C_004,C_004_004,C_004_004_20230827,000,1920,1080,2073600,230750,135.77566528320312,56.79234484688938,-0.28084297839505723,-2.3067013888888823,56.77679922066483,-0.279571533203125,-2.3000640869140625,133.9524363425926,136.41061728395061,139.66105709876544,133.9149169921875,136.3693389892578,139.619873046875,134.0,1369013.5,0.6602109857253087,0.14686676801659398,1.3703703703703705,83ab5f1e049bb6082a82e2e381a5b7f0,c65919664c9966ee
C_004_004_20230831170002_001_004_000_000.jpg,./data/you_foulbrood/normal/C_004_004_20230831170002_001_004_000_000.jpg,0,normal,C_004,C_004_004,C_004_004_20230831,000,1920,1080,2073600,719549,147.05418395996094,60.997462024933434,0.047809124228393785,-3.181789641203707,60.97035127527573,0.0691070556640625,-3.1905364990234375,144.79216049382717,147.2254938271605,152.73855709876543,144.71945190429688,147.1468505859375,152.6612091064453,146.0,1148033.0,0.5536424575617284,0.04865091404128824,1.3101851851851851,720933e6699069733030e618bf91530f,9178c6c73938cec3
C_004_004_20230902145722_001_004_000_000.jpg,./data/you_foulbrood/normal/C_004_004_20230902145722_001_004_000_000.jpg,0,normal,C_004,C_004_004,C_004_004_20230902,000,1920,1080,2073600,387213,137.9966583251953,57.67048989348825,-0.6653954475308694,-2.034237075617284,57.648034189261644,-0.65789794921875,-2.018890380859375,135.89409336419754,138.83366271219137,141.45528452932098,135.83847045898438,138.7780303955078,141.39698791503906,137.0,1251724.0,0.603647762345679,0.09399104528740553,1.298148148148148,78256bc190e391fef740fe3fcfe32703,d16e4c3933cecc31
C_004_004_20230903064536_001_004_000_000.jpg,./data/you_foulbrood/normal/C_004_004_20230903064536_001_004_000_000.jpg,0,normal,C_004,C_004_004,C_004_004_20230903,000,1920,1080,2073600,700069,139.34213256835938,58.12360657225854,-0.3155791859567927,-2.3649580439814883,58.093100155101105,-0.2874908447265625,-2.3582000732421875,137.35146894290122,139.80364197530864,143.52289496527777,137.2803955078125,139.72335815429688,143.4387969970703,126.0,1956562.0,0.943558063271605,0.41504478853312515,1.7777777777777777,a1b6da21219ee938155d0bc34b517529,91ce7338c739c623
C_004_004_20230906151016_001_004_000_000.jpg,./data/you_foulbrood/normal/C_004_004_20230906151016_001_004_000_000.jpg,0,normal,C_004,C_004_004,C_004_004_20230906,000,1920,1080,2073600,631945,136.69276428222656,57.105096753207455,-0.40821084104938166,-2.763303915895065,57.076212565104164,-0.373931884765625,-2.7664337158203125,134.21858024691358,137.14085648148148,141.60486304012346,134.15480041503906,137.06668090820312,141.53065490722656,135.0,1353168.5,0.6525696855709876,0.09728407216627401,1.3592592592592592,8ea495ea6b56532538c6d89c14f6d15b,c4db196c669399cc
C_004_004_20230906180407_001_004_000_000.jpg,./data/you_foulbrood/normal/C_004_004_20230906180407_001_004_000_000.jpg,0,normal,C_004,C_004_004,C_004_004_20230906,000,1920,1080,2073600,825803,145.43939208984375,60.52515829248366,-0.9221137152777743,-2.2372661072530917,60.493367513020836,-0.8855438232421875,-2.223663330078125,142.6772796103395,146.31075376157406,149.45570746527778,142.6039276123047,146.22894287109375,149.373291015625,142.0,1525112.5,0.7354902102623457,0.09151736237512718,1.5212962962962964,5de0d6d14dcf47916219f9a103d62b59,869919666699dd66
C_004_004_20230907074853_001_004_000_000.jpg,./data/you_foulbrood/normal/C_004_004_20230907074853_001_004_000_000.jpg,0,normal,C_004,C_004_004,C_004_004_20230907,000,1920,1080,2073600,651101,139.4994354248047,58.25462679284677,-0.9523514660493788,-2.114922357253093,58.225959329044116,-0.917724609375,-2.0984344482421875,136.94848572530864,140.43798032407406,143.1875347222222,136.88812255859375,140.36805725097656,143.11026000976562,138.0,1307462.5,0.6305278260030864,0.0885122851641662,1.3,b938551488e5f5148d31b33a56a96c7d,91cccc3333ce333c
C_004_004_20230910162535_001_004_000_000.jpg,./data/you_foulbrood/normal/C_004_004_20230910162535_001_004_000_000.jpg,0,normal,C_004,C_004_004,C_004_004_20230910,000,1920,1080,2073600,455010,132.9433135986328,55.697269501936574,-0.9875265239197546,-1.9741063850308649,55.67203297334559,-0.957794189453125,-1.97015380859375,130.3621942515432,133.86809702932098,136.4384558256173,130.30970764160156,133.8037109375,136.37506103515625,132.0,1283044.5,0.6187521701388888,0.08497553711644376,1.3,c00ab80644a8bff738acaa57a4035501,93c8cc6633c9ce72
C_004_004_20230912141507_001_004_000_000.jpg,./data/you_foulbrood/normal/C_004_004_20230912141507_001_004_000_000.jpg,0,normal,C_004,C_004_004,C_004_004_20230912,000,1920,1080,2073600,816190,134.82347106933594,56.434449323710965,-0.8705550733024694,-2.1536757330246843,56.399422439874385,-0.84130859375,-2.1274261474609375,132.42599874614197,135.7742510609568,138.52102382330247,132.33941650390625,135.6866455078125,138.43138122558594,133.0,1383337.5,0.6671187789351852,0.06600728963442777,1.3703703703703705,330fdfe0acf86d26c3e5e39644bdb74d,d34e4c3333ccd931
C_004_005_20230824095844_001_004_000_000.jpg,./data/you_foulbrood/normal/C_004_005_20230824095844_001_004_000_000.jpg,0,normal,C_004,C_004_005,C_004_005_20230824,000,1920,1080,2073600,818396,139.58180236816406,58.277595656318084,-0.2555565200617309,-2.1964433834876473,58.24340221928615,-0.2482452392578125,-2.169281005859375,137.85437017746915,140.19020351080246,143.3167081404321,137.77565002441406,140.10714721679688,143.2317657470703,139.0,1146121.0,0.5527203896604939,0.06035039091305972,1.239814814814815,376eb315b18f8839b75ef07bb357f517,91394ec73138cce7
C_004_005_20230829142824_001_004_000_000.jpg,./data/you_foulbrood/normal/C_004_005_20230829142824_001_004_000_000.jpg,0,normal,C_004,C_004_005,C_004_005_20230829,000,1920,1080,2073600,557694,136.21575927734375,56.97574947803195,-0.6369208140432079,-2.137238618827155,56.9491397633272,-0.6280975341796875,-2.1162872314453125,134.13260127314814,137.03868537808643,139.8330078125,134.06419372558594,136.97265625,139.76344299316406,134.0,1413120.5,0.6814817226080246,0.08449436262963664,1.4064814814814814,ae9b8d2b972e23e3ee729cd2ba9ad3ab,93cc4c7333d94c5c
C_004_005_20230829145027_001_004_000_000.jpg,./data/you_foulbrood/normal/C_004_005_20230829145027_001_004_000_000.jpg,0,normal,C_004,C_004_005,C_004_005_20230829,000,1920,1080,2073600,600235,136.73973083496094,57.18714143064633,-0.9878235918209839,-2.0025308641975244,57.1604949352788,-0.9674530029296875,-1.9766845703125,134.27115547839506,137.7664525462963,140.1192472029321,134.2028350830078,137.6991424560547,140.04437255859375,135.0,1359710.5,0.6557245852623457,0.09146594095467009,1.3611111111111112,b6fd6712e12b4cccf50db20b0305c4e1,934c4c7333cc66d9
C_004_005_20230906154436_001_004_000_000.jpg,./data/you_foulbrood/normal/C_004_005_20230906154436_001_004_000_000.jpg,0,normal,C_004,C_004_005,C_004_005_20230906,000,1920,1080,2073600,541916,137.21163940429688,57.36091196895424,-1.0367650462962956,-2.126068190586423,57.33669505399816,-1.0100555419921875,-2.1147918701171875,134.53105758101853,138.18814477237655,140.9205618248457,134.47157287597656,138.1297607421875,140.85531616210938,135.0,1393415.0,0.6719786844135802,0.11238200598640957,1.3833333333333333,e62cbee9f2beabca2c7d8b601d6b59e4,c6e6199966666c9a
C_004_005_20230907082057_001_004_000_000.jpg,./data/you_foulbrood/normal/C_004_005_20230907082057_001_004_000_000.jpg,0,normal,C_004,C_004_005,C_004_005_20230907,000,1920,1080,2073600,725048,137.86813354492188,57.59598822167756,-0.7127290702160565,-2.46938753858025,57.564625459558826,-0.6766815185546875,-2.4558868408203125,135.4005859375,138.6216835455247,142.17641155478395,135.32850646972656,138.5468292236328,142.09132385253906,136.0,1380041.0,0.6655290316358025,0.07874141306707204,1.3824074074074073,bf0133b9e2ada7cf619943dc5a1b543a,867699196666999b
C_004_005_20230907090319_001_004_000_000.jpg,./data/you_foulbrood/normal/C_004_005_20230907090319_001_004_000_000.jpg,0,normal,C_004,C_004_005,C_004_005_20230907,000,1920,1080,2073600,776493,138.60726928710938,57.84483762254902,-0.6274869791666617,-2.6175819830246922,57.81494739008885,-0.591156005859375,-2.605560302734375,136.08619936342592,139.28045958719136,143.18011236496915,136.01629638671875,139.2053985595703,143.0990753173828,136.0,1429029.5,0.6891538869598766,0.0889309058544151,1.4212962962962963,44209dc8ec2a2efc7147c49f428c99fc,c56d1292966c6d6d
C_004_005_20230910165009_001_004_000_000.jpg,./data/you_foulbrood/normal/C_004_005_20230910165009_001_004_000_000.jpg,0,normal,C_004,C_004_005,C_004_005_20230910,000,1920,1080,2073600,565479,134.64895629882812,56.35887705004841,-0.7917308063271662,-1.8260672260802409,56.332786410462624,-0.7806243896484375,-1.802276611328125,132.57351803626543,135.5328081597222,137.7404084683642,132.5076446533203,135.4681854248047,137.67178344726562,133.0,1454855.0,0.7016083140432099,0.10673786645285116,1.424074074074074,8160a1f8bc86eb7386dc110682ec2768,904f473938c739ce
C_004_005_20230910165631_001_004_000_000.jpg,./data/you_foulbrood/normal/C_004_005_20230910165631_001_004_000_000.jpg,0,normal,C_004,C_004_005,C_004_005_20230910,000,1920,1080,2073600,490654,134.7817840576172,56.400819452009195,-0.3629827353395001,-1.9607744984567859,56.37860466452206,-0.360687255859375,-1.9422760009765625,133.07539834104938,135.4083632330247,138.1042505787037,133.0233154296875,135.3526611328125,138.04043579101562,133.0,1452264.5,0.7003590374228396,0.1124031788540561,1.4259259259259258,9df04e2ccd9c15858588c9d9de607d1d,9138cec73331cccd
C_004_005_20230911071727_001_004_000_000.jpg,./data/you_foulbrood/normal/C_004_005_20230911071727_001_004_000_000.jpg,0,normal,C_004,C_004_005,C_004_005_20230911,000,1920,1080,2073600,744439,135.9070587158203,56.86767580488986,-0.9529465663580226,-1.8425096450617247,56.83261646943934,-0.937408447265625,-1.808349609375,133.47984857253087,136.94200135030863,139.0073003472222,133.3947296142578,136.852294921875,138.9184112548828,134.0,1394198.5,0.6723565297067902,0.06159711218510609,1.4166666666666667,f767b093a8e95f13e646d6605420b679,843b1b6d649b9966
C_004_005_20230912155811_001_004_000_000.jpg,./data/you_foulbrood/normal/C_004_005_20230912155811_001_004_000_000.jpg,0,normal,C_004,C_004_005,C_004_005_20230912,000,1920,1080,2073600,754968,133.51083374023438,55.91478077342048,-0.5889173418209879,-2.2138898533950595,55.88137757544424,-0.573455810546875,-2.1869354248046875,131.40928047839506,134.33228780864198,137.25572337962964,131.3268585205078,134.24691772460938,137.17218017578125,132.0,1239466.0,0.5977363040123457,0.05132774030708912,1.2731481481481481,d282a4f564c39669a7e301139b9c23aa,93764c993366cc99
C_004_006_20230824075645_001_004_000_000.jpg,./data/you_foulbrood/normal/C_004_006_20230824075645_001_004_000_000.jpg,0,normal,C_004,C_004_006,C_004_006_20230824,000,1920,1080,2073600,643613,140.38572692871094,58.60305729544905,-0.9695307677469174,-2.4973495370370387,58.5725372912837,-0.9388275146484375,-2.47637939453125,137.64363474151236,141.3664838927469,144.676651716821,137.571044921875,141.28857421875,144.59671020507812,139.0,1208939.0,0.5830145640432098,0.0689024339300303,1.3273584905660378,bcdbd8463155d8dafac580b76b6e3d90,914e4e31cecc31cf
C_004_006_20230825181727_001_004_000_000.jpg,./data/you_foulbrood/normal/C_004_006_20230825181727_001_004_000_000.jpg,0,normal,C_004,C_004_006,C_004_006_20230825,000,1920,1080,2073600,788730,136.88763427734375,57.23072462781409,-0.8591319444444423,-2.3894536072530883,57.194632735906865,-0.811767578125,-2.3801116943359375,134.2040335648148,137.7319425154321,141.10237461419754,134.1273651123047,137.6453094482422,141.01380920410156,135.0,1365174.0,0.658359375,0.0885555169062693,1.3537037037037036,df447033d046c8d83194904bb6b696e9,91334ccc31736773
C_004_006_20230828085128_001_004_000_000.jpg,./data/you_foulbrood/normal/C_004_006_20230828085128_001_004_000_000.jpg,0,normal,C_004,C_004_006,C_004_006_20230828,000,1920,1080,2073600,846721,139.76393127441406,58.35127749788187,-0.8108699845679013,-2.337525559413578,58.318104463465076,-0.7732391357421875,-2.313079833984375,137.37411120756173,140.63757185570987,143.79029369212964,137.29208374023438,140.55465698242188,143.69932556152344,138.0,1324640.0,0.6388117283950617,0.07265409974911011,1.325,cfb248e45d01841d39ef7e9ccac82df1,914e4e3133ce78c7
C_004_006_20230904174029_001_004_000_000.jpg,./data/you_foulbrood/normal/C_004_006_20230904174029_001_004_000_000.jpg,0,normal,C_004,C_004_006,C_004_006_20230904,000,1920,1080,2073600,655174,142.78627014160156,59.502987699709514,-0.5397212577160531,-2.4612837577160462,59.47259042777267,-0.516326904296875,-2.437225341796875,140.5468677662037,143.47018759645061,146.9916690779321,140.47760009765625,143.395751953125,146.91220092773438,140.0,1455807.0,0.7020674189814815,0.08185852078281514,1.4490740740740742,dd879e01899ecb3c8a829e2fce0bd511,c4991b66649b9b66
C_004_006_20230906162831_001_004_000_000.jpg,./data/you_foulbrood/normal/C_004_006_20230906162831_001_004_000_000.jpg,0,normal,C_004,C_004_006,C_004_006_20230906,000,1920,1080,2073600,618223,135.97296142578125,56.872217116013076,-0.9261183449074082,-2.3923302469135734,56.8417537913603,-0.8950958251953125,-2.3797454833984375,133.29545669367283,136.90030044367285,140.12897521219136,133.22482299804688,136.8264923095703,140.04591369628906,134.0,1360117.5,0.6559208622685185,0.07411109585554565,1.3518518518518519,b4810d50501cf9040b52f5ff0c8101f9,c4e6199976666c99
C_004_006_20230908160411_001_004_000_000.jpg,./data/you_foulbrood/normal/C_004_006_20230908160411_001_004_000_000.jpg,0,normal,C_004,C_004_006,C_004_006_20230908,000,1920,1080,2073600,782824,137.4304962158203,57.45387069565481,-0.7470283564814792,-2.025042438271612,57.42235969094669,-0.729034423828125,-1.9933624267578125,135.29931423611112,138.33044849537038,140.86941647376543,135.21961975097656,138.25209045410156,140.78968811035156,135.0,1429682.5,0.6894687982253086,0.07552353045773284,1.4370370370370371,ea370cf7b44bd58001e3617b6bf44747,914e473938ce7339
C_004_006_20230908170408_001_004_000_000.jpg,./data/you_foulbrood/normal/C_004_006_20230908170408_001_004_000_000.jpg,0,normal,C_004,C_004_006,C_004_006_20230908,000,1920,1080,2073600,644819,136.40530395507812,57.05606012466715,-1.004577064043204,-2.15830873842593,57.02639710669424,-0.9832305908203125,-2.1288909912109375,133.88411361882717,137.4590808256173,140.05014371141976,133.80799865722656,137.38265991210938,139.96829223632812,134.0,1425393.5,0.6874004147376543,0.07846771086646331,1.4157407407407407,7f77d55b859d4620dbb793f0f66c1729,9067473839c7ce3c
C_004_006_20230910153213_001_004_000_000.jpg,./data/you_foulbrood/normal/C_004_006_20230910153213_001_004_000_000.jpg,0,normal,C_004,C_004_006,C_004_006_20230910,000,1920,1080,2073600,524545,131.53485107421875,55.14787524963689,-0.7327758487654279,-1.4552141203703712,55.12017343558517,-0.7223358154296875,-1.4369049072265625,129.6691835455247,132.396160783179,134.05915268132716,129.60289001464844,132.32566833496094,133.98977661132812,130.0,1383701.5,0.667294319058642,0.08323282024081154,1.3925925925925926,a5d1d25bbea875db31bb415eba4732bd,91ce46393c397cc6
C_004_006_20230912155425_001_004_000_000.jpg,./data/you_foulbrood/normal/C_004_006_20230912155425_001_004_000_000.jpg,0,normal,C_004,C_004_006,C_004_006_20230912,000,1920,1080,2073600,716103,134.16567993164062,56.16993350580972,-0.6001408179012344,-2.1867182677469117,56.13857493681066,-0.584686279296875,-2.158599853515625,132.06924913194445,134.98481433256174,137.8608695023148,131.9951171875,134.90452575683594,137.78033447265625,133.0,1311863.5,0.6326502218364197,0.0772404912986338,1.325925925925926,7f6ea5eb0d8c18e00591bd4b11e4c019,916e4e3331cec731
C_005_006_20230904174635_001_005_000_000.jpg,./data/you_foulbrood/normal/C_005_006_20230904174635_001_005_000_000.jpg,0,normal,C_005,C_005_006,C_005_006_20230904,000,1920,1080,2073600,404222,141.62477111816406,58.9639096919632,-0.24249951774690715,-2.8506023341049342,58.943672928155635,-0.227569580078125,-2.8492279052734375,139.29088252314816,141.9941830632716,146.6448582175926,139.24578857421875,141.93966674804688,146.59317016601562,140.0,1307856.5,0.6307178337191358,0.11912635667505198,1.3777777777777778,50f7a143c358d9aa8ddd759ce1a5572a,c49b1b649b66649b
C_005_006_20230905082116_001_005_000_000.jpg,./data/you_foulbrood/normal/C_005_006_20230905082116_001_005_000_000.jpg,0,normal,C_005,C_005_006,C_005_006_20230905,000,1920,1080,2073600,400951,140.44107055664062,58.56331699346405,-0.679626253858018,-2.462269000771599,58.5423308727788,-0.6599884033203125,-2.454437255859375,137.8911791087963,141.16484423225307,144.75373119212964,137.8434600830078,141.1100616455078,144.69590759277344,140.0,1101528.5,0.531215518904321,0.05497821988426988,1.2851851851851852,766e6d5b50c3d9a4feca74578a8c7284,c593136c129b6db6
C_005_006_20230910165454_001_005_000_000.jpg,./data/you_foulbrood/normal/C_005_006_20230910165454_001_005_000_000.jpg,0,normal,C_005,C_005_006,C_005_006_20230910,000,1920,1080,2073600,460826,134.41307067871094,56.265461033950615,-0.9642544367283961,-1.985562789351846,56.243142520680145,-0.94775390625,-1.9696807861328125,132.03575761959877,135.39125530478395,137.78296055169753,131.98204040527344,135.33314514160156,137.72593688964844,133.0,1421909.5,0.6857202449845679,0.13642581293437972,1.3972222222222221,adfdf4fdb482271a468510af74d58c6f,9133cecc3133c799
C_005_007_20230825180004_001_005_000_000.jpg,./data/you_foulbrood/normal/C_005_007_20230825180004_001_005_000_000.jpg,0,normal,C_005,C_005_007,C_005_007_20230825,000,1920,1080,2073600,756581,136.5251922607422,57.090819414185425,-0.8273823302469197,-2.500555073302465,57.05693263633579,-0.7877349853515625,-2.4834442138671875,133.96681616512345,137.4099320023148,140.83257716049383,133.88685607910156,137.32748413085938,140.74343872070312,135.0,1326461.5,0.6396901523919754,0.07256707297172611,1.337962962962963,ac1c60224606e98bf2c4714d0893c3a7,91734ecc313367cc
C_005_007_20230828152845_001_005_000_000.jpg,./data/you_foulbrood/normal/C_005_007_20230828152845_001_005_000_000.jpg,0,normal,C_005,C_005_007,C_005_007_20230828,000,1920,1080,2073600,353645,135.62548828125,56.740915108327286,-0.9870823688271599,-2.1350757137345653,56.719970703125,-0.9691314697265625,-2.124481201171875,133.14296344521605,136.6329865933642,139.25482108410495,133.09326171875,136.5780029296875,139.2025604248047,133.0,1499812.5,0.7232892071759259,0.10770912073009177,1.473148148148148,c6b42f73e2bd473fcefdd393b26c2636,d3cc4c33cc8d3366
C_005_007_20230829141407_001_005_000_000.jpg,./data/you_foulbrood/normal/C_005_007_20230829141407_001_005_000_000.jpg,0,normal,C_005,C_005_007,C_005_007_20230829,000,1920,1080,2073600,610309,136.00074768066406,56.881995884773666,-0.772812982253086,-2.325515046296303,56.85059790517769,-0.7518157958984375,-2.3087310791015625,133.64534384645063,136.88613474151234,139.97395302854937,133.56857299804688,136.8074951171875,139.8953857421875,133.0,1486075.0,0.7166642554012346,0.09174153089057997,1.4814814814814814,8f4e72e6ea511072c033b36e4869a274,91ce4c3373cc3333
C_005_007_20230831153100_001_005_000_000.jpg,./data/you_foulbrood/normal/C_005_007_20230831153100_001_005_000_000.jpg,0,normal,C_005,C_005_007,C_005_007_20230831,000,1920,1080,2073600,323974,135.6797637939453,56.68798660282014,-0.3009548611111086,-3.0985378086419786,56.669897939644606,-0.2847137451171875,-3.1021728515625,133.02508728780865,136.0251914544753,141.1586250964506,132.9840087890625,135.9777069091797,141.10829162597656,134.0,1339473.5,0.6459652295524692,0.13445623398058237,1.3703703703703705,5c3e4d0964909f1f45d745821ff77a60,d33328ccccce6672
C_005_007_20230902173015_001_005_000_000.jpg,./data/you_foulbrood/normal/C_005_007_20230902173015_001_005_000_000.jpg,0,normal,C_005,C_005_007,C_005_007_20230902,000,1920,1080,2073600,500669,142.07186889648438,59.242113932764475,-0.7762278163580305,-1.4913252314814827,59.217415603936885,-0.7611846923828125,-1.46875,140.1013710455247,142.8992934992284,144.6477850115741,140.04666137695312,142.8362274169922,144.57916259765625,139.0,1500477.0,0.7236096643518518,0.12015192075191276,1.5620370370370371,0ade080f07f1079a9ab106cf020672ba,d10cce3338cc73ce
C_005_007_20230904155644_001_005_000_000.jpg,./data/you_foulbrood/normal/C_005_007_20230904155644_001_005_000_000.jpg,0,normal,C_005,C_005_007,C_005_007_20230904,000,1920,1080,2073600,711805,134.70376586914062,56.38428119704672,-0.6436805555555623,-1.8952826003086471,56.3548308727788,-0.6324920654296875,-1.8627471923828125,132.67660059799383,135.53688802083335,137.89771942515432,132.605224609375,135.46287536621094,137.82000732421875,133.0,1418644.0,0.6841454475308641,0.07371518999720492,1.4398148148148149,abbc56d89b95c451562ae5415905284e,d3314cce3331cdc6
C_005_007_20230904163451_001_005_000_000.jpg,./data/you_foulbrood/normal/C_005_007_20230904163451_001_005_000_000.jpg,0,normal,C_005,C_005_007,C_005_007_20230904,000,1920,1080,2073600,760186,134.28573608398438,56.21991705246913,-0.7372574266975249,-1.9932831790123515,56.188851150811885,-0.71527099609375,-1.966217041015625,132.14799913194443,135.17311294367283,137.66542004243829,132.07412719726562,135.0928192138672,137.5873565673828,133.0,1361665.5,0.6566673900462963,0.05848037371355668,1.3796296296296295,1929d9e6837770c876a13171115eb3e6,c67319cc663399cc
C_005_007_20230910160846_001_005_000_000.jpg,./data/you_foulbrood/normal/C_005_007_20230910160846_001_005_000_000.jpg,0,normal,C_005,C_005_007,C_005_007_20230910,000,1920,1080,2073600,446462,132.8604278564453,55.65970349945534,-0.3981216242283949,-1.610284047067907,55.63648897058823,-0.40228271484375,-1.5830078125,131.32741705246914,133.49551697530865,135.55450424382715,131.27044677734375,133.43856811523438,135.49154663085938,132.0,1257194.0,0.6062856867283951,0.09599152445245016,1.2518518518518518,5403ef537f2b0a84a4000a00c982c9d1,91394cce73399c33
C_005_008_20230825172041_001_005_000_000.jpg,./data/you_foulbrood/normal/C_005_008_20230825172041_001_005_000_000.jpg,0,normal,C_005,C_005_008,C_005_008_20230825,000,1920,1080,2073600,625298,137.0170135498047,57.26748309277414,-0.6689699074074014,-2.698293306327159,57.23577761182598,-0.630126953125,-2.69140625,134.39157841435184,137.7122092013889,141.73804783950618,134.32568359375,137.6370849609375,141.6565399169922,135.0,1365690.5,0.6586084587191358,0.11073150424860145,1.3546296296296296,e14bf7c158e0e341b9b96dfc7a6cccbd,91784e673118cee7
C_005_008_20230826100415_001_005_000_000.jpg,./data/you_foulbrood/normal/C_005_008_20230826100415_001_005_000_000.jpg,0,normal,C_005,C_005_008,C_005_008_20230826,000,1920,1080,2073600,722585,140.1792755126953,58.51283530773421,-0.7946551890432119,-2.192466242283956,58.483204561121326,-0.767852783203125,-2.1750335693359375,137.87409384645062,141.04455102237654,143.95572964891974,137.8030548095703,140.97042846679688,143.8780975341797,138.0,1383592.0,0.667241512345679,0.08605596664323203,1.3796296296296295,0b137db1fe2424dad43157f37c01dd14,d3cc4c33669933cc
C_005_008_20230827175703_001_005_000_000.jpg,./data/you_foulbrood/normal/C_005_008_20230827175703_001_005_000_000.jpg,0,normal,C_005,C_005_008,C_005_008_20230827,000,1920,1080,2073600,1081490,120.65852355957031,50.86055207576858,-0.8402445023148175,-2.461968074845686,50.81715303308823,-0.807281494140625,-2.435882568359375,117.9865272955247,121.64668161651234,124.94267216435185,117.88035583496094,121.53834533691406,124.83428955078125,118.0,1389050.0,0.669873649691358,0.041926635615944174,1.4333333333333333,8f9a947d45e0f202010716cd23dbd563,910e4e3946c639ef
C_005_008_20230829154347_001_005_000_000.jpg,./data/you_foulbrood/normal/C_005_008_20230829154347_001_005_000_000.jpg,0,normal,C_005,C_005_008,C_005_008_20230829,000,1920,1080,2073600,262924,135.89413452148438,56.823918051016705,0.3786005015432181,-2.3225308641975317,56.80778353821997,0.3702850341796875,-2.3171844482421875,134.7027411265432,136.17731674382716,139.8176022376543,134.65916442871094,136.13577270507812,139.7751007080078,134.0,1382485.0,0.6667076581790123,0.15524165910304266,1.3768518518518518,1cc4a37070ecf7ab87ecb7b75784f47c,914e4e314ece31e7
C_005_008_20230831152245_001_005_000_000.jpg,./data/you_foulbrood/normal/C_005_008_20230831152245_001_005_000_000.jpg,0,normal,C_005,C_005_008,C_005_008_20230831,000,1920,1080,2073600,584282,135.91065979003906,56.852366822500606,-1.099217303240735,-2.273918306327161,56.82745241651348,-1.0725250244140625,-2.2617034912109375,133.01423225308642,136.9308661265432,139.87624614197532,132.95481872558594,136.8675537109375,139.81005859375,134.0,1357623.5,0.6547181230709876,0.08038727026682979,1.3833333333333333,fc8b7406f9a172d9d09b7f0362d1a1ef,d3634ccc333366cc
C_005_008_20230902163704_001_005_000_000.jpg,./data/you_foulbrood/normal/C_005_008_20230902163704_001_005_000_000.jpg,0,normal,C_005,C_005_008,C_005_008_20230902,000,1920,1080,2073600,788279,136.0109405517578,56.90189780773421,-1.0056365740740745,-2.1281172839506155,56.8679869408701,-0.9767303466796875,-2.1016845703125,133.33575424382715,137.00961419753085,139.71431905864196,133.25350952148438,136.9244384765625,139.62725830078125,134.0,1396691.0,0.6735585455246914,0.06397659172582007,1.4037037037037037,67a2047f688278fc5baeaaa6a9ea776d,d14e4c3333cc5cb3
C_005_008_20230903074840_001_005_000_000.jpg,./data/you_foulbrood/normal/C_005_008_20230903074840_001_005_000_000.jpg,0,normal,C_005,C_005_008,C_005_008_20230903,000,1920,1080,2073600,597705,135.54232788085938,56.70637311637618,-0.8989048032407396,-2.0419738618827097,56.677970138250615,-0.869049072265625,-2.0321044921875,133.00241560570987,136.40785734953704,139.1673114390432,132.9369659423828,136.33609008789062,139.09719848632812,133.0,1549687.5,0.7473415798611112,0.07331114256367546,1.5935185185185186,5cfe24b836ebc940e4ad4854a05768eb,d1864e39c6e23b39
C_005_008_20230904161438_001_005_000_000.jpg,./data/you_foulbrood/normal/C_005_008_20230904161438_001_005_000_000.jpg,0,normal,C_005,C_005_008,C_005_008_20230904,000,1920,1080,2073600,763760,134.0331268310547,56.118544427801986,-0.8009456983024705,-2.2258357445987684,56.08521704580269,-0.766998291015625,-2.2107391357421875,131.62570216049383,134.8933526234568,137.8988811728395,131.54852294921875,134.8124542236328,137.8133544921875,132.0,1333717.0,0.6431891396604938,0.06375641914898757,1.3824074074074073,662dab5402051edbfb0d039bcb783ab2,c739196667998c66
C_005_008_20230907085106_001_005_000_000.jpg,./data/you_foulbrood/normal/C_005_008_20230907085106_001_005_000_000.jpg,0,normal,C_005,C_005_008,C_005_008_20230907,000,1920,1080,2073600,625705,137.82626342773438,57.55704524479545,-0.6429292052469151,-2.699321469907403,57.52801633348652,-0.6118621826171875,-2.689727783203125,135.2453515625,138.52041714891976,142.51250241126544,135.17819213867188,138.44602966308594,142.43385314941406,136.0,1338053.0,0.6452801890432098,0.10695009141956004,1.337962962962963,099b644851dc4b1e4b7a2f561298c180,91714cce273339dc
C_005_008_20230908174319_001_005_000_000.jpg,./data/you_foulbrood/normal/C_005_008_20230908174319_001_005_000_000.jpg,0,normal,C_005,C_005_008,C_005_008_20230908,000,1920,1080,2073600,742776,136.44732666015625,57.06577024328249,-0.9757383294753055,-2.269801793981486,57.038616105621934,-0.947174072265625,-2.2418212890625,133.90495322145063,137.46924141589506,140.29008053626544,133.8372802734375,137.40023803710938,140.2169647216797,134.0,1428501.0,0.6888990162037038,0.06718496450567495,1.4361111111111111,a929be19f611129f270189abc02d35ef,9047473839c73cf3
C_005_009_20230831162826_001_005_000_000.jpg,./data/you_foulbrood/normal/C_005_009_20230831162826_001_005_000_000.jpg,0,normal,C_005,C_005_009,C_005_009_20230831,000,1920,1080,2073600,730201,137.16343688964844,57.316995355240856,-0.831607831790123,-2.5234640239197574,57.286945417815566,-0.789398193359375,-2.5144195556640625,134.32456500771605,137.95704957561728,141.63850405092592,134.26060485839844,137.88473510742188,141.55514526367188,135.0,1382660.5,0.666792293595679,0.07930798082889931,1.4027777777777777,9c7e81c39898729757b846a17b02bd34,d3734c8c23337876
C_005_009_20230908164206_001_005_000_000.jpg,./data/you_foulbrood/normal/C_005_009_20230908164206_001_005_000_000.jpg,0,normal,C_005,C_005_009,C_005_009_20230908,000,1920,1080,2073600,715738,136.6534881591797,57.151501792846766,-0.9741444830246877,-2.1476996527777743,57.120492972579655,-0.952239990234375,-2.1142120361328125,134.1608878279321,137.68801745756173,140.28042148919752,134.08395385742188,137.60899353027344,140.19448852539062,135.0,1347995.0,0.650074749228395,0.08828043106387451,1.3518518518518519,63a22610f0421650a6568acb9e322590,904e473938ce63f3
C_005_009_20230908174822_001_005_000_000.jpg,./data/you_foulbrood/normal/C_005_009_20230908174822_001_005_000_000.jpg,0,normal,C_005,C_005_009,C_005_009_20230908,000,1920,1080,2073600,424269,136.28575134277344,56.999680200012094,-0.7376080246913546,-2.1916068672839515,56.9753848805147,-0.725433349609375,-2.1725921630859375,134.0600106095679,137.1745167824074,139.98815104166667,134.00193786621094,137.1114044189453,139.92416381835938,134.0,1411432.0,0.6806674382716049,0.09681331126180477,1.4064814814814814,08bab87b46700930cd82cac9738aa764,9067473838c77739
C_005_009_20230911081343_001_005_000_000.jpg,./data/you_foulbrood/normal/C_005_009_20230911081343_001_005_000_000.jpg,0,normal,C_005,C_005_009,C_005_009_20230911,000,1920,1080,2073600,998802,138.25421142578125,57.767117715141616,-0.279177276234563,-1.911826774691363,57.72381950827206,-0.275634765625,-1.8686676025390625,136.66888020833332,138.8953192515432,141.4840731095679,136.5615234375,138.78749084472656,141.37274169921875,137.0,1295972.5,0.6249867380401235,0.052611337463992235,1.3240740740740742,a83322b19678cc31bda30d2c0b21ff93,93664c9933e6cc39
C_005_009_20230912133734_001_005_000_000.jpg,./data/you_foulbrood/normal/C_005_009_20230912133734_001_005_000_000.jpg,0,normal,C_005,C_005_009,C_005_009_20230912,000,1920,1080,2073600,747543,134.72332763671875,56.38849760197289,-0.5362437307098702,-2.142832754629623,56.35834937002144,-0.518463134765625,-2.1194000244140625,132.70318913966048,135.48524353780863,138.37126591435185,132.6343231201172,135.40809631347656,138.29464721679688,133.0,1375933.0,0.6635479359567901,0.06950940870819496,1.3611111111111112,806559956a815a90dc98ce823a06a44f,d3664c993366cccc
C_006_009_20230827185042_001_006_000_000.jpg,./data/you_foulbrood/normal/C_006_009_20230827185042_001_006_000_000.jpg,0,normal,C_006,C_006_009,C_006_009_20230827,000,1920,1080,2073600,957642,143.22659301757812,59.65437394093439,-0.7420505401234578,-2.514141589506167,59.61952359068628,-0.70526123046875,-2.491668701171875,140.6267824074074,144.03285445601853,147.6443643904321,140.5409698486328,143.94281005859375,147.5523223876953,140.0,1479815.5,0.7136455922067901,0.09086716595338842,1.475,8f0d5b2a4bcc09c691be8af966199f16,d83847c7c3713c3c
C_006_009_20230827190556_001_006_000_000.jpg,./data/you_foulbrood/normal/C_006_009_20230827190556_001_006_000_000.jpg,0,normal,C_006,C_006_009,C_006_009_20230827,000,1920,1080,2073600,872678,143.16561889648438,59.63704308884048,-0.6576171874999943,-2.5320481288580226,59.60159600949755,-0.618072509765625,-2.51800537109375,140.6539809992284,143.88703269675926,147.63809172453705,140.56846618652344,143.79554748535156,147.5454559326172,140.0,1506017.0,0.7262813464506173,0.07847540030582432,1.4638888888888888,63e34d9b9a62f9aa51ab1f55eb481650,d1394ece4c393173
C_006_009_20230831160908_001_006_000_000.jpg,./data/you_foulbrood/normal/C_006_009_20230831160908_001_006_000_000.jpg,0,normal,C_006,C_006_009,C_006_009_20230831,000,1920,1080,2073600,593976,134.97772216796875,56.48774396332607,-0.8469579475308677,-2.3113599537037004,56.461558622472424,-0.82989501953125,-2.2903289794921875,132.53642264660493,135.92859471450618,138.90021508487655,132.47120666503906,135.86178588867188,138.83009338378906,133.0,1374373.0,0.6627956211419753,0.06291649774279423,1.412037037037037,33bf93ed42812f604f2ad300d541748e,93334ccc663331dd
C_006_010_20230825164628_001_006_000_000.jpg,./data/you_foulbrood/normal/C_006_010_20230825164628_001_006_000_000.jpg,0,normal,C_006,C_006_010,C_006_010_20230825,000,1920,1080,2073600,765695,136.8428192138672,57.19696048172356,-0.6502150848765496,-2.756804591049388,57.16312184053309,-0.612060546875,-2.748260498046875,134.10869164737653,137.5390909529321,141.72579234182098,134.0303192138672,137.45932006835938,141.63743591308594,135.0,1365404.0,0.6584702932098765,0.08974138748940669,1.3555555555555556,8530a122baa734bfba44ba4005c35a29,91394ecf3131ccce
C_006_010_20230825165936_001_006_000_000.jpg,./data/you_foulbrood/normal/C_006_010_20230825165936_001_006_000_000.jpg,0,normal,C_006,C_006_010,C_006_010_20230825,000,1920,1080,2073600,688470,137.09507751464844,57.276261233660136,-0.5148220486111086,-2.822748360339503,57.24648868336397,-0.481689453125,-2.8195343017578125,134.47478153935185,137.66463300540124,142.08432050540122,134.4087371826172,137.59304809570312,142.00660705566406,135.0,1381358.0,0.6661641589506173,0.11625456195889271,1.3657407407407407,290d5c27e070f69ee69f1304dc99adfa,91734ecc383167c7
C_006_010_20230827163818_001_006_000_000.jpg,./data/you_foulbrood/normal/C_006_010_20230827163818_001_006_000_000.jpg,0,normal,C_006,C_006_010,C_006_010_20230827,000,1920,1080,2073600,585897,135.6713409423828,56.75786734446866,-0.5702358217592547,-2.133790991512342,56.735145718443626,-0.5643310546875,-2.112152099609375,133.6460865162037,136.45342447916667,139.2721243248457,133.5893096923828,136.3964080810547,139.20924377441406,134.0,1352065.5,0.6520377604166666,0.09511708024468571,1.3583333333333334,12d2d0ec9d8c710becaf0624b27b3ee6,c609197666cd6793
C_006_010_20230829163456_001_006_000_000.jpg,./data/you_foulbrood/normal/C_006_010_20230829163456_001_006_000_000.jpg,0,normal,C_006,C_006_010,C_006_010_20230829,000,1920,1080,2073600,517539,144.17132568359375,60.08376338961511,-0.9477845293209839,-2.3030121527777823,60.056194230621934,-0.9361419677734375,-2.271636962890625,141.49920187114196,145.18531876929012,147.9934553433642,141.42945861816406,145.11752319335938,147.92294311523438,143.0,1240884.5,0.5984203800154321,0.05841788165360385,1.3416666666666666,9f43cb0d6bcfc0b34cb826e0675ea782,d3330cd9296666dc
C_006_010_20230831144344_001_006_000_000.jpg,./data/you_foulbrood/normal/C_006_010_20230831144344_001_006_000_000.jpg,0,normal,C_006,C_006_010,C_006_010_20230831,000,1920,1080,2073600,384167,136.53436279296875,57.05583223644396,-0.5771397569444474,-2.5760165895061675,57.035725911458336,-0.5558929443359375,-2.5749664306640625,133.9800323109568,137.12539110725308,141.07878809799382,133.93443298339844,137.0760498046875,141.02174377441406,135.0,1317495.0,0.6353660300925926,0.14328528400114163,1.3407407407407408,ca93e72a4221782c10a1978e755123ae,d3734ccc33664633
C_006_010_20230902144918_001_006_000_000.jpg,./data/you_foulbrood/normal/C_006_010_20230902144918_001_006_000_000.jpg,0,normal,C_006,C_006_010,C_006_010_20230902,000,1920,1080,2073600,809751,137.9832763671875,57.66560514251997,-0.7557576195987679,-2.102327835648154,57.63245227290135,-0.7295684814453125,-2.077850341796875,135.70205536265433,138.84861400462964,141.6125241126543,135.62493896484375,138.76515197753906,141.52645874023438,137.0,1238762.0,0.5973967978395062,0.057389410573524896,1.2842592592592592,c15c7fa4e4b6ebfc812738ca7055e779,d36e4c3133cecc31
C_006_010_20230902190737_001_006_000_000.jpg,./data/you_foulbrood/normal/C_006_010_20230902190737_001_006_000_000.jpg,0,normal,C_006,C_006_010,C_006_010_20230902,000,1920,1080,2073600,774757,136.64395141601562,57.11489651416122,-0.469186439043213,-2.382161940586414,57.08123898973652,-0.4352569580078125,-2.3727874755859375,134.44785638503086,137.23196903935184,140.84847559799383,134.3730010986328,137.14903259277344,140.7624053955078,133.0,1643681.5,0.7926704764660494,0.06446048298966,1.6398148148148148,29cb7d408e8d63bdfc7d9694db020d4c,c69959664c997699
C_006_010_20230904160625_001_006_000_000.jpg,./data/you_foulbrood/normal/C_006_010_20230904160625_001_006_000_000.jpg,0,normal,C_006,C_006_010,C_006_010_20230904,000,1920,1080,2073600,769532,134.5381622314453,56.30653727154442,-0.5593817515432136,-2.3499078896605,56.273031795726105,-0.531646728515625,-2.3334503173828125,132.3543962191358,135.27347029320987,138.58606674382716,132.27764892578125,135.1898651123047,138.4998779296875,133.0,1405528.5,0.6778204571759259,0.0731652548947479,1.4083333333333334,15215e9479b347fd31558d5ce5d37537,d35c0c3333cc33dc
C_006_010_20230905072554_001_006_000_000.jpg,./data/you_foulbrood/normal/C_006_010_20230905072554_001_006_000_000.jpg,0,normal,C_006,C_006_010,C_006_010_20230905,000,1920,1080,2073600,593126,139.9916534423828,58.42447557340837,-0.9809664351851808,-2.3521976273148084,58.39845545151655,-0.9526214599609375,-2.3364715576171875,137.06010030864198,140.95402199074073,144.18038387345678,136.9987335205078,140.887939453125,144.10760498046875,138.0,1380763.0,0.6658772183641976,0.08364962165633795,1.3925925925925926,05b3690e05ebf2b30947102a79bd0195,c49b13649b926d9b
C_006_010_20230908155225_001_006_000_000.jpg,./data/you_foulbrood/normal/C_006_010_20230908155225_001_006_000_000.jpg,0,normal,C_006,C_006_010,C_006_010_20230908,000,1920,1080,2073600,807621,136.75387573242188,57.19691244553376,-0.9632508680555532,-1.9830666473765461,57.163869820389095,-0.9366607666015625,-1.9473114013671875,134.40326195987655,137.78446662808642,140.1380401234568,134.32015991210938,137.7014617919922,140.04574584960938,135.0,1275585.5,0.615155044367284,0.05076337673926008,1.3768518518518518,2de196fe74944c4e1aaac3f4cf27c6a1,904747383ec7393e
C_006_011_20230827172315_001_006_000_000.jpg,./data/you_foulbrood/normal/C_006_011_20230827172315_001_006_000_000.jpg,0,normal,C_006,C_006_011,C_006_011_20230827,000,1920,1080,2073600,557217,135.736083984375,56.78323650447833,-0.7637003279320993,-2.2655512152777817,56.758249320235905,-0.750457763671875,-2.24298095703125,133.4257740162037,136.62951437114197,139.5566613618827,133.36390686035156,136.56704711914062,139.48822021484375,134.0,1361854.5,0.6567585358796296,0.09881912322539935,1.3722222222222222,ee5d357621ca3cd9ffe34054ad6eb503,c61b19666699cd66
C_006_011_20230830065228_001_006_000_000.jpg,./data/you_foulbrood/normal/C_006_011_20230830065228_001_006_000_000.jpg,0,normal,C_006,C_006_011,C_006_011_20230830,000,1920,1080,2073600,665905,140.42503356933594,58.59678951827645,-1.0827025462962894,-2.2286038773148107,58.56550628063726,-1.0501861572265625,-2.2226104736328125,137.1591256751543,141.3396619405864,144.56509403935186,137.08859252929688,141.26451110839844,144.48348999023438,139.0,1312612.5,0.6330114293981481,0.06481049817775797,1.4046296296296297,7a17eb61ce277b14edf9d0890c6a59bd,93334ccc4e3333d9
C_006_011_20230831145112_001_006_000_000.jpg,./data/you_foulbrood/normal/C_006_011_20230831145112_001_006_000_000.jpg,0,normal,C_006,C_006_011,C_006_011_20230831,000,1920,1080,2073600,296720,136.5154571533203,57.04208972555072,-0.6112962962963024,-2.6302642746913563,57.02403349034927,-0.5923614501953125,-2.6270751953125,133.85871576003086,137.12415364583333,141.1556389853395,133.82440185546875,137.07814025878906,141.10528564453125,135.0,1310656.0,0.6320679012345679,0.19112076913790643,1.3416666666666666,93ef04df3f11ea47b749e9f97d2d739b,d3664ccc19337666
C_006_011_20230902164018_001_006_000_000.jpg,./data/you_foulbrood/normal/C_006_011_20230902164018_001_006_000_000.jpg,0,normal,C_006,C_006_011,C_006_011_20230902,000,1920,1080,2073600,829490,136.53863525390625,57.09916976821593,-0.6910773533950589,-2.2569540895061664,57.066183651194855,-0.67083740234375,-2.2289276123046875,134.26265190972222,137.38813416280865,140.39686487268517,134.1846923828125,137.30490112304688,140.3111114501953,135.0,1329777.0,0.6412890625,0.06199468107909025,1.3611111111111112,c34900e3985d10ca3f0fcdb4bae07053,c62e193b66cc9933
C_006_011_20230903074114_001_006_000_000.jpg,./data/you_foulbrood/normal/C_006_011_20230903074114_001_006_000_000.jpg,0,normal,C_006,C_006_011,C_006_011_20230903,000,1920,1080,2073600,802554,136.53001403808594,57.06407573832003,-0.5601919367284012,-2.478010706018523,57.03204585056679,-0.5282440185546875,-2.47625732421875,133.91094618055556,137.17348283179012,141.05544077932097,133.83631896972656,137.09800720214844,140.97561645507812,133.0,1636219.0,0.7890716628086419,0.07651738272716258,1.614814814814815,d7934e16185b0d2546b9a276521e9343,c619d966649972e9
C_006_011_20230904154859_001_006_000_000.jpg,./data/you_foulbrood/normal/C_006_011_20230904154859_001_006_000_000.jpg,0,normal,C_006,C_006_011,C_006_011_20230904,000,1920,1080,2073600,306624,135.67111206054688,56.76614469862018,-0.9491391782407419,-1.8489231288580186,56.745354147518384,-0.93597412109375,-1.84027099609375,133.41339313271604,136.66025125385804,138.82078125,133.36392211914062,136.60455322265625,138.76953125,133.0,1516188.5,0.7311865837191358,0.13607706044613446,1.5064814814814815,19e502f7902b8ebe74de0fb8c7db1369,d319cc663399cc66
C_006_011_20230904161119_001_006_000_000.jpg,./data/you_foulbrood/normal/C_006_011_20230904161119_001_006_000_000.jpg,0,normal,C_006,C_006_011,C_006_011_20230904,000,1920,1080,2073600,719384,134.36509704589844,56.24815003933673,-0.8056052276234595,-2.261439043209876,56.21547923368566,-0.7679443359375,-2.2501068115234375,131.9060262345679,135.21649884259259,138.3059027777778,131.8335418701172,135.1352081298828,138.22378540039062,133.0,1358719.5,0.6552466724537037,0.0761204719088613,1.374074074074074,59952ac13d1a67930c3697f33b610d7f,d3194c663399cecc
C_006_012_20230829140159_001_006_000_000.jpg,./data/you_foulbrood/normal/C_006_012_20230829140159_001_006_000_000.jpg,0,normal,C_006,C_006_012,C_006_012_20230829,000,1920,1080,2073600,284289,136.50588989257812,57.08813430464778,-0.8805319251543153,-2.0800202546296305,57.068828507965684,-0.86907958984375,-2.06689453125,134.1827237654321,137.45978298611112,140.01224103009258,134.1371307373047,137.4091033935547,139.96051025390625,134.0,1434614.0,0.6918470293209876,0.15125090006266928,1.400925925925926,be73d729434640c293fdcd24a14e59dc,91ce4e3333cc4cc7
C_006_012_20230830062603_001_006_000_000.jpg,./data/you_foulbrood/normal/C_006_012_20230830062603_001_006_000_000.jpg,0,normal,C_006,C_006_012,C_006_012_20230830,000,1920,1080,2073600,371158,142.24830627441406,59.26829989711934,-0.8911926118827154,-2.6154783950617286,59.24981809129902,-0.8708648681640625,-2.609375,139.0386897183642,143.01737798996913,146.96796826774693,138.99851989746094,142.96852111816406,146.91445922851562,140.0,1440758.5,0.6948102334104939,0.14639069874316224,1.461111111111111,1be5f18dab124ec7b9d8d4ab22322a6e,c633198c6636d9d9
C_006_012_20230906155811_001_006_000_000.jpg,./data/you_foulbrood/normal/C_006_012_20230906155811_001_006_000_000.jpg,0,normal,C_006,C_006_012,C_006_012_20230906,000,1920,1080,2073600,705941,136.8188934326172,57.174602093923994,-0.5674782986111069,-2.610382908950612,57.14465571384804,-0.5391387939453125,-2.6058807373046875,134.1738642939815,137.47527826003088,141.48976080246914,134.10345458984375,137.4039306640625,141.40673828125,135.0,1353828.0,0.6528877314814815,0.09021638250110536,1.3601851851851852,ef718a3763de87faba0950c9e472db8d,c666199933776466
C_006_012_20230906163353_001_006_000_000.jpg,./data/you_foulbrood/normal/C_006_012_20230906163353_001_006_000_000.jpg,0,normal,C_006,C_006_012,C_006_012_20230906,000,1920,1080,2073600,289192,135.83673095703125,56.82295581427015,-1.0137528935185145,-2.2814506172839515,56.80378633386948,-0.9999542236328125,-2.274169921875,133.22142988040125,136.85178288966048,139.71967062114197,133.17283630371094,136.80194091796875,139.67047119140625,134.0,1352290.5,0.6521462673611111,0.13263488998293024,1.3685185185185185,cec1f083b35e9979b1c8b4458dc3589e,c6e61999666619b3
C_006_012_20230906170152_001_006_000_000.jpg,./data/you_foulbrood/normal/C_006_012_20230906170152_001_006_000_000.jpg,0,normal,C_006,C_006_012,C_006_012_20230906,000,1920,1080,2073600,517704,136.16253662109375,56.946858546659406,-0.9788565779320919,-2.412790316358027,56.921165316712624,-0.9477386474609375,-2.4042205810546875,133.4094608410494,137.12024016203705,140.33557002314814,133.35084533691406,137.0552978515625,140.26991271972656,134.0,1396478.0,0.6734558256172839,0.08409634611106895,1.3916666666666666,6b7a6cc1ac240546067125a5eeab305c,c6e6199966669c99
C_006_012_20230906175043_001_006_000_000.jpg,./data/you_foulbrood/normal/C_006_012_20230906175043_001_006_000_000.jpg,0,normal,C_006,C_006_012,C_006_012_20230906,000,1920,1080,2073600,508714,135.17266845703125,56.56014206608569,-0.8272125771604948,-2.3903496334876593,56.535991593903184,-0.8007659912109375,-2.378814697265625,132.67670910493828,136.05759452160493,139.2760262345679,132.61952209472656,135.99693298339844,139.2093963623047,133.0,1396016.0,0.673233024691358,0.08027544719237927,1.3981481481481481,d104601a86578ea6bd11bd46bece61ca,c6e619996664d933
C_006_012_20230907064844_001_006_000_000.jpg,./data/you_foulbrood/normal/C_006_012_20230907064844_001_006_000_000.jpg,0,normal,C_006,C_006_012,C_006_012_20230907,000,1920,1080,2073600,664618,138.50193786621094,57.84053346647301,-0.7037750771605005,-2.576861014660494,57.813744638480394,-0.66961669921875,-2.5654144287109375,135.9453153935185,139.2334905478395,142.97941647376544,135.886474609375,139.1693115234375,142.9037322998047,137.0,1307765.5,0.6306739486882716,0.08212580795112148,1.337962962962963,fa812466dd989f55c3e4f1920e7f4a50,8659d92626d95967
C_006_012_20230912135645_001_006_000_000.jpg,./data/you_foulbrood/normal/C_006_012_20230912135645_001_006_000_000.jpg,0,normal,C_006,C_006_012,C_006_012_20230912,000,1920,1080,2073600,763148,134.1839599609375,56.184684965807314,-0.7451649305555605,-1.959161361882721,56.15374995212929,-0.7307281494140625,-1.928863525390625,131.97987075617283,135.06843942901236,137.50528356481482,131.9035186767578,134.99139404296875,137.42420959472656,133.0,1318393.0,0.6357990933641975,0.06920015139117995,1.3324074074074075,a9873ddcf1da1900ab018d6aec121d5c,c36c4c9b33ee0cb1
C_006_012_20230912145754_001_006_000_000.jpg,./data/you_foulbrood/normal/C_006_012_20230912145754_001_006_000_000.jpg,0,normal,C_006,C_006_012,C_006_012_20230912,000,1920,1080,2073600,739969,134.37989807128906,56.257227177136286,-0.1805232445987599,-2.1225573881172863,56.22489779603247,-0.18115234375,-2.0908660888671875,132.7561183449074,134.9786974344136,137.95143277391975,132.67568969726562,134.89779663085938,137.86929321289062,133.0,1326029.0,0.6394815779320988,0.07372107480459096,1.3425925925925926,0512d94ccc28876cfd7163b5ca0ed6e9,93664c9933cecc33
C_007_012_20230829150411_001_007_000_000.jpg,./data/you_foulbrood/normal/C_007_012_20230829150411_001_007_000_000.jpg,0,normal,C_007,C_007_012,C_007_012_20230829,000,1920,1080,2073600,580797,135.77796936035156,56.8087660372791,-1.0026408179012378,-2.1591338734567955,56.781699984681374,-0.9785308837890625,-2.1365203857421875,133.2553163580247,136.82056230709875,139.42325376157407,133.19065856933594,136.7501983642578,139.35264587402344,134.0,1362573.5,0.6571052758487654,0.07928117299908546,1.3675925925925927,ae4428ed0d8894ff59885250f799e0b6,910e4c3333ce6edc
C_007_012_20230912143808_001_007_000_000.jpg,./data/you_foulbrood/normal/C_007_012_20230912143808_001_007_000_000.jpg,0,normal,C_007,C_007_012,C_007_012_20230912,000,1920,1080,2073600,703077,134.68519592285156,56.38376376785282,-0.7692283950617309,-2.0001875964506155,56.3522518382353,-0.75091552734375,-1.972137451171875,132.5014028742284,135.60375626929013,138.0696166087963,132.4242706298828,135.523193359375,137.98883056640625,133.0,1358416.5,0.6551005497685185,0.08275620191406115,1.3583333333333334,487d576bfabcf01cd2e05c055eade275,93cc4c3333ccd933
C_007_013_20230826122523_001_007_000_000.jpg,./data/you_foulbrood/normal/C_007_013_20230826122523_001_007_000_000.jpg,0,normal,C_007,C_007_013,C_007_013_20230826,000,1920,1080,2073600,552019,136.21913146972656,56.97444531439119,-0.6463310185185236,-2.1303231095678967,56.949391084558826,-0.635467529296875,-2.1153564453125,134.12694396219135,137.04896749614198,139.8404827353395,134.06393432617188,136.98500061035156,139.77552795410156,134.0,1423020.0,0.686255787037037,0.10186843430415,1.4,690d475ca7c3dbc57c574570d7f5ea06,c619196664997677
C_007_013_20230904152327_001_007_000_000.jpg,./data/you_foulbrood/normal/C_007_013_20230904152327_001_007_000_000.jpg,0,normal,C_007,C_007_013,C_007_013_20230904,000,1920,1080,2073600,593410,135.2855682373047,56.60768333182038,-0.6690239197530872,-1.9863565779320993,56.58143884995405,-0.64898681640625,-1.97149658203125,133.22383439429012,136.09966194058643,138.69729552469136,133.160888671875,136.03370666503906,138.63059997558594,133.0,1492893.0,0.7199522569444444,0.08118360702333338,1.4944444444444445,16e9a3f2da2cb20af123023febbf4104,c63319cc66736e23
C_007_013_20230904171926_001_007_000_000.jpg,./data/you_foulbrood/normal/C_007_013_20230904171926_001_007_000_000.jpg,0,normal,C_007,C_007_013,C_007_013_20230904,000,1920,1080,2073600,687559,134.81504821777344,56.42318124394819,-0.662403067129631,-2.244516782407402,56.392235849417894,-0.637420654296875,-2.2319488525390625,132.58247636959877,135.6126287615741,138.68820746527777,132.50558471679688,135.5336456298828,138.610107421875,133.0,1414560.5,0.6821761670524691,0.07931632029441092,1.425,f73f63864c6f2b97205554fd9ec46700,d34c4c334ecc33ce
C_007_013_20230904173847_001_007_000_000.jpg,./data/you_foulbrood/normal/C_007_013_20230904173847_001_007_000_000.jpg,0,normal,C_007,C_007_013,C_007_013_20230904,000,1920,1080,2073600,591150,142.98428344726562,59.58096953673444,-0.6160932677469191,-2.3276123649691414,59.55471861596201,-0.5943603515625,-2.3100128173828125,140.73780478395062,143.71036651234567,146.97585069444443,140.67514038085938,143.6448974609375,146.90855407714844,140.0,1480318.5,0.7138881655092593,0.09368802588400481,1.489814814814815,145fe2de0da27dc58853ff5de8688fac,c49b1b6c649b5d64
C_007_013_20230908163934_001_007_000_000.jpg,./data/you_foulbrood/normal/C_007_013_20230908163934_001_007_000_000.jpg,0,normal,C_007,C_007_013,C_007_013_20230908,000,1920,1080,2073600,628517,136.40478515625,57.05245627572016,-0.987336998456783,-2.1508174189814753,57.024117264093135,-0.9648590087890625,-2.12127685546875,133.9084162808642,137.44247299382715,140.03864969135802,133.8402557373047,137.36846923828125,139.95899963378906,134.0,1432031.0,0.6906013695987654,0.09546352235123018,1.4435185185185184,7930d15addc7cabeba6a8480f37f2400,912f4e3931cece31
C_007_013_20230912155731_001_007_000_000.jpg,./data/you_foulbrood/normal/C_007_013_20230912155731_001_007_000_000.jpg,0,normal,C_007,C_007_013,C_007_013_20230912,000,1920,1080,2073600,667507,134.4793701171875,56.289294170600336,-0.30257185570987133,-2.2877965856481524,56.25827564912684,-0.2959136962890625,-2.266998291015625,132.65251929012345,135.1415625,138.35046682098766,132.5755615234375,135.06297302246094,138.2737274169922,133.0,1332145.0,0.642431037808642,0.06978464959285526,1.3314814814814815,1f12f46e89799067321e089a60da13b1,93664c997366cc99
C_007_014_20230827173525_001_007_000_000.jpg,./data/you_foulbrood/normal/C_007_014_20230827173525_001_007_000_000.jpg,0,normal,C_007,C_007_014,C_007_014_20230827,000,1920,1080,2073600,569544,135.7095947265625,56.774416190087145,-0.34586467978394353,-1.9987813464506132,56.748298196231616,-0.3464813232421875,-1.971923828125,133.99567081404322,136.34345823688273,139.03729697145062,133.93507385253906,136.27989196777344,138.9713897705078,134.0,1354772.5,0.6533432195216049,0.08646307400651713,1.3666666666666667,6996d5414c7885006bc037ade78ee15e,c65919666699d966
C_007_014_20230828084412_001_007_000_000.jpg,./data/you_foulbrood/normal/C_007_014_20230828084412_001_007_000_000.jpg,0,normal,C_007,C_007_014,C_007_014_20230828,000,1920,1080,2073600,815190,140.38482666015625,58.59407755386105,-0.8237712191358071,-2.3487307098765484,58.56158088235294,-0.78448486328125,-2.3267669677734375,137.94884114583334,141.25744068287037,144.44096884645063,137.8717498779297,141.1751708984375,144.35264587402344,139.0,1277168.5,0.6159184510030864,0.07762416331109444,1.2962962962962963,bc1a2d83883c07e53d70cb7583abdb29,d34c4c3333cc9973
C_007_014_20230829171109_001_007_000_000.jpg,./data/you_foulbrood/normal/C_007_014_20230829171109_001_007_000_000.jpg,0,normal,C_007,C_007_014,C_007_014_20230829,000,1920,1080,2073600,761747,142.1972198486328,59.24997503631082,-0.7324816743827114,-2.5526977237654336,59.21563241996017,-0.696685791015625,-2.5457916259765625,139.37450183256172,142.90243778935186,146.80718315972223,139.29348754882812,142.81695556640625,146.7212677001953,140.0,1434644.0,0.6918614969135802,0.07074232556463574,1.4722222222222223,eb97cb3729092ee35916d8e7531f927b,d1334ccccc333373
C_007_014_20230903111405_001_007_000_000.jpg,./data/you_foulbrood/normal/C_007_014_20230903111405_001_007_000_000.jpg,0,normal,C_007,C_007_014,C_007_014_20230903,000,1920,1080,2073600,654015,131.8877716064453,55.2738656650932,-0.41915219907407675,-1.6790977044753106,55.247018851485905,-0.4136199951171875,-1.656463623046875,130.25762635030864,132.58190104166667,134.76540219907406,130.1873016357422,132.51307678222656,134.6924285888672,131.0,1101053.5,0.5309864486882716,0.03868985843142122,1.3398148148148148,7d480a649181cf957a32e6504ac06556,c56d12925b6d6d94
C_007_014_20230906153028_001_007_000_000.jpg,./data/you_foulbrood/normal/C_007_014_20230906153028_001_007_000_000.jpg,0,normal,C_007,C_007_014,C_007_014_20230906,000,1920,1080,2073600,815738,137.13931274414062,57.319629402687,-0.7533328510802448,-2.3822337962962905,57.28565889246323,-0.7141571044921875,-2.3729095458984375,134.58872974537036,137.94475597993826,141.33354697145063,134.51075744628906,137.86412048339844,141.24867248535156,136.0,1261857.5,0.6085346739969136,0.06928131072644839,1.2685185185185186,696301db7f17dd54ed262f47799ac2f0,c63319996c66339b
C_007_014_20230906170251_001_007_000_000.jpg,./data/you_foulbrood/normal/C_007_014_20230906170251_001_007_000_000.jpg,0,normal,C_007,C_007_014,C_007_014_20230906,000,1920,1080,2073600,619403,135.78497314453125,56.80840311819172,-1.041795910493832,-2.2603452932098804,56.781454647288605,-1.0146331787109375,-2.2440338134765625,133.10720582561729,136.81721739969134,139.66572627314815,133.04164123535156,136.7491455078125,139.59576416015625,134.0,1345537.5,0.6488896122685185,0.09377151190146236,1.3472222222222223,aaf074908ba8dc345106464826529d96,d3b34ccc33331966
C_007_014_20230910170136_001_007_000_000.jpg,./data/you_foulbrood/normal/C_007_014_20230910170136_001_007_000_000.jpg,0,normal,C_007,C_007_014,C_007_014_20230910,000,1920,1080,2073600,477923,133.64529418945312,55.95252814088598,-0.3543995949074059,-2.640616801697533,55.92739928002451,-0.327880859375,-2.6415863037109375,131.34242717978395,134.0479865933642,138.31911120756172,131.29031372070312,133.98623657226562,138.25592041015625,132.0,1351285.5,0.6516616030092592,0.10015676684421722,1.3601851851851852,b24f78fe093b3c79af8d7f2814c2a878,91314ececf31313e
C_007_014_20230912154409_001_007_000_000.jpg,./data/you_foulbrood/normal/C_007_014_20230912154409_001_007_000_000.jpg,0,normal,C_007,C_007_014,C_007_014_20230912,000,1920,1080,2073600,710574,134.09323120117188,56.14059625393367,-0.4701075424382708,-2.198642457561732,56.108619839537376,-0.46337890625,-2.1728363037109375,132.1236077353395,134.8479943094136,137.80768759645062,132.04251098632812,134.76914978027344,137.72752380371094,133.0,1316532.5,0.6349018614969136,0.06988447128731823,1.3305555555555555,c3c63b203de2c06a107669de2a4f43b8,863359cc663399e6
C_008_015_20230830072850_001_008_000_000.jpg,./data/you_foulbrood/normal/C_008_015_20230830072850_001_008_000_000.jpg,0,normal,C_008,C_008_015,C_008_015_20230830,000,1920,1080,2073600,374726,141.92095947265625,59.1884353818688,-1.2346108217592615,-2.3426403356481416,59.16937136182598,-1.2179107666015625,-2.3331146240234375,138.4831389853395,142.91163821373456,146.14354600694443,138.44236755371094,142.8673858642578,146.087646484375,140.0,1370083.0,0.6607267554012346,0.12569697630291343,1.4296296296296296,7fd60f1a91068d9a178b11df44c5e20d,c1734ccc33336ecc
C_008_015_20230831143330_001_008_000_000.jpg,./data/you_foulbrood/normal/C_008_015_20230831143330_001_008_000_000.jpg,0,normal,C_008,C_008_015,C_008_015_20230831,000,1920,1080,2073600,278140,136.7532501220703,57.12617499546115,-0.5263247492283938,-2.7252946566357963,57.108692842371326,-0.5110321044921875,-2.7249603271484375,134.076300154321,137.28478587962962,141.59141975308643,134.04087829589844,137.2411651611328,141.5391845703125,135.0,1331987.0,0.6423548418209877,0.19505499838820659,1.3592592592592592,4dc94891f1f2a463c1407bbeeabb3f99,d3334ccc663331d9
C_008_015_20230903075201_001_008_000_000.jpg,./data/you_foulbrood/normal/C_008_015_20230903075201_001_008_000_000.jpg,0,normal,C_008,C_008_015,C_008_015_20230903,000,1920,1080,2073600,826933,134.99244689941406,56.46445946048173,-0.4212880979938234,-2.724020061728396,56.43145991306679,-0.387969970703125,-2.7208709716796875,132.3894179205247,135.5774291087963,139.9171339699074,132.31497192382812,135.4991455078125,139.83419799804688,132.0,1518015.5,0.7320676601080247,0.05850861215699844,1.5694444444444444,fff88f8c364c5c2414677a1d0f75e8f3,d1864e39c7c638c7
C_008_015_20230907122602_001_008_000_000.jpg,./data/you_foulbrood/normal/C_008_015_20230907122602_001_008_000_000.jpg,0,normal,C_008,C_008_015,C_008_015_20230907,000,1920,1080,2073600,707636,134.64488220214844,56.361335027838294,-0.950372299382721,-1.8453718171296316,56.33263681449142,-0.9283294677734375,-1.8118438720703125,132.3361149691358,135.64907793209878,137.79381172839507,132.26882934570312,135.57508850097656,137.7137908935547,133.0,1405810.0,0.677956211419753,0.0728095243864851,1.3888888888888888,ae25cf7626d34e6ee900ce7fee470b32,c69959669964369b
C_008_016_20230825180830_001_008_000_000.jpg,./data/you_foulbrood/normal/C_008_016_20230825180830_001_008_000_000.jpg,0,normal,C_008,C_008_016,C_008_016_20230825,000,1920,1080,2073600,711155,136.90505981445312,57.2489433929436,-0.9425390625000034,-2.298660300925931,57.216258329503674,-0.910491943359375,-2.2788238525390625,134.39727864583332,137.90337528935186,140.8289313271605,134.3214569091797,137.820556640625,140.74623107910156,135.0,1358509.0,0.6551451581790123,0.09575688673274008,1.3546296296296296,034747f8a38ce999c86ff96a108740e4,91784ec63139cec7
C_008_016_20230904144733_001_008_000_000.jpg,./data/you_foulbrood/normal/C_008_016_20230904144733_001_008_000_000.jpg,0,normal,C_008,C_008_016,C_008_016_20230904,000,1920,1080,2073600,614535,135.4715118408203,56.67671738834423,-0.5944704861111063,-2.05468171296296,56.648457845052086,-0.5711212158203125,-2.0434417724609375,133.4241372492284,136.201729841821,139.03598524305556,133.3570098876953,136.13015747070312,138.9627227783203,133.0,1510881.5,0.7286272665895062,0.08200786178805423,1.488888888888889,e634c80ea61545806eb2855daa430cdd,d3194c6631d9669b
C_008_016_20230908160809_001_008_000_000.jpg,./data/you_foulbrood/normal/C_008_016_20230908160809_001_008_000_000.jpg,0,normal,C_008,C_008_016,C_008_016_20230908,000,1920,1080,2073600,423982,137.6501007080078,57.53537411492374,-0.9700385802469071,-2.0731963734567955,57.5143612132353,-0.9503021240234375,-2.0638427734375,135.24317563657408,138.63777633101853,141.19025077160495,135.19407653808594,138.58473205566406,141.1373748779297,136.0,1335308.0,0.6439564043209877,0.12393137418437633,1.348148148148148,60b8b617ff8e254971fe42fab9f30ad0,914e46313cce33de
C_008_016_20230908194332_001_008_000_000.jpg,./data/you_foulbrood/normal/C_008_016_20230908194332_001_008_000_000.jpg,0,normal,C_008,C_008_016,C_008_016_20230908,000,1920,1080,2073600,554699,139.88217163085938,58.34555343742436,-0.5384447337962968,-2.444228395061728,58.31933115042892,-0.511505126953125,-2.4369354248046875,137.50471643518517,140.47387345679013,144.20979552469134,137.44801330566406,140.40872192382812,144.13894653320312,132.0,1929798.5,0.9306512827932099,0.3001028967070382,1.749074074074074,4e294e9f08b441446a36beda76cede38,cd92126d92db1b6c
C_008_016_20230910164031_001_008_000_000.jpg,./data/you_foulbrood/normal/C_008_016_20230910164031_001_008_000_000.jpg,0,normal,C_008,C_008_016,C_008_016_20230910,000,1920,1080,2073600,543102,132.27110290527344,55.43152214203583,-0.9759442515432113,-1.72235243055556,55.404764811197914,-0.9560699462890625,-1.703826904296875,129.96827690972222,133.26080777391977,135.238136091821,129.9081268310547,133.19171142578125,135.1696319580078,131.0,1343315.0,0.6478178047839506,0.1008994550798698,1.3546296296296296,1eeea9238d056007e8b424fc6a5a39cb,91334ecc193167e7
C_008_017_20230825181031_001_008_000_000.jpg,./data/you_foulbrood/normal/C_008_017_20230825181031_001_008_000_000.jpg,0,normal,C_008,C_008_017,C_008_017_20230825,000,1920,1080,2073600,484248,136.88360595703125,57.221952349612685,-0.7823905285493851,-2.5488999807098764,57.19586540670956,-0.753265380859375,-2.5408935546875,134.3061569251543,137.7000072337963,141.2804586226852,134.24990844726562,137.6364288330078,141.21246337890625,135.0,1367684.0,0.6595698302469136,0.11760671269327627,1.348148148148148,4a6adcc658ddf10c09f32a184fdd1d34,91634cdc33674ed8
C_008_017_20230827165600_001_008_000_000.jpg,./data/you_foulbrood/normal/C_008_017_20230827165600_001_008_000_000.jpg,0,normal,C_008,C_008_017,C_008_017_20230827,000,1920,1080,2073600,545696,135.29116821289062,56.61584853848947,-0.6863705632716091,-2.0660768711419735,56.59058215571385,-0.6775054931640625,-2.047393798828125,133.1811472800926,136.1484736689815,138.78384403935186,133.11947631835938,136.08413696289062,138.7208251953125,133.0,1423831.5,0.6866471354166667,0.10204094469733538,1.4027777777777777,d35547a44b7e8fc74b6817013bb3a544,c619196666d966d9
C_008_017_20230904153838_001_008_000_000.jpg,./data/you_foulbrood/normal/C_008_017_20230904153838_001_008_000_000.jpg,0,normal,C_008,C_008_017,C_008_017_20230904,000,1920,1080,2073600,724099,135.5718994140625,56.71971356057855,-0.5720674189814758,-2.0313136574074093,56.69035668466606,-0.5539093017578125,-2.0115509033203125,133.58817322530865,136.33203703703703,139.06315055941357,133.5154571533203,136.25836181640625,138.98489379882812,133.0,1520010.5,0.7330297550154321,0.0956547333748704,1.548148148148148,0fde9fd897caaecb4de10b36e0896c4d,d3334ccc67391933
C_008_017_20230904162244_001_008_000_000.jpg,./data/you_foulbrood/normal/C_008_017_20230904162244_001_008_000_000.jpg,0,normal,C_008,C_008_017,C_008_017_20230904,000,1920,1080,2073600,714378,133.95114135742188,56.092410471132894,-0.813466435185191,-2.058882619598762,56.05875052657782,-0.7942962646484375,-2.0301971435546875,131.6907421875,134.88853925540124,137.46115162037037,131.6063232421875,134.80433654785156,137.37130737304688,132.0,1346387.0,0.6492992862654321,0.0633427905114275,1.387037037037037,72f118016cc15a1d4a30989fa340773b,d3634ccc3363cc99
C_008_017_20230905075623_001_008_000_000.jpg,./data/you_foulbrood/normal/C_008_017_20230905075623_001_008_000_000.jpg,0,normal,C_008,C_008_017,C_008_017_20230905,000,1920,1080,2073600,562047,138.56837463378906,57.86312012073348,-0.6882315779321004,-2.308779899691359,57.83816468481924,-0.662933349609375,-2.2980194091796875,136.18801359953704,139.31013551311727,142.59211371527778,136.13467407226562,139.24856567382812,142.52371215820312,136.0,1467695.0,0.7078004436728395,0.11396454693189492,1.4435185185185184,73403d02a9114886dfd35fb455d10086,c69c1966cc9966ce
C_008_017_20230910153826_001_008_000_000.jpg,./data/you_foulbrood/normal/C_008_017_20230910153826_001_008_000_000.jpg,0,normal,C_008,C_008_017,C_008_017_20230910,000,1920,1080,2073600,569537,133.91134643554688,56.080917718167505,-1.0980295138888891,-1.617445987654321,56.054759306066174,-1.0736541748046875,-1.6007537841796875,131.47958574459878,134.93689477237655,136.74688126929013,131.42063903808594,134.87118530273438,136.67897033691406,132.0,1377266.0,0.6641907793209877,0.08213789155810691,1.3675925925925927,8dbf516c60ab88775541ed9be5fff226,d3334ccc32d9cc66
C_008_017_20230912133133_001_008_000_000.jpg,./data/you_foulbrood/normal/C_008_017_20230912133133_001_008_000_000.jpg,0,normal,C_008,C_008_017,C_008_017_20230912,000,1920,1080,2073600,767562,135.00042724609375,56.49991451827644,-0.7849368248456727,-2.141053240740746,56.46746467141544,-0.755584716796875,-2.121978759765625,132.66703993055555,135.8595886381173,138.6982060185185,132.5884246826172,135.77928161621094,138.61659240722656,133.0,1401756.5,0.6760013985339506,0.07950963404423121,1.3981481481481481,4b35231743fd29daf24ac5ccfb684b99,c4791b666c9b926c
C_008_018_20230829165345_001_008_000_000.jpg,./data/you_foulbrood/normal/C_008_018_20230829165345_001_008_000_000.jpg,0,normal,C_008,C_008_018,C_008_018_20230829,000,1920,1080,2073600,519575,142.75579833984375,59.52823128479787,-0.9876017554012293,-1.81592062114197,59.50106751685049,-0.9713592529296875,-1.794525146484375,140.28675298996913,143.75595823688272,145.85932822145062,140.22305297851562,143.68777465820312,145.78866577148438,140.0,1512363.0,0.729341724537037,0.11493980318117697,1.5046296296296295,1695508de0f0f0e732c84f77e32d86f9,d6361999666619f8
C_008_018_20230831141907_001_008_000_000.jpg,./data/you_foulbrood/normal/C_008_018_20230831141907_001_008_000_000.jpg,0,normal,C_008,C_008_018,C_008_018_20230831,000,1920,1080,2073600,267029,135.01109313964844,56.49481038943355,-0.9851118827160548,-2.1914501350308626,56.478810029871326,-0.971893310546875,-2.1864776611328125,132.33277102623458,135.9556143904321,138.8095669367284,132.296142578125,135.9159698486328,138.7635040283203,133.0,1389290.0,0.6699893904320988,0.17274611742450388,1.387037037037037,2c5042e4c6473685dbfb3efe834b6c07,d3714ccc33339966
C_008_018_20230902144433_001_008_000_000.jpg,./data/you_foulbrood/normal/C_008_018_20230902144433_001_008_000_000.jpg,0,normal,C_008,C_008_018,C_008_018_20230902,000,1920,1080,2073600,844145,137.72219848632812,57.56814028080368,-0.23801793981481012,-2.0078655478395007,57.534095913756126,-0.239959716796875,-1.9751434326171875,136.14049961419752,138.34284529320988,141.11786651234567,136.0582275390625,138.2581024169922,141.0291290283203,136.0,1321463.0,0.6372796103395062,0.06694040444688139,1.349074074074074,ee5e70bdb9dfd25d4e28bde64d5dc36d,d3264c3933c6ccb9
C_009_018_20230827161240_001_009_000_000.jpg,./data/you_foulbrood/normal/C_009_018_20230827161240_001_009_000_000.jpg,0,normal,C_009,C_009_018,C_009_018_20230827,000,1920,1080,2073600,576930,135.77938842773438,56.80402917725732,-0.5883482831790161,-2.12402922453704,56.77798402075674,-0.578887939453125,-2.1019134521484375,133.75088734567902,136.5851851851852,139.37657793209877,133.68850708007812,136.5172882080078,139.30523681640625,134.0,1376150.5,0.6636528260030864,0.10104073661596909,1.3824074074074073,270c5d5c6d384442923f68346d6e5152,c64d196666d93366
C_009_018_20230902151804_001_009_000_000.jpg,./data/you_foulbrood/normal/C_009_018_20230902151804_001_009_000_000.jpg,0,normal,C_009,C_009_018,C_009_018_20230902,000,1920,1080,2073600,663401,137.43568420410156,57.45691929163642,-0.8795775462962894,-2.0349686535493845,57.42882822074142,-0.85601806640625,-2.01483154296875,135.04551311728395,138.36844714506174,140.9401851851852,134.97959899902344,138.29769897460938,140.8710479736328,136.0,1300858.0,0.6273427854938272,0.06807213919650362,1.3425925925925926,7d69218f42b4e1abc56e934e3632e491,d32e4c3133ce9939
C_009_018_20230907080358_001_009_000_000.jpg,./data/you_foulbrood/normal/C_009_018_20230907080358_001_009_000_000.jpg,0,normal,C_009,C_009_018,C_009_018_20230907,000,1920,1080,2073600,676030,137.37820434570312,57.39333299291939,-0.5769227430555617,-2.613749035493825,57.36399931066177,-0.54547119140625,-2.6052703857421875,134.92859471450618,138.00723668981482,141.9503944830247,134.86309814453125,137.93629455566406,141.8701629638672,135.0,1449271.0,0.698915412808642,0.08636349566955145,1.4259259259259258,49e92ed1b58c5bfd788dcc638d2a7c1a,83cccc3366cc33cd
C_009_018_20230908172734_001_009_000_000.jpg,./data/you_foulbrood/normal/C_009_018_20230908172734_001_009_000_000.jpg,0,normal,C_009,C_009_018,C_009_018_20230908,000,1920,1080,2073600,640048,136.19509887695312,56.96413436516582,-0.7387977430555566,-2.311469425154314,56.93561030369179,-0.72015380859375,-2.2870635986328125,133.90166473765433,137.08930555555557,140.11039930555555,133.82974243164062,137.0162811279297,140.03651428222656,134.0,1423416.0,0.6864467592592592,0.07712981926448885,1.423148148148148,0e1228a20090bdb6e7d2e92f6d11705d,91464e3967ce3873
C_009_018_20230912142048_001_009_000_000.jpg,./data/you_foulbrood/normal/C_009_018_20230912142048_001_009_000_000.jpg,0,normal,C_009,C_009_018,C_009_018_20230912,000,1920,1080,2073600,735820,134.8025665283203,56.4187437590777,-0.4705184220678973,-2.0889486882716,56.388771206724876,-0.459381103515625,-2.0637054443359375,132.91511525848765,135.55134403935185,138.35310136959876,132.8384246826172,135.474853515625,138.2744598388672,133.0,1382662.5,0.6667932581018519,0.06635604291973903,1.3981481481481481,05bba66e8100395df607300362a33f04,93794c7233cccc33
C_009_018_20230912160822_001_009_000_000.jpg,./data/you_foulbrood/normal/C_009_018_20230912160822_001_009_000_000.jpg,0,normal,C_009,C_009_018,C_009_018_20230912,000,1920,1080,2073600,311813,133.9522247314453,56.07746535342531,-0.6085990547839515,-2.320477430555556,56.05673397288603,-0.6007843017578125,-2.3131103515625,131.78315104166666,134.75928722993828,137.87955343364197,131.7327880859375,134.70606994628906,137.82667541503906,133.0,1287033.0,0.6206756365740741,0.11332552886061177,1.3222222222222222,894fc5a940aadd05e392fda88ca1461c,93cc4c3333ccd933
C_009_019_20230825183547_001_009_000_000.jpg,./data/you_foulbrood/normal/C_009_019_20230825183547_001_009_000_000.jpg,0,normal,C_009,C_009_019,C_009_019_20230825,000,1920,1080,2073600,685510,137.1385040283203,57.320831631263616,-0.81359326774691,-2.552846739969141,57.289955288756126,-0.7747344970703125,-2.543212890625,134.44445457175925,137.9489419367284,141.5934770447531,134.37733459472656,137.87489318847656,141.51458740234375,135.0,1380235.0,0.6656225887345679,0.09278333224513775,1.3722222222222222,558ec41a907e7fd471bbc2d69551b985,914e4c3133ce7cce
C_009_019_20230827181905_001_009_000_000.jpg,./data/you_foulbrood/normal/C_009_019_20230827181905_001_009_000_000.jpg,0,normal,C_009,C_009_019,C_009_019_20230827,000,1920,1080,2073600,879984,142.23500061035156,59.278657936940206,-0.7526808449074025,-2.769372106481484,59.24234427657782,-0.7077484130859375,-2.7567291259765625,139.27998360339507,143.0523582175926,147.2185831404321,139.19557189941406,142.9589080810547,147.12660217285156,140.0,1430300.5,0.689766830632716,0.09576125480106443,1.4259259259259258,37e5e0aeb032434a2b1da6c07384fb3b,d1da4cce33399c32
C_009_019_20230829155551_001_009_000_000.jpg,./data/you_foulbrood/normal/C_009_019_20230829155551_001_009_000_000.jpg,0,normal,C_009,C_009_019,C_009_019_20230829,000,1920,1080,2073600,549111,134.40086364746094,56.263237941781654,-0.9018451003086483,-2.1389602623456767,56.238427255667894,-0.8832855224609375,-2.1163787841796875,131.99883342978396,135.3782392939815,138.00735001929013,131.9364013671875,135.3152313232422,137.94081115722656,133.0,1349567.0,0.6508328510802469,0.0816008184502998,1.362037037037037,6b344feb28b16e660fa835afff53db61,914c4e3339cc67b9
C_009_019_20230829160507_001_009_000_000.jpg,./data/you_foulbrood/normal/C_009_019_20230829160507_001_009_000_000.jpg,0,normal,C_009,C_009_019,C_009_019_20230829,000,1920,1080,2073600,596439,135.8376007080078,56.82568782528444,-0.89108072916666,-2.3240311535493845,56.79780249502144,-0.8668060302734375,-2.3055877685546875,133.36649305555557,136.7966898148148,139.78505594135802,133.2989501953125,136.72633361816406,139.70950317382812,134.0,1372491.0,0.6618880208333333,0.09847608579671213,1.3592592592592592,38589908d485283f060c64985c7e56e1,914e4e3333ccce33
C_009_019_20230829164306_001_009_000_000.jpg,./data/you_foulbrood/normal/C_009_019_20230829164306_001_009_000_000.jpg,0,normal,C_009,C_009_019,C_009_019_20230829,000,1920,1080,2073600,728369,144.77816772460938,60.30351420660857,-1.1013888888888914,-1.6728452932098747,60.27172612208946,-1.0677490234375,-1.659515380859375,142.20375530478395,145.77116271219137,147.8211115933642,142.13233947753906,145.68862915039062,147.73846435546875,140.0,1692367.0,0.8161492091049383,0.09436784959089951,1.7157407407407408,cf8ed72872ff68473e871e789bd8805f,93730ccc9c337366
C_009_019_20230830063113_001_009_000_000.jpg,./data/you_foulbrood/normal/C_009_019_20230830063113_001_009_000_000.jpg,0,normal,C_009,C_009_019,C_009_019_20230830,000,1920,1080,2073600,654261,142.9268035888672,59.54973788126362,-1.2346643518518476,-2.1333921682098804,59.5211971507353,-1.205322265625,-2.1270904541015625,139.35939525462962,143.90481385030864,146.9956182484568,139.29510498046875,143.8340301513672,146.91690063476562,123.0,2070601.0,0.9985537229938272,0.7237407649257476,1.7777777777777777,9d716a43ffbfe6d783bcef052c7de45e,c666199999766666
C_009_019_20230831143213_001_009_000_000.jpg,./data/you_foulbrood/normal/C_009_019_20230831143213_001_009_000_000.jpg,0,normal,C_009,C_009_019,C_009_019_20230831,000,1920,1080,2073600,251459,137.1687469482422,57.25738414578795,-0.13017361111110404,-3.1098982445987673,57.24261115579044,-0.119354248046875,-3.1155853271484375,134.6651779513889,137.34983072916665,142.69981963734568,134.62603759765625,137.30686950683594,142.65823364257812,136.0,1270715.0,0.6128062307098765,0.17428838613339734,1.3148148148148149,94cea7b10742ac3250767cc1ad789e39,c37319cc46667333
C_009_019_20230831144113_001_009_000_000.jpg,./data/you_foulbrood/normal/C_009_019_20230831144113_001_009_000_000.jpg,0,normal,C_009,C_009_019,C_009_019_20230831,000,1920,1080,2073600,628515,137.2460174560547,57.36644766702977,-1.0017877121913585,-2.19020736882716,57.33515720741421,-0.9658966064453125,-2.18157958984375,134.35146701388888,138.15383005401233,141.18535204475307,134.28591918945312,138.07875061035156,141.10165405273438,136.0,1287810.0,0.6210503472222222,0.07142934995883637,1.337037037037037,c78383121cfb1b89d8ddca9e07bd695f,d1734c8c317366f8
C_009_019_20230831161950_001_009_000_000.jpg,./data/you_foulbrood/normal/C_009_019_20230831161950_001_009_000_000.jpg,0,normal,C_009,C_009_019,C_009_019_20230831,000,1920,1080,2073600,519300,135.55206298828125,56.714224007504235,-1.0312032214506104,-2.225716628086417,56.6909730200674,-1.0104827880859375,-2.209075927734375,132.87576919367285,136.57614728009258,139.36306857638888,132.82086181640625,136.51486206054688,139.30255126953125,133.0,1428068.0,0.6886902006172839,0.09458084402800035,1.4425925925925926,02b5dc0d424079926271558825423c69,d1334ccc663339dc
C_009_019_20230831164757_001_009_000_000.jpg,./data/you_foulbrood/normal/C_009_019_20230831164757_001_009_000_000.jpg,0,normal,C_009,C_009_019,C_009_019_20230831,000,1920,1080,2073600,656313,136.0419158935547,56.910966813422895,-0.8263064236111148,-2.1637017746913614,56.88264136220894,-0.807159423828125,-2.1373291015625,133.6931254822531,136.99312355324074,139.70622733410494,133.62734985351562,136.92074584960938,139.63294982910156,134.0,1383220.5,0.6670623553240741,0.06716177070306141,1.4064814814814814,37dcc729c98fa37a214a092c2e6ea15f,d3330ccc4c7333d9
C_009_019_20230904151913_001_009_000_000.jpg,./data/you_foulbrood/normal/C_009_019_20230904151913_001_009_000_000.jpg,0,normal,C_009,C_009_019,C_009_019_20230904,000,1920,1080,2073600,619822,135.3383026123047,56.62674443234083,-0.6360677083333286,-2.022775848765434,56.597846536075366,-0.6147918701171875,-2.0082244873046875,133.27879484953704,136.12589940200618,138.82919560185186,133.21084594726562,136.052001953125,138.7536163330078,133.0,1484891.0,0.7160932677469136,0.08144936853513006,1.4824074074074074,91cf4f8fb2297d8b4120d964a7ad4f1d,d3334ccc33332673
C_009_019_20230910155219_001_009_000_000.jpg,./data/you_foulbrood/normal/C_009_019_20230910155219_001_009_000_000.jpg,0,normal,C_009,C_009_019,C_009_019_20230910,000,1920,1080,2073600,501501,133.25906372070312,55.809516839143065,0.06293933256174,-1.7397000385802528,55.784995883118874,0.0559234619140625,-1.723297119140625,132.1693812692901,133.67616946373457,136.20188705632717,132.1092529296875,133.6119384765625,136.13995361328125,132.0,1322019.0,0.6375477430555555,0.10601778652247662,1.325925925925926,6800deaa2853acad29a817ad12afae28,93cecc3126cc99ce
C_009_019_20230910162410_001_009_000_000.jpg,./data/you_foulbrood/normal/C_009_019_20230910162410_001_009_000_000.jpg,0,normal,C_009,C_009_019,C_009_019_20230910,000,1920,1080,2073600,440922,133.0308837890625,55.7254996520213,-0.7365007716049377,-1.7474402006172909,55.703166886871934,-0.72943115234375,-1.7293853759765625,131.04596402391977,133.8827560763889,135.98641155478396,130.9911346435547,133.8251190185547,135.9296875,132.0,1291837.5,0.6229926215277778,0.1179976792372593,1.2916666666666667,4046300607ee0cba1f6996e0e74bc42a,93334ccc337c6633
C_009_019_20230911104240_001_009_000_000.jpg,./data/you_foulbrood/normal/C_009_019_20230911104240_001_009_000_000.jpg,0,normal,C_009,C_009_019,C_009_019_20230911,000,1920,1080,2073600,646670,134.25819396972656,56.2179216594045,-0.4897082368827199,-1.8785956790123493,56.1850035424326,-0.48370361328125,-1.851043701171875,132.4290128279321,135.02975742669753,137.44561969521604,132.3473358154297,134.9485321044922,137.36221313476562,133.0,1347646.5,0.6499066840277777,0.05712965466067452,1.3574074074074074,dacdc73b30c2112d05bc581f9dbb3602,93334ccc67733133
C_009_019_20230912153450_001_009_000_000.jpg,./data/you_foulbrood/normal/C_009_019_20230912153450_001_009_000_000.jpg,0,normal,C_009,C_009_019,C_009_019_20230912,000,1920,1080,2073600,868518,133.64939880371094,55.94566463931252,-0.25194540895061834,-2.3505835262345727,55.91015385646446,-0.2378997802734375,-2.3329925537109375,131.81072193287036,134.22931761188272,137.68885464891974,131.72535705566406,134.1400146484375,137.5983428955078,132.0,1269084.5,0.6120199170524692,0.061434109503231527,1.3009259259259258,59661130336d70663c2516337c003e18,962c199366cc4edb
C_009_020_20230827151913_001_009_000_000.jpg,./data/you_foulbrood/normal/C_009_020_20230827151913_001_009_000_000.jpg,0,normal,C_009,C_009_020,C_009_020_20230827,000,1920,1080,2073600,637402,135.58612060546875,56.73232741013072,-0.9033902391975346,-2.1224869791666663,56.704430673636644,-0.8813629150390625,-2.1013641357421875,133.20901765046295,136.55424430941358,139.20374083719136,133.14112854003906,136.48464965820312,139.1299591064453,134.0,1351660.0,0.6518422067901235,0.08056394810813369,1.362037037037037,c57e255097bfbdfe3a72c6c225be0c85,c61919664d9b736c
C_009_020_20230827175922_001_009_000_000.jpg,./data/you_foulbrood/normal/C_009_020_20230827175922_001_009_000_000.jpg,0,normal,C_009,C_009_020,C_009_020_20230827,000,1920,1080,2073600,1079429,121.00297546386719,50.98066221859114,-0.6331568287037044,-2.7663556134259295,50.93864291321997,-0.5938262939453125,-2.7500152587890625,118.27357204861111,121.80547791280864,125.8636009837963,118.17927551269531,121.70672607421875,125.75750732421875,118.0,1384649.0,0.6677512538580247,0.041164886436661975,1.4592592592592593,01eaf5022f342822dc8330aef6fe7903,906747384fc738ce
C_009_020_20230829134758_001_009_000_000.jpg,./data/you_foulbrood/normal/C_009_020_20230829134758_001_009_000_000.jpg,0,normal,C_009,C_009_020,C_009_020_20230829,000,1920,1080,2073600,267589,134.8712921142578,56.43949747337206,-0.41959876543209873,-2.2249893904321,56.42234652650122,-0.4162750244140625,-2.219818115234375,132.92982349537036,135.57360001929013,138.63542534722222,132.88587951660156,135.52806091308594,138.591796875,133.0,1372557.0,0.6619198495370371,0.16266413532367496,1.3564814814814814,2b21106d15249efb70965bc39d791b9f,911c4c6733394fce
C_009_020_20230829155422_001_009_000_000.jpg,./data/you_foulbrood/normal/C_009_020_20230829155422_001_009_000_000.jpg,0,normal,C_009,C_009_020,C_009_020_20230829,000,1920,1080,2073600,538470,135.31251525878906,56.62060884924958,-0.7892038001543256,-2.1896860532407345,56.593238980162376,-0.7689056396484375,-2.174652099609375,133.04705295138888,136.21255835262346,139.03273003472222,132.9823455810547,136.14218139648438,138.96826171875,133.0,1436427.5,0.6927215952932099,0.07571821160201385,1.424074074074074,be4c51071dab1a92247b950c1548da0d,914c4c3366cc7977
C_009_020_20230831141322_001_009_000_000.jpg,./data/you_foulbrood/normal/C_009_020_20230831141322_001_009_000_000.jpg,0,normal,C_009,C_009_020,C_009_020_20230831,000,1920,1080,2073600,580031,137.39532470703125,57.41091272542969,-0.9279103973765501,-2.2453559027777743,57.386516496246934,-0.8970794677734375,-2.23956298828125,134.6225033757716,138.25083863811727,141.38820167824073,134.5673370361328,138.1897430419922,141.31944274902344,136.0,1281332.0,0.6179263117283951,0.08433258179489117,1.337037037037037,6022912d1371d25899d22266c66be224,c766389999d94ccc
C_009_020_20230902155721_001_009_000_000.jpg,./data/you_foulbrood/normal/C_009_020_20230902155721_001_009_000_000.jpg,0,normal,C_009,C_009_020,C_009_020_20230902,000,1920,1080,2073600,814491,136.23867797851562,56.987854408738805,-0.6884587191358094,-2.1100815007715994,56.953071145450366,-0.6734466552734375,-2.07623291015625,134.01830777391976,137.09427228009258,139.81347173996915,133.93695068359375,137.00711059570312,139.7263946533203,134.0,1408834.5,0.6794147858796297,0.0660349603425207,1.4203703703703703,9a5bf8c9730d7b0d32299f14f888f24a,d3264c993366ccb9
C_009_020_20230906173439_001_009_000_000.jpg,./data/you_foulbrood/normal/C_009_020_20230906173439_001_009_000_000.jpg,0,normal,C_009,C_009_020,C_009_020_20230906,000,1920,1080,2073600,588532,135.96524047851562,56.87338057522391,-1.0426687885802437,-2.356303530092589,56.846881941253066,-1.011627197265625,-2.345550537109375,133.11149450231483,136.95519048996914,140.0693282214506,133.04933166503906,136.8894805908203,140.0009002685547,134.0,1375861.0,0.663513213734568,0.06637300834988089,1.3731481481481482,8cc8f6c62572dfe2c4d5ccaa5a7dcf28,c6e619996666cc99
C_009_020_20230912143844_001_009_000_000.jpg,./data/you_foulbrood/normal/C_009_020_20230912143844_001_009_000_000.jpg,0,normal,C_009,C_009_020,C_009_020_20230912,000,1920,1080,2073600,825196,134.2964324951172,56.23069890764948,-0.6212167245370352,-1.8982952353395035,56.19683359183517,-0.60919189453125,-1.86279296875,132.29679157021604,135.1328337191358,137.49789496527777,132.21604919433594,135.04872131347656,137.41329956054688,133.0,1319168.5,0.636173080632716,0.07382540764292135,1.3398148148148148,4927d3bc2a0b86d71977c870267ef212,93334ccc66673933
C_009_021_20230904170650_001_009_000_000.jpg,./data/you_foulbrood/normal/C_009_021_20230904170650_001_009_000_000.jpg,0,normal,C_009,C_009_021,C_009_021_20230904,000,1920,1080,2073600,329178,133.46681213378906,55.905101670297746,-1.0061246141975317,-1.9477184606481472,55.88409423828125,-0.9923858642578125,-1.93682861328125,131.02039592978394,134.4997728587963,136.7984977816358,130.96958923339844,134.445556640625,136.7462615966797,132.0,1290842.0,0.6225125385802469,0.10032093619339452,1.349074074074074,b9f4bd95f3cbaaa22daa3996e15ec109,d3334ccc663399cc
C_009_021_20230905063227_001_009_000_000.jpg,./data/you_foulbrood/normal/C_009_021_20230905063227_001_009_000_000.jpg,0,normal,C_009,C_009_021,C_009_021_20230905,000,1920,1080,2073600,507497,139.35581970214844,58.19830795358267,-0.9146932870370392,-2.0120712770061715,58.17513858570772,-0.8908843994140625,-1.9986114501953125,136.9140875771605,140.27899112654322,142.8385223765432,136.8619842529297,140.2220458984375,142.77481079101562,138.0,1300309.5,0.627078269675926,0.09967328622185949,1.3240740740740742,3827c0049852642908e17d742be8e3e7,c49939669b643799
C_010_021_20230824094131_001_010_000_000.jpg,./data/you_foulbrood/normal/C_010_021_20230824094131_001_010_000_000.jpg,0,normal,C_010,C_010_021,C_010_021_20230824,000,1920,1080,2073600,819833,139.6109619140625,58.285413451646086,-0.7969675925925941,-2.438396990740742,58.25016994102329,-0.7550048828125,-2.4270172119140625,136.94689718364197,140.41618344907408,143.92875096450618,136.8671112060547,140.32974243164062,143.83900451660156,139.0,1178460.0,0.5683159722222222,0.04493864663986148,1.25,0abc34a337e7ac03a8de52b3c5430d73,91474e3947cc4f39
C_010_021_20230825183624_001_010_000_000.jpg,./data/you_foulbrood/normal/C_010_021_20230825183624_001_010_000_000.jpg,0,normal,C_010,C_010_021,C_010_021_20230825,000,1920,1080,2073600,609734,136.83828735351562,57.18517421629145,-0.6063252314814775,-2.7665788966049405,57.15548646216299,-0.5688934326171875,-2.7654876708984375,134.1520452353395,137.45283613040124,141.71931375385802,134.08554077148438,137.38230895996094,141.6441650390625,135.0,1361374.5,0.6565270543981482,0.10662572816078397,1.3444444444444446,0a0773bf9c3dc3c0d79da9d8f0829239,93734cce3331ccc6
C_010_021_20230825184019_001_010_000_000.jpg,./data/you_foulbrood/normal/C_010_021_20230825184019_001_010_000_000.jpg,0,normal,C_010,C_010_021,C_010_021_20230825,000,1920,1080,2073600,597468,136.667724609375,57.13291708272815,-0.7721711033950669,-2.6271344521604902,57.102224312576595,-0.7388916015625,-2.6157684326171875,134.0406645447531,137.479190779321,141.21125868055555,133.9710693359375,137.40530395507812,141.1277618408203,135.0,1342715.0,0.6475284529320988,0.09156532677369683,1.3462962962962963,22cc4bbf21231b2fe11b3b572c67676c,91314ecece733338
C_010_021_20230829160808_001_010_000_000.jpg,./data/you_foulbrood/normal/C_010_021_20230829160808_001_010_000_000.jpg,0,normal,C_010,C_010_021,C_010_021_20230829,000,1920,1080,2073600,614845,136.03375244140625,56.90086332758412,-0.8339988425925924,-2.4523640046296293,56.87231325635723,-0.8059234619140625,-2.435394287109375,133.5520283564815,136.94877218364198,140.20484664351852,133.48558044433594,136.87620544433594,140.1298370361328,134.0,1388144.5,0.6694369695216049,0.0831266944589586,1.3777777777777778,68c6d8543f2500b3dcf599220f4760fd,914c4c3373cc5d73
C_010_021_20230830073117_001_010_000_000.jpg,./data/you_foulbrood/normal/C_010_021_20230830073117_001_010_000_000.jpg,0,normal,C_010,C_010_021,C_010_021_20230830,000,1920,1080,2073600,578071,139.65707397460938,58.3218594922537,-1.1382581018518465,-2.2413951581790172,58.294318704044116,-1.1097564697265625,-2.226959228515625,136.67187355324074,140.68825086805555,143.59182146990742,136.61083984375,140.61880493164062,143.5233612060547,139.0,1134510.0,0.547120949074074,0.0437550373285089,1.2777777777777777,eec85b6c8efbf04fef6b22a9e9c91f2e,c4321b6664d99b76
C_010_021_20230902174734_001_010_000_000.jpg,./data/you_foulbrood/normal/C_010_021_20230902174734_001_010_000_000.jpg,0,normal,C_010,C_010_021,C_010_021_20230902,000,1920,1080,2073600,786920,140.34654235839844,58.56786794964899,-0.6183912037037089,-1.8951085069444389,58.53513829848345,-0.5896453857421875,-1.8727264404296875,138.41743827160494,141.09561728395062,143.6393923611111,138.34300231933594,141.01280212402344,143.55441284179688,138.0,1455839.5,0.7020830922067901,0.08940569804582298,1.4592592592592593,a24cb08807a56ee4f743366800b042f2,c689996666996cd9
C_010_021_20230903062150_001_010_000_000.jpg,./data/you_foulbrood/normal/C_010_021_20230903062150_001_010_000_000.jpg,0,normal,C_010,C_010_021,C_010_021_20230903,000,1920,1080,2073600,310134,135.8494110107422,56.81758200193658,-0.45480758101851393,-1.9806119791666674,56.798747941559434,-0.4484710693359375,-1.967803955078125,134.02931375385802,136.51033613040124,139.24112702546296,133.98277282714844,136.4628143310547,139.18765258789062,132.0,1605845.5,0.7744239486882716,0.15686502934797728,1.599074074074074,c2d0c19a4c7eed8fad25b70cdb25c923,d38c4873cc9972ce
C_010_021_20230906174809_001_010_000_000.jpg,./data/you_foulbrood/normal/C_010_021_20230906174809_001_010_000_000.jpg,0,normal,C_010,C_010_021,C_010_021_20230906,000,1920,1080,2073600,581734,135.65274047851562,56.75012841170419,-0.8974242862654336,-2.3456008873456824,56.725505754059434,-0.865570068359375,-2.33599853515625,133.0656746720679,136.56467351466048,139.701160783179,133.0095672607422,136.504150390625,139.63552856445312,134.0,1353635.5,0.6527948977623457,0.10972228644056166,1.3166666666666667,3c4923460bed25e4cc53e64de8bd7ab8,c6e419996666999b
C_010_021_20230910141750_001_010_000_000.jpg,./data/you_foulbrood/normal/C_010_021_20230910141750_001_010_000_000.jpg,0,normal,C_010,C_010_021,C_010_021_20230910,000,1920,1080,2073600,488699,132.42977905273438,55.48207304526749,-0.5044955632716039,-1.7353790509259284,55.4615753772212,-0.4971923828125,-1.7230224609375,130.68892457561728,133.13765721450616,135.4088493441358,130.6391143798828,133.08180236816406,135.35296630859375,131.0,1379188.0,0.6651176697530864,0.11496938109422795,1.3972222222222221,74ea00e05a4ecb0f4a66c8f75219d3c4,9131cecc3133cecd
C_010_021_20230912160454_001_010_000_000.jpg,./data/you_foulbrood/normal/C_010_021_20230912160454_001_010_000_000.jpg,0,normal,C_010,C_010_021,C_010_021_20230912,000,1920,1080,2073600,803271,133.882080078125,56.06483826555313,-0.5873206018518573,-1.9204224537037078,56.02875952627144,-0.5793304443359375,-1.8787078857421875,131.8448403742284,134.68349006558643,137.08349971064814,131.76075744628906,134.59506225585938,136.99131774902344,133.0,1280528.5,0.6175388213734568,0.06480030930273495,1.2925925925925925,0ee6f70bea1ead6e1a5bc184b525af53,863c593366cc99b3
C_010_022_20230825174158_001_010_000_000.jpg,./data/you_foulbrood/normal/C_010_022_20230825174158_001_010_000_000.jpg,0,normal,C_010,C_010_022,C_010_022_20230825,000,1920,1080,2073600,748394,136.49806213378906,57.06445359779715,-0.7291131365740711,-2.689248167438265,57.02948476753983,-0.6902313232421875,-2.6900787353515625,133.50637538580247,137.1827801890432,141.3628911072531,133.43174743652344,137.10220336914062,141.27825927734375,135.0,1319318.0,0.6362451774691358,0.07269252623423743,1.3212962962962962,e60d570fe0bf5b8359d09ed03967b8f7,93734ccc33333933
C_010_022_20230825174839_001_010_000_000.jpg,./data/you_foulbrood/normal/C_010_022_20230825174839_001_010_000_000.jpg,0,normal,C_010,C_010_022,C_010_022_20230825,000,1920,1080,2073600,710099,136.80870056152344,57.1616881127451,-0.4467963927469185,-2.943047357253093,57.130898868336395,-0.4135589599609375,-2.945587158203125,134.13812741126543,137.28377989969135,142.04071614583333,134.06625366210938,137.2099609375,141.95901489257812,135.0,1346757.5,0.6494779610339506,0.08989094893619999,1.336111111111111,504ce28e6c572b7de393d62e3a77e05b,91634edc3163ce9c
C_010_022_20230825181700_001_010_000_000.jpg,./data/you_foulbrood/normal/C_010_022_20230825181700_001_010_000_000.jpg,0,normal,C_010,C_010_022,C_010_022_20230825,000,1920,1080,2073600,722876,136.53494262695312,57.0918561637618,-0.8252189429012304,-2.445326485339507,57.058937222349876,-0.78369140625,-2.4341583251953125,133.9352907986111,137.37755160108026,140.79699797453705,133.85867309570312,137.2965545654297,140.71292114257812,134.0,1436868.0,0.6929340277777778,0.07905225687697288,1.4111111111111112,908ad6dd978b794173672fa87aad9953,93664c99336766cc
C_010_022_20230827174722_001_010_000_000.jpg,./data/you_foulbrood/normal/C_010_022_20230827174722_001_010_000_000.jpg,0,normal,C_010,C_010_022,C_010_022_20230827,000,1920,1080,2073600,601056,135.28408813476562,56.611311577099976,-1.039919463734563,-2.173148148148144,56.58293480966606,-1.012664794921875,-2.154510498046875,132.57178578317902,136.29976803626542,139.03570746527777,132.5065155029297,136.22750854492188,138.96263122558594,133.0,1418037.5,0.6838529610339507,0.07579490552926778,1.4166666666666667,bafb516c7690096972dc0c6765cf2747,c6197c66996c3399
C_010_022_20230830065155_001_010_000_000.jpg,./data/you_foulbrood/normal/C_010_022_20230830065155_001_010_000_000.jpg,0,normal,C_010,C_010_022,C_010_022_20230830,000,1920,1080,2073600,539395,141.2570343017578,58.84059814512224,-0.3547964891975255,-2.7811270254629648,58.816247079886644,-0.331329345703125,-2.7800140380859375,138.83682146990742,141.67755063657407,146.17756799768517,138.7755126953125,141.61317443847656,146.107666015625,139.0,1361075.5,0.6563828607253086,0.07139772644855723,1.4296296296296296,450e321741a73a122c840938816c4847,c639192666999977
C_010_022_20230831160954_001_010_000_000.jpg,./data/you_foulbrood/normal/C_010_022_20230831160954_001_010_000_000.jpg,0,normal,C_010,C_010_022,C_010_022_20230831,000,1920,1080,2073600,374224,134.0493927001953,56.119091170418784,-0.7093016975308615,-2.3291184413580197,56.09967400045956,-0.7016448974609375,-2.3165283203125,131.72882185570987,134.92653983410494,137.98316213348767,131.67852783203125,134.87709045410156,137.93353271484375,132.0,1298799.0,0.6263498263888889,0.10106071142527223,1.3425925925925926,374a4aabe6c5eaa5112fd87dc7772803,93734ccc333399cc
C_010_022_20230904155115_001_010_000_000.jpg,./data/you_foulbrood/normal/C_010_022_20230904155115_001_010_000_000.jpg,0,normal,C_010,C_010_022,C_010_022_20230904,000,1920,1080,2073600,653155,136.22076416015625,56.98952603031953,-0.9867018711419746,-1.6908396026234556,56.961508358226105,-0.96514892578125,-1.6662139892578125,133.99852912808643,137.24208381558643,139.1148929398148,133.9307861328125,137.16981506347656,139.03927612304688,134.0,1474890.0,0.7112702546296297,0.10564476784058113,1.4925925925925927,97000ec1602bac37f96e0cbf8c7e431a,d159cc663399ce26
C_010_022_20230908165427_001_010_000_000.jpg,./data/you_foulbrood/normal/C_010_022_20230908165427_001_010_000_000.jpg,0,normal,C_010,C_010_022,C_010_022_20230908,000,1920,1080,2073600,711903,136.22052001953125,56.98220656318083,-0.9810373263888863,-2.2975675154320925,56.950569900811885,-0.949737548828125,-2.27288818359375,133.69215470679012,137.25812307098766,140.12569637345678,133.6150665283203,137.17578125,140.04153442382812,134.0,1415050.5,0.6824124710648148,0.0752766366861093,1.3981481481481481,3fe9eb8220310c5cdabb0363abdbe3bf,91474e3839c75e39
C_010_023_20230827161003_001_010_000_000.jpg,./data/you_foulbrood/normal/C_010_023_20230827161003_001_010_000_000.jpg,0,normal,C_010,C_010_023,C_010_023_20230827,000,1920,1080,2073600,491844,135.9935760498047,56.89269982298475,-0.4966555748456756,-1.7746711033950646,56.866616641773895,-0.4969635009765625,-1.7462310791015625,134.25839265046295,136.69081259645063,138.94085455246915,134.19577026367188,136.6278533935547,138.8689727783203,134.0,1394294.0,0.6724025848765433,0.09545151027953445,1.387037037037037,0f1679dbacc68ef303c3f85d80142c59,c4191b66599366ed
C_010_023_20230827170100_001_010_000_000.jpg,./data/you_foulbrood/normal/C_010_023_20230827170100_001_010_000_000.jpg,0,normal,C_010,C_010_023,C_010_023_20230827,000,1920,1080,2073600,592982,135.4779510498047,56.68350240559187,-0.5914795524691385,-2.2194743441358042,56.65798411649816,-0.58050537109375,-2.199249267578125,133.37726996527778,136.28055893132716,139.23620418595678,133.3158721923828,136.21615600585938,139.16860961914062,134.0,1334626.0,0.6436275077160494,0.08353093526002431,1.3518518518518519,1bdfdf9fb8ba93bdfde8b0e1ee85a7e5,c6191966599b6766
C_010_023_20230827174700_001_010_000_000.jpg,./data/you_foulbrood/normal/C_010_023_20230827174700_001_010_000_000.jpg,0,normal,C_010,C_010_023,C_010_023_20230827,000,1920,1080,2073600,580486,135.14273071289062,56.550801674836606,-0.48500096450617036,-1.9487123842592524,56.525854970894606,-0.4832916259765625,-1.91802978515625,133.31771556712962,135.82433400848765,138.3732036072531,133.26119995117188,135.76390075683594,138.30844116210938,133.0,1411537.0,0.680718074845679,0.11243159722014572,1.4101851851851852,a3e20ab51c3d207fb2296361b04786e0,c41939669b6c669b
C_010_023_20230829143457_001_010_000_000.jpg,./data/you_foulbrood/normal/C_010_023_20230829143457_001_010_000_000.jpg,0,normal,C_010,C_010_023,C_010_023_20230829,000,1920,1080,2073600,622865,136.90382385253906,57.248005741648505,-0.9729287229938279,-2.198383969907411,57.221045400582106,-0.9430084228515625,-2.181121826171875,134.409073591821,137.89998987268518,140.65654224537036,134.34693908691406,137.82981872558594,140.58651733398438,135.0,1370729.5,0.6610385320216049,0.10291584900263913,1.3666666666666667,d5a573ca27c20dc34054568fc7af50f1,93dc4c3339cc6633
C_010_023_20230831154905_001_010_000_000.jpg,./data/you_foulbrood/normal/C_010_023_20230831154905_001_010_000_000.jpg,0,normal,C_010,C_010_023,C_010_023_20230831,000,1920,1080,2073600,650400,135.77459716796875,56.80107514070443,-1.0528260030864232,-2.300807291666672,56.774621103324144,-1.024749755859375,-2.2842864990234375,132.98447916666666,136.79695794753087,139.74762924382716,132.9213409423828,136.7293243408203,139.6786651611328,134.0,1346230.5,0.6492238136574074,0.07077826475874321,1.3907407407407408,372eb49ce855476b9e7450fd339b269d,d1334ccc663333dc
C_010_023_20230904150743_001_010_000_000.jpg,./data/you_foulbrood/normal/C_010_023_20230904150743_001_010_000_000.jpg,0,normal,C_010,C_010_023,C_010_023_20230904,000,1920,1080,2073600,609122,135.93197631835938,56.8750421735052,-0.9525540123456722,-1.902129629629627,56.84268128638174,-0.9267425537109375,-1.885345458984375,133.58609230324075,136.89806182484568,139.2416980131173,133.50762939453125,136.81903076171875,139.15684509277344,134.0,1438451.5,0.6936976755401234,0.07107772768164757,1.4425925925925926,4cedfb59a4c9cc69a08f639b916abfb5,d7194c663399cc66
C_010_023_20230904162229_001_010_000_000.jpg,./data/you_foulbrood/normal/C_010_023_20230904162229_001_010_000_000.jpg,0,normal,C_010,C_010_023,C_010_023_20230904,000,1920,1080,2073600,743926,134.20748901367188,56.19420520908981,-0.8686824845678984,-1.9776866319444508,56.162312825520836,-0.8446807861328125,-1.95050048828125,131.92299141589507,135.16726032021606,137.57769627700617,131.8453369140625,135.08673095703125,137.49578857421875,132.0,1373031.5,0.6621486786265433,0.06969812988198454,1.3907407407407408,2d89f1dd2073b7b45beeb0032c6e6f3c,c64c193366cc9b9b
C_010_023_20230910153647_001_010_000_000.jpg,./data/you_foulbrood/normal/C_010_023_20230910153647_001_010_000_000.jpg,0,normal,C_010,C_010_023,C_010_023_20230910,000,1920,1080,2073600,539133,132.60694885253906,55.55826014433551,-0.6936680169753089,-1.7386246141975334,55.53552365770527,-0.6783599853515625,-1.7233428955078125,130.69512683256173,133.43214265046296,135.58537760416667,130.64065551757812,133.37281799316406,135.52420043945312,131.0,1375021.5,0.6631083622685185,0.09285660159097829,1.3666666666666667,a171d60a2c14bc3d08d5b6152061058b,914ec73138cecd33
C_010_023_20230912132715_001_010_000_000.jpg,./data/you_foulbrood/normal/C_010_023_20230912132715_001_010_000_000.jpg,0,normal,C_010,C_010_023,C_010_023_20230912,000,1920,1080,2073600,813436,134.74478149414062,56.40978009259259,-0.6777420910493817,-1.9408666087962985,56.371633492264095,-0.663665771484375,-1.903228759765625,132.68698640046296,135.60386140046296,138.04066502700618,132.59756469726562,135.51156616210938,137.93832397460938,133.0,1396582.5,0.6735062210648148,0.06077268801753961,1.3916666666666666,314f27099a5c5fa9656d07658dfed48e,c3664c993366cc9b
C_010_023_20230912142226_001_010_000_000.jpg,./data/you_foulbrood/normal/C_010_023_20230912142226_001_010_000_000.jpg,0,normal,C_010,C_010_023,C_010_023_20230912,000,1920,1080,2073600,872650,134.34104919433594,56.23527236897846,-0.26562162422840174,-2.1427039930555623,56.200154622395836,-0.260467529296875,-2.1112060546875,132.6174609375,134.9875573881173,137.98264419367283,132.52842712402344,134.90084838867188,137.89129638671875,133.0,1319764.5,0.6364605034722223,0.05132653321997721,1.3222222222222222,0640ff055ae33bad805972dab6b259ae,93dc4c7333cc4633
C_010_024_20230906180935_001_010_000_000.jpg,./data/you_foulbrood/normal/C_010_024_20230906180935_001_010_000_000.jpg,0,normal,C_010,C_010_024,C_010_024_20230906,000,1920,1080,2073600,529094,145.7255096435547,60.6341533526991,-0.7365610532407345,-2.4585161072530894,60.60943603515625,-0.7128143310546875,-2.444976806640625,143.26607011959877,146.50502652391975,149.9616796875,143.2108917236328,146.44374084472656,149.89599609375,143.0,1455540.0,0.7019386574074075,0.10692672995071079,1.4416666666666667,ead0272d17aa08b3b1a0b619965195a3,91cece7131cecc31
C_010_024_20230910145410_001_010_000_000.jpg,./data/you_foulbrood/normal/C_010_024_20230910145410_001_010_000_000.jpg,0,normal,C_010,C_010_024,C_010_024_20230910,000,1920,1080,2073600,307739,132.67108154296875,55.58776627935125,-0.28291377314815236,-1.2599686535493788,55.56848264208027,-0.28851318359375,-1.240814208984375,131.48643229166666,133.2111506558642,134.77542727623458,131.44056701660156,133.16517639160156,134.72268676757812,131.0,1392080.5,0.6713351176697531,0.13211065343760153,1.3898148148148148,d3a329e763ee7ff5614513d84689d9eb,9167c61c387339ce
C_011_024_20230829142705_001_011_000_000.jpg,./data/you_foulbrood/normal/C_011_024_20230829142705_001_011_000_000.jpg,0,normal,C_011,C_011_024,C_011_024_20230829,000,1920,1080,2073600,670651,136.4532470703125,57.06600040093197,-0.931135706018523,-2.284738618827163,57.0352352366728,-0.9004364013671875,-2.2641448974609375,133.93414544753085,137.41749517746914,140.36870322145063,133.8587188720703,137.34080505371094,140.2837371826172,134.0,1432850.5,0.6909965760030864,0.0842073530583501,1.401851851851852,9d370a9823a513b1858f2a7933d8e72e,91cc4e3339ce639c
C_011_024_20230829161109_001_011_000_000.jpg,./data/you_foulbrood/normal/C_011_024_20230829161109_001_011_000_000.jpg,0,normal,C_011,C_011_024,C_011_024_20230829,000,1920,1080,2073600,253296,136.26119995117188,56.98255302892762,-0.946974826388896,-2.3898119212962996,56.96783925972733,-0.93572998046875,-2.3804168701171875,133.68143132716048,137.23287037037036,140.29060185185185,133.6452178955078,137.1945037841797,140.2470245361328,134.0,1409793.5,0.6798772665895062,0.1842710799857434,1.385185185185185,f821b7fc4045dbedf4452d92fbf39cce,914e4c334ecc33e7
C_011_024_20230831141736_001_011_000_000.jpg,./data/you_foulbrood/normal/C_011_024_20230831141736_001_011_000_000.jpg,0,normal,C_011,C_011_024,C_011_024_20230831,000,1920,1080,2073600,345162,136.46017456054688,57.06129379992738,-1.004975405092594,-2.287346643518518,57.041973039215684,-0.9872589111328125,-2.282806396484375,133.741953125,137.42642843364197,140.4078096064815,133.69522094726562,137.37791442871094,140.35829162597656,135.0,1317413.5,0.6353267264660494,0.1416639711790208,1.3453703703703703,e4f84fc6c707f867c6655bef6662c01f,d3734c8c33664e71
C_011_024_20230831143224_001_011_000_000.jpg,./data/you_foulbrood/normal/C_011_024_20230831143224_001_011_000_000.jpg,0,normal,C_011,C_011_024,C_011_024_20230831,000,1920,1080,2073600,401456,136.7645263671875,57.141086450012104,-0.665449459876541,-2.65342592592593,57.11889528760723,-0.6405487060546875,-2.65435791015625,133.94593460648147,137.40746238425925,141.49128375771605,133.90150451660156,137.3518829345703,141.4371337890625,135.0,1360880.5,0.6562888213734568,0.1541822886645898,1.362962962962963,fda69afbd43898cbf876752c16080189,91334ccc333339dd
C_011_024_20230902171213_001_011_000_000.jpg,./data/you_foulbrood/normal/C_011_024_20230902171213_001_011_000_000.jpg,0,normal,C_011,C_011_024,C_011_024_20230902,000,1920,1080,2073600,796879,136.17909240722656,56.9533492949649,-0.48899160879629733,-2.2944560185185168,56.91975313074448,-0.4698028564453125,-2.2721405029296875,134.07176311728395,136.9083024691358,140.12551890432098,133.9925994873047,136.82504272460938,140.03868103027344,134.0,1403483.0,0.6768340084876543,0.06454583771188226,1.4287037037037038,a8a831ae43c1ef8de65450e63e8f4986,d3664c197366cc99
C_011_024_20230904171915_001_011_000_000.jpg,./data/you_foulbrood/normal/C_011_024_20230904171915_001_011_000_000.jpg,0,normal,C_011,C_011_024,C_011_024_20230904,000,1920,1080,2073600,718078,134.2263946533203,56.21252155954974,-0.951348861882721,-1.9153380594135854,56.17824778837316,-0.923614501953125,-1.8912811279296875,131.89423659336418,135.2396841242284,137.51547501929014,131.81265258789062,135.15274047851562,137.42730712890625,133.0,1348789.5,0.6504578993055555,0.08151980488189209,1.3787037037037038,8a511819eb9fe556f04d87de2a0cbe74,d3194c663399ce66
C_011_024_20230906180227_001_011_000_000.jpg,./data/you_foulbrood/normal/C_011_024_20230906180227_001_011_000_000.jpg,0,normal,C_011,C_011_024,C_011_024_20230906,000,1920,1080,2073600,775281,142.62416076660156,59.47656666061486,-0.9492018711419803,-2.5632711226851796,59.443610696231616,-0.9183349609375,-2.530792236328125,139.91727816358025,143.62897183641977,146.95492091049383,139.84066772460938,143.54415893554688,146.8673553466797,140.0,1407885.5,0.6789571277006173,0.07830263399145354,1.3712962962962962,6f57055a2cfbe97b4140c4e3922975bf,934c0c3373dcdc33
C_011_024_20230908154218_001_011_000_000.jpg,./data/you_foulbrood/normal/C_011_024_20230908154218_001_011_000_000.jpg,0,normal,C_011,C_011_024,C_011_024_20230908,000,1920,1080,2073600,789776,137.46566772460938,57.47572829671992,-1.0612345679012378,-2.0269039351851887,57.445211971507355,-1.029754638671875,-1.9987335205078125,134.99427854938273,138.54710069444445,140.92451437114198,134.91734313964844,138.46839904785156,140.8428955078125,136.0,1316464.5,0.634869068287037,0.07033052304123188,1.3351851851851853,e95d89ce303602bea5c46b69f4b77750,914f473938c77338
C_011_024_20230910155736_001_011_000_000.jpg,./data/you_foulbrood/normal/C_011_024_20230910155736_001_011_000_000.jpg,0,normal,C_011,C_011_024,C_011_024_20230910,000,1920,1080,2073600,342815,132.5482177734375,55.53835216957153,-0.8304383680555532,-1.5935845871913585,55.51890653722427,-0.8231353759765625,-1.579376220703125,130.55415075231483,133.45069203317902,135.2464771412037,130.50701904296875,133.40093994140625,135.1929931640625,131.0,1368281.0,0.6598577353395062,0.1272942121689388,1.3453703703703703,a655bfa0eb702bb8f429ed4a5d100133,9173ccd831673333
C_011_024_20230912134519_001_011_000_000.jpg,./data/you_foulbrood/normal/C_011_024_20230912134519_001_011_000_000.jpg,0,normal,C_011,C_011_024,C_011_024_20230912,000,1920,1080,2073600,689936,134.88038635253906,56.448433717622855,-0.3800906635802477,-2.1885966435185225,56.41592586741728,-0.372711181640625,-2.1623382568359375,132.99564477237655,135.55947579089505,138.57734037422838,132.91879272460938,135.479736328125,138.49658203125,133.0,1405773.0,0.6779383680555555,0.07001317951824092,1.3916666666666666,aab8ca6b620b8eab9b167790827ed749,c32c4c3373ccdc99
C_011_025_20230831142801_001_011_000_000.jpg,./data/you_foulbrood/normal/C_011_025_20230831142801_001_011_000_000.jpg,0,normal,C_011,C_011_025,C_011_025_20230831,000,1920,1080,2073600,504715,137.77296447753906,57.550925169450494,-0.862481674382721,-2.518698398919753,57.5241029028799,-0.829925537109375,-2.51239013671875,134.85163194444445,138.57319830246914,142.25519483024692,134.7969970703125,138.50933837890625,142.1851806640625,136.0,1309045.0,0.6312909915123457,0.09216104303386835,1.3703703703703705,0e71fe97995654db6145f4a25369cbd5,d3334ccc233339d9
C_011_025_20230831145352_001_011_000_000.jpg,./data/you_foulbrood/normal/C_011_025_20230831145352_001_011_000_000.jpg,0,normal,C_011,C_011_025,C_011_025_20230831,000,1920,1080,2073600,323727,137.12281799316406,57.29623558914306,-0.8572415123456807,-2.379431423611109,57.2789031384038,-0.842864990234375,-2.373504638671875,134.3113416280864,137.91866030092592,141.3335117669753,134.2717742919922,137.87815856933594,141.28076171875,136.0,1253800.5,0.6046491608796296,0.11422714200187006,1.3203703703703704,008d3aec0c015e22ca728c3fc0dbbc87,d3734ccc26333999
C_011_025_20230831163725_001_011_000_000.jpg,./data/you_foulbrood/normal/C_011_025_20230831163725_001_011_000_000.jpg,0,normal,C_011,C_011_025,C_011_025_20230831,000,1920,1080,2073600,707132,136.42401123046875,57.01586555918663,-0.10471981095679439,-2.5637384259259193,56.98826808555454,-0.097564697265625,-2.55084228515625,134.54322193287038,136.9090263310185,140.82829137731483,134.47792053222656,136.83958435058594,140.75363159179688,135.0,1303581.5,0.6286562017746914,0.08334881631823397,1.3685185185185185,bd4c66c2c67d354b12d7bb32e90eb6dc,d3624ccc99337366
C_011_025_20230831164736_001_011_000_000.jpg,./data/you_foulbrood/normal/C_011_025_20230831164736_001_011_000_000.jpg,0,normal,C_011,C_011_025,C_011_025_20230831,000,1920,1080,2073600,453057,135.93258666992188,56.86201415365529,-0.6966473765432113,-2.21680266203704,56.84025783164829,-0.689605712890625,-2.194793701171875,133.69385175540123,136.8084447337963,139.6711183449074,133.64248657226562,136.75326538085938,139.60943603515625,134.0,1361456.0,0.6565663580246913,0.07965928634694049,1.3953703703703704,f60fd86e9050a7bb712851ddf6c75b18,d3334ccc633333cc
C_011_025_20230902151844_001_011_000_000.jpg,./data/you_foulbrood/normal/C_011_025_20230902151844_001_011_000_000.jpg,0,normal,C_011,C_011_025,C_011_025_20230902,000,1920,1080,2073600,712955,137.39280700683594,57.44383680555556,-0.8285344328703701,-1.979054783950616,57.41287530637255,-0.813201904296875,-1.948822021484375,135.10699025848766,138.31758439429012,140.78621383101853,135.0297393798828,138.24285888671875,140.70523071289062,136.0,1306032.0,0.629837962962963,0.06308444997998917,1.3444444444444446,4d694678bc5be72f932cb16f705f118f,d1334ecc3133c79c
C_011_025_20230904144624_001_011_000_000.jpg,./data/you_foulbrood/normal/C_011_025_20230904144624_001_011_000_000.jpg,0,normal,C_011,C_011_025,C_011_025_20230904,000,1920,1080,2073600,699183,135.19927978515625,56.58929417060035,-0.7103559027777777,-1.5208887924382708,56.55962775735294,-0.6998443603515625,-1.4889678955078125,133.3465374228395,136.0685474537037,137.76956404320987,133.27456665039062,135.99456787109375,137.6919403076172,133.0,1470271.5,0.70904296875,0.09302277567622123,1.4759259259259259,c03bd634cb2388587d39ff850a0037b6,c71c997366989966
C_011_025_20230906173826_001_011_000_000.jpg,./data/you_foulbrood/normal/C_011_025_20230906173826_001_011_000_000.jpg,0,normal,C_011,C_011_025,C_011_025_20230906,000,1920,1080,2073600,607923,135.5972137451172,56.7292873244977,-0.9005488040123453,-2.4192795138888954,56.700906192555145,-0.8688201904296875,-2.4008636474609375,132.98300395447532,136.53235387731482,139.75222463348766,132.91526794433594,136.4640350341797,139.6732177734375,134.0,1339967.0,0.6462032214506173,0.07055237785876108,1.3462962962962963,fed00fe6ba1cbb123c642f2355250177,c6e619993366cc99
C_011_025_20230908153435_001_011_000_000.jpg,./data/you_foulbrood/normal/C_011_025_20230908153435_001_011_000_000.jpg,0,normal,C_011,C_011_025,C_011_025_20230908,000,1920,1080,2073600,500910,137.0576171875,57.31454324013556,-1.064933931327161,-2.0586868248456796,57.28875253714767,-1.044403076171875,-2.039825439453125,134.55968460648148,138.13879918981482,140.56834008487655,134.49557495117188,138.07162475585938,140.4978790283203,135.0,1297744.0,0.625841049382716,0.08249875365162276,1.3944444444444444,d751f5cb1a2ff373ed777356292c7294,9c63613c3fc3703c
C_011_026_20230903072244_001_011_000_000.jpg,./data/you_foulbrood/normal/C_011_026_20230903072244_001_011_000_000.jpg,0,normal,C_011,C_011_026,C_011_026_20230903,000,1920,1080,2073600,664026,137.9099578857422,57.609319966412485,-0.5333887924382736,-2.3369106867284017,57.57968678193934,-0.5032501220703125,-2.32470703125,135.70216049382717,138.54771219135802,141.98875192901235,135.63743591308594,138.47364807128906,141.91200256347656,135.0,1557448.5,0.7510843460648148,0.09729831512572686,1.5777777777777777,db7407da77363f9f7a27c7b7306ed17a,9018c7e7383cc6f9
C_011_026_20230905084127_001_011_000_000.jpg,./data/you_foulbrood/normal/C_011_026_20230905084127_001_011_000_000.jpg,0,normal,C_011,C_011_026,C_011_026_20230905,000,1920,1080,2073600,628172,140.75775146484375,58.69456699346405,-0.3522106481481444,-2.652832754629628,58.66604674096201,-0.336273193359375,-2.6378021240234375,138.53291329089507,141.2992828896605,145.3490166859568,138.46588134765625,141.2300567626953,145.27334594726562,139.0,1301671.5,0.6277350983796296,0.08311853224408562,1.3546296296296296,0ca2c5992400debb13c793cf263628ab,c66659d96666c899
C_011_026_20230907075409_001_011_000_000.jpg,./data/you_foulbrood/normal/C_011_026_20230907075409_001_011_000_000.jpg,0,normal,C_011,C_011_026,C_011_026_20230907,000,1920,1080,2073600,699819,139.62615966796875,58.24973599007504,-0.6367621527777771,-2.8108318865740785,58.21737850413603,-0.602874755859375,-2.802642822265625,136.78365451388888,140.31533854166668,144.631584683642,136.70797729492188,140.2362823486328,144.54544067382812,138.0,1307508.5,0.6305500096450617,0.08590192254451273,1.3296296296296297,3cc35ddba42edf3bedecef4a24650c58,914ccc3331cc7773
C_011_026_20230911082855_001_011_000_000.jpg,./data/you_foulbrood/normal/C_011_026_20230911082855_001_011_000_000.jpg,0,normal,C_011,C_011_026,C_011_026_20230911,000,1920,1080,2073600,574546,137.4850616455078,57.464598651960785,-0.7666739004629619,-1.9939641203703644,57.43695427389706,-0.7511138916015625,-1.96917724609375,135.33514467592593,138.37710262345678,140.85792824074073,135.26625061035156,138.3046417236328,140.7827911376953,135.0,1444676.0,0.6966994598765432,0.11172009540460304,1.4435185185185184,979efe3604fb6c07dc0b823c2b8cce7d,863d996666999966
C_012_027_20230831145944_001_012_000_000.jpg,./data/you_foulbrood/normal/C_012_027_20230831145944_001_012_000_000.jpg,0,normal,C_012,C_012_027,C_012_027_20230831,000,1920,1080,2073600,561328,137.33111572265625,57.38740506233357,-1.0016237461419735,-2.501509452160491,57.35876345166973,-0.9670257568359375,-2.4959869384765625,134.09828703703704,138.1924537037037,141.85374035493828,134.0379638671875,138.12742614746094,141.77947998046875,136.0,1275951.5,0.6153315489969136,0.07027239665791803,1.3351851851851853,1adecc55814e2752af88bea85aa7518d,d3334ccc3373cc98
C_012_027_20230831192908_001_012_000_000.jpg,./data/you_foulbrood/normal/C_012_027_20230831192908_001_012_000_000.jpg,0,normal,C_012,C_012_027,C_012_027_20230831,000,1920,1080,2073600,375771,140.23423767089844,58.52742942084241,0.05307339891976426,-2.083883584104939,58.503334195006126,0.0486907958984375,-2.0700225830078125,138.89101032021605,140.66771170910494,143.73842158564815,138.83522033691406,140.6069793701172,143.67425537109375,139.0,1240306.0,0.5981413966049383,0.10029942027832067,1.3685185185185185,9cec107684dbdfb2f207ad3b9506350b,91664e3971ce313b
C_012_027_20230901071858_001_012_000_000.jpg,./data/you_foulbrood/normal/C_012_027_20230901071858_001_012_000_000.jpg,0,normal,C_012,C_012_027,C_012_027_20230901,000,1920,1080,2073600,864240,139.22946166992188,58.12299798777536,-0.5139028742283926,-2.1851147762345704,58.084692861519606,-0.48443603515625,-2.16748046875,137.13107108410495,139.91237316743826,143.0485517939815,137.04266357421875,139.81687927246094,142.95095825195312,138.0,1282510.5,0.6184946469907407,0.0561112018557603,1.3944444444444444,3072962a96d530e7ef796c5d3ef65840,914c4e3339ce7339
C_012_027_20230902154458_001_012_000_000.jpg,./data/you_foulbrood/normal/C_012_027_20230902154458_001_012_000_000.jpg,0,normal,C_012,C_012_027,C_012_027_20230902,000,1920,1080,2073600,763897,136.5563507080078,57.1107869613895,-1.0384919945987718,-2.1395182291666686,57.08142448874081,-1.012359619140625,-2.117156982421875,133.84349151234568,137.56066936728396,140.27394290123456,133.7684783935547,137.48802185058594,140.1958770751953,135.0,1335587.5,0.644091194058642,0.0636395787290942,1.3611111111111112,7e4d0b650fc0db4006882a5297d78027,d1334c4c337bcc66
C_012_028_20230826083905_001_012_000_000.jpg,./data/you_foulbrood/normal/C_012_028_20230826083905_001_012_000_000.jpg,0,normal,C_012,C_012_028,C_012_028_20230826,000,1920,1080,2073600,301509,139.513671875,58.23914798172355,-0.7757089120370324,-2.296848958333328,58.22080724379595,-0.7610015869140625,-2.2918701171875,137.113682966821,140.3215803433642,143.46925009645062,137.06985473632812,140.27423095703125,143.4210968017578,138.0,1323124.0,0.6380806327160494,0.15082841607568884,1.3185185185185184,e1441a756bc4e3098e8ef7011dc0bf9d,d327cc983333cc9c
C_012_028_20230829151953_001_012_000_000.jpg,./data/you_foulbrood/normal/C_012_028_20230829151953_001_012_000_000.jpg,0,normal,C_012,C_012_028,C_012_028_20230829,000,1920,1080,2073600,636178,135.6639862060547,56.7589774721617,-0.842087673611104,-2.3096923225308643,56.7314177868413,-0.8178253173828125,-2.2892913818359375,133.2513845486111,136.59088879243828,139.59067997685185,133.1817626953125,136.52157592773438,139.51708984375,134.0,1359470.0,0.6556086033950618,0.06374576835263498,1.3666666666666667,f6fe307c0adc7fea98a300b1bcb95377,914e4c3173cedc71
C_012_028_20230904165149_001_012_000_000.jpg,./data/you_foulbrood/normal/C_012_028_20230904165149_001_012_000_000.jpg,0,normal,C_012,C_012_028,C_012_028_20230904,000,1920,1080,2073600,769665,133.85964965820312,56.055862684580006,-0.7148625578703758,-1.9762123842592558,56.022237141927086,-0.6995697021484375,-1.942779541015625,131.7249180169753,134.74512249228394,137.2007455632716,131.64109802246094,134.66061401367188,137.11398315429688,132.0,1330256.5,0.6415203028549382,0.0727823691471888,1.3787037037037038,2484b795de5f40a02824648b963e70d5,c66619996664dd33
C_012_028_20230906181336_001_012_000_000.jpg,./data/you_foulbrood/normal/C_012_028_20230906181336_001_012_000_000.jpg,0,normal,C_012,C_012_028,C_012_028_20230906,000,1920,1080,2073600,436689,144.39645385742188,60.15944610869039,-0.8919492669753026,-1.9816309799382736,60.134624406403184,-0.872772216796875,-1.964813232421875,142.13427324459877,145.33623505015433,147.7661791087963,142.0789031982422,145.27102661132812,147.70095825195312,141.0,1507783.0,0.7271330054012346,0.13685496109057507,1.487037037037037,7df21c84449570d527dcb59d6f4515ab,86d91966d9cc6699
C_012_029_20230827164055_001_012_000_000.jpg,./data/you_foulbrood/normal/C_012_029_20230827164055_001_012_000_000.jpg,0,normal,C_012,C_012_029,C_012_029_20230827,000,1920,1080,2073600,567072,135.41905212402344,56.66666439724038,-0.828981963734563,-2.0532484567901292,56.64154052734375,-0.81439208984375,-2.0287933349609375,133.15435619212963,136.354363908179,138.88322964891975,133.0936737060547,136.29071044921875,138.8157501220703,133.0,1433786.5,0.6914479648919754,0.09051054604355835,1.4268518518518518,4090c69f84503be240538af5e0e371a7,c65919666c997366
C_012_029_20230828132942_001_012_000_000.jpg,./data/you_foulbrood/normal/C_012_029_20230828132942_001_012_000_000.jpg,0,normal,C_012,C_012_029,C_012_029_20230828,000,1920,1080,2073600,599655,136.20468139648438,56.97542362624061,-0.7983709490740694,-2.049858217592586,56.947254854090076,-0.77886962890625,-2.02581787109375,133.98849922839506,137.10502314814815,139.68847222222223,133.92202758789062,137.0333709716797,139.61268615722656,134.0,1438520.0,0.6937307098765432,0.07437830107177791,1.4361111111111111,d944246023c5fa5b733cfe0a17c81374,91ce4e3163ce1c73
C_012_029_20230829152726_001_012_000_000.jpg,./data/you_foulbrood/normal/C_012_029_20230829152726_001_012_000_000.jpg,0,normal,C_012,C_012_029,C_012_029_20230829,000,1920,1080,2073600,658523,134.7630615234375,56.40587743585088,-0.3733072916666629,-2.0372304205246934,56.375540939031865,-0.3742523193359375,-2.002655029296875,132.95462673611112,135.43460744598767,138.15968653549382,132.88015747070312,135.36264038085938,138.0832977294922,133.0,1370079.5,0.6607250675154321,0.09296841000298131,1.3731481481481482,147db6688e05a0554b330747b5c8a1ba,930c4c7333cc6e79
C_012_029_20230831142949_001_012_000_000.jpg,./data/you_foulbrood/normal/C_012_029_20230831142949_001_012_000_000.jpg,0,normal,C_012,C_012_029,C_012_029_20230831,000,1920,1080,2073600,393108,136.8381805419922,57.191113115771,-0.8270949074074139,-2.461112557870365,57.16778923483456,-0.8043670654296875,-2.4562225341796875,134.07602430555556,137.6328800154321,141.17565779320987,134.0232696533203,137.57666015625,141.10699462890625,135.0,1354844.5,0.6533779417438271,0.12309289071319564,1.3925925925925926,056014ba5483bfa936501128596b9771,d3334ccc27333933
C_012_029_20230906161554_001_012_000_000.jpg,./data/you_foulbrood/normal/C_012_029_20230906161554_001_012_000_000.jpg,0,normal,C_012,C_012_029,C_012_029_20230906,000,1920,1080,2073600,258482,137.16127014160156,57.26525867677318,-0.314650366512339,-2.8733232060185117,57.248786477481616,-0.3022613525390625,-2.87664794921875,134.67219232253086,137.49824363425927,142.25006847993828,134.63204956054688,137.45529174804688,142.20254516601562,135.0,1383842.0,0.667362075617284,0.20397491739427578,1.3814814814814815,2ff7c5e43878f0f5236b214ddad04bc4,c6e6199964669b6c
C_012_029_20230906165126_001_012_000_000.jpg,./data/you_foulbrood/normal/C_012_029_20230906165126_001_012_000_000.jpg,0,normal,C_012,C_012_029,C_012_029_20230906,000,1920,1080,2073600,646248,135.79090881347656,56.80066985899298,-0.9562861689814781,-2.3986000192901287,56.773855171951595,-0.9269561767578125,-2.38330078125,133.1244743441358,136.7540943287037,139.91077835648147,133.05984497070312,136.68971252441406,139.83934020996094,134.0,1349574.0,0.6508362268518518,0.10443063205282066,1.3388888888888888,dd844ae58819c9bbd67f18c485f79795,c6e6199966663333
C_012_029_20230907065031_001_012_000_000.jpg,./data/you_foulbrood/normal/C_012_029_20230907065031_001_012_000_000.jpg,0,normal,C_012,C_012_029,C_012_029_20230907,000,1920,1080,2073600,748844,139.69937133789062,58.28292616043331,-0.6897371720679075,-2.5380946180555526,58.25094185623468,-0.647918701171875,-2.5340118408203125,136.96430555555557,140.4031886574074,144.25749035493828,136.8934326171875,140.32545471191406,144.17562866210938,138.0,1320029.5,0.6365883005401235,0.07609048488423813,1.3416666666666666,690bee6ad8ce1ed2c9dbae0be9d44455,936ecc3133cecc19
C_012_029_20230908181102_001_012_000_000.jpg,./data/you_foulbrood/normal/C_012_029_20230908181102_001_012_000_000.jpg,0,normal,C_012,C_012_029,C_012_029_20230908,000,1920,1080,2073600,687077,135.59669494628906,56.74555003328492,-1.001120273919753,-1.6687471064814758,56.714088589537376,-0.9892425537109375,-1.627471923828125,133.15690827546297,136.65406876929012,138.35839940200617,133.08079528808594,136.575927734375,138.27247619628906,133.0,1467244.5,0.7075831886574074,0.08318096944566264,1.4583333333333333,c3bfabfe6e05a38f09d93e256378625c,903e4773381cc7e3
